[ablation] 80 runs in grid, 48 to do, workers=6
==========================================================================
[STEMS] PATCHED CityLearn defect 'dhw_storage_capacity' on 8/8 buildings.
        Building.update_dhw_storage scales the action by heating_storage.capacity
        (= 0.0 in this schema), making the DHW action a no-op. Now uses dhw_storage.capacity.
        Disable with STEMSEnvironment(patch_dhw=False).
==========================================================================
==========================================================================
[STEMS] PATCHED CityLearn defect 't0_thermal_double_count' on 8/8 buildings.
        reset() books the ideal thermal load at t=0, then the first step
        limits devices to nominal power minus that same load (asserts on
        heating, silently clips storage charging). Cleared before step 1.
        Disable with STEMSEnvironment(patch_t0_double_count=False).
==========================================================================
==========================================================================
[STEMS] PATCHED CityLearn defect 'endogenous_obs_from_simulated_hour'.
        The indoor temperature observation reads the uncontrolled dataset
        value, never the simulated one. State observations now come from
        the simulator's series for the hour the action was applied to.
        Disable with STEMSEnvironment(patch_endogenous_obs=False).
==========================================================================
==========================================================================
[STEMS] PATCHED CityLearn defect 'dhw_storage_capacity' on 8/8 buildings.
        Building.update_dhw_storage scales the action by heating_storage.capacity
        (= 0.0 in this schema), making the DHW action a no-op. Now uses dhw_storage.capacity.
        Disable with STEMSEnvironment(patch_dhw=False).
==========================================================================
==========================================================================
[STEMS] PATCHED CityLearn defect 't0_thermal_double_count' on 8/8 buildings.
        reset() books the ideal thermal load at t=0, then the first step
        limits devices to nominal power minus that same load (asserts on
        heating, silently clips storage charging). Cleared before step 1.
        Disable with STEMSEnvironment(patch_t0_double_count=False).
==========================================================================
==========================================================================
[STEMS] PATCHED CityLearn defect 'endogenous_obs_from_simulated_hour'.
        The indoor temperature observation reads the uncontrolled dataset
        value, never the simulated one. State observations now come from
        the simulator's series for the hour the action was applied to.
        Disable with STEMSEnvironment(patch_endogenous_obs=False).
==========================================================================
[ablation] 1/48 ok    verified=None   4357.3s  C:\Users\medya\stems\results\ablation_v1\tx_travis_8b__winter28d__refn8__cap300-80\rl__seed0.json
[ablation] 2/48 ok    verified=None   4372.8s  C:\Users\medya\stems\results\ablation_v1\tx_travis_8b__winter28d__refn8__cap300-80\rl__seed1.json
==========================================================================
[STEMS] PATCHED CityLearn defect 'dhw_storage_capacity' on 8/8 buildings.
        Building.update_dhw_storage scales the action by heating_storage.capacity
        (= 0.0 in this schema), making the DHW action a no-op. Now uses dhw_storage.capacity.
        Disable with STEMSEnvironment(patch_dhw=False).
==========================================================================
==========================================================================
[STEMS] PATCHED CityLearn defect 't0_thermal_double_count' on 8/8 buildings.
        reset() books the ideal thermal load at t=0, then the first step
        limits devices to nominal power minus that same load (asserts on
        heating, silently clips storage charging). Cleared before step 1.
        Disable with STEMSEnvironment(patch_t0_double_count=False).
==========================================================================
==========================================================================
[STEMS] PATCHED CityLearn defect 'endogenous_obs_from_simulated_hour'.
        The indoor temperature observation reads the uncontrolled dataset
        value, never the simulated one. State observations now come from
        the simulator's series for the hour the action was applied to.
        Disable with STEMSEnvironment(patch_endogenous_obs=False).
==========================================================================
==========================================================================
[STEMS] PATCHED CityLearn defect 'dhw_storage_capacity' on 8/8 buildings.
        Building.update_dhw_storage scales the action by heating_storage.capacity
        (= 0.0 in this schema), making the DHW action a no-op. Now uses dhw_storage.capacity.
        Disable with STEMSEnvironment(patch_dhw=False).
==========================================================================
==========================================================================
[STEMS] PATCHED CityLearn defect 't0_thermal_double_count' on 8/8 buildings.
        reset() books the ideal thermal load at t=0, then the first step
        limits devices to nominal power minus that same load (asserts on
        heating, silently clips storage charging). Cleared before step 1.
        Disable with STEMSEnvironment(patch_t0_double_count=False).
==========================================================================
==========================================================================
[STEMS] PATCHED CityLearn defect 'endogenous_obs_from_simulated_hour'.
        The indoor temperature observation reads the uncontrolled dataset
        value, never the simulated one. State observations now come from
        the simulator's series for the hour the action was applied to.
        Disable with STEMSEnvironment(patch_endogenous_obs=False).
==========================================================================
[ablation] 3/48 ok    verified=True   4957.8s  C:\Users\medya\stems\results\ablation_v1\tx_travis_8b__winter28d__refn8__cap300-80\rl+calibrated__seed0.json
==========================================================================
[STEMS] PATCHED CityLearn defect 'dhw_storage_capacity' on 8/8 buildings.
        Building.update_dhw_storage scales the action by heating_storage.capacity
        (= 0.0 in this schema), making the DHW action a no-op. Now uses dhw_storage.capacity.
        Disable with STEMSEnvironment(patch_dhw=False).
==========================================================================
==========================================================================
[STEMS] PATCHED CityLearn defect 't0_thermal_double_count' on 8/8 buildings.
        reset() books the ideal thermal load at t=0, then the first step
        limits devices to nominal power minus that same load (asserts on
        heating, silently clips storage charging). Cleared before step 1.
        Disable with STEMSEnvironment(patch_t0_double_count=False).
==========================================================================
==========================================================================
[STEMS] PATCHED CityLearn defect 'endogenous_obs_from_simulated_hour'.
        The indoor temperature observation reads the uncontrolled dataset
        value, never the simulated one. State observations now come from
        the simulator's series for the hour the action was applied to.
        Disable with STEMSEnvironment(patch_endogenous_obs=False).
==========================================================================
==========================================================================
[STEMS] PATCHED CityLearn defect 'dhw_storage_capacity' on 8/8 buildings.
        Building.update_dhw_storage scales the action by heating_storage.capacity
        (= 0.0 in this schema), making the DHW action a no-op. Now uses dhw_storage.capacity.
        Disable with STEMSEnvironment(patch_dhw=False).
==========================================================================
==========================================================================
[STEMS] PATCHED CityLearn defect 't0_thermal_double_count' on 8/8 buildings.
        reset() books the ideal thermal load at t=0, then the first step
        limits devices to nominal power minus that same load (asserts on
        heating, silently clips storage charging). Cleared before step 1.
        Disable with STEMSEnvironment(patch_t0_double_count=False).
==========================================================================
==========================================================================
[STEMS] PATCHED CityLearn defect 'endogenous_obs_from_simulated_hour'.
        The indoor temperature observation reads the uncontrolled dataset
        value, never the simulated one. State observations now come from
        the simulator's series for the hour the action was applied to.
        Disable with STEMSEnvironment(patch_endogenous_obs=False).
==========================================================================
[ablation] 4/48 ok    verified=True   4990.9s  C:\Users\medya\stems\results\ablation_v1\tx_travis_8b__winter28d__refn8__cap300-80\rl+calibrated__seed1.json
==========================================================================
[STEMS] PATCHED CityLearn defect 'dhw_storage_capacity' on 8/8 buildings.
        Building.update_dhw_storage scales the action by heating_storage.capacity
        (= 0.0 in this schema), making the DHW action a no-op. Now uses dhw_storage.capacity.
        Disable with STEMSEnvironment(patch_dhw=False).
==========================================================================
==========================================================================
[STEMS] PATCHED CityLearn defect 't0_thermal_double_count' on 8/8 buildings.
        reset() books the ideal thermal load at t=0, then the first step
        limits devices to nominal power minus that same load (asserts on
        heating, silently clips storage charging). Cleared before step 1.
        Disable with STEMSEnvironment(patch_t0_double_count=False).
==========================================================================
==========================================================================
[STEMS] PATCHED CityLearn defect 'endogenous_obs_from_simulated_hour'.
        The indoor temperature observation reads the uncontrolled dataset
        value, never the simulated one. State observations now come from
        the simulator's series for the hour the action was applied to.
        Disable with STEMSEnvironment(patch_endogenous_obs=False).
==========================================================================
==========================================================================
[STEMS] PATCHED CityLearn defect 'dhw_storage_capacity' on 8/8 buildings.
        Building.update_dhw_storage scales the action by heating_storage.capacity
        (= 0.0 in this schema), making the DHW action a no-op. Now uses dhw_storage.capacity.
        Disable with STEMSEnvironment(patch_dhw=False).
==========================================================================
==========================================================================
[STEMS] PATCHED CityLearn defect 't0_thermal_double_count' on 8/8 buildings.
        reset() books the ideal thermal load at t=0, then the first step
        limits devices to nominal power minus that same load (asserts on
        heating, silently clips storage charging). Cleared before step 1.
        Disable with STEMSEnvironment(patch_t0_double_count=False).
==========================================================================
==========================================================================
[STEMS] PATCHED CityLearn defect 'endogenous_obs_from_simulated_hour'.
        The indoor temperature observation reads the uncontrolled dataset
        value, never the simulated one. State observations now come from
        the simulator's series for the hour the action was applied to.
        Disable with STEMSEnvironment(patch_endogenous_obs=False).
==========================================================================
[ablation] 5/48 ok    verified=None   5124.2s  C:\Users\medya\stems\results\ablation_v1\tx_travis_8b__winter28d__refn8__cap300-80\rl+basic__seed1.json
==========================================================================
[STEMS] PATCHED CityLearn defect 'dhw_storage_capacity' on 8/8 buildings.
        Building.update_dhw_storage scales the action by heating_storage.capacity
        (= 0.0 in this schema), making the DHW action a no-op. Now uses dhw_storage.capacity.
        Disable with STEMSEnvironment(patch_dhw=False).
==========================================================================
==========================================================================
[STEMS] PATCHED CityLearn defect 't0_thermal_double_count' on 8/8 buildings.
        reset() books the ideal thermal load at t=0, then the first step
        limits devices to nominal power minus that same load (asserts on
        heating, silently clips storage charging). Cleared before step 1.
        Disable with STEMSEnvironment(patch_t0_double_count=False).
==========================================================================
==========================================================================
[STEMS] PATCHED CityLearn defect 'endogenous_obs_from_simulated_hour'.
        The indoor temperature observation reads the uncontrolled dataset
        value, never the simulated one. State observations now come from
        the simulator's series for the hour the action was applied to.
        Disable with STEMSEnvironment(patch_endogenous_obs=False).
==========================================================================
==========================================================================
[STEMS] PATCHED CityLearn defect 'dhw_storage_capacity' on 8/8 buildings.
        Building.update_dhw_storage scales the action by heating_storage.capacity
        (= 0.0 in this schema), making the DHW action a no-op. Now uses dhw_storage.capacity.
        Disable with STEMSEnvironment(patch_dhw=False).
==========================================================================
==========================================================================
[STEMS] PATCHED CityLearn defect 't0_thermal_double_count' on 8/8 buildings.
        reset() books the ideal thermal load at t=0, then the first step
        limits devices to nominal power minus that same load (asserts on
        heating, silently clips storage charging). Cleared before step 1.
        Disable with STEMSEnvironment(patch_t0_double_count=False).
==========================================================================
==========================================================================
[STEMS] PATCHED CityLearn defect 'endogenous_obs_from_simulated_hour'.
        The indoor temperature observation reads the uncontrolled dataset
        value, never the simulated one. State observations now come from
        the simulator's series for the hour the action was applied to.
        Disable with STEMSEnvironment(patch_endogenous_obs=False).
==========================================================================
[ablation] 6/48 ok    verified=True   5220.8s  C:\Users\medya\stems\results\ablation_v1\tx_travis_8b__winter28d__refn8__cap300-80\rl+basic__seed0.json
==========================================================================
[STEMS] PATCHED CityLearn defect 'dhw_storage_capacity' on 8/8 buildings.
        Building.update_dhw_storage scales the action by heating_storage.capacity
        (= 0.0 in this schema), making the DHW action a no-op. Now uses dhw_storage.capacity.
        Disable with STEMSEnvironment(patch_dhw=False).
==========================================================================
==========================================================================
[STEMS] PATCHED CityLearn defect 't0_thermal_double_count' on 8/8 buildings.
        reset() books the ideal thermal load at t=0, then the first step
        limits devices to nominal power minus that same load (asserts on
        heating, silently clips storage charging). Cleared before step 1.
        Disable with STEMSEnvironment(patch_t0_double_count=False).
==========================================================================
==========================================================================
[STEMS] PATCHED CityLearn defect 'endogenous_obs_from_simulated_hour'.
        The indoor temperature observation reads the uncontrolled dataset
        value, never the simulated one. State observations now come from
        the simulator's series for the hour the action was applied to.
        Disable with STEMSEnvironment(patch_endogenous_obs=False).
==========================================================================
==========================================================================
[STEMS] PATCHED CityLearn defect 'dhw_storage_capacity' on 8/8 buildings.
        Building.update_dhw_storage scales the action by heating_storage.capacity
        (= 0.0 in this schema), making the DHW action a no-op. Now uses dhw_storage.capacity.
        Disable with STEMSEnvironment(patch_dhw=False).
==========================================================================
==========================================================================
[STEMS] PATCHED CityLearn defect 't0_thermal_double_count' on 8/8 buildings.
        reset() books the ideal thermal load at t=0, then the first step
        limits devices to nominal power minus that same load (asserts on
        heating, silently clips storage charging). Cleared before step 1.
        Disable with STEMSEnvironment(patch_t0_double_count=False).
==========================================================================
==========================================================================
[STEMS] PATCHED CityLearn defect 'endogenous_obs_from_simulated_hour'.
        The indoor temperature observation reads the uncontrolled dataset
        value, never the simulated one. State observations now come from
        the simulator's series for the hour the action was applied to.
        Disable with STEMSEnvironment(patch_endogenous_obs=False).
==========================================================================
==========================================================================
[STEMS] PATCHED CityLearn defect 'dhw_storage_capacity' on 8/8 buildings.
        Building.update_dhw_storage scales the action by heating_storage.capacity
        (= 0.0 in this schema), making the DHW action a no-op. Now uses dhw_storage.capacity.
        Disable with STEMSEnvironment(patch_dhw=False).
==========================================================================
==========================================================================
[STEMS] PATCHED CityLearn defect 't0_thermal_double_count' on 8/8 buildings.
        reset() books the ideal thermal load at t=0, then the first step
        limits devices to nominal power minus that same load (asserts on
        heating, silently clips storage charging). Cleared before step 1.
        Disable with STEMSEnvironment(patch_t0_double_count=False).
==========================================================================
==========================================================================
[STEMS] PATCHED CityLearn defect 'endogenous_obs_from_simulated_hour'.
        The indoor temperature observation reads the uncontrolled dataset
        value, never the simulated one. State observations now come from
        the simulator's series for the hour the action was applied to.
        Disable with STEMSEnvironment(patch_endogenous_obs=False).
==========================================================================
==========================================================================
[STEMS] PATCHED CityLearn defect 'dhw_storage_capacity' on 8/8 buildings.
        Building.update_dhw_storage scales the action by heating_storage.capacity
        (= 0.0 in this schema), making the DHW action a no-op. Now uses dhw_storage.capacity.
        Disable with STEMSEnvironment(patch_dhw=False).
==========================================================================
==========================================================================
[STEMS] PATCHED CityLearn defect 't0_thermal_double_count' on 8/8 buildings.
        reset() books the ideal thermal load at t=0, then the first step
        limits devices to nominal power minus that same load (asserts on
        heating, silently clips storage charging). Cleared before step 1.
        Disable with STEMSEnvironment(patch_t0_double_count=False).
==========================================================================
==========================================================================
[STEMS] PATCHED CityLearn defect 'endogenous_obs_from_simulated_hour'.
        The indoor temperature observation reads the uncontrolled dataset
        value, never the simulated one. State observations now come from
        the simulator's series for the hour the action was applied to.
        Disable with STEMSEnvironment(patch_endogenous_obs=False).
==========================================================================
[ablation] 7/48 ok    verified=None   3311.5s  C:\Users\medya\stems\results\ablation_v1\tx_travis_8b__winter28d__subset1n8__cap300-80\rl__seed1.json
[ablation] 8/48 ok    verified=True   3375.1s  C:\Users\medya\stems\results\ablation_v1\tx_travis_8b__winter28d__subset1n8__cap300-80\rl__seed0.json
==========================================================================
[STEMS] PATCHED CityLearn defect 'dhw_storage_capacity' on 8/8 buildings.
        Building.update_dhw_storage scales the action by heating_storage.capacity
        (= 0.0 in this schema), making the DHW action a no-op. Now uses dhw_storage.capacity.
        Disable with STEMSEnvironment(patch_dhw=False).
==========================================================================
==========================================================================
[STEMS] PATCHED CityLearn defect 't0_thermal_double_count' on 8/8 buildings.
        reset() books the ideal thermal load at t=0, then the first step
        limits devices to nominal power minus that same load (asserts on
        heating, silently clips storage charging). Cleared before step 1.
        Disable with STEMSEnvironment(patch_t0_double_count=False).
==========================================================================
==========================================================================
[STEMS] PATCHED CityLearn defect 'endogenous_obs_from_simulated_hour'.
        The indoor temperature observation reads the uncontrolled dataset
        value, never the simulated one. State observations now come from
        the simulator's series for the hour the action was applied to.
        Disable with STEMSEnvironment(patch_endogenous_obs=False).
==========================================================================
==========================================================================
[STEMS] PATCHED CityLearn defect 'dhw_storage_capacity' on 8/8 buildings.
        Building.update_dhw_storage scales the action by heating_storage.capacity
        (= 0.0 in this schema), making the DHW action a no-op. Now uses dhw_storage.capacity.
        Disable with STEMSEnvironment(patch_dhw=False).
==========================================================================
==========================================================================
[STEMS] PATCHED CityLearn defect 't0_thermal_double_count' on 8/8 buildings.
        reset() books the ideal thermal load at t=0, then the first step
        limits devices to nominal power minus that same load (asserts on
        heating, silently clips storage charging). Cleared before step 1.
        Disable with STEMSEnvironment(patch_t0_double_count=False).
==========================================================================
==========================================================================
[STEMS] PATCHED CityLearn defect 'endogenous_obs_from_simulated_hour'.
        The indoor temperature observation reads the uncontrolled dataset
        value, never the simulated one. State observations now come from
        the simulator's series for the hour the action was applied to.
        Disable with STEMSEnvironment(patch_endogenous_obs=False).
==========================================================================
==========================================================================
[STEMS] PATCHED CityLearn defect 'dhw_storage_capacity' on 8/8 buildings.
        Building.update_dhw_storage scales the action by heating_storage.capacity
        (= 0.0 in this schema), making the DHW action a no-op. Now uses dhw_storage.capacity.
        Disable with STEMSEnvironment(patch_dhw=False).
==========================================================================
==========================================================================
[STEMS] PATCHED CityLearn defect 't0_thermal_double_count' on 8/8 buildings.
        reset() books the ideal thermal load at t=0, then the first step
        limits devices to nominal power minus that same load (asserts on
        heating, silently clips storage charging). Cleared before step 1.
        Disable with STEMSEnvironment(patch_t0_double_count=False).
==========================================================================
==========================================================================
[STEMS] PATCHED CityLearn defect 'endogenous_obs_from_simulated_hour'.
        The indoor temperature observation reads the uncontrolled dataset
        value, never the simulated one. State observations now come from
        the simulator's series for the hour the action was applied to.
        Disable with STEMSEnvironment(patch_endogenous_obs=False).
==========================================================================
==========================================================================
[STEMS] PATCHED CityLearn defect 'dhw_storage_capacity' on 8/8 buildings.
        Building.update_dhw_storage scales the action by heating_storage.capacity
        (= 0.0 in this schema), making the DHW action a no-op. Now uses dhw_storage.capacity.
        Disable with STEMSEnvironment(patch_dhw=False).
==========================================================================
==========================================================================
[STEMS] PATCHED CityLearn defect 't0_thermal_double_count' on 8/8 buildings.
        reset() books the ideal thermal load at t=0, then the first step
        limits devices to nominal power minus that same load (asserts on
        heating, silently clips storage charging). Cleared before step 1.
        Disable with STEMSEnvironment(patch_t0_double_count=False).
==========================================================================
==========================================================================
[STEMS] PATCHED CityLearn defect 'endogenous_obs_from_simulated_hour'.
        The indoor temperature observation reads the uncontrolled dataset
        value, never the simulated one. State observations now come from
        the simulator's series for the hour the action was applied to.
        Disable with STEMSEnvironment(patch_endogenous_obs=False).
==========================================================================
[ablation] 9/48 ok    verified=True   3748.5s  C:\Users\medya\stems\results\ablation_v1\tx_travis_8b__winter28d__subset1n8__cap300-80\rl+basic__seed0.json
[ablation] 10/48 ok    verified=True   3613.4s  C:\Users\medya\stems\results\ablation_v1\tx_travis_8b__winter28d__subset1n8__cap300-80\rl+calibrated__seed0.json==========================================================================
[STEMS] PATCHED CityLearn defect 'dhw_storage_capacity' on 8/8 buildings.
        Building.update_dhw_storage scales the action by heating_storage.capacity
        (= 0.0 in this schema), making the DHW action a no-op. Now uses dhw_storage.capacity.
        Disable with STEMSEnvironment(patch_dhw=False).
==========================================================================
==========================================================================
[STEMS] PATCHED CityLearn defect 't0_thermal_double_count' on 8/8 buildings.
        reset() books the ideal thermal load at t=0, then the first step
        limits devices to nominal power minus that same load (asserts on
        heating, silently clips storage charging). Cleared before step 1.
        Disable with STEMSEnvironment(patch_t0_double_count=False).
==========================================================================
==========================================================================
[STEMS] PATCHED CityLearn defect 'endogenous_obs_from_simulated_hour'.
        The indoor temperature observation reads the uncontrolled dataset
        value, never the simulated one. State observations now come from
        the simulator's series for the hour the action was applied to.
        Disable with STEMSEnvironment(patch_endogenous_obs=False).
==========================================================================
==========================================================================
[STEMS] PATCHED CityLearn defect 'dhw_storage_capacity' on 8/8 buildings.
        Building.update_dhw_storage scales the action by heating_storage.capacity
        (= 0.0 in this schema), making the DHW action a no-op. Now uses dhw_storage.capacity.
        Disable with STEMSEnvironment(patch_dhw=False).
==========================================================================
==========================================================================
[STEMS] PATCHED CityLearn defect 't0_thermal_double_count' on 8/8 buildings.
        reset() books the ideal thermal load at t=0, then the first step
        limits devices to nominal power minus that same load (asserts on
        heating, silently clips storage charging). Cleared before step 1.
        Disable with STEMSEnvironment(patch_t0_double_count=False).
==========================================================================
==========================================================================
[STEMS] PATCHED CityLearn defect 'endogenous_obs_from_simulated_hour'.
        The indoor temperature observation reads the uncontrolled dataset
        value, never the simulated one. State observations now come from
        the simulator's series for the hour the action was applied to.
        Disable with STEMSEnvironment(patch_endogenous_obs=False).
==========================================================================

[ablation] 11/48 ok    verified=True   3773.1s  C:\Users\medya\stems\results\ablation_v1\tx_travis_8b__winter28d__subset1n8__cap300-80\rl+basic__seed1.json
==========================================================================
[STEMS] PATCHED CityLearn defect 'dhw_storage_capacity' on 8/8 buildings.
        Building.update_dhw_storage scales the action by heating_storage.capacity
        (= 0.0 in this schema), making the DHW action a no-op. Now uses dhw_storage.capacity.
        Disable with STEMSEnvironment(patch_dhw=False).
==========================================================================
==========================================================================
[STEMS] PATCHED CityLearn defect 't0_thermal_double_count' on 8/8 buildings.
        reset() books the ideal thermal load at t=0, then the first step
        limits devices to nominal power minus that same load (asserts on
        heating, silently clips storage charging). Cleared before step 1.
        Disable with STEMSEnvironment(patch_t0_double_count=False).
==========================================================================
==========================================================================
[STEMS] PATCHED CityLearn defect 'endogenous_obs_from_simulated_hour'.
        The indoor temperature observation reads the uncontrolled dataset
        value, never the simulated one. State observations now come from
        the simulator's series for the hour the action was applied to.
        Disable with STEMSEnvironment(patch_endogenous_obs=False).
==========================================================================
==========================================================================
[STEMS] PATCHED CityLearn defect 'dhw_storage_capacity' on 8/8 buildings.
        Building.update_dhw_storage scales the action by heating_storage.capacity
        (= 0.0 in this schema), making the DHW action a no-op. Now uses dhw_storage.capacity.
        Disable with STEMSEnvironment(patch_dhw=False).
==========================================================================
==========================================================================
[STEMS] PATCHED CityLearn defect 't0_thermal_double_count' on 8/8 buildings.
        reset() books the ideal thermal load at t=0, then the first step
        limits devices to nominal power minus that same load (asserts on
        heating, silently clips storage charging). Cleared before step 1.
        Disable with STEMSEnvironment(patch_t0_double_count=False).
==========================================================================
==========================================================================
[STEMS] PATCHED CityLearn defect 'endogenous_obs_from_simulated_hour'.
        The indoor temperature observation reads the uncontrolled dataset
        value, never the simulated one. State observations now come from
        the simulator's series for the hour the action was applied to.
        Disable with STEMSEnvironment(patch_endogenous_obs=False).
==========================================================================
[ablation] 12/48 ok    verified=None   3580.9s  C:\Users\medya\stems\results\ablation_v1\tx_travis_8b__winter28d__subset1n8__cap300-80\rl+calibrated__seed1.json
==========================================================================
[STEMS] PATCHED CityLearn defect 'dhw_storage_capacity' on 8/8 buildings.
        Building.update_dhw_storage scales the action by heating_storage.capacity
        (= 0.0 in this schema), making the DHW action a no-op. Now uses dhw_storage.capacity.
        Disable with STEMSEnvironment(patch_dhw=False).
==========================================================================
==========================================================================
[STEMS] PATCHED CityLearn defect 't0_thermal_double_count' on 8/8 buildings.
        reset() books the ideal thermal load at t=0, then the first step
        limits devices to nominal power minus that same load (asserts on
        heating, silently clips storage charging). Cleared before step 1.
        Disable with STEMSEnvironment(patch_t0_double_count=False).
==========================================================================
==========================================================================
[STEMS] PATCHED CityLearn defect 'endogenous_obs_from_simulated_hour'.
        The indoor temperature observation reads the uncontrolled dataset
        value, never the simulated one. State observations now come from
        the simulator's series for the hour the action was applied to.
        Disable with STEMSEnvironment(patch_endogenous_obs=False).
==========================================================================
==========================================================================
[STEMS] PATCHED CityLearn defect 'dhw_storage_capacity' on 8/8 buildings.
        Building.update_dhw_storage scales the action by heating_storage.capacity
        (= 0.0 in this schema), making the DHW action a no-op. Now uses dhw_storage.capacity.
        Disable with STEMSEnvironment(patch_dhw=False).
==========================================================================
==========================================================================
[STEMS] PATCHED CityLearn defect 't0_thermal_double_count' on 8/8 buildings.
        reset() books the ideal thermal load at t=0, then the first step
        limits devices to nominal power minus that same load (asserts on
        heating, silently clips storage charging). Cleared before step 1.
        Disable with STEMSEnvironment(patch_t0_double_count=False).
==========================================================================
==========================================================================
[STEMS] PATCHED CityLearn defect 'endogenous_obs_from_simulated_hour'.
        The indoor temperature observation reads the uncontrolled dataset
        value, never the simulated one. State observations now come from
        the simulator's series for the hour the action was applied to.
        Disable with STEMSEnvironment(patch_endogenous_obs=False).
==========================================================================
==========================================================================
[STEMS] PATCHED CityLearn defect 'dhw_storage_capacity' on 8/8 buildings.
        Building.update_dhw_storage scales the action by heating_storage.capacity
        (= 0.0 in this schema), making the DHW action a no-op. Now uses dhw_storage.capacity.
        Disable with STEMSEnvironment(patch_dhw=False).
==========================================================================
==========================================================================
[STEMS] PATCHED CityLearn defect 't0_thermal_double_count' on 8/8 buildings.
        reset() books the ideal thermal load at t=0, then the first step
        limits devices to nominal power minus that same load (asserts on
        heating, silently clips storage charging). Cleared before step 1.
        Disable with STEMSEnvironment(patch_t0_double_count=False).
==========================================================================
==========================================================================
[STEMS] PATCHED CityLearn defect 'endogenous_obs_from_simulated_hour'.
        The indoor temperature observation reads the uncontrolled dataset
        value, never the simulated one. State observations now come from
        the simulator's series for the hour the action was applied to.
        Disable with STEMSEnvironment(patch_endogenous_obs=False).
==========================================================================
==========================================================================
[STEMS] PATCHED CityLearn defect 'dhw_storage_capacity' on 8/8 buildings.
        Building.update_dhw_storage scales the action by heating_storage.capacity
        (= 0.0 in this schema), making the DHW action a no-op. Now uses dhw_storage.capacity.
        Disable with STEMSEnvironment(patch_dhw=False).
==========================================================================
==========================================================================
[STEMS] PATCHED CityLearn defect 't0_thermal_double_count' on 8/8 buildings.
        reset() books the ideal thermal load at t=0, then the first step
        limits devices to nominal power minus that same load (asserts on
        heating, silently clips storage charging). Cleared before step 1.
        Disable with STEMSEnvironment(patch_t0_double_count=False).
==========================================================================
==========================================================================
[STEMS] PATCHED CityLearn defect 'endogenous_obs_from_simulated_hour'.
        The indoor temperature observation reads the uncontrolled dataset
        value, never the simulated one. State observations now come from
        the simulator's series for the hour the action was applied to.
        Disable with STEMSEnvironment(patch_endogenous_obs=False).
==========================================================================
[ablation] 13/48 ok    verified=True   3124.8s  C:\Users\medya\stems\results\ablation_v1\tx_travis_8b__summer28d__refn8__cap300-80\rl__seed0.json
[ablation] 14/48 ok    verified=None   3155.5s  C:\Users\medya\stems\results\ablation_v1\tx_travis_8b__summer28d__refn8__cap300-80\rl__seed1.json==========================================================================
[STEMS] PATCHED CityLearn defect 'dhw_storage_capacity' on 8/8 buildings.
        Building.update_dhw_storage scales the action by heating_storage.capacity
        (= 0.0 in this schema), making the DHW action a no-op. Now uses dhw_storage.capacity.
        Disable with STEMSEnvironment(patch_dhw=False).
==========================================================================
==========================================================================
[STEMS] PATCHED CityLearn defect 't0_thermal_double_count' on 8/8 buildings.
        reset() books the ideal thermal load at t=0, then the first step
        limits devices to nominal power minus that same load (asserts on
        heating, silently clips storage charging). Cleared before step 1.
        Disable with STEMSEnvironment(patch_t0_double_count=False).
==========================================================================
==========================================================================
[STEMS] PATCHED CityLearn defect 'endogenous_obs_from_simulated_hour'.
        The indoor temperature observation reads the uncontrolled dataset
        value, never the simulated one. State observations now come from
        the simulator's series for the hour the action was applied to.
        Disable with STEMSEnvironment(patch_endogenous_obs=False).
==========================================================================
==========================================================================
[STEMS] PATCHED CityLearn defect 'dhw_storage_capacity' on 8/8 buildings.
        Building.update_dhw_storage scales the action by heating_storage.capacity
        (= 0.0 in this schema), making the DHW action a no-op. Now uses dhw_storage.capacity.
        Disable with STEMSEnvironment(patch_dhw=False).
==========================================================================
==========================================================================
[STEMS] PATCHED CityLearn defect 't0_thermal_double_count' on 8/8 buildings.
        reset() books the ideal thermal load at t=0, then the first step
        limits devices to nominal power minus that same load (asserts on
        heating, silently clips storage charging). Cleared before step 1.
        Disable with STEMSEnvironment(patch_t0_double_count=False).
==========================================================================
==========================================================================
[STEMS] PATCHED CityLearn defect 'endogenous_obs_from_simulated_hour'.
        The indoor temperature observation reads the uncontrolled dataset
        value, never the simulated one. State observations now come from
        the simulator's series for the hour the action was applied to.
        Disable with STEMSEnvironment(patch_endogenous_obs=False).
==========================================================================

[ablation] 15/48 ok    verified=True   3523.3s  C:\Users\medya\stems\results\ablation_v1\tx_travis_8b__summer28d__refn8__cap300-80\rl+basic__seed1.json
==========================================================================
[STEMS] PATCHED CityLearn defect 'dhw_storage_capacity' on 8/8 buildings.
        Building.update_dhw_storage scales the action by heating_storage.capacity
        (= 0.0 in this schema), making the DHW action a no-op. Now uses dhw_storage.capacity.
        Disable with STEMSEnvironment(patch_dhw=False).
==========================================================================
==========================================================================
[STEMS] PATCHED CityLearn defect 't0_thermal_double_count' on 8/8 buildings.
        reset() books the ideal thermal load at t=0, then the first step
        limits devices to nominal power minus that same load (asserts on
        heating, silently clips storage charging). Cleared before step 1.
        Disable with STEMSEnvironment(patch_t0_double_count=False).
==========================================================================
==========================================================================
[STEMS] PATCHED CityLearn defect 'endogenous_obs_from_simulated_hour'.
        The indoor temperature observation reads the uncontrolled dataset
        value, never the simulated one. State observations now come from
        the simulator's series for the hour the action was applied to.
        Disable with STEMSEnvironment(patch_endogenous_obs=False).
==========================================================================
==========================================================================
[STEMS] PATCHED CityLearn defect 'dhw_storage_capacity' on 8/8 buildings.
        Building.update_dhw_storage scales the action by heating_storage.capacity
        (= 0.0 in this schema), making the DHW action a no-op. Now uses dhw_storage.capacity.
        Disable with STEMSEnvironment(patch_dhw=False).
==========================================================================
==========================================================================
[STEMS] PATCHED CityLearn defect 't0_thermal_double_count' on 8/8 buildings.
        reset() books the ideal thermal load at t=0, then the first step
        limits devices to nominal power minus that same load (asserts on
        heating, silently clips storage charging). Cleared before step 1.
        Disable with STEMSEnvironment(patch_t0_double_count=False).
==========================================================================
==========================================================================
[STEMS] PATCHED CityLearn defect 'endogenous_obs_from_simulated_hour'.
        The indoor temperature observation reads the uncontrolled dataset
        value, never the simulated one. State observations now come from
        the simulator's series for the hour the action was applied to.
        Disable with STEMSEnvironment(patch_endogenous_obs=False).
==========================================================================
[ablation] 16/48 ok    verified=None   3671.0s  C:\Users\medya\stems\results\ablation_v1\tx_travis_8b__summer28d__refn8__cap300-80\rl+basic__seed0.json
==========================================================================
[STEMS] PATCHED CityLearn defect 'dhw_storage_capacity' on 8/8 buildings.
        Building.update_dhw_storage scales the action by heating_storage.capacity
        (= 0.0 in this schema), making the DHW action a no-op. Now uses dhw_storage.capacity.
        Disable with STEMSEnvironment(patch_dhw=False).
==========================================================================
==========================================================================
[STEMS] PATCHED CityLearn defect 't0_thermal_double_count' on 8/8 buildings.
        reset() books the ideal thermal load at t=0, then the first step
        limits devices to nominal power minus that same load (asserts on
        heating, silently clips storage charging). Cleared before step 1.
        Disable with STEMSEnvironment(patch_t0_double_count=False).
==========================================================================
==========================================================================
[STEMS] PATCHED CityLearn defect 'endogenous_obs_from_simulated_hour'.
        The indoor temperature observation reads the uncontrolled dataset
        value, never the simulated one. State observations now come from
        the simulator's series for the hour the action was applied to.
        Disable with STEMSEnvironment(patch_endogenous_obs=False).
==========================================================================
==========================================================================
[STEMS] PATCHED CityLearn defect 'dhw_storage_capacity' on 8/8 buildings.
        Building.update_dhw_storage scales the action by heating_storage.capacity
        (= 0.0 in this schema), making the DHW action a no-op. Now uses dhw_storage.capacity.
        Disable with STEMSEnvironment(patch_dhw=False).
==========================================================================
==========================================================================
[STEMS] PATCHED CityLearn defect 't0_thermal_double_count' on 8/8 buildings.
        reset() books the ideal thermal load at t=0, then the first step
        limits devices to nominal power minus that same load (asserts on
        heating, silently clips storage charging). Cleared before step 1.
        Disable with STEMSEnvironment(patch_t0_double_count=False).
==========================================================================
==========================================================================
[STEMS] PATCHED CityLearn defect 'endogenous_obs_from_simulated_hour'.
        The indoor temperature observation reads the uncontrolled dataset
        value, never the simulated one. State observations now come from
        the simulator's series for the hour the action was applied to.
        Disable with STEMSEnvironment(patch_endogenous_obs=False).
==========================================================================
[ablation] 17/48 ok    verified=True   3669.5s  C:\Users\medya\stems\results\ablation_v1\tx_travis_8b__summer28d__refn8__cap300-80\rl+calibrated__seed1.json
==========================================================================
[STEMS] PATCHED CityLearn defect 'dhw_storage_capacity' on 8/8 buildings.
        Building.update_dhw_storage scales the action by heating_storage.capacity
        (= 0.0 in this schema), making the DHW action a no-op. Now uses dhw_storage.capacity.
        Disable with STEMSEnvironment(patch_dhw=False).
==========================================================================
==========================================================================
[STEMS] PATCHED CityLearn defect 't0_thermal_double_count' on 8/8 buildings.
        reset() books the ideal thermal load at t=0, then the first step
        limits devices to nominal power minus that same load (asserts on
        heating, silently clips storage charging). Cleared before step 1.
        Disable with STEMSEnvironment(patch_t0_double_count=False).
==========================================================================
==========================================================================
[STEMS] PATCHED CityLearn defect 'endogenous_obs_from_simulated_hour'.
        The indoor temperature observation reads the uncontrolled dataset
        value, never the simulated one. State observations now come from
        the simulator's series for the hour the action was applied to.
        Disable with STEMSEnvironment(patch_endogenous_obs=False).
==========================================================================
==========================================================================
[STEMS] PATCHED CityLearn defect 'dhw_storage_capacity' on 8/8 buildings.
        Building.update_dhw_storage scales the action by heating_storage.capacity
        (= 0.0 in this schema), making the DHW action a no-op. Now uses dhw_storage.capacity.
        Disable with STEMSEnvironment(patch_dhw=False).
==========================================================================
==========================================================================
[STEMS] PATCHED CityLearn defect 't0_thermal_double_count' on 8/8 buildings.
        reset() books the ideal thermal load at t=0, then the first step
        limits devices to nominal power minus that same load (asserts on
        heating, silently clips storage charging). Cleared before step 1.
        Disable with STEMSEnvironment(patch_t0_double_count=False).
==========================================================================
==========================================================================
[STEMS] PATCHED CityLearn defect 'endogenous_obs_from_simulated_hour'.
        The indoor temperature observation reads the uncontrolled dataset
        value, never the simulated one. State observations now come from
        the simulator's series for the hour the action was applied to.
        Disable with STEMSEnvironment(patch_endogenous_obs=False).
==========================================================================
[ablation] 18/48 ok    verified=True   3716.9s  C:\Users\medya\stems\results\ablation_v1\tx_travis_8b__summer28d__refn8__cap300-80\rl+calibrated__seed0.json
==========================================================================
[STEMS] PATCHED CityLearn defect 'dhw_storage_capacity' on 8/8 buildings.
        Building.update_dhw_storage scales the action by heating_storage.capacity
        (= 0.0 in this schema), making the DHW action a no-op. Now uses dhw_storage.capacity.
        Disable with STEMSEnvironment(patch_dhw=False).
==========================================================================
==========================================================================
[STEMS] PATCHED CityLearn defect 't0_thermal_double_count' on 8/8 buildings.
        reset() books the ideal thermal load at t=0, then the first step
        limits devices to nominal power minus that same load (asserts on
        heating, silently clips storage charging). Cleared before step 1.
        Disable with STEMSEnvironment(patch_t0_double_count=False).
==========================================================================
==========================================================================
[STEMS] PATCHED CityLearn defect 'endogenous_obs_from_simulated_hour'.
        The indoor temperature observation reads the uncontrolled dataset
        value, never the simulated one. State observations now come from
        the simulator's series for the hour the action was applied to.
        Disable with STEMSEnvironment(patch_endogenous_obs=False).
==========================================================================
==========================================================================
[STEMS] PATCHED CityLearn defect 'dhw_storage_capacity' on 8/8 buildings.
        Building.update_dhw_storage scales the action by heating_storage.capacity
        (= 0.0 in this schema), making the DHW action a no-op. Now uses dhw_storage.capacity.
        Disable with STEMSEnvironment(patch_dhw=False).
==========================================================================
==========================================================================
[STEMS] PATCHED CityLearn defect 't0_thermal_double_count' on 8/8 buildings.
        reset() books the ideal thermal load at t=0, then the first step
        limits devices to nominal power minus that same load (asserts on
        heating, silently clips storage charging). Cleared before step 1.
        Disable with STEMSEnvironment(patch_t0_double_count=False).
==========================================================================
==========================================================================
[STEMS] PATCHED CityLearn defect 'endogenous_obs_from_simulated_hour'.
        The indoor temperature observation reads the uncontrolled dataset
        value, never the simulated one. State observations now come from
        the simulator's series for the hour the action was applied to.
        Disable with STEMSEnvironment(patch_endogenous_obs=False).
==========================================================================
[ablation] 19/48 ok    verified=None   3031.2s  C:\Users\medya\stems\results\ablation_v1\tx_travis_8b__summer28d__subset1n8__cap300-80\rl__seed0.json
==========================================================================
[STEMS] PATCHED CityLearn defect 'dhw_storage_capacity' on 8/8 buildings.
        Building.update_dhw_storage scales the action by heating_storage.capacity
        (= 0.0 in this schema), making the DHW action a no-op. Now uses dhw_storage.capacity.
        Disable with STEMSEnvironment(patch_dhw=False).
==========================================================================
==========================================================================
[STEMS] PATCHED CityLearn defect 't0_thermal_double_count' on 8/8 buildings.
        reset() books the ideal thermal load at t=0, then the first step
        limits devices to nominal power minus that same load (asserts on
        heating, silently clips storage charging). Cleared before step 1.
        Disable with STEMSEnvironment(patch_t0_double_count=False).
==========================================================================
==========================================================================
[STEMS] PATCHED CityLearn defect 'endogenous_obs_from_simulated_hour'.
        The indoor temperature observation reads the uncontrolled dataset
        value, never the simulated one. State observations now come from
        the simulator's series for the hour the action was applied to.
        Disable with STEMSEnvironment(patch_endogenous_obs=False).
==========================================================================
==========================================================================
[STEMS] PATCHED CityLearn defect 'dhw_storage_capacity' on 8/8 buildings.
        Building.update_dhw_storage scales the action by heating_storage.capacity
        (= 0.0 in this schema), making the DHW action a no-op. Now uses dhw_storage.capacity.
        Disable with STEMSEnvironment(patch_dhw=False).
==========================================================================
==========================================================================
[STEMS] PATCHED CityLearn defect 't0_thermal_double_count' on 8/8 buildings.
        reset() books the ideal thermal load at t=0, then the first step
        limits devices to nominal power minus that same load (asserts on
        heating, silently clips storage charging). Cleared before step 1.
        Disable with STEMSEnvironment(patch_t0_double_count=False).
==========================================================================
==========================================================================
[STEMS] PATCHED CityLearn defect 'endogenous_obs_from_simulated_hour'.
        The indoor temperature observation reads the uncontrolled dataset
        value, never the simulated one. State observations now come from
        the simulator's series for the hour the action was applied to.
        Disable with STEMSEnvironment(patch_endogenous_obs=False).
==========================================================================
[ablation] 20/48 ok    verified=None   3143.4s  C:\Users\medya\stems\results\ablation_v1\tx_travis_8b__summer28d__subset1n8__cap300-80\rl__seed1.json
==========================================================================
[STEMS] PATCHED CityLearn defect 'dhw_storage_capacity' on 8/8 buildings.
        Building.update_dhw_storage scales the action by heating_storage.capacity
        (= 0.0 in this schema), making the DHW action a no-op. Now uses dhw_storage.capacity.
        Disable with STEMSEnvironment(patch_dhw=False).
==========================================================================
==========================================================================
[STEMS] PATCHED CityLearn defect 't0_thermal_double_count' on 8/8 buildings.
        reset() books the ideal thermal load at t=0, then the first step
        limits devices to nominal power minus that same load (asserts on
        heating, silently clips storage charging). Cleared before step 1.
        Disable with STEMSEnvironment(patch_t0_double_count=False).
==========================================================================
==========================================================================
[STEMS] PATCHED CityLearn defect 'endogenous_obs_from_simulated_hour'.
        The indoor temperature observation reads the uncontrolled dataset
        value, never the simulated one. State observations now come from
        the simulator's series for the hour the action was applied to.
        Disable with STEMSEnvironment(patch_endogenous_obs=False).
==========================================================================
==========================================================================
[STEMS] PATCHED CityLearn defect 'dhw_storage_capacity' on 8/8 buildings.
        Building.update_dhw_storage scales the action by heating_storage.capacity
        (= 0.0 in this schema), making the DHW action a no-op. Now uses dhw_storage.capacity.
        Disable with STEMSEnvironment(patch_dhw=False).
==========================================================================
==========================================================================
[STEMS] PATCHED CityLearn defect 't0_thermal_double_count' on 8/8 buildings.
        reset() books the ideal thermal load at t=0, then the first step
        limits devices to nominal power minus that same load (asserts on
        heating, silently clips storage charging). Cleared before step 1.
        Disable with STEMSEnvironment(patch_t0_double_count=False).
==========================================================================
==========================================================================
[STEMS] PATCHED CityLearn defect 'endogenous_obs_from_simulated_hour'.
        The indoor temperature observation reads the uncontrolled dataset
        value, never the simulated one. State observations now come from
        the simulator's series for the hour the action was applied to.
        Disable with STEMSEnvironment(patch_endogenous_obs=False).
==========================================================================
[ablation] 21/48 ok    verified=True   3646.6s  C:\Users\medya\stems\results\ablation_v1\tx_travis_8b__summer28d__subset1n8__cap300-80\rl+basic__seed0.json
==========================================================================
[STEMS] PATCHED CityLearn defect 'dhw_storage_capacity' on 8/8 buildings.
        Building.update_dhw_storage scales the action by heating_storage.capacity
        (= 0.0 in this schema), making the DHW action a no-op. Now uses dhw_storage.capacity.
        Disable with STEMSEnvironment(patch_dhw=False).
==========================================================================
==========================================================================
[STEMS] PATCHED CityLearn defect 't0_thermal_double_count' on 8/8 buildings.
        reset() books the ideal thermal load at t=0, then the first step
        limits devices to nominal power minus that same load (asserts on
        heating, silently clips storage charging). Cleared before step 1.
        Disable with STEMSEnvironment(patch_t0_double_count=False).
==========================================================================
==========================================================================
[STEMS] PATCHED CityLearn defect 'endogenous_obs_from_simulated_hour'.
        The indoor temperature observation reads the uncontrolled dataset
        value, never the simulated one. State observations now come from
        the simulator's series for the hour the action was applied to.
        Disable with STEMSEnvironment(patch_endogenous_obs=False).
==========================================================================
==========================================================================
[STEMS] PATCHED CityLearn defect 'dhw_storage_capacity' on 8/8 buildings.
        Building.update_dhw_storage scales the action by heating_storage.capacity
        (= 0.0 in this schema), making the DHW action a no-op. Now uses dhw_storage.capacity.
        Disable with STEMSEnvironment(patch_dhw=False).
==========================================================================
==========================================================================
[STEMS] PATCHED CityLearn defect 't0_thermal_double_count' on 8/8 buildings.
        reset() books the ideal thermal load at t=0, then the first step
        limits devices to nominal power minus that same load (asserts on
        heating, silently clips storage charging). Cleared before step 1.
        Disable with STEMSEnvironment(patch_t0_double_count=False).
==========================================================================
==========================================================================
[STEMS] PATCHED CityLearn defect 'endogenous_obs_from_simulated_hour'.
        The indoor temperature observation reads the uncontrolled dataset
        value, never the simulated one. State observations now come from
        the simulator's series for the hour the action was applied to.
        Disable with STEMSEnvironment(patch_endogenous_obs=False).
==========================================================================
[ablation] 22/48 ok    verified=True   3689.0s  C:\Users\medya\stems\results\ablation_v1\tx_travis_8b__summer28d__subset1n8__cap300-80\rl+basic__seed1.json
==========================================================================
[STEMS] PATCHED CityLearn defect 'dhw_storage_capacity' on 8/8 buildings.
        Building.update_dhw_storage scales the action by heating_storage.capacity
        (= 0.0 in this schema), making the DHW action a no-op. Now uses dhw_storage.capacity.
        Disable with STEMSEnvironment(patch_dhw=False).
==========================================================================
==========================================================================
[STEMS] PATCHED CityLearn defect 't0_thermal_double_count' on 8/8 buildings.
        reset() books the ideal thermal load at t=0, then the first step
        limits devices to nominal power minus that same load (asserts on
        heating, silently clips storage charging). Cleared before step 1.
        Disable with STEMSEnvironment(patch_t0_double_count=False).
==========================================================================
==========================================================================
[STEMS] PATCHED CityLearn defect 'endogenous_obs_from_simulated_hour'.
        The indoor temperature observation reads the uncontrolled dataset
        value, never the simulated one. State observations now come from
        the simulator's series for the hour the action was applied to.
        Disable with STEMSEnvironment(patch_endogenous_obs=False).
==========================================================================
==========================================================================
[STEMS] PATCHED CityLearn defect 'dhw_storage_capacity' on 8/8 buildings.
        Building.update_dhw_storage scales the action by heating_storage.capacity
        (= 0.0 in this schema), making the DHW action a no-op. Now uses dhw_storage.capacity.
        Disable with STEMSEnvironment(patch_dhw=False).
==========================================================================
==========================================================================
[STEMS] PATCHED CityLearn defect 't0_thermal_double_count' on 8/8 buildings.
        reset() books the ideal thermal load at t=0, then the first step
        limits devices to nominal power minus that same load (asserts on
        heating, silently clips storage charging). Cleared before step 1.
        Disable with STEMSEnvironment(patch_t0_double_count=False).
==========================================================================
==========================================================================
[STEMS] PATCHED CityLearn defect 'endogenous_obs_from_simulated_hour'.
        The indoor temperature observation reads the uncontrolled dataset
        value, never the simulated one. State observations now come from
        the simulator's series for the hour the action was applied to.
        Disable with STEMSEnvironment(patch_endogenous_obs=False).
==========================================================================
[ablation] 23/48 ok    verified=True   3689.6s  C:\Users\medya\stems\results\ablation_v1\tx_travis_8b__summer28d__subset1n8__cap300-80\rl+calibrated__seed0.json
==========================================================================
[STEMS] PATCHED CityLearn defect 'dhw_storage_capacity' on 8/8 buildings.
        Building.update_dhw_storage scales the action by heating_storage.capacity
        (= 0.0 in this schema), making the DHW action a no-op. Now uses dhw_storage.capacity.
        Disable with STEMSEnvironment(patch_dhw=False).
==========================================================================
==========================================================================
[STEMS] PATCHED CityLearn defect 't0_thermal_double_count' on 8/8 buildings.
        reset() books the ideal thermal load at t=0, then the first step
        limits devices to nominal power minus that same load (asserts on
        heating, silently clips storage charging). Cleared before step 1.
        Disable with STEMSEnvironment(patch_t0_double_count=False).
==========================================================================
==========================================================================
[STEMS] PATCHED CityLearn defect 'endogenous_obs_from_simulated_hour'.
        The indoor temperature observation reads the uncontrolled dataset
        value, never the simulated one. State observations now come from
        the simulator's series for the hour the action was applied to.
        Disable with STEMSEnvironment(patch_endogenous_obs=False).
==========================================================================
==========================================================================
[STEMS] PATCHED CityLearn defect 'dhw_storage_capacity' on 8/8 buildings.
        Building.update_dhw_storage scales the action by heating_storage.capacity
        (= 0.0 in this schema), making the DHW action a no-op. Now uses dhw_storage.capacity.
        Disable with STEMSEnvironment(patch_dhw=False).
==========================================================================
==========================================================================
[STEMS] PATCHED CityLearn defect 't0_thermal_double_count' on 8/8 buildings.
        reset() books the ideal thermal load at t=0, then the first step
        limits devices to nominal power minus that same load (asserts on
        heating, silently clips storage charging). Cleared before step 1.
        Disable with STEMSEnvironment(patch_t0_double_count=False).
==========================================================================
==========================================================================
[STEMS] PATCHED CityLearn defect 'endogenous_obs_from_simulated_hour'.
        The indoor temperature observation reads the uncontrolled dataset
        value, never the simulated one. State observations now come from
        the simulator's series for the hour the action was applied to.
        Disable with STEMSEnvironment(patch_endogenous_obs=False).
==========================================================================
[ablation] 24/48 ok    verified=True   3699.4s  C:\Users\medya\stems\results\ablation_v1\tx_travis_8b__summer28d__subset1n8__cap300-80\rl+calibrated__seed1.json
==========================================================================
[STEMS] PATCHED CityLearn defect 'dhw_storage_capacity' on 8/8 buildings.
        Building.update_dhw_storage scales the action by heating_storage.capacity
        (= 0.0 in this schema), making the DHW action a no-op. Now uses dhw_storage.capacity.
        Disable with STEMSEnvironment(patch_dhw=False).
==========================================================================
==========================================================================
[STEMS] PATCHED CityLearn defect 't0_thermal_double_count' on 8/8 buildings.
        reset() books the ideal thermal load at t=0, then the first step
        limits devices to nominal power minus that same load (asserts on
        heating, silently clips storage charging). Cleared before step 1.
        Disable with STEMSEnvironment(patch_t0_double_count=False).
==========================================================================
==========================================================================
[STEMS] PATCHED CityLearn defect 'endogenous_obs_from_simulated_hour'.
        The indoor temperature observation reads the uncontrolled dataset
        value, never the simulated one. State observations now come from
        the simulator's series for the hour the action was applied to.
        Disable with STEMSEnvironment(patch_endogenous_obs=False).
==========================================================================
==========================================================================
[STEMS] PATCHED CityLearn defect 'dhw_storage_capacity' on 8/8 buildings.
        Building.update_dhw_storage scales the action by heating_storage.capacity
        (= 0.0 in this schema), making the DHW action a no-op. Now uses dhw_storage.capacity.
        Disable with STEMSEnvironment(patch_dhw=False).
==========================================================================
==========================================================================
[STEMS] PATCHED CityLearn defect 't0_thermal_double_count' on 8/8 buildings.
        reset() books the ideal thermal load at t=0, then the first step
        limits devices to nominal power minus that same load (asserts on
        heating, silently clips storage charging). Cleared before step 1.
        Disable with STEMSEnvironment(patch_t0_double_count=False).
==========================================================================
==========================================================================
[STEMS] PATCHED CityLearn defect 'endogenous_obs_from_simulated_hour'.
        The indoor temperature observation reads the uncontrolled dataset
        value, never the simulated one. State observations now come from
        the simulator's series for the hour the action was applied to.
        Disable with STEMSEnvironment(patch_endogenous_obs=False).
==========================================================================
[ablation] 25/48 ok    verified=None   3063.5s  C:\Users\medya\stems\results\ablation_v1\tx_travis_8b__spring28d__refn8__cap300-80\rl__seed0.json
==========================================================================
[STEMS] PATCHED CityLearn defect 'dhw_storage_capacity' on 8/8 buildings.
        Building.update_dhw_storage scales the action by heating_storage.capacity
        (= 0.0 in this schema), making the DHW action a no-op. Now uses dhw_storage.capacity.
        Disable with STEMSEnvironment(patch_dhw=False).
==========================================================================
==========================================================================
[STEMS] PATCHED CityLearn defect 't0_thermal_double_count' on 8/8 buildings.
        reset() books the ideal thermal load at t=0, then the first step
        limits devices to nominal power minus that same load (asserts on
        heating, silently clips storage charging). Cleared before step 1.
        Disable with STEMSEnvironment(patch_t0_double_count=False).
==========================================================================
==========================================================================
[STEMS] PATCHED CityLearn defect 'endogenous_obs_from_simulated_hour'.
        The indoor temperature observation reads the uncontrolled dataset
        value, never the simulated one. State observations now come from
        the simulator's series for the hour the action was applied to.
        Disable with STEMSEnvironment(patch_endogenous_obs=False).
==========================================================================
==========================================================================
[STEMS] PATCHED CityLearn defect 'dhw_storage_capacity' on 8/8 buildings.
        Building.update_dhw_storage scales the action by heating_storage.capacity
        (= 0.0 in this schema), making the DHW action a no-op. Now uses dhw_storage.capacity.
        Disable with STEMSEnvironment(patch_dhw=False).
==========================================================================
==========================================================================
[STEMS] PATCHED CityLearn defect 't0_thermal_double_count' on 8/8 buildings.
        reset() books the ideal thermal load at t=0, then the first step
        limits devices to nominal power minus that same load (asserts on
        heating, silently clips storage charging). Cleared before step 1.
        Disable with STEMSEnvironment(patch_t0_double_count=False).
==========================================================================
==========================================================================
[STEMS] PATCHED CityLearn defect 'endogenous_obs_from_simulated_hour'.
        The indoor temperature observation reads the uncontrolled dataset
        value, never the simulated one. State observations now come from
        the simulator's series for the hour the action was applied to.
        Disable with STEMSEnvironment(patch_endogenous_obs=False).
==========================================================================
[ablation] 26/48 ok    verified=None   2979.6s  C:\Users\medya\stems\results\ablation_v1\tx_travis_8b__spring28d__refn8__cap300-80\rl__seed1.json
==========================================================================
[STEMS] PATCHED CityLearn defect 'dhw_storage_capacity' on 8/8 buildings.
        Building.update_dhw_storage scales the action by heating_storage.capacity
        (= 0.0 in this schema), making the DHW action a no-op. Now uses dhw_storage.capacity.
        Disable with STEMSEnvironment(patch_dhw=False).
==========================================================================
==========================================================================
[STEMS] PATCHED CityLearn defect 't0_thermal_double_count' on 8/8 buildings.
        reset() books the ideal thermal load at t=0, then the first step
        limits devices to nominal power minus that same load (asserts on
        heating, silently clips storage charging). Cleared before step 1.
        Disable with STEMSEnvironment(patch_t0_double_count=False).
==========================================================================
==========================================================================
[STEMS] PATCHED CityLearn defect 'endogenous_obs_from_simulated_hour'.
        The indoor temperature observation reads the uncontrolled dataset
        value, never the simulated one. State observations now come from
        the simulator's series for the hour the action was applied to.
        Disable with STEMSEnvironment(patch_endogenous_obs=False).
==========================================================================
==========================================================================
[STEMS] PATCHED CityLearn defect 'dhw_storage_capacity' on 8/8 buildings.
        Building.update_dhw_storage scales the action by heating_storage.capacity
        (= 0.0 in this schema), making the DHW action a no-op. Now uses dhw_storage.capacity.
        Disable with STEMSEnvironment(patch_dhw=False).
==========================================================================
==========================================================================
[STEMS] PATCHED CityLearn defect 't0_thermal_double_count' on 8/8 buildings.
        reset() books the ideal thermal load at t=0, then the first step
        limits devices to nominal power minus that same load (asserts on
        heating, silently clips storage charging). Cleared before step 1.
        Disable with STEMSEnvironment(patch_t0_double_count=False).
==========================================================================
==========================================================================
[STEMS] PATCHED CityLearn defect 'endogenous_obs_from_simulated_hour'.
        The indoor temperature observation reads the uncontrolled dataset
        value, never the simulated one. State observations now come from
        the simulator's series for the hour the action was applied to.
        Disable with STEMSEnvironment(patch_endogenous_obs=False).
==========================================================================
[ablation] 27/48 ok    verified=True   3538.0s  C:\Users\medya\stems\results\ablation_v1\tx_travis_8b__spring28d__refn8__cap300-80\rl+calibrated__seed0.json
==========================================================================
[STEMS] PATCHED CityLearn defect 'dhw_storage_capacity' on 8/8 buildings.
        Building.update_dhw_storage scales the action by heating_storage.capacity
        (= 0.0 in this schema), making the DHW action a no-op. Now uses dhw_storage.capacity.
        Disable with STEMSEnvironment(patch_dhw=False).
==========================================================================
==========================================================================
[STEMS] PATCHED CityLearn defect 't0_thermal_double_count' on 8/8 buildings.
        reset() books the ideal thermal load at t=0, then the first step
        limits devices to nominal power minus that same load (asserts on
        heating, silently clips storage charging). Cleared before step 1.
        Disable with STEMSEnvironment(patch_t0_double_count=False).
==========================================================================
==========================================================================
[STEMS] PATCHED CityLearn defect 'endogenous_obs_from_simulated_hour'.
        The indoor temperature observation reads the uncontrolled dataset
        value, never the simulated one. State observations now come from
        the simulator's series for the hour the action was applied to.
        Disable with STEMSEnvironment(patch_endogenous_obs=False).
==========================================================================
==========================================================================
[STEMS] PATCHED CityLearn defect 'dhw_storage_capacity' on 8/8 buildings.
        Building.update_dhw_storage scales the action by heating_storage.capacity
        (= 0.0 in this schema), making the DHW action a no-op. Now uses dhw_storage.capacity.
        Disable with STEMSEnvironment(patch_dhw=False).
==========================================================================
==========================================================================
[STEMS] PATCHED CityLearn defect 't0_thermal_double_count' on 8/8 buildings.
        reset() books the ideal thermal load at t=0, then the first step
        limits devices to nominal power minus that same load (asserts on
        heating, silently clips storage charging). Cleared before step 1.
        Disable with STEMSEnvironment(patch_t0_double_count=False).
==========================================================================
==========================================================================
[STEMS] PATCHED CityLearn defect 'endogenous_obs_from_simulated_hour'.
        The indoor temperature observation reads the uncontrolled dataset
        value, never the simulated one. State observations now come from
        the simulator's series for the hour the action was applied to.
        Disable with STEMSEnvironment(patch_endogenous_obs=False).
==========================================================================
[ablation] 28/48 ok    verified=True   3645.1s  C:\Users\medya\stems\results\ablation_v1\tx_travis_8b__spring28d__refn8__cap300-80\rl+basic__seed1.json
==========================================================================
[STEMS] PATCHED CityLearn defect 'dhw_storage_capacity' on 8/8 buildings.
        Building.update_dhw_storage scales the action by heating_storage.capacity
        (= 0.0 in this schema), making the DHW action a no-op. Now uses dhw_storage.capacity.
        Disable with STEMSEnvironment(patch_dhw=False).
==========================================================================
==========================================================================
[STEMS] PATCHED CityLearn defect 't0_thermal_double_count' on 8/8 buildings.
        reset() books the ideal thermal load at t=0, then the first step
        limits devices to nominal power minus that same load (asserts on
        heating, silently clips storage charging). Cleared before step 1.
        Disable with STEMSEnvironment(patch_t0_double_count=False).
==========================================================================
==========================================================================
[STEMS] PATCHED CityLearn defect 'endogenous_obs_from_simulated_hour'.
        The indoor temperature observation reads the uncontrolled dataset
        value, never the simulated one. State observations now come from
        the simulator's series for the hour the action was applied to.
        Disable with STEMSEnvironment(patch_endogenous_obs=False).
==========================================================================
==========================================================================
[STEMS] PATCHED CityLearn defect 'dhw_storage_capacity' on 8/8 buildings.
        Building.update_dhw_storage scales the action by heating_storage.capacity
        (= 0.0 in this schema), making the DHW action a no-op. Now uses dhw_storage.capacity.
        Disable with STEMSEnvironment(patch_dhw=False).
==========================================================================
==========================================================================
[STEMS] PATCHED CityLearn defect 't0_thermal_double_count' on 8/8 buildings.
        reset() books the ideal thermal load at t=0, then the first step
        limits devices to nominal power minus that same load (asserts on
        heating, silently clips storage charging). Cleared before step 1.
        Disable with STEMSEnvironment(patch_t0_double_count=False).
==========================================================================
==========================================================================
[STEMS] PATCHED CityLearn defect 'endogenous_obs_from_simulated_hour'.
        The indoor temperature observation reads the uncontrolled dataset
        value, never the simulated one. State observations now come from
        the simulator's series for the hour the action was applied to.
        Disable with STEMSEnvironment(patch_endogenous_obs=False).
==========================================================================
[ablation] 29/48 ok    verified=None   3790.7s  C:\Users\medya\stems\results\ablation_v1\tx_travis_8b__spring28d__refn8__cap300-80\rl+basic__seed0.json
==========================================================================
[STEMS] PATCHED CityLearn defect 'dhw_storage_capacity' on 8/8 buildings.
        Building.update_dhw_storage scales the action by heating_storage.capacity
        (= 0.0 in this schema), making the DHW action a no-op. Now uses dhw_storage.capacity.
        Disable with STEMSEnvironment(patch_dhw=False).
==========================================================================
==========================================================================
[STEMS] PATCHED CityLearn defect 't0_thermal_double_count' on 8/8 buildings.
        reset() books the ideal thermal load at t=0, then the first step
        limits devices to nominal power minus that same load (asserts on
        heating, silently clips storage charging). Cleared before step 1.
        Disable with STEMSEnvironment(patch_t0_double_count=False).
==========================================================================
==========================================================================
[STEMS] PATCHED CityLearn defect 'endogenous_obs_from_simulated_hour'.
        The indoor temperature observation reads the uncontrolled dataset
        value, never the simulated one. State observations now come from
        the simulator's series for the hour the action was applied to.
        Disable with STEMSEnvironment(patch_endogenous_obs=False).
==========================================================================
==========================================================================
[STEMS] PATCHED CityLearn defect 'dhw_storage_capacity' on 8/8 buildings.
        Building.update_dhw_storage scales the action by heating_storage.capacity
        (= 0.0 in this schema), making the DHW action a no-op. Now uses dhw_storage.capacity.
        Disable with STEMSEnvironment(patch_dhw=False).
==========================================================================
==========================================================================
[STEMS] PATCHED CityLearn defect 't0_thermal_double_count' on 8/8 buildings.
        reset() books the ideal thermal load at t=0, then the first step
        limits devices to nominal power minus that same load (asserts on
        heating, silently clips storage charging). Cleared before step 1.
        Disable with STEMSEnvironment(patch_t0_double_count=False).
==========================================================================
==========================================================================
[STEMS] PATCHED CityLearn defect 'endogenous_obs_from_simulated_hour'.
        The indoor temperature observation reads the uncontrolled dataset
        value, never the simulated one. State observations now come from
        the simulator's series for the hour the action was applied to.
        Disable with STEMSEnvironment(patch_endogenous_obs=False).
==========================================================================
[ablation] 30/48 ok    verified=True   3601.3s  C:\Users\medya\stems\results\ablation_v1\tx_travis_8b__spring28d__refn8__cap300-80\rl+calibrated__seed1.json
==========================================================================
[STEMS] PATCHED CityLearn defect 'dhw_storage_capacity' on 8/8 buildings.
        Building.update_dhw_storage scales the action by heating_storage.capacity
        (= 0.0 in this schema), making the DHW action a no-op. Now uses dhw_storage.capacity.
        Disable with STEMSEnvironment(patch_dhw=False).
==========================================================================
==========================================================================
[STEMS] PATCHED CityLearn defect 't0_thermal_double_count' on 8/8 buildings.
        reset() books the ideal thermal load at t=0, then the first step
        limits devices to nominal power minus that same load (asserts on
        heating, silently clips storage charging). Cleared before step 1.
        Disable with STEMSEnvironment(patch_t0_double_count=False).
==========================================================================
==========================================================================
[STEMS] PATCHED CityLearn defect 'endogenous_obs_from_simulated_hour'.
        The indoor temperature observation reads the uncontrolled dataset
        value, never the simulated one. State observations now come from
        the simulator's series for the hour the action was applied to.
        Disable with STEMSEnvironment(patch_endogenous_obs=False).
==========================================================================
==========================================================================
[STEMS] PATCHED CityLearn defect 'dhw_storage_capacity' on 8/8 buildings.
        Building.update_dhw_storage scales the action by heating_storage.capacity
        (= 0.0 in this schema), making the DHW action a no-op. Now uses dhw_storage.capacity.
        Disable with STEMSEnvironment(patch_dhw=False).
==========================================================================
==========================================================================
[STEMS] PATCHED CityLearn defect 't0_thermal_double_count' on 8/8 buildings.
        reset() books the ideal thermal load at t=0, then the first step
        limits devices to nominal power minus that same load (asserts on
        heating, silently clips storage charging). Cleared before step 1.
        Disable with STEMSEnvironment(patch_t0_double_count=False).
==========================================================================
==========================================================================
[STEMS] PATCHED CityLearn defect 'endogenous_obs_from_simulated_hour'.
        The indoor temperature observation reads the uncontrolled dataset
        value, never the simulated one. State observations now come from
        the simulator's series for the hour the action was applied to.
        Disable with STEMSEnvironment(patch_endogenous_obs=False).
==========================================================================
[ablation] 31/48 ok    verified=None   3033.1s  C:\Users\medya\stems\results\ablation_v1\tx_travis_8b__spring28d__subset1n8__cap300-80\rl__seed0.json
==========================================================================
[STEMS] PATCHED CityLearn defect 'dhw_storage_capacity' on 8/8 buildings.
        Building.update_dhw_storage scales the action by heating_storage.capacity
        (= 0.0 in this schema), making the DHW action a no-op. Now uses dhw_storage.capacity.
        Disable with STEMSEnvironment(patch_dhw=False).
==========================================================================
==========================================================================
[STEMS] PATCHED CityLearn defect 't0_thermal_double_count' on 8/8 buildings.
        reset() books the ideal thermal load at t=0, then the first step
        limits devices to nominal power minus that same load (asserts on
        heating, silently clips storage charging). Cleared before step 1.
        Disable with STEMSEnvironment(patch_t0_double_count=False).
==========================================================================
==========================================================================
[STEMS] PATCHED CityLearn defect 'endogenous_obs_from_simulated_hour'.
        The indoor temperature observation reads the uncontrolled dataset
        value, never the simulated one. State observations now come from
        the simulator's series for the hour the action was applied to.
        Disable with STEMSEnvironment(patch_endogenous_obs=False).
==========================================================================
==========================================================================
[STEMS] PATCHED CityLearn defect 'dhw_storage_capacity' on 8/8 buildings.
        Building.update_dhw_storage scales the action by heating_storage.capacity
        (= 0.0 in this schema), making the DHW action a no-op. Now uses dhw_storage.capacity.
        Disable with STEMSEnvironment(patch_dhw=False).
==========================================================================
==========================================================================
[STEMS] PATCHED CityLearn defect 't0_thermal_double_count' on 8/8 buildings.
        reset() books the ideal thermal load at t=0, then the first step
        limits devices to nominal power minus that same load (asserts on
        heating, silently clips storage charging). Cleared before step 1.
        Disable with STEMSEnvironment(patch_t0_double_count=False).
==========================================================================
==========================================================================
[STEMS] PATCHED CityLearn defect 'endogenous_obs_from_simulated_hour'.
        The indoor temperature observation reads the uncontrolled dataset
        value, never the simulated one. State observations now come from
        the simulator's series for the hour the action was applied to.
        Disable with STEMSEnvironment(patch_endogenous_obs=False).
==========================================================================
[ablation] 32/48 ok    verified=True   3096.1s  C:\Users\medya\stems\results\ablation_v1\tx_travis_8b__spring28d__subset1n8__cap300-80\rl__seed1.json
==========================================================================
[STEMS] PATCHED CityLearn defect 'dhw_storage_capacity' on 8/8 buildings.
        Building.update_dhw_storage scales the action by heating_storage.capacity
        (= 0.0 in this schema), making the DHW action a no-op. Now uses dhw_storage.capacity.
        Disable with STEMSEnvironment(patch_dhw=False).
==========================================================================
==========================================================================
[STEMS] PATCHED CityLearn defect 't0_thermal_double_count' on 8/8 buildings.
        reset() books the ideal thermal load at t=0, then the first step
        limits devices to nominal power minus that same load (asserts on
        heating, silently clips storage charging). Cleared before step 1.
        Disable with STEMSEnvironment(patch_t0_double_count=False).
==========================================================================
==========================================================================
[STEMS] PATCHED CityLearn defect 'endogenous_obs_from_simulated_hour'.
        The indoor temperature observation reads the uncontrolled dataset
        value, never the simulated one. State observations now come from
        the simulator's series for the hour the action was applied to.
        Disable with STEMSEnvironment(patch_endogenous_obs=False).
==========================================================================
==========================================================================
[STEMS] PATCHED CityLearn defect 'dhw_storage_capacity' on 8/8 buildings.
        Building.update_dhw_storage scales the action by heating_storage.capacity
        (= 0.0 in this schema), making the DHW action a no-op. Now uses dhw_storage.capacity.
        Disable with STEMSEnvironment(patch_dhw=False).
==========================================================================
==========================================================================
[STEMS] PATCHED CityLearn defect 't0_thermal_double_count' on 8/8 buildings.
        reset() books the ideal thermal load at t=0, then the first step
        limits devices to nominal power minus that same load (asserts on
        heating, silently clips storage charging). Cleared before step 1.
        Disable with STEMSEnvironment(patch_t0_double_count=False).
==========================================================================
==========================================================================
[STEMS] PATCHED CityLearn defect 'endogenous_obs_from_simulated_hour'.
        The indoor temperature observation reads the uncontrolled dataset
        value, never the simulated one. State observations now come from
        the simulator's series for the hour the action was applied to.
        Disable with STEMSEnvironment(patch_endogenous_obs=False).
==========================================================================
==========================================================================
[STEMS] PATCHED CityLearn defect 'dhw_storage_capacity' on 8/8 buildings.
        Building.update_dhw_storage scales the action by heating_storage.capacity
        (= 0.0 in this schema), making the DHW action a no-op. Now uses dhw_storage.capacity.
        Disable with STEMSEnvironment(patch_dhw=False).
==========================================================================
==========================================================================
[STEMS] PATCHED CityLearn defect 't0_thermal_double_count' on 8/8 buildings.
        reset() books the ideal thermal load at t=0, then the first step
        limits devices to nominal power minus that same load (asserts on
        heating, silently clips storage charging). Cleared before step 1.
        Disable with STEMSEnvironment(patch_t0_double_count=False).
==========================================================================
==========================================================================
[STEMS] PATCHED CityLearn defect 'endogenous_obs_from_simulated_hour'.
        The indoor temperature observation reads the uncontrolled dataset
        value, never the simulated one. State observations now come from
        the simulator's series for the hour the action was applied to.
        Disable with STEMSEnvironment(patch_endogenous_obs=False).
==========================================================================
==========================================================================
[STEMS] PATCHED CityLearn defect 'dhw_storage_capacity' on 8/8 buildings.
        Building.update_dhw_storage scales the action by heating_storage.capacity
        (= 0.0 in this schema), making the DHW action a no-op. Now uses dhw_storage.capacity.
        Disable with STEMSEnvironment(patch_dhw=False).
==========================================================================
==========================================================================
[STEMS] PATCHED CityLearn defect 't0_thermal_double_count' on 8/8 buildings.
        reset() books the ideal thermal load at t=0, then the first step
        limits devices to nominal power minus that same load (asserts on
        heating, silently clips storage charging). Cleared before step 1.
        Disable with STEMSEnvironment(patch_t0_double_count=False).
==========================================================================
==========================================================================
[STEMS] PATCHED CityLearn defect 'endogenous_obs_from_simulated_hour'.
        The indoor temperature observation reads the uncontrolled dataset
        value, never the simulated one. State observations now come from
        the simulator's series for the hour the action was applied to.
        Disable with STEMSEnvironment(patch_endogenous_obs=False).
==========================================================================
[ablation] 33/48 ok    verified=True   3195.7s  C:\Users\medya\stems\results\ablation_v1\tx_travis_8b__autumn28d__refn8__cap300-80\rl__seed0.json
[ablation] 34/48 ok    verified=True   3046.0s  C:\Users\medya\stems\results\ablation_v1\tx_travis_8b__autumn28d__refn8__cap300-80\rl__seed1.json
==========================================================================
[STEMS] PATCHED CityLearn defect 'dhw_storage_capacity' on 8/8 buildings.
        Building.update_dhw_storage scales the action by heating_storage.capacity
        (= 0.0 in this schema), making the DHW action a no-op. Now uses dhw_storage.capacity.
        Disable with STEMSEnvironment(patch_dhw=False).
==========================================================================
==========================================================================
[STEMS] PATCHED CityLearn defect 't0_thermal_double_count' on 8/8 buildings.
        reset() books the ideal thermal load at t=0, then the first step
        limits devices to nominal power minus that same load (asserts on
        heating, silently clips storage charging). Cleared before step 1.
        Disable with STEMSEnvironment(patch_t0_double_count=False).
==========================================================================
==========================================================================
[STEMS] PATCHED CityLearn defect 'endogenous_obs_from_simulated_hour'.
        The indoor temperature observation reads the uncontrolled dataset
        value, never the simulated one. State observations now come from
        the simulator's series for the hour the action was applied to.
        Disable with STEMSEnvironment(patch_endogenous_obs=False).
==========================================================================
==========================================================================
[STEMS] PATCHED CityLearn defect 'dhw_storage_capacity' on 8/8 buildings.
        Building.update_dhw_storage scales the action by heating_storage.capacity
        (= 0.0 in this schema), making the DHW action a no-op. Now uses dhw_storage.capacity.
        Disable with STEMSEnvironment(patch_dhw=False).
==========================================================================
==========================================================================
[STEMS] PATCHED CityLearn defect 't0_thermal_double_count' on 8/8 buildings.
        reset() books the ideal thermal load at t=0, then the first step
        limits devices to nominal power minus that same load (asserts on
        heating, silently clips storage charging). Cleared before step 1.
        Disable with STEMSEnvironment(patch_t0_double_count=False).
==========================================================================
==========================================================================
[STEMS] PATCHED CityLearn defect 'endogenous_obs_from_simulated_hour'.
        The indoor temperature observation reads the uncontrolled dataset
        value, never the simulated one. State observations now come from
        the simulator's series for the hour the action was applied to.
        Disable with STEMSEnvironment(patch_endogenous_obs=False).
==========================================================================
[ablation] 35/48 ok    verified=True   3529.5s  C:\Users\medya\stems\results\ablation_v1\tx_travis_8b__spring28d__subset1n8__cap300-80\rl+basic__seed0.json
==========================================================================
[STEMS] PATCHED CityLearn defect 'dhw_storage_capacity' on 8/8 buildings.
        Building.update_dhw_storage scales the action by heating_storage.capacity
        (= 0.0 in this schema), making the DHW action a no-op. Now uses dhw_storage.capacity.
        Disable with STEMSEnvironment(patch_dhw=False).
==========================================================================
==========================================================================
[STEMS] PATCHED CityLearn defect 't0_thermal_double_count' on 8/8 buildings.
        reset() books the ideal thermal load at t=0, then the first step
        limits devices to nominal power minus that same load (asserts on
        heating, silently clips storage charging). Cleared before step 1.
        Disable with STEMSEnvironment(patch_t0_double_count=False).
==========================================================================
==========================================================================
[STEMS] PATCHED CityLearn defect 'endogenous_obs_from_simulated_hour'.
        The indoor temperature observation reads the uncontrolled dataset
        value, never the simulated one. State observations now come from
        the simulator's series for the hour the action was applied to.
        Disable with STEMSEnvironment(patch_endogenous_obs=False).
==========================================================================
==========================================================================
[STEMS] PATCHED CityLearn defect 'dhw_storage_capacity' on 8/8 buildings.
        Building.update_dhw_storage scales the action by heating_storage.capacity
        (= 0.0 in this schema), making the DHW action a no-op. Now uses dhw_storage.capacity.
        Disable with STEMSEnvironment(patch_dhw=False).
==========================================================================
==========================================================================
[STEMS] PATCHED CityLearn defect 't0_thermal_double_count' on 8/8 buildings.
        reset() books the ideal thermal load at t=0, then the first step
        limits devices to nominal power minus that same load (asserts on
        heating, silently clips storage charging). Cleared before step 1.
        Disable with STEMSEnvironment(patch_t0_double_count=False).
==========================================================================
==========================================================================
[STEMS] PATCHED CityLearn defect 'endogenous_obs_from_simulated_hour'.
        The indoor temperature observation reads the uncontrolled dataset
        value, never the simulated one. State observations now come from
        the simulator's series for the hour the action was applied to.
        Disable with STEMSEnvironment(patch_endogenous_obs=False).
==========================================================================
[ablation] 36/48 ok    verified=None   3530.8s  C:\Users\medya\stems\results\ablation_v1\tx_travis_8b__spring28d__subset1n8__cap300-80\rl+calibrated__seed0.json
==========================================================================
[STEMS] PATCHED CityLearn defect 'dhw_storage_capacity' on 8/8 buildings.
        Building.update_dhw_storage scales the action by heating_storage.capacity
        (= 0.0 in this schema), making the DHW action a no-op. Now uses dhw_storage.capacity.
        Disable with STEMSEnvironment(patch_dhw=False).
==========================================================================
==========================================================================
[STEMS] PATCHED CityLearn defect 't0_thermal_double_count' on 8/8 buildings.
        reset() books the ideal thermal load at t=0, then the first step
        limits devices to nominal power minus that same load (asserts on
        heating, silently clips storage charging). Cleared before step 1.
        Disable with STEMSEnvironment(patch_t0_double_count=False).
==========================================================================
==========================================================================
[STEMS] PATCHED CityLearn defect 'endogenous_obs_from_simulated_hour'.
        The indoor temperature observation reads the uncontrolled dataset
        value, never the simulated one. State observations now come from
        the simulator's series for the hour the action was applied to.
        Disable with STEMSEnvironment(patch_endogenous_obs=False).
==========================================================================
==========================================================================
[STEMS] PATCHED CityLearn defect 'dhw_storage_capacity' on 8/8 buildings.
        Building.update_dhw_storage scales the action by heating_storage.capacity
        (= 0.0 in this schema), making the DHW action a no-op. Now uses dhw_storage.capacity.
        Disable with STEMSEnvironment(patch_dhw=False).
==========================================================================
==========================================================================
[STEMS] PATCHED CityLearn defect 't0_thermal_double_count' on 8/8 buildings.
        reset() books the ideal thermal load at t=0, then the first step
        limits devices to nominal power minus that same load (asserts on
        heating, silently clips storage charging). Cleared before step 1.
        Disable with STEMSEnvironment(patch_t0_double_count=False).
==========================================================================
==========================================================================
[STEMS] PATCHED CityLearn defect 'endogenous_obs_from_simulated_hour'.
        The indoor temperature observation reads the uncontrolled dataset
        value, never the simulated one. State observations now come from
        the simulator's series for the hour the action was applied to.
        Disable with STEMSEnvironment(patch_endogenous_obs=False).
==========================================================================
[ablation] 37/48 ok    verified=True   3576.8s  C:\Users\medya\stems\results\ablation_v1\tx_travis_8b__spring28d__subset1n8__cap300-80\rl+basic__seed1.json
==========================================================================
[STEMS] PATCHED CityLearn defect 'dhw_storage_capacity' on 8/8 buildings.
        Building.update_dhw_storage scales the action by heating_storage.capacity
        (= 0.0 in this schema), making the DHW action a no-op. Now uses dhw_storage.capacity.
        Disable with STEMSEnvironment(patch_dhw=False).
==========================================================================
==========================================================================
[STEMS] PATCHED CityLearn defect 't0_thermal_double_count' on 8/8 buildings.
        reset() books the ideal thermal load at t=0, then the first step
        limits devices to nominal power minus that same load (asserts on
        heating, silently clips storage charging). Cleared before step 1.
        Disable with STEMSEnvironment(patch_t0_double_count=False).
==========================================================================
==========================================================================
[STEMS] PATCHED CityLearn defect 'endogenous_obs_from_simulated_hour'.
        The indoor temperature observation reads the uncontrolled dataset
        value, never the simulated one. State observations now come from
        the simulator's series for the hour the action was applied to.
        Disable with STEMSEnvironment(patch_endogenous_obs=False).
==========================================================================
==========================================================================
[STEMS] PATCHED CityLearn defect 'dhw_storage_capacity' on 8/8 buildings.
        Building.update_dhw_storage scales the action by heating_storage.capacity
        (= 0.0 in this schema), making the DHW action a no-op. Now uses dhw_storage.capacity.
        Disable with STEMSEnvironment(patch_dhw=False).
==========================================================================
==========================================================================
[STEMS] PATCHED CityLearn defect 't0_thermal_double_count' on 8/8 buildings.
        reset() books the ideal thermal load at t=0, then the first step
        limits devices to nominal power minus that same load (asserts on
        heating, silently clips storage charging). Cleared before step 1.
        Disable with STEMSEnvironment(patch_t0_double_count=False).
==========================================================================
==========================================================================
[STEMS] PATCHED CityLearn defect 'endogenous_obs_from_simulated_hour'.
        The indoor temperature observation reads the uncontrolled dataset
        value, never the simulated one. State observations now come from
        the simulator's series for the hour the action was applied to.
        Disable with STEMSEnvironment(patch_endogenous_obs=False).
==========================================================================
[ablation] 38/48 ok    verified=True   3528.2s  C:\Users\medya\stems\results\ablation_v1\tx_travis_8b__spring28d__subset1n8__cap300-80\rl+calibrated__seed1.json
==========================================================================
[STEMS] PATCHED CityLearn defect 'dhw_storage_capacity' on 8/8 buildings.
        Building.update_dhw_storage scales the action by heating_storage.capacity
        (= 0.0 in this schema), making the DHW action a no-op. Now uses dhw_storage.capacity.
        Disable with STEMSEnvironment(patch_dhw=False).
==========================================================================
==========================================================================
[STEMS] PATCHED CityLearn defect 't0_thermal_double_count' on 8/8 buildings.
        reset() books the ideal thermal load at t=0, then the first step
        limits devices to nominal power minus that same load (asserts on
        heating, silently clips storage charging). Cleared before step 1.
        Disable with STEMSEnvironment(patch_t0_double_count=False).
==========================================================================
==========================================================================
[STEMS] PATCHED CityLearn defect 'endogenous_obs_from_simulated_hour'.
        The indoor temperature observation reads the uncontrolled dataset
        value, never the simulated one. State observations now come from
        the simulator's series for the hour the action was applied to.
        Disable with STEMSEnvironment(patch_endogenous_obs=False).
==========================================================================
==========================================================================
[STEMS] PATCHED CityLearn defect 'dhw_storage_capacity' on 8/8 buildings.
        Building.update_dhw_storage scales the action by heating_storage.capacity
        (= 0.0 in this schema), making the DHW action a no-op. Now uses dhw_storage.capacity.
        Disable with STEMSEnvironment(patch_dhw=False).
==========================================================================
==========================================================================
[STEMS] PATCHED CityLearn defect 't0_thermal_double_count' on 8/8 buildings.
        reset() books the ideal thermal load at t=0, then the first step
        limits devices to nominal power minus that same load (asserts on
        heating, silently clips storage charging). Cleared before step 1.
        Disable with STEMSEnvironment(patch_t0_double_count=False).
==========================================================================
==========================================================================
[STEMS] PATCHED CityLearn defect 'endogenous_obs_from_simulated_hour'.
        The indoor temperature observation reads the uncontrolled dataset
        value, never the simulated one. State observations now come from
        the simulator's series for the hour the action was applied to.
        Disable with STEMSEnvironment(patch_endogenous_obs=False).
==========================================================================
==========================================================================
[STEMS] PATCHED CityLearn defect 'dhw_storage_capacity' on 8/8 buildings.
        Building.update_dhw_storage scales the action by heating_storage.capacity
        (= 0.0 in this schema), making the DHW action a no-op. Now uses dhw_storage.capacity.
        Disable with STEMSEnvironment(patch_dhw=False).
==========================================================================
==========================================================================
[STEMS] PATCHED CityLearn defect 't0_thermal_double_count' on 8/8 buildings.
        reset() books the ideal thermal load at t=0, then the first step
        limits devices to nominal power minus that same load (asserts on
        heating, silently clips storage charging). Cleared before step 1.
        Disable with STEMSEnvironment(patch_t0_double_count=False).
==========================================================================
==========================================================================
[STEMS] PATCHED CityLearn defect 'endogenous_obs_from_simulated_hour'.
        The indoor temperature observation reads the uncontrolled dataset
        value, never the simulated one. State observations now come from
        the simulator's series for the hour the action was applied to.
        Disable with STEMSEnvironment(patch_endogenous_obs=False).
==========================================================================
==========================================================================
[STEMS] PATCHED CityLearn defect 'dhw_storage_capacity' on 8/8 buildings.
        Building.update_dhw_storage scales the action by heating_storage.capacity
        (= 0.0 in this schema), making the DHW action a no-op. Now uses dhw_storage.capacity.
        Disable with STEMSEnvironment(patch_dhw=False).
==========================================================================
==========================================================================
[STEMS] PATCHED CityLearn defect 't0_thermal_double_count' on 8/8 buildings.
        reset() books the ideal thermal load at t=0, then the first step
        limits devices to nominal power minus that same load (asserts on
        heating, silently clips storage charging). Cleared before step 1.
        Disable with STEMSEnvironment(patch_t0_double_count=False).
==========================================================================
==========================================================================
[STEMS] PATCHED CityLearn defect 'endogenous_obs_from_simulated_hour'.
        The indoor temperature observation reads the uncontrolled dataset
        value, never the simulated one. State observations now come from
        the simulator's series for the hour the action was applied to.
        Disable with STEMSEnvironment(patch_endogenous_obs=False).
==========================================================================
[ablation] 39/48 ok    verified=True   3259.1s  C:\Users\medya\stems\results\ablation_v1\tx_travis_8b__autumn28d__subset1n8__cap300-80\rl__seed1.json
[ablation] 40/48 ok    verified=True   3290.9s  C:\Users\medya\stems\results\ablation_v1\tx_travis_8b__autumn28d__subset1n8__cap300-80\rl__seed0.json
==========================================================================
[STEMS] PATCHED CityLearn defect 'dhw_storage_capacity' on 8/8 buildings.
        Building.update_dhw_storage scales the action by heating_storage.capacity
        (= 0.0 in this schema), making the DHW action a no-op. Now uses dhw_storage.capacity.
        Disable with STEMSEnvironment(patch_dhw=False).
==========================================================================
==========================================================================
[STEMS] PATCHED CityLearn defect 't0_thermal_double_count' on 8/8 buildings.
        reset() books the ideal thermal load at t=0, then the first step
        limits devices to nominal power minus that same load (asserts on
        heating, silently clips storage charging). Cleared before step 1.
        Disable with STEMSEnvironment(patch_t0_double_count=False).
==========================================================================
==========================================================================
[STEMS] PATCHED CityLearn defect 'endogenous_obs_from_simulated_hour'.
        The indoor temperature observation reads the uncontrolled dataset
        value, never the simulated one. State observations now come from
        the simulator's series for the hour the action was applied to.
        Disable with STEMSEnvironment(patch_endogenous_obs=False).
==========================================================================
==========================================================================
[STEMS] PATCHED CityLearn defect 'dhw_storage_capacity' on 8/8 buildings.
        Building.update_dhw_storage scales the action by heating_storage.capacity
        (= 0.0 in this schema), making the DHW action a no-op. Now uses dhw_storage.capacity.
        Disable with STEMSEnvironment(patch_dhw=False).
==========================================================================
==========================================================================
[STEMS] PATCHED CityLearn defect 't0_thermal_double_count' on 8/8 buildings.
        reset() books the ideal thermal load at t=0, then the first step
        limits devices to nominal power minus that same load (asserts on
        heating, silently clips storage charging). Cleared before step 1.
        Disable with STEMSEnvironment(patch_t0_double_count=False).
==========================================================================
==========================================================================
[STEMS] PATCHED CityLearn defect 'endogenous_obs_from_simulated_hour'.
        The indoor temperature observation reads the uncontrolled dataset
        value, never the simulated one. State observations now come from
        the simulator's series for the hour the action was applied to.
        Disable with STEMSEnvironment(patch_endogenous_obs=False).
==========================================================================
[ablation] 41/48 ok    verified=True   3612.4s  C:\Users\medya\stems\results\ablation_v1\tx_travis_8b__autumn28d__refn8__cap300-80\rl+basic__seed1.json
==========================================================================
[STEMS] PATCHED CityLearn defect 'dhw_storage_capacity' on 8/8 buildings.
        Building.update_dhw_storage scales the action by heating_storage.capacity
        (= 0.0 in this schema), making the DHW action a no-op. Now uses dhw_storage.capacity.
        Disable with STEMSEnvironment(patch_dhw=False).
==========================================================================
==========================================================================
[STEMS] PATCHED CityLearn defect 't0_thermal_double_count' on 8/8 buildings.
        reset() books the ideal thermal load at t=0, then the first step
        limits devices to nominal power minus that same load (asserts on
        heating, silently clips storage charging). Cleared before step 1.
        Disable with STEMSEnvironment(patch_t0_double_count=False).
==========================================================================
==========================================================================
[STEMS] PATCHED CityLearn defect 'endogenous_obs_from_simulated_hour'.
        The indoor temperature observation reads the uncontrolled dataset
        value, never the simulated one. State observations now come from
        the simulator's series for the hour the action was applied to.
        Disable with STEMSEnvironment(patch_endogenous_obs=False).
==========================================================================
==========================================================================
[STEMS] PATCHED CityLearn defect 'dhw_storage_capacity' on 8/8 buildings.
        Building.update_dhw_storage scales the action by heating_storage.capacity
        (= 0.0 in this schema), making the DHW action a no-op. Now uses dhw_storage.capacity.
        Disable with STEMSEnvironment(patch_dhw=False).
==========================================================================
==========================================================================
[STEMS] PATCHED CityLearn defect 't0_thermal_double_count' on 8/8 buildings.
        reset() books the ideal thermal load at t=0, then the first step
        limits devices to nominal power minus that same load (asserts on
        heating, silently clips storage charging). Cleared before step 1.
        Disable with STEMSEnvironment(patch_t0_double_count=False).
==========================================================================
==========================================================================
[STEMS] PATCHED CityLearn defect 'endogenous_obs_from_simulated_hour'.
        The indoor temperature observation reads the uncontrolled dataset
        value, never the simulated one. State observations now come from
        the simulator's series for the hour the action was applied to.
        Disable with STEMSEnvironment(patch_endogenous_obs=False).
==========================================================================
[ablation] 42/48 ok    verified=None   3691.0s  C:\Users\medya\stems\results\ablation_v1\tx_travis_8b__autumn28d__refn8__cap300-80\rl+basic__seed0.json
==========================================================================
[STEMS] PATCHED CityLearn defect 'dhw_storage_capacity' on 8/8 buildings.
        Building.update_dhw_storage scales the action by heating_storage.capacity
        (= 0.0 in this schema), making the DHW action a no-op. Now uses dhw_storage.capacity.
        Disable with STEMSEnvironment(patch_dhw=False).
==========================================================================
==========================================================================
[STEMS] PATCHED CityLearn defect 't0_thermal_double_count' on 8/8 buildings.
        reset() books the ideal thermal load at t=0, then the first step
        limits devices to nominal power minus that same load (asserts on
        heating, silently clips storage charging). Cleared before step 1.
        Disable with STEMSEnvironment(patch_t0_double_count=False).
==========================================================================
==========================================================================
[STEMS] PATCHED CityLearn defect 'endogenous_obs_from_simulated_hour'.
        The indoor temperature observation reads the uncontrolled dataset
        value, never the simulated one. State observations now come from
        the simulator's series for the hour the action was applied to.
        Disable with STEMSEnvironment(patch_endogenous_obs=False).
==========================================================================
==========================================================================
[STEMS] PATCHED CityLearn defect 'dhw_storage_capacity' on 8/8 buildings.
        Building.update_dhw_storage scales the action by heating_storage.capacity
        (= 0.0 in this schema), making the DHW action a no-op. Now uses dhw_storage.capacity.
        Disable with STEMSEnvironment(patch_dhw=False).
==========================================================================
==========================================================================
[STEMS] PATCHED CityLearn defect 't0_thermal_double_count' on 8/8 buildings.
        reset() books the ideal thermal load at t=0, then the first step
        limits devices to nominal power minus that same load (asserts on
        heating, silently clips storage charging). Cleared before step 1.
        Disable with STEMSEnvironment(patch_t0_double_count=False).
==========================================================================
==========================================================================
[STEMS] PATCHED CityLearn defect 'endogenous_obs_from_simulated_hour'.
        The indoor temperature observation reads the uncontrolled dataset
        value, never the simulated one. State observations now come from
        the simulator's series for the hour the action was applied to.
        Disable with STEMSEnvironment(patch_endogenous_obs=False).
==========================================================================
[ablation] 43/48 ok    verified=True   3610.2s  C:\Users\medya\stems\results\ablation_v1\tx_travis_8b__autumn28d__refn8__cap300-80\rl+calibrated__seed1.json
==========================================================================
[STEMS] PATCHED CityLearn defect 'dhw_storage_capacity' on 8/8 buildings.
        Building.update_dhw_storage scales the action by heating_storage.capacity
        (= 0.0 in this schema), making the DHW action a no-op. Now uses dhw_storage.capacity.
        Disable with STEMSEnvironment(patch_dhw=False).
==========================================================================
==========================================================================
[STEMS] PATCHED CityLearn defect 't0_thermal_double_count' on 8/8 buildings.
        reset() books the ideal thermal load at t=0, then the first step
        limits devices to nominal power minus that same load (asserts on
        heating, silently clips storage charging). Cleared before step 1.
        Disable with STEMSEnvironment(patch_t0_double_count=False).
==========================================================================
==========================================================================
[STEMS] PATCHED CityLearn defect 'endogenous_obs_from_simulated_hour'.
        The indoor temperature observation reads the uncontrolled dataset
        value, never the simulated one. State observations now come from
        the simulator's series for the hour the action was applied to.
        Disable with STEMSEnvironment(patch_endogenous_obs=False).
==========================================================================
==========================================================================
[STEMS] PATCHED CityLearn defect 'dhw_storage_capacity' on 8/8 buildings.
        Building.update_dhw_storage scales the action by heating_storage.capacity
        (= 0.0 in this schema), making the DHW action a no-op. Now uses dhw_storage.capacity.
        Disable with STEMSEnvironment(patch_dhw=False).
==========================================================================
==========================================================================
[STEMS] PATCHED CityLearn defect 't0_thermal_double_count' on 8/8 buildings.
        reset() books the ideal thermal load at t=0, then the first step
        limits devices to nominal power minus that same load (asserts on
        heating, silently clips storage charging). Cleared before step 1.
        Disable with STEMSEnvironment(patch_t0_double_count=False).
==========================================================================
==========================================================================
[STEMS] PATCHED CityLearn defect 'endogenous_obs_from_simulated_hour'.
        The indoor temperature observation reads the uncontrolled dataset
        value, never the simulated one. State observations now come from
        the simulator's series for the hour the action was applied to.
        Disable with STEMSEnvironment(patch_endogenous_obs=False).
==========================================================================
[ablation] 44/48 ok    verified=True   3682.6s  C:\Users\medya\stems\results\ablation_v1\tx_travis_8b__autumn28d__refn8__cap300-80\rl+calibrated__seed0.json
==========================================================================
[STEMS] PATCHED CityLearn defect 'dhw_storage_capacity' on 8/8 buildings.
        Building.update_dhw_storage scales the action by heating_storage.capacity
        (= 0.0 in this schema), making the DHW action a no-op. Now uses dhw_storage.capacity.
        Disable with STEMSEnvironment(patch_dhw=False).
==========================================================================
==========================================================================
[STEMS] PATCHED CityLearn defect 't0_thermal_double_count' on 8/8 buildings.
        reset() books the ideal thermal load at t=0, then the first step
        limits devices to nominal power minus that same load (asserts on
        heating, silently clips storage charging). Cleared before step 1.
        Disable with STEMSEnvironment(patch_t0_double_count=False).
==========================================================================
==========================================================================
[STEMS] PATCHED CityLearn defect 'endogenous_obs_from_simulated_hour'.
        The indoor temperature observation reads the uncontrolled dataset
        value, never the simulated one. State observations now come from
        the simulator's series for the hour the action was applied to.
        Disable with STEMSEnvironment(patch_endogenous_obs=False).
==========================================================================
==========================================================================
[STEMS] PATCHED CityLearn defect 'dhw_storage_capacity' on 8/8 buildings.
        Building.update_dhw_storage scales the action by heating_storage.capacity
        (= 0.0 in this schema), making the DHW action a no-op. Now uses dhw_storage.capacity.
        Disable with STEMSEnvironment(patch_dhw=False).
==========================================================================
==========================================================================
[STEMS] PATCHED CityLearn defect 't0_thermal_double_count' on 8/8 buildings.
        reset() books the ideal thermal load at t=0, then the first step
        limits devices to nominal power minus that same load (asserts on
        heating, silently clips storage charging). Cleared before step 1.
        Disable with STEMSEnvironment(patch_t0_double_count=False).
==========================================================================
==========================================================================
[STEMS] PATCHED CityLearn defect 'endogenous_obs_from_simulated_hour'.
        The indoor temperature observation reads the uncontrolled dataset
        value, never the simulated one. State observations now come from
        the simulator's series for the hour the action was applied to.
        Disable with STEMSEnvironment(patch_endogenous_obs=False).
==========================================================================
==========================================================================
[STEMS] PATCHED CityLearn defect 'dhw_storage_capacity' on 8/8 buildings.
        Building.update_dhw_storage scales the action by heating_storage.capacity
        (= 0.0 in this schema), making the DHW action a no-op. Now uses dhw_storage.capacity.
        Disable with STEMSEnvironment(patch_dhw=False).
==========================================================================
==========================================================================
[STEMS] PATCHED CityLearn defect 't0_thermal_double_count' on 8/8 buildings.
        reset() books the ideal thermal load at t=0, then the first step
        limits devices to nominal power minus that same load (asserts on
        heating, silently clips storage charging). Cleared before step 1.
        Disable with STEMSEnvironment(patch_t0_double_count=False).
==========================================================================
==========================================================================
[STEMS] PATCHED CityLearn defect 'endogenous_obs_from_simulated_hour'.
        The indoor temperature observation reads the uncontrolled dataset
        value, never the simulated one. State observations now come from
        the simulator's series for the hour the action was applied to.
        Disable with STEMSEnvironment(patch_endogenous_obs=False).
==========================================================================
==========================================================================
[STEMS] PATCHED CityLearn defect 'dhw_storage_capacity' on 8/8 buildings.
        Building.update_dhw_storage scales the action by heating_storage.capacity
        (= 0.0 in this schema), making the DHW action a no-op. Now uses dhw_storage.capacity.
        Disable with STEMSEnvironment(patch_dhw=False).
==========================================================================
==========================================================================
[STEMS] PATCHED CityLearn defect 't0_thermal_double_count' on 8/8 buildings.
        reset() books the ideal thermal load at t=0, then the first step
        limits devices to nominal power minus that same load (asserts on
        heating, silently clips storage charging). Cleared before step 1.
        Disable with STEMSEnvironment(patch_t0_double_count=False).
==========================================================================
==========================================================================
[STEMS] PATCHED CityLearn defect 'endogenous_obs_from_simulated_hour'.
        The indoor temperature observation reads the uncontrolled dataset
        value, never the simulated one. State observations now come from
        the simulator's series for the hour the action was applied to.
        Disable with STEMSEnvironment(patch_endogenous_obs=False).
==========================================================================
[ablation] 45/48 ok    verified=True   3140.1s  C:\Users\medya\stems\results\ablation_v1\tx_travis_8b__autumn28d__subset1n8__cap300-80\rl+basic__seed0.json
==========================================================================
[STEMS] PATCHED CityLearn defect 'dhw_storage_capacity' on 8/8 buildings.
        Building.update_dhw_storage scales the action by heating_storage.capacity
        (= 0.0 in this schema), making the DHW action a no-op. Now uses dhw_storage.capacity.
        Disable with STEMSEnvironment(patch_dhw=False).
==========================================================================
==========================================================================
[STEMS] PATCHED CityLearn defect 't0_thermal_double_count' on 8/8 buildings.
        reset() books the ideal thermal load at t=0, then the first step
        limits devices to nominal power minus that same load (asserts on
        heating, silently clips storage charging). Cleared before step 1.
        Disable with STEMSEnvironment(patch_t0_double_count=False).
==========================================================================
==========================================================================
[STEMS] PATCHED CityLearn defect 'endogenous_obs_from_simulated_hour'.
        The indoor temperature observation reads the uncontrolled dataset
        value, never the simulated one. State observations now come from
        the simulator's series for the hour the action was applied to.
        Disable with STEMSEnvironment(patch_endogenous_obs=False).
==========================================================================
==========================================================================
[STEMS] PATCHED CityLearn defect 'dhw_storage_capacity' on 8/8 buildings.
        Building.update_dhw_storage scales the action by heating_storage.capacity
        (= 0.0 in this schema), making the DHW action a no-op. Now uses dhw_storage.capacity.
        Disable with STEMSEnvironment(patch_dhw=False).
==========================================================================
==========================================================================
[STEMS] PATCHED CityLearn defect 't0_thermal_double_count' on 8/8 buildings.
        reset() books the ideal thermal load at t=0, then the first step
        limits devices to nominal power minus that same load (asserts on
        heating, silently clips storage charging). Cleared before step 1.
        Disable with STEMSEnvironment(patch_t0_double_count=False).
==========================================================================
==========================================================================
[STEMS] PATCHED CityLearn defect 'endogenous_obs_from_simulated_hour'.
        The indoor temperature observation reads the uncontrolled dataset
        value, never the simulated one. State observations now come from
        the simulator's series for the hour the action was applied to.
        Disable with STEMSEnvironment(patch_endogenous_obs=False).
==========================================================================
[ablation] 46/48 ok    verified=True   3171.6s  C:\Users\medya\stems\results\ablation_v1\tx_travis_8b__autumn28d__subset1n8__cap300-80\rl+basic__seed1.json
==========================================================================
[STEMS] PATCHED CityLearn defect 'dhw_storage_capacity' on 8/8 buildings.
        Building.update_dhw_storage scales the action by heating_storage.capacity
        (= 0.0 in this schema), making the DHW action a no-op. Now uses dhw_storage.capacity.
        Disable with STEMSEnvironment(patch_dhw=False).
==========================================================================
==========================================================================
[STEMS] PATCHED CityLearn defect 't0_thermal_double_count' on 8/8 buildings.
        reset() books the ideal thermal load at t=0, then the first step
        limits devices to nominal power minus that same load (asserts on
        heating, silently clips storage charging). Cleared before step 1.
        Disable with STEMSEnvironment(patch_t0_double_count=False).
==========================================================================
==========================================================================
[STEMS] PATCHED CityLearn defect 'endogenous_obs_from_simulated_hour'.
        The indoor temperature observation reads the uncontrolled dataset
        value, never the simulated one. State observations now come from
        the simulator's series for the hour the action was applied to.
        Disable with STEMSEnvironment(patch_endogenous_obs=False).
==========================================================================
==========================================================================
[STEMS] PATCHED CityLearn defect 'dhw_storage_capacity' on 8/8 buildings.
        Building.update_dhw_storage scales the action by heating_storage.capacity
        (= 0.0 in this schema), making the DHW action a no-op. Now uses dhw_storage.capacity.
        Disable with STEMSEnvironment(patch_dhw=False).
==========================================================================
==========================================================================
[STEMS] PATCHED CityLearn defect 't0_thermal_double_count' on 8/8 buildings.
        reset() books the ideal thermal load at t=0, then the first step
        limits devices to nominal power minus that same load (asserts on
        heating, silently clips storage charging). Cleared before step 1.
        Disable with STEMSEnvironment(patch_t0_double_count=False).
==========================================================================
==========================================================================
[STEMS] PATCHED CityLearn defect 'endogenous_obs_from_simulated_hour'.
        The indoor temperature observation reads the uncontrolled dataset
        value, never the simulated one. State observations now come from
        the simulator's series for the hour the action was applied to.
        Disable with STEMSEnvironment(patch_endogenous_obs=False).
==========================================================================
[ablation] 47/48 ok    verified=None   3056.7s  C:\Users\medya\stems\results\ablation_v1\tx_travis_8b__autumn28d__subset1n8__cap300-80\rl+calibrated__seed0.json
==========================================================================
[STEMS] PATCHED CityLearn defect 'dhw_storage_capacity' on 8/8 buildings.
        Building.update_dhw_storage scales the action by heating_storage.capacity
        (= 0.0 in this schema), making the DHW action a no-op. Now uses dhw_storage.capacity.
        Disable with STEMSEnvironment(patch_dhw=False).
==========================================================================
==========================================================================
[STEMS] PATCHED CityLearn defect 't0_thermal_double_count' on 8/8 buildings.
        reset() books the ideal thermal load at t=0, then the first step
        limits devices to nominal power minus that same load (asserts on
        heating, silently clips storage charging). Cleared before step 1.
        Disable with STEMSEnvironment(patch_t0_double_count=False).
==========================================================================
==========================================================================
[STEMS] PATCHED CityLearn defect 'endogenous_obs_from_simulated_hour'.
        The indoor temperature observation reads the uncontrolled dataset
        value, never the simulated one. State observations now come from
        the simulator's series for the hour the action was applied to.
        Disable with STEMSEnvironment(patch_endogenous_obs=False).
==========================================================================
==========================================================================
[STEMS] PATCHED CityLearn defect 'dhw_storage_capacity' on 8/8 buildings.
        Building.update_dhw_storage scales the action by heating_storage.capacity
        (= 0.0 in this schema), making the DHW action a no-op. Now uses dhw_storage.capacity.
        Disable with STEMSEnvironment(patch_dhw=False).
==========================================================================
==========================================================================
[STEMS] PATCHED CityLearn defect 't0_thermal_double_count' on 8/8 buildings.
        reset() books the ideal thermal load at t=0, then the first step
        limits devices to nominal power minus that same load (asserts on
        heating, silently clips storage charging). Cleared before step 1.
        Disable with STEMSEnvironment(patch_t0_double_count=False).
==========================================================================
==========================================================================
[STEMS] PATCHED CityLearn defect 'endogenous_obs_from_simulated_hour'.
        The indoor temperature observation reads the uncontrolled dataset
        value, never the simulated one. State observations now come from
        the simulator's series for the hour the action was applied to.
        Disable with STEMSEnvironment(patch_endogenous_obs=False).
==========================================================================
[ablation] 48/48 ok    verified=True   3052.4s  C:\Users\medya\stems\results\ablation_v1\tx_travis_8b__autumn28d__subset1n8__cap300-80\rl+calibrated__seed1.json
[ablation] finished in 499.8 min
