[ev] recording the load without charging: winter / rbc
==========================================================================
[STEMS] PATCHED CityLearn defect 'dhw_storage_capacity' on 8/8 buildings.
        Building.update_dhw_storage scales the action by heating_storage.capacity
        (= 0.0 in this schema), making the DHW action a no-op. Now uses dhw_storage.capacity.
        Disable with STEMSEnvironment(patch_dhw=False).
==========================================================================
==========================================================================
[STEMS] PATCHED CityLearn defect 't0_thermal_double_count' on 8/8 buildings.
        reset() books the ideal thermal load at t=0, then the first step
        limits devices to nominal power minus that same load (asserts on
        heating, silently clips storage charging). Cleared before step 1.
        Disable with STEMSEnvironment(patch_t0_double_count=False).
==========================================================================
==========================================================================
[STEMS] PATCHED CityLearn defect 'endogenous_obs_from_simulated_hour'.
        The indoor temperature observation reads the uncontrolled dataset
        value, never the simulated one. State observations now come from
        the simulator's series for the hour the action was applied to.
        Disable with STEMSEnvironment(patch_endogenous_obs=False).
==========================================================================
[ev] recording the load without charging: winter / rbc+shed
==========================================================================
[STEMS] PATCHED CityLearn defect 'dhw_storage_capacity' on 8/8 buildings.
        Building.update_dhw_storage scales the action by heating_storage.capacity
        (= 0.0 in this schema), making the DHW action a no-op. Now uses dhw_storage.capacity.
        Disable with STEMSEnvironment(patch_dhw=False).
==========================================================================
==========================================================================
[STEMS] PATCHED CityLearn defect 't0_thermal_double_count' on 8/8 buildings.
        reset() books the ideal thermal load at t=0, then the first step
        limits devices to nominal power minus that same load (asserts on
        heating, silently clips storage charging). Cleared before step 1.
        Disable with STEMSEnvironment(patch_t0_double_count=False).
==========================================================================
==========================================================================
[STEMS] PATCHED CityLearn defect 'endogenous_obs_from_simulated_hour'.
        The indoor temperature observation reads the uncontrolled dataset
        value, never the simulated one. State observations now come from
        the simulator's series for the hour the action was applied to.
        Disable with STEMSEnvironment(patch_endogenous_obs=False).
==========================================================================
[ev] recording the load without charging: summer / rbc
==========================================================================
[STEMS] PATCHED CityLearn defect 'dhw_storage_capacity' on 8/8 buildings.
        Building.update_dhw_storage scales the action by heating_storage.capacity
        (= 0.0 in this schema), making the DHW action a no-op. Now uses dhw_storage.capacity.
        Disable with STEMSEnvironment(patch_dhw=False).
==========================================================================
==========================================================================
[STEMS] PATCHED CityLearn defect 't0_thermal_double_count' on 8/8 buildings.
        reset() books the ideal thermal load at t=0, then the first step
        limits devices to nominal power minus that same load (asserts on
        heating, silently clips storage charging). Cleared before step 1.
        Disable with STEMSEnvironment(patch_t0_double_count=False).
==========================================================================
==========================================================================
[STEMS] PATCHED CityLearn defect 'endogenous_obs_from_simulated_hour'.
        The indoor temperature observation reads the uncontrolled dataset
        value, never the simulated one. State observations now come from
        the simulator's series for the hour the action was applied to.
        Disable with STEMSEnvironment(patch_endogenous_obs=False).
==========================================================================
[ev] recording the load without charging: summer / rbc+shed
==========================================================================
[STEMS] PATCHED CityLearn defect 'dhw_storage_capacity' on 8/8 buildings.
        Building.update_dhw_storage scales the action by heating_storage.capacity
        (= 0.0 in this schema), making the DHW action a no-op. Now uses dhw_storage.capacity.
        Disable with STEMSEnvironment(patch_dhw=False).
==========================================================================
==========================================================================
[STEMS] PATCHED CityLearn defect 't0_thermal_double_count' on 8/8 buildings.
        reset() books the ideal thermal load at t=0, then the first step
        limits devices to nominal power minus that same load (asserts on
        heating, silently clips storage charging). Cleared before step 1.
        Disable with STEMSEnvironment(patch_t0_double_count=False).
==========================================================================
==========================================================================
[STEMS] PATCHED CityLearn defect 'endogenous_obs_from_simulated_hour'.
        The indoor temperature observation reads the uncontrolled dataset
        value, never the simulated one. State observations now come from
        the simulator's series for the hour the action was applied to.
        Disable with STEMSEnvironment(patch_endogenous_obs=False).
==========================================================================
[ev] stage flexibility: 72 runs, workers=5
[ev] 1/72 winter idle     asap    llf          replay cap= 50.0 missed=  0/ 67 unserved=    0.0kWh over=0.012 (65s)
[ev] 2/72 winter idle     asap    llf          replay cap= 40.0 missed=  5/ 67 unserved=   46.8kWh over=0.018 (66s)
[ev] 3/72 winter idle     asap    llf          replay cap= 45.0 missed=  0/ 67 unserved=    0.0kWh over=0.012 (67s)
[ev] 4/72 winter idle     asap    llf          replay cap= 30.0 missed=  5/ 67 unserved=  140.7kWh over=0.057 (67s)
[ev] 5/72 winter idle     asap    llf          replay cap= 35.0 missed=  5/ 67 unserved=  103.6kWh over=0.033 (68s)
[ev] 6/72 winter idle     asap    llf          replay cap= 25.0 missed= 16/ 67 unserved=  238.3kWh over=0.116 (53s)
[ev] 7/72 winter idle     asap    lp           replay cap= 50.0 missed=  0/ 67 unserved=    0.0kWh over=0.024 (54s)
[ev] 8/72 winter idle     asap    lp           replay cap= 40.0 missed=  5/ 67 unserved=   47.6kWh over=0.033 (55s)
[ev] 9/72 winter idle     asap    lp           replay cap= 45.0 missed=  0/ 67 unserved=    0.0kWh over=0.036 (55s)
[ev] 10/72 winter idle     asap    lp           replay cap= 35.0 missed=  5/ 67 unserved=  106.0kWh over=0.060 (55s)
[ev] 11/72 winter rbc      asap    llf          replay cap= 50.0 missed=  0/ 67 unserved=    0.0kWh over=0.009 (51s)
[ev] 12/72 winter idle     asap    lp           replay cap= 30.0 missed=  5/ 67 unserved=  145.3kWh over=0.066 (56s)
[ev] 13/72 winter rbc      asap    llf          replay cap= 45.0 missed=  1/ 67 unserved=    0.2kWh over=0.021 (52s)
[ev] 14/72 winter rbc      asap    llf          replay cap= 40.0 missed=  5/ 67 unserved=   20.5kWh over=0.039 (52s)
[ev] 15/72 winter idle     asap    lp           replay cap= 25.0 missed= 14/ 67 unserved=  241.7kWh over=0.146 (56s)
==========================================================================
[STEMS] PATCHED CityLearn defect 'dhw_storage_capacity' on 8/8 buildings.
        Building.update_dhw_storage scales the action by heating_storage.capacity
        (= 0.0 in this schema), making the DHW action a no-op. Now uses dhw_storage.capacity.
        Disable with STEMSEnvironment(patch_dhw=False).
==========================================================================
==========================================================================
[STEMS] PATCHED CityLearn defect 't0_thermal_double_count' on 8/8 buildings.
        reset() books the ideal thermal load at t=0, then the first step
        limits devices to nominal power minus that same load (asserts on
        heating, silently clips storage charging). Cleared before step 1.
        Disable with STEMSEnvironment(patch_t0_double_count=False).
==========================================================================
==========================================================================
[STEMS] PATCHED CityLearn defect 'endogenous_obs_from_simulated_hour'.
        The indoor temperature observation reads the uncontrolled dataset
        value, never the simulated one. State observations now come from
        the simulator's series for the hour the action was applied to.
        Disable with STEMSEnvironment(patch_endogenous_obs=False).
==========================================================================
==========================================================================
[STEMS] PATCHED CityLearn defect 'dhw_storage_capacity' on 8/8 buildings.
        Building.update_dhw_storage scales the action by heating_storage.capacity
        (= 0.0 in this schema), making the DHW action a no-op. Now uses dhw_storage.capacity.
        Disable with STEMSEnvironment(patch_dhw=False).
==========================================================================
==========================================================================
[STEMS] PATCHED CityLearn defect 't0_thermal_double_count' on 8/8 buildings.
        reset() books the ideal thermal load at t=0, then the first step
        limits devices to nominal power minus that same load (asserts on
        heating, silently clips storage charging). Cleared before step 1.
        Disable with STEMSEnvironment(patch_t0_double_count=False).
==========================================================================
==========================================================================
[STEMS] PATCHED CityLearn defect 'endogenous_obs_from_simulated_hour'.
        The indoor temperature observation reads the uncontrolled dataset
        value, never the simulated one. State observations now come from
        the simulator's series for the hour the action was applied to.
        Disable with STEMSEnvironment(patch_endogenous_obs=False).
==========================================================================
==========================================================================
[STEMS] PATCHED CityLearn defect 'dhw_storage_capacity' on 8/8 buildings.
        Building.update_dhw_storage scales the action by heating_storage.capacity
        (= 0.0 in this schema), making the DHW action a no-op. Now uses dhw_storage.capacity.
        Disable with STEMSEnvironment(patch_dhw=False).
==========================================================================
==========================================================================
[STEMS] PATCHED CityLearn defect 't0_thermal_double_count' on 8/8 buildings.
        reset() books the ideal thermal load at t=0, then the first step
        limits devices to nominal power minus that same load (asserts on
        heating, silently clips storage charging). Cleared before step 1.
        Disable with STEMSEnvironment(patch_t0_double_count=False).
==========================================================================
==========================================================================
[STEMS] PATCHED CityLearn defect 'endogenous_obs_from_simulated_hour'.
        The indoor temperature observation reads the uncontrolled dataset
        value, never the simulated one. State observations now come from
        the simulator's series for the hour the action was applied to.
        Disable with STEMSEnvironment(patch_endogenous_obs=False).
==========================================================================
==========================================================================
[STEMS] PATCHED CityLearn defect 'dhw_storage_capacity' on 8/8 buildings.
        Building.update_dhw_storage scales the action by heating_storage.capacity
        (= 0.0 in this schema), making the DHW action a no-op. Now uses dhw_storage.capacity.
        Disable with STEMSEnvironment(patch_dhw=False).
==========================================================================
==========================================================================
[STEMS] PATCHED CityLearn defect 't0_thermal_double_count' on 8/8 buildings.
        reset() books the ideal thermal load at t=0, then the first step
        limits devices to nominal power minus that same load (asserts on
        heating, silently clips storage charging). Cleared before step 1.
        Disable with STEMSEnvironment(patch_t0_double_count=False).
==========================================================================
==========================================================================
[STEMS] PATCHED CityLearn defect 'endogenous_obs_from_simulated_hour'.
        The indoor temperature observation reads the uncontrolled dataset
        value, never the simulated one. State observations now come from
        the simulator's series for the hour the action was applied to.
        Disable with STEMSEnvironment(patch_endogenous_obs=False).
==========================================================================
[ev] 16/72 winter rbc      asap    llf          replay cap= 35.0 missed=  5/ 67 unserved=   70.2kWh over=0.066 (54s)
==========================================================================
[STEMS] PATCHED CityLearn defect 'dhw_storage_capacity' on 8/8 buildings.
        Building.update_dhw_storage scales the action by heating_storage.capacity
        (= 0.0 in this schema), making the DHW action a no-op. Now uses dhw_storage.capacity.
        Disable with STEMSEnvironment(patch_dhw=False).
==========================================================================
==========================================================================
[STEMS] PATCHED CityLearn defect 't0_thermal_double_count' on 8/8 buildings.
        reset() books the ideal thermal load at t=0, then the first step
        limits devices to nominal power minus that same load (asserts on
        heating, silently clips storage charging). Cleared before step 1.
        Disable with STEMSEnvironment(patch_t0_double_count=False).
==========================================================================
==========================================================================
[STEMS] PATCHED CityLearn defect 'endogenous_obs_from_simulated_hour'.
        The indoor temperature observation reads the uncontrolled dataset
        value, never the simulated one. State observations now come from
        the simulator's series for the hour the action was applied to.
        Disable with STEMSEnvironment(patch_endogenous_obs=False).
==========================================================================
==========================================================================
[STEMS] PATCHED CityLearn defect 'dhw_storage_capacity' on 8/8 buildings.
        Building.update_dhw_storage scales the action by heating_storage.capacity
        (= 0.0 in this schema), making the DHW action a no-op. Now uses dhw_storage.capacity.
        Disable with STEMSEnvironment(patch_dhw=False).
==========================================================================
==========================================================================
[STEMS] PATCHED CityLearn defect 't0_thermal_double_count' on 8/8 buildings.
        reset() books the ideal thermal load at t=0, then the first step
        limits devices to nominal power minus that same load (asserts on
        heating, silently clips storage charging). Cleared before step 1.
        Disable with STEMSEnvironment(patch_t0_double_count=False).
==========================================================================
==========================================================================
[STEMS] PATCHED CityLearn defect 'endogenous_obs_from_simulated_hour'.
        The indoor temperature observation reads the uncontrolled dataset
        value, never the simulated one. State observations now come from
        the simulator's series for the hour the action was applied to.
        Disable with STEMSEnvironment(patch_endogenous_obs=False).
==========================================================================
==========================================================================
[STEMS] PATCHED CityLearn defect 'dhw_storage_capacity' on 8/8 buildings.
        Building.update_dhw_storage scales the action by heating_storage.capacity
        (= 0.0 in this schema), making the DHW action a no-op. Now uses dhw_storage.capacity.
        Disable with STEMSEnvironment(patch_dhw=False).
==========================================================================
==========================================================================
[STEMS] PATCHED CityLearn defect 't0_thermal_double_count' on 8/8 buildings.
        reset() books the ideal thermal load at t=0, then the first step
        limits devices to nominal power minus that same load (asserts on
        heating, silently clips storage charging). Cleared before step 1.
        Disable with STEMSEnvironment(patch_t0_double_count=False).
==========================================================================
==========================================================================
[STEMS] PATCHED CityLearn defect 'endogenous_obs_from_simulated_hour'.
        The indoor temperature observation reads the uncontrolled dataset
        value, never the simulated one. State observations now come from
        the simulator's series for the hour the action was applied to.
        Disable with STEMSEnvironment(patch_endogenous_obs=False).
==========================================================================
==========================================================================
[STEMS] PATCHED CityLearn defect 'dhw_storage_capacity' on 8/8 buildings.
        Building.update_dhw_storage scales the action by heating_storage.capacity
        (= 0.0 in this schema), making the DHW action a no-op. Now uses dhw_storage.capacity.
        Disable with STEMSEnvironment(patch_dhw=False).
==========================================================================
==========================================================================
[STEMS] PATCHED CityLearn defect 't0_thermal_double_count' on 8/8 buildings.
        reset() books the ideal thermal load at t=0, then the first step
        limits devices to nominal power minus that same load (asserts on
        heating, silently clips storage charging). Cleared before step 1.
        Disable with STEMSEnvironment(patch_t0_double_count=False).
==========================================================================
==========================================================================
[STEMS] PATCHED CityLearn defect 'endogenous_obs_from_simulated_hour'.
        The indoor temperature observation reads the uncontrolled dataset
        value, never the simulated one. State observations now come from
        the simulator's series for the hour the action was applied to.
        Disable with STEMSEnvironment(patch_endogenous_obs=False).
==========================================================================
[ev] 17/72 winter rbc      asap    llf          replay cap= 25.0 missed= 13/ 67 unserved=  176.3kWh over=0.128 (54s)
[ev] 18/72 winter rbc      asap    llf          replay cap= 30.0 missed=  5/ 67 unserved=  114.5kWh over=0.078 (54s)
==========================================================================
[STEMS] PATCHED CityLearn defect 'dhw_storage_capacity' on 8/8 buildings.
        Building.update_dhw_storage scales the action by heating_storage.capacity
        (= 0.0 in this schema), making the DHW action a no-op. Now uses dhw_storage.capacity.
        Disable with STEMSEnvironment(patch_dhw=False).
==========================================================================
==========================================================================
[STEMS] PATCHED CityLearn defect 't0_thermal_double_count' on 8/8 buildings.
        reset() books the ideal thermal load at t=0, then the first step
        limits devices to nominal power minus that same load (asserts on
        heating, silently clips storage charging). Cleared before step 1.
        Disable with STEMSEnvironment(patch_t0_double_count=False).
==========================================================================
==========================================================================
[STEMS] PATCHED CityLearn defect 'endogenous_obs_from_simulated_hour'.
        The indoor temperature observation reads the uncontrolled dataset
        value, never the simulated one. State observations now come from
        the simulator's series for the hour the action was applied to.
        Disable with STEMSEnvironment(patch_endogenous_obs=False).
==========================================================================
==========================================================================
[STEMS] PATCHED CityLearn defect 'dhw_storage_capacity' on 8/8 buildings.
        Building.update_dhw_storage scales the action by heating_storage.capacity
        (= 0.0 in this schema), making the DHW action a no-op. Now uses dhw_storage.capacity.
        Disable with STEMSEnvironment(patch_dhw=False).
==========================================================================
==========================================================================
[STEMS] PATCHED CityLearn defect 't0_thermal_double_count' on 8/8 buildings.
        reset() books the ideal thermal load at t=0, then the first step
        limits devices to nominal power minus that same load (asserts on
        heating, silently clips storage charging). Cleared before step 1.
        Disable with STEMSEnvironment(patch_t0_double_count=False).
==========================================================================
==========================================================================
[STEMS] PATCHED CityLearn defect 'endogenous_obs_from_simulated_hour'.
        The indoor temperature observation reads the uncontrolled dataset
        value, never the simulated one. State observations now come from
        the simulator's series for the hour the action was applied to.
        Disable with STEMSEnvironment(patch_endogenous_obs=False).
==========================================================================
==========================================================================
[STEMS] PATCHED CityLearn defect 'dhw_storage_capacity' on 8/8 buildings.
        Building.update_dhw_storage scales the action by heating_storage.capacity
        (= 0.0 in this schema), making the DHW action a no-op. Now uses dhw_storage.capacity.
        Disable with STEMSEnvironment(patch_dhw=False).
==========================================================================
==========================================================================
[STEMS] PATCHED CityLearn defect 't0_thermal_double_count' on 8/8 buildings.
        reset() books the ideal thermal load at t=0, then the first step
        limits devices to nominal power minus that same load (asserts on
        heating, silently clips storage charging). Cleared before step 1.
        Disable with STEMSEnvironment(patch_t0_double_count=False).
==========================================================================
==========================================================================
[STEMS] PATCHED CityLearn defect 'endogenous_obs_from_simulated_hour'.
        The indoor temperature observation reads the uncontrolled dataset
        value, never the simulated one. State observations now come from
        the simulator's series for the hour the action was applied to.
        Disable with STEMSEnvironment(patch_endogenous_obs=False).
==========================================================================
==========================================================================
[STEMS] PATCHED CityLearn defect 'dhw_storage_capacity' on 8/8 buildings.
        Building.update_dhw_storage scales the action by heating_storage.capacity
        (= 0.0 in this schema), making the DHW action a no-op. Now uses dhw_storage.capacity.
        Disable with STEMSEnvironment(patch_dhw=False).
==========================================================================
==========================================================================
[STEMS] PATCHED CityLearn defect 't0_thermal_double_count' on 8/8 buildings.
        reset() books the ideal thermal load at t=0, then the first step
        limits devices to nominal power minus that same load (asserts on
        heating, silently clips storage charging). Cleared before step 1.
        Disable with STEMSEnvironment(patch_t0_double_count=False).
==========================================================================
==========================================================================
[STEMS] PATCHED CityLearn defect 'endogenous_obs_from_simulated_hour'.
        The indoor temperature observation reads the uncontrolled dataset
        value, never the simulated one. State observations now come from
        the simulator's series for the hour the action was applied to.
        Disable with STEMSEnvironment(patch_endogenous_obs=False).
==========================================================================
==========================================================================
[STEMS] PATCHED CityLearn defect 'dhw_storage_capacity' on 8/8 buildings.
        Building.update_dhw_storage scales the action by heating_storage.capacity
        (= 0.0 in this schema), making the DHW action a no-op. Now uses dhw_storage.capacity.
        Disable with STEMSEnvironment(patch_dhw=False).
==========================================================================
==========================================================================
[STEMS] PATCHED CityLearn defect 't0_thermal_double_count' on 8/8 buildings.
        reset() books the ideal thermal load at t=0, then the first step
        limits devices to nominal power minus that same load (asserts on
        heating, silently clips storage charging). Cleared before step 1.
        Disable with STEMSEnvironment(patch_t0_double_count=False).
==========================================================================
==========================================================================
[STEMS] PATCHED CityLearn defect 'endogenous_obs_from_simulated_hour'.
        The indoor temperature observation reads the uncontrolled dataset
        value, never the simulated one. State observations now come from
        the simulator's series for the hour the action was applied to.
        Disable with STEMSEnvironment(patch_endogenous_obs=False).
==========================================================================
==========================================================================
[STEMS] PATCHED CityLearn defect 'dhw_storage_capacity' on 8/8 buildings.
        Building.update_dhw_storage scales the action by heating_storage.capacity
        (= 0.0 in this schema), making the DHW action a no-op. Now uses dhw_storage.capacity.
        Disable with STEMSEnvironment(patch_dhw=False).
==========================================================================
==========================================================================
[STEMS] PATCHED CityLearn defect 't0_thermal_double_count' on 8/8 buildings.
        reset() books the ideal thermal load at t=0, then the first step
        limits devices to nominal power minus that same load (asserts on
        heating, silently clips storage charging). Cleared before step 1.
        Disable with STEMSEnvironment(patch_t0_double_count=False).
==========================================================================
==========================================================================
[STEMS] PATCHED CityLearn defect 'endogenous_obs_from_simulated_hour'.
        The indoor temperature observation reads the uncontrolled dataset
        value, never the simulated one. State observations now come from
        the simulator's series for the hour the action was applied to.
        Disable with STEMSEnvironment(patch_endogenous_obs=False).
==========================================================================
==========================================================================
[STEMS] PATCHED CityLearn defect 'dhw_storage_capacity' on 8/8 buildings.
        Building.update_dhw_storage scales the action by heating_storage.capacity
        (= 0.0 in this schema), making the DHW action a no-op. Now uses dhw_storage.capacity.
        Disable with STEMSEnvironment(patch_dhw=False).
==========================================================================
==========================================================================
[STEMS] PATCHED CityLearn defect 't0_thermal_double_count' on 8/8 buildings.
        reset() books the ideal thermal load at t=0, then the first step
        limits devices to nominal power minus that same load (asserts on
        heating, silently clips storage charging). Cleared before step 1.
        Disable with STEMSEnvironment(patch_t0_double_count=False).
==========================================================================
==========================================================================
[STEMS] PATCHED CityLearn defect 'endogenous_obs_from_simulated_hour'.
        The indoor temperature observation reads the uncontrolled dataset
        value, never the simulated one. State observations now come from
        the simulator's series for the hour the action was applied to.
        Disable with STEMSEnvironment(patch_endogenous_obs=False).
==========================================================================
==========================================================================
[STEMS] PATCHED CityLearn defect 'dhw_storage_capacity' on 8/8 buildings.
        Building.update_dhw_storage scales the action by heating_storage.capacity
        (= 0.0 in this schema), making the DHW action a no-op. Now uses dhw_storage.capacity.
        Disable with STEMSEnvironment(patch_dhw=False).
==========================================================================
==========================================================================
[STEMS] PATCHED CityLearn defect 't0_thermal_double_count' on 8/8 buildings.
        reset() books the ideal thermal load at t=0, then the first step
        limits devices to nominal power minus that same load (asserts on
        heating, silently clips storage charging). Cleared before step 1.
        Disable with STEMSEnvironment(patch_t0_double_count=False).
==========================================================================
==========================================================================
[STEMS] PATCHED CityLearn defect 'endogenous_obs_from_simulated_hour'.
        The indoor temperature observation reads the uncontrolled dataset
        value, never the simulated one. State observations now come from
        the simulator's series for the hour the action was applied to.
        Disable with STEMSEnvironment(patch_endogenous_obs=False).
==========================================================================
[ev] 19/72 winter rbc      asap    lp           replay cap= 50.0 missed=  0/ 67 unserved=    0.0kWh over=0.018 (55s)
[ev] 20/72 winter rbc      asap    lp           replay cap= 45.0 missed=  0/ 67 unserved=    0.0kWh over=0.033 (55s)==========================================================================
[STEMS] PATCHED CityLearn defect 'dhw_storage_capacity' on 8/8 buildings.
        Building.update_dhw_storage scales the action by heating_storage.capacity
        (= 0.0 in this schema), making the DHW action a no-op. Now uses dhw_storage.capacity.
        Disable with STEMSEnvironment(patch_dhw=False).
==========================================================================
==========================================================================
[STEMS] PATCHED CityLearn defect 't0_thermal_double_count' on 8/8 buildings.
        reset() books the ideal thermal load at t=0, then the first step
        limits devices to nominal power minus that same load (asserts on
        heating, silently clips storage charging). Cleared before step 1.
        Disable with STEMSEnvironment(patch_t0_double_count=False).
==========================================================================
==========================================================================
[STEMS] PATCHED CityLearn defect 'endogenous_obs_from_simulated_hour'.
        The indoor temperature observation reads the uncontrolled dataset
        value, never the simulated one. State observations now come from
        the simulator's series for the hour the action was applied to.
        Disable with STEMSEnvironment(patch_endogenous_obs=False).
==========================================================================
==========================================================================
[STEMS] PATCHED CityLearn defect 'dhw_storage_capacity' on 8/8 buildings.
        Building.update_dhw_storage scales the action by heating_storage.capacity
        (= 0.0 in this schema), making the DHW action a no-op. Now uses dhw_storage.capacity.
        Disable with STEMSEnvironment(patch_dhw=False).
==========================================================================
==========================================================================
[STEMS] PATCHED CityLearn defect 't0_thermal_double_count' on 8/8 buildings.
        reset() books the ideal thermal load at t=0, then the first step
        limits devices to nominal power minus that same load (asserts on
        heating, silently clips storage charging). Cleared before step 1.
        Disable with STEMSEnvironment(patch_t0_double_count=False).
==========================================================================
==========================================================================
[STEMS] PATCHED CityLearn defect 'endogenous_obs_from_simulated_hour'.
        The indoor temperature observation reads the uncontrolled dataset
        value, never the simulated one. State observations now come from
        the simulator's series for the hour the action was applied to.
        Disable with STEMSEnvironment(patch_endogenous_obs=False).
==========================================================================
==========================================================================
[STEMS] PATCHED CityLearn defect 'dhw_storage_capacity' on 8/8 buildings.
        Building.update_dhw_storage scales the action by heating_storage.capacity
        (= 0.0 in this schema), making the DHW action a no-op. Now uses dhw_storage.capacity.
        Disable with STEMSEnvironment(patch_dhw=False).
==========================================================================
==========================================================================
[STEMS] PATCHED CityLearn defect 't0_thermal_double_count' on 8/8 buildings.
        reset() books the ideal thermal load at t=0, then the first step
        limits devices to nominal power minus that same load (asserts on
        heating, silently clips storage charging). Cleared before step 1.
        Disable with STEMSEnvironment(patch_t0_double_count=False).
==========================================================================
==========================================================================
[STEMS] PATCHED CityLearn defect 'endogenous_obs_from_simulated_hour'.
        The indoor temperature observation reads the uncontrolled dataset
        value, never the simulated one. State observations now come from
        the simulator's series for the hour the action was applied to.
        Disable with STEMSEnvironment(patch_endogenous_obs=False).
==========================================================================
==========================================================================
[STEMS] PATCHED CityLearn defect 'dhw_storage_capacity' on 8/8 buildings.
        Building.update_dhw_storage scales the action by heating_storage.capacity
        (= 0.0 in this schema), making the DHW action a no-op. Now uses dhw_storage.capacity.
        Disable with STEMSEnvironment(patch_dhw=False).
==========================================================================
==========================================================================
[STEMS] PATCHED CityLearn defect 't0_thermal_double_count' on 8/8 buildings.
        reset() books the ideal thermal load at t=0, then the first step
        limits devices to nominal power minus that same load (asserts on
        heating, silently clips storage charging). Cleared before step 1.
        Disable with STEMSEnvironment(patch_t0_double_count=False).
==========================================================================
==========================================================================
[STEMS] PATCHED CityLearn defect 'endogenous_obs_from_simulated_hour'.
        The indoor temperature observation reads the uncontrolled dataset
        value, never the simulated one. State observations now come from
        the simulator's series for the hour the action was applied to.
        Disable with STEMSEnvironment(patch_endogenous_obs=False).
==========================================================================

[ev] 21/72 winter rbc      asap    lp           replay cap= 40.0 missed=  5/ 67 unserved=   21.1kWh over=0.048 (75s)
[ev] 22/72 winter rbc      asap    lp           replay cap= 30.0 missed=  5/ 67 unserved=  119.2kWh over=0.099 (74s)
[ev] 23/72 winter rbc      asap    lp           replay cap= 35.0 missed=  5/ 67 unserved=   72.6kWh over=0.081 (75s)
[ev] 24/72 winter rbc+shed asap    llf          replay cap= 50.0 missed=  0/ 67 unserved=    0.0kWh over=0.018 (73s)
[ev] 25/72 winter rbc      asap    lp           replay cap= 25.0 missed= 10/ 67 unserved=  176.9kWh over=0.143 (76s)
[ev] 26/72 winter rbc+shed asap    llf          replay cap= 45.0 missed=  1/ 67 unserved=    0.2kWh over=0.030 (52s)
[ev] 27/72 winter rbc+shed asap    llf          replay cap= 35.0 missed=  5/ 67 unserved=   65.4kWh over=0.072 (52s)
[ev] 28/72 winter rbc+shed asap    llf          replay cap= 25.0 missed= 14/ 67 unserved=  163.5kWh over=0.146 (51s)
[ev] 29/72 winter rbc+shed asap    llf          replay cap= 40.0 missed=  4/ 67 unserved=   18.5kWh over=0.048 (54s)
[ev] 30/72 winter rbc+shed asap    llf          replay cap= 30.0 missed=  7/ 67 unserved=  109.5kWh over=0.081 (53s)
[ev] 31/72 winter rbc+shed asap    lp           replay cap= 50.0 missed=  0/ 67 unserved=    0.0kWh over=0.024 (54s)
[ev] 32/72 winter rbc+shed asap    lp           replay cap= 45.0 missed=  0/ 67 unserved=    0.0kWh over=0.045 (54s)
[ev] 33/72 winter rbc+shed asap    lp           replay cap= 35.0 missed=  5/ 67 unserved=   67.7kWh over=0.104 (56s)
[ev] 34/72 winter rbc+shed asap    lp           replay cap= 40.0 missed=  5/ 67 unserved=   18.8kWh over=0.063 (56s)
[ev] 35/72 winter rbc+shed asap    lp           replay cap= 30.0 missed=  5/ 67 unserved=  112.3kWh over=0.116 (57s)
==========================================================================
[STEMS] PATCHED CityLearn defect 'dhw_storage_capacity' on 8/8 buildings.
        Building.update_dhw_storage scales the action by heating_storage.capacity
        (= 0.0 in this schema), making the DHW action a no-op. Now uses dhw_storage.capacity.
        Disable with STEMSEnvironment(patch_dhw=False).
==========================================================================
==========================================================================
[STEMS] PATCHED CityLearn defect 't0_thermal_double_count' on 8/8 buildings.
        reset() books the ideal thermal load at t=0, then the first step
        limits devices to nominal power minus that same load (asserts on
        heating, silently clips storage charging). Cleared before step 1.
        Disable with STEMSEnvironment(patch_t0_double_count=False).
==========================================================================
==========================================================================
[STEMS] PATCHED CityLearn defect 'endogenous_obs_from_simulated_hour'.
        The indoor temperature observation reads the uncontrolled dataset
        value, never the simulated one. State observations now come from
        the simulator's series for the hour the action was applied to.
        Disable with STEMSEnvironment(patch_endogenous_obs=False).
==========================================================================
==========================================================================
[STEMS] PATCHED CityLearn defect 'dhw_storage_capacity' on 8/8 buildings.
        Building.update_dhw_storage scales the action by heating_storage.capacity
        (= 0.0 in this schema), making the DHW action a no-op. Now uses dhw_storage.capacity.
        Disable with STEMSEnvironment(patch_dhw=False).
==========================================================================
==========================================================================
[STEMS] PATCHED CityLearn defect 't0_thermal_double_count' on 8/8 buildings.
        reset() books the ideal thermal load at t=0, then the first step
        limits devices to nominal power minus that same load (asserts on
        heating, silently clips storage charging). Cleared before step 1.
        Disable with STEMSEnvironment(patch_t0_double_count=False).
==========================================================================
==========================================================================
[STEMS] PATCHED CityLearn defect 'endogenous_obs_from_simulated_hour'.
        The indoor temperature observation reads the uncontrolled dataset
        value, never the simulated one. State observations now come from
        the simulator's series for the hour the action was applied to.
        Disable with STEMSEnvironment(patch_endogenous_obs=False).
==========================================================================
==========================================================================
[STEMS] PATCHED CityLearn defect 'dhw_storage_capacity' on 8/8 buildings.
        Building.update_dhw_storage scales the action by heating_storage.capacity
        (= 0.0 in this schema), making the DHW action a no-op. Now uses dhw_storage.capacity.
        Disable with STEMSEnvironment(patch_dhw=False).
==========================================================================
==========================================================================
[STEMS] PATCHED CityLearn defect 't0_thermal_double_count' on 8/8 buildings.
        reset() books the ideal thermal load at t=0, then the first step
        limits devices to nominal power minus that same load (asserts on
        heating, silently clips storage charging). Cleared before step 1.
        Disable with STEMSEnvironment(patch_t0_double_count=False).
==========================================================================
==========================================================================
[STEMS] PATCHED CityLearn defect 'endogenous_obs_from_simulated_hour'.
        The indoor temperature observation reads the uncontrolled dataset
        value, never the simulated one. State observations now come from
        the simulator's series for the hour the action was applied to.
        Disable with STEMSEnvironment(patch_endogenous_obs=False).
==========================================================================
==========================================================================
[STEMS] PATCHED CityLearn defect 'dhw_storage_capacity' on 8/8 buildings.
        Building.update_dhw_storage scales the action by heating_storage.capacity
        (= 0.0 in this schema), making the DHW action a no-op. Now uses dhw_storage.capacity.
        Disable with STEMSEnvironment(patch_dhw=False).
==========================================================================
==========================================================================
[STEMS] PATCHED CityLearn defect 't0_thermal_double_count' on 8/8 buildings.
        reset() books the ideal thermal load at t=0, then the first step
        limits devices to nominal power minus that same load (asserts on
        heating, silently clips storage charging). Cleared before step 1.
        Disable with STEMSEnvironment(patch_t0_double_count=False).
==========================================================================
==========================================================================
[STEMS] PATCHED CityLearn defect 'endogenous_obs_from_simulated_hour'.
        The indoor temperature observation reads the uncontrolled dataset
        value, never the simulated one. State observations now come from
        the simulator's series for the hour the action was applied to.
        Disable with STEMSEnvironment(patch_endogenous_obs=False).
==========================================================================
[ev] 36/72 summer idle     asap    llf          replay cap= 50.0 missed=  0/ 67 unserved=    0.0kWh over=0.012 (54s)
[ev] 37/72 summer idle     asap    llf          replay cap= 45.0 missed=  0/ 67 unserved=    0.0kWh over=0.012 (56s)
==========================================================================
[STEMS] PATCHED CityLearn defect 'dhw_storage_capacity' on 8/8 buildings.
        Building.update_dhw_storage scales the action by heating_storage.capacity
        (= 0.0 in this schema), making the DHW action a no-op. Now uses dhw_storage.capacity.
        Disable with STEMSEnvironment(patch_dhw=False).
==========================================================================
==========================================================================
[STEMS] PATCHED CityLearn defect 't0_thermal_double_count' on 8/8 buildings.
        reset() books the ideal thermal load at t=0, then the first step
        limits devices to nominal power minus that same load (asserts on
        heating, silently clips storage charging). Cleared before step 1.
        Disable with STEMSEnvironment(patch_t0_double_count=False).
==========================================================================
==========================================================================
[STEMS] PATCHED CityLearn defect 'endogenous_obs_from_simulated_hour'.
        The indoor temperature observation reads the uncontrolled dataset
        value, never the simulated one. State observations now come from
        the simulator's series for the hour the action was applied to.
        Disable with STEMSEnvironment(patch_endogenous_obs=False).
==========================================================================
==========================================================================
[STEMS] PATCHED CityLearn defect 'dhw_storage_capacity' on 8/8 buildings.
        Building.update_dhw_storage scales the action by heating_storage.capacity
        (= 0.0 in this schema), making the DHW action a no-op. Now uses dhw_storage.capacity.
        Disable with STEMSEnvironment(patch_dhw=False).
==========================================================================
==========================================================================
[STEMS] PATCHED CityLearn defect 't0_thermal_double_count' on 8/8 buildings.
        reset() books the ideal thermal load at t=0, then the first step
        limits devices to nominal power minus that same load (asserts on
        heating, silently clips storage charging). Cleared before step 1.
        Disable with STEMSEnvironment(patch_t0_double_count=False).
==========================================================================
==========================================================================
[STEMS] PATCHED CityLearn defect 'endogenous_obs_from_simulated_hour'.
        The indoor temperature observation reads the uncontrolled dataset
        value, never the simulated one. State observations now come from
        the simulator's series for the hour the action was applied to.
        Disable with STEMSEnvironment(patch_endogenous_obs=False).
==========================================================================
==========================================================================
[STEMS] PATCHED CityLearn defect 'dhw_storage_capacity' on 8/8 buildings.
        Building.update_dhw_storage scales the action by heating_storage.capacity
        (= 0.0 in this schema), making the DHW action a no-op. Now uses dhw_storage.capacity.
        Disable with STEMSEnvironment(patch_dhw=False).
==========================================================================
==========================================================================
[STEMS] PATCHED CityLearn defect 't0_thermal_double_count' on 8/8 buildings.
        reset() books the ideal thermal load at t=0, then the first step
        limits devices to nominal power minus that same load (asserts on
        heating, silently clips storage charging). Cleared before step 1.
        Disable with STEMSEnvironment(patch_t0_double_count=False).
==========================================================================
==========================================================================
[STEMS] PATCHED CityLearn defect 'endogenous_obs_from_simulated_hour'.
        The indoor temperature observation reads the uncontrolled dataset
        value, never the simulated one. State observations now come from
        the simulator's series for the hour the action was applied to.
        Disable with STEMSEnvironment(patch_endogenous_obs=False).
==========================================================================
==========================================================================
[STEMS] PATCHED CityLearn defect 'dhw_storage_capacity' on 8/8 buildings.
        Building.update_dhw_storage scales the action by heating_storage.capacity
        (= 0.0 in this schema), making the DHW action a no-op. Now uses dhw_storage.capacity.
        Disable with STEMSEnvironment(patch_dhw=False).
==========================================================================
==========================================================================
[STEMS] PATCHED CityLearn defect 't0_thermal_double_count' on 8/8 buildings.
        reset() books the ideal thermal load at t=0, then the first step
        limits devices to nominal power minus that same load (asserts on
        heating, silently clips storage charging). Cleared before step 1.
        Disable with STEMSEnvironment(patch_t0_double_count=False).
==========================================================================
==========================================================================
[STEMS] PATCHED CityLearn defect 'endogenous_obs_from_simulated_hour'.
        The indoor temperature observation reads the uncontrolled dataset
        value, never the simulated one. State observations now come from
        the simulator's series for the hour the action was applied to.
        Disable with STEMSEnvironment(patch_endogenous_obs=False).
==========================================================================
[ev] 38/72 winter rbc+shed asap    lp           replay cap= 25.0 missed= 14/ 67 unserved=  163.7kWh over=0.158 (62s)
==========================================================================
[STEMS] PATCHED CityLearn defect 'dhw_storage_capacity' on 8/8 buildings.
        Building.update_dhw_storage scales the action by heating_storage.capacity
        (= 0.0 in this schema), making the DHW action a no-op. Now uses dhw_storage.capacity.
        Disable with STEMSEnvironment(patch_dhw=False).
==========================================================================
==========================================================================
[STEMS] PATCHED CityLearn defect 't0_thermal_double_count' on 8/8 buildings.
        reset() books the ideal thermal load at t=0, then the first step
        limits devices to nominal power minus that same load (asserts on
        heating, silently clips storage charging). Cleared before step 1.
        Disable with STEMSEnvironment(patch_t0_double_count=False).
==========================================================================
==========================================================================
[STEMS] PATCHED CityLearn defect 'endogenous_obs_from_simulated_hour'.
        The indoor temperature observation reads the uncontrolled dataset
        value, never the simulated one. State observations now come from
        the simulator's series for the hour the action was applied to.
        Disable with STEMSEnvironment(patch_endogenous_obs=False).
==========================================================================
==========================================================================
[STEMS] PATCHED CityLearn defect 'dhw_storage_capacity' on 8/8 buildings.
        Building.update_dhw_storage scales the action by heating_storage.capacity
        (= 0.0 in this schema), making the DHW action a no-op. Now uses dhw_storage.capacity.
        Disable with STEMSEnvironment(patch_dhw=False).
==========================================================================
==========================================================================
[STEMS] PATCHED CityLearn defect 't0_thermal_double_count' on 8/8 buildings.
        reset() books the ideal thermal load at t=0, then the first step
        limits devices to nominal power minus that same load (asserts on
        heating, silently clips storage charging). Cleared before step 1.
        Disable with STEMSEnvironment(patch_t0_double_count=False).
==========================================================================
==========================================================================
[STEMS] PATCHED CityLearn defect 'endogenous_obs_from_simulated_hour'.
        The indoor temperature observation reads the uncontrolled dataset
        value, never the simulated one. State observations now come from
        the simulator's series for the hour the action was applied to.
        Disable with STEMSEnvironment(patch_endogenous_obs=False).
==========================================================================
==========================================================================
[STEMS] PATCHED CityLearn defect 'dhw_storage_capacity' on 8/8 buildings.
        Building.update_dhw_storage scales the action by heating_storage.capacity
        (= 0.0 in this schema), making the DHW action a no-op. Now uses dhw_storage.capacity.
        Disable with STEMSEnvironment(patch_dhw=False).
==========================================================================
==========================================================================
[STEMS] PATCHED CityLearn defect 't0_thermal_double_count' on 8/8 buildings.
        reset() books the ideal thermal load at t=0, then the first step
        limits devices to nominal power minus that same load (asserts on
        heating, silently clips storage charging). Cleared before step 1.
        Disable with STEMSEnvironment(patch_t0_double_count=False).
==========================================================================
==========================================================================
[STEMS] PATCHED CityLearn defect 'endogenous_obs_from_simulated_hour'.
        The indoor temperature observation reads the uncontrolled dataset
        value, never the simulated one. State observations now come from
        the simulator's series for the hour the action was applied to.
        Disable with STEMSEnvironment(patch_endogenous_obs=False).
==========================================================================
==========================================================================
[STEMS] PATCHED CityLearn defect 'dhw_storage_capacity' on 8/8 buildings.
        Building.update_dhw_storage scales the action by heating_storage.capacity
        (= 0.0 in this schema), making the DHW action a no-op. Now uses dhw_storage.capacity.
        Disable with STEMSEnvironment(patch_dhw=False).
==========================================================================
==========================================================================
[STEMS] PATCHED CityLearn defect 't0_thermal_double_count' on 8/8 buildings.
        reset() books the ideal thermal load at t=0, then the first step
        limits devices to nominal power minus that same load (asserts on
        heating, silently clips storage charging). Cleared before step 1.
        Disable with STEMSEnvironment(patch_t0_double_count=False).
==========================================================================
==========================================================================
[STEMS] PATCHED CityLearn defect 'endogenous_obs_from_simulated_hour'.
        The indoor temperature observation reads the uncontrolled dataset
        value, never the simulated one. State observations now come from
        the simulator's series for the hour the action was applied to.
        Disable with STEMSEnvironment(patch_endogenous_obs=False).
==========================================================================
[ev] 39/72 summer idle     asap    llf          replay cap= 40.0 missed=  0/ 67 unserved=    0.0kWh over=0.021 (58s)==========================================================================
[STEMS] PATCHED CityLearn defect 'dhw_storage_capacity' on 8/8 buildings.
        Building.update_dhw_storage scales the action by heating_storage.capacity
        (= 0.0 in this schema), making the DHW action a no-op. Now uses dhw_storage.capacity.
        Disable with STEMSEnvironment(patch_dhw=False).
==========================================================================
==========================================================================
[STEMS] PATCHED CityLearn defect 't0_thermal_double_count' on 8/8 buildings.
        reset() books the ideal thermal load at t=0, then the first step
        limits devices to nominal power minus that same load (asserts on
        heating, silently clips storage charging). Cleared before step 1.
        Disable with STEMSEnvironment(patch_t0_double_count=False).
==========================================================================
==========================================================================
[STEMS] PATCHED CityLearn defect 'endogenous_obs_from_simulated_hour'.
        The indoor temperature observation reads the uncontrolled dataset
        value, never the simulated one. State observations now come from
        the simulator's series for the hour the action was applied to.
        Disable with STEMSEnvironment(patch_endogenous_obs=False).
==========================================================================
==========================================================================
[STEMS] PATCHED CityLearn defect 'dhw_storage_capacity' on 8/8 buildings.
        Building.update_dhw_storage scales the action by heating_storage.capacity
        (= 0.0 in this schema), making the DHW action a no-op. Now uses dhw_storage.capacity.
        Disable with STEMSEnvironment(patch_dhw=False).
==========================================================================
==========================================================================
[STEMS] PATCHED CityLearn defect 't0_thermal_double_count' on 8/8 buildings.
        reset() books the ideal thermal load at t=0, then the first step
        limits devices to nominal power minus that same load (asserts on
        heating, silently clips storage charging). Cleared before step 1.
        Disable with STEMSEnvironment(patch_t0_double_count=False).
==========================================================================
==========================================================================
[STEMS] PATCHED CityLearn defect 'endogenous_obs_from_simulated_hour'.
        The indoor temperature observation reads the uncontrolled dataset
        value, never the simulated one. State observations now come from
        the simulator's series for the hour the action was applied to.
        Disable with STEMSEnvironment(patch_endogenous_obs=False).
==========================================================================
==========================================================================
[STEMS] PATCHED CityLearn defect 'dhw_storage_capacity' on 8/8 buildings.
        Building.update_dhw_storage scales the action by heating_storage.capacity
        (= 0.0 in this schema), making the DHW action a no-op. Now uses dhw_storage.capacity.
        Disable with STEMSEnvironment(patch_dhw=False).
==========================================================================
==========================================================================
[STEMS] PATCHED CityLearn defect 't0_thermal_double_count' on 8/8 buildings.
        reset() books the ideal thermal load at t=0, then the first step
        limits devices to nominal power minus that same load (asserts on
        heating, silently clips storage charging). Cleared before step 1.
        Disable with STEMSEnvironment(patch_t0_double_count=False).
==========================================================================
==========================================================================
[STEMS] PATCHED CityLearn defect 'endogenous_obs_from_simulated_hour'.
        The indoor temperature observation reads the uncontrolled dataset
        value, never the simulated one. State observations now come from
        the simulator's series for the hour the action was applied to.
        Disable with STEMSEnvironment(patch_endogenous_obs=False).
==========================================================================
==========================================================================
[STEMS] PATCHED CityLearn defect 'dhw_storage_capacity' on 8/8 buildings.
        Building.update_dhw_storage scales the action by heating_storage.capacity
        (= 0.0 in this schema), making the DHW action a no-op. Now uses dhw_storage.capacity.
        Disable with STEMSEnvironment(patch_dhw=False).
==========================================================================
==========================================================================
[STEMS] PATCHED CityLearn defect 't0_thermal_double_count' on 8/8 buildings.
        reset() books the ideal thermal load at t=0, then the first step
        limits devices to nominal power minus that same load (asserts on
        heating, silently clips storage charging). Cleared before step 1.
        Disable with STEMSEnvironment(patch_t0_double_count=False).
==========================================================================
==========================================================================
[STEMS] PATCHED CityLearn defect 'endogenous_obs_from_simulated_hour'.
        The indoor temperature observation reads the uncontrolled dataset
        value, never the simulated one. State observations now come from
        the simulator's series for the hour the action was applied to.
        Disable with STEMSEnvironment(patch_endogenous_obs=False).
==========================================================================

[ev] 40/72 summer idle     asap    llf          replay cap= 35.0 missed=  0/ 67 unserved=    0.0kWh over=0.015 (57s)
==========================================================================
[STEMS] PATCHED CityLearn defect 'dhw_storage_capacity' on 8/8 buildings.
        Building.update_dhw_storage scales the action by heating_storage.capacity
        (= 0.0 in this schema), making the DHW action a no-op. Now uses dhw_storage.capacity.
        Disable with STEMSEnvironment(patch_dhw=False).
==========================================================================
==========================================================================
[STEMS] PATCHED CityLearn defect 't0_thermal_double_count' on 8/8 buildings.
        reset() books the ideal thermal load at t=0, then the first step
        limits devices to nominal power minus that same load (asserts on
        heating, silently clips storage charging). Cleared before step 1.
        Disable with STEMSEnvironment(patch_t0_double_count=False).
==========================================================================
==========================================================================
[STEMS] PATCHED CityLearn defect 'endogenous_obs_from_simulated_hour'.
        The indoor temperature observation reads the uncontrolled dataset
        value, never the simulated one. State observations now come from
        the simulator's series for the hour the action was applied to.
        Disable with STEMSEnvironment(patch_endogenous_obs=False).
==========================================================================
==========================================================================
[STEMS] PATCHED CityLearn defect 'dhw_storage_capacity' on 8/8 buildings.
        Building.update_dhw_storage scales the action by heating_storage.capacity
        (= 0.0 in this schema), making the DHW action a no-op. Now uses dhw_storage.capacity.
        Disable with STEMSEnvironment(patch_dhw=False).
==========================================================================
==========================================================================
[STEMS] PATCHED CityLearn defect 't0_thermal_double_count' on 8/8 buildings.
        reset() books the ideal thermal load at t=0, then the first step
        limits devices to nominal power minus that same load (asserts on
        heating, silently clips storage charging). Cleared before step 1.
        Disable with STEMSEnvironment(patch_t0_double_count=False).
==========================================================================
==========================================================================
[STEMS] PATCHED CityLearn defect 'endogenous_obs_from_simulated_hour'.
        The indoor temperature observation reads the uncontrolled dataset
        value, never the simulated one. State observations now come from
        the simulator's series for the hour the action was applied to.
        Disable with STEMSEnvironment(patch_endogenous_obs=False).
==========================================================================
==========================================================================
[STEMS] PATCHED CityLearn defect 'dhw_storage_capacity' on 8/8 buildings.
        Building.update_dhw_storage scales the action by heating_storage.capacity
        (= 0.0 in this schema), making the DHW action a no-op. Now uses dhw_storage.capacity.
        Disable with STEMSEnvironment(patch_dhw=False).
==========================================================================
==========================================================================
[STEMS] PATCHED CityLearn defect 't0_thermal_double_count' on 8/8 buildings.
        reset() books the ideal thermal load at t=0, then the first step
        limits devices to nominal power minus that same load (asserts on
        heating, silently clips storage charging). Cleared before step 1.
        Disable with STEMSEnvironment(patch_t0_double_count=False).
==========================================================================
==========================================================================
[STEMS] PATCHED CityLearn defect 'endogenous_obs_from_simulated_hour'.
        The indoor temperature observation reads the uncontrolled dataset
        value, never the simulated one. State observations now come from
        the simulator's series for the hour the action was applied to.
        Disable with STEMSEnvironment(patch_endogenous_obs=False).
==========================================================================
==========================================================================
[STEMS] PATCHED CityLearn defect 'dhw_storage_capacity' on 8/8 buildings.
        Building.update_dhw_storage scales the action by heating_storage.capacity
        (= 0.0 in this schema), making the DHW action a no-op. Now uses dhw_storage.capacity.
        Disable with STEMSEnvironment(patch_dhw=False).
==========================================================================
==========================================================================
[STEMS] PATCHED CityLearn defect 't0_thermal_double_count' on 8/8 buildings.
        reset() books the ideal thermal load at t=0, then the first step
        limits devices to nominal power minus that same load (asserts on
        heating, silently clips storage charging). Cleared before step 1.
        Disable with STEMSEnvironment(patch_t0_double_count=False).
==========================================================================
==========================================================================
[STEMS] PATCHED CityLearn defect 'endogenous_obs_from_simulated_hour'.
        The indoor temperature observation reads the uncontrolled dataset
        value, never the simulated one. State observations now come from
        the simulator's series for the hour the action was applied to.
        Disable with STEMSEnvironment(patch_endogenous_obs=False).
==========================================================================
[ev] 41/72 summer idle     asap    llf          replay cap= 30.0 missed=  0/ 67 unserved=    0.0kWh over=0.033 (65s)
[ev] 42/72 summer idle     asap    llf          replay cap= 25.0 missed=  0/ 67 unserved=    0.0kWh over=0.075 (64s)
[ev] 43/72 summer idle     asap    lp           replay cap= 45.0 missed=  0/ 67 unserved=    0.0kWh over=0.033 (67s)
[ev] 44/72 summer idle     asap    lp           replay cap= 50.0 missed=  0/ 67 unserved=    0.0kWh over=0.036 (68s)
[ev] 45/72 summer idle     asap    lp           replay cap= 40.0 missed=  0/ 67 unserved=    0.0kWh over=0.051 (67s)
[ev] 46/72 summer idle     asap    lp           replay cap= 35.0 missed=  0/ 67 unserved=    0.0kWh over=0.048 (53s)
[ev] 47/72 summer idle     asap    lp           replay cap= 30.0 missed=  0/ 67 unserved=    0.0kWh over=0.042 (54s)
[ev] 48/72 summer rbc      asap    llf          replay cap= 50.0 missed=  0/ 67 unserved=    0.0kWh over=0.015 (52s)
[ev] 49/72 summer rbc      asap    llf          replay cap= 45.0 missed=  0/ 67 unserved=    0.0kWh over=0.021 (51s)
[ev] 50/72 summer idle     asap    lp           replay cap= 25.0 missed=  0/ 67 unserved=    0.0kWh over=0.107 (55s)
[ev] 51/72 summer rbc      asap    llf          replay cap= 40.0 missed=  0/ 67 unserved=    0.0kWh over=0.012 (52s)
[ev] 52/72 summer rbc      asap    llf          replay cap= 35.0 missed=  0/ 67 unserved=    0.0kWh over=0.021 (54s)
[ev] 53/72 summer rbc      asap    llf          replay cap= 25.0 missed=  0/ 67 unserved=    0.0kWh over=0.039 (56s)
[ev] 54/72 summer rbc      asap    llf          replay cap= 30.0 missed=  0/ 67 unserved=    0.0kWh over=0.021 (57s)
[ev] 55/72 summer rbc      asap    lp           replay cap= 50.0 missed=  0/ 67 unserved=    0.0kWh over=0.033 (58s)
[ev] 56/72 summer rbc      asap    lp           replay cap= 45.0 missed=  0/ 67 unserved=    0.0kWh over=0.036 (66s)
==========================================================================
[STEMS] PATCHED CityLearn defect 'dhw_storage_capacity' on 8/8 buildings.
        Building.update_dhw_storage scales the action by heating_storage.capacity
        (= 0.0 in this schema), making the DHW action a no-op. Now uses dhw_storage.capacity.
        Disable with STEMSEnvironment(patch_dhw=False).
==========================================================================
==========================================================================
[STEMS] PATCHED CityLearn defect 't0_thermal_double_count' on 8/8 buildings.
        reset() books the ideal thermal load at t=0, then the first step
        limits devices to nominal power minus that same load (asserts on
        heating, silently clips storage charging). Cleared before step 1.
        Disable with STEMSEnvironment(patch_t0_double_count=False).
==========================================================================
==========================================================================
[STEMS] PATCHED CityLearn defect 'endogenous_obs_from_simulated_hour'.
        The indoor temperature observation reads the uncontrolled dataset
        value, never the simulated one. State observations now come from
        the simulator's series for the hour the action was applied to.
        Disable with STEMSEnvironment(patch_endogenous_obs=False).
==========================================================================
==========================================================================
[STEMS] PATCHED CityLearn defect 'dhw_storage_capacity' on 8/8 buildings.
        Building.update_dhw_storage scales the action by heating_storage.capacity
        (= 0.0 in this schema), making the DHW action a no-op. Now uses dhw_storage.capacity.
        Disable with STEMSEnvironment(patch_dhw=False).
==========================================================================
==========================================================================
[STEMS] PATCHED CityLearn defect 't0_thermal_double_count' on 8/8 buildings.
        reset() books the ideal thermal load at t=0, then the first step
        limits devices to nominal power minus that same load (asserts on
        heating, silently clips storage charging). Cleared before step 1.
        Disable with STEMSEnvironment(patch_t0_double_count=False).
==========================================================================
==========================================================================
[STEMS] PATCHED CityLearn defect 'endogenous_obs_from_simulated_hour'.
        The indoor temperature observation reads the uncontrolled dataset
        value, never the simulated one. State observations now come from
        the simulator's series for the hour the action was applied to.
        Disable with STEMSEnvironment(patch_endogenous_obs=False).
==========================================================================
==========================================================================
[STEMS] PATCHED CityLearn defect 'dhw_storage_capacity' on 8/8 buildings.
        Building.update_dhw_storage scales the action by heating_storage.capacity
        (= 0.0 in this schema), making the DHW action a no-op. Now uses dhw_storage.capacity.
        Disable with STEMSEnvironment(patch_dhw=False).
==========================================================================
==========================================================================
[STEMS] PATCHED CityLearn defect 't0_thermal_double_count' on 8/8 buildings.
        reset() books the ideal thermal load at t=0, then the first step
        limits devices to nominal power minus that same load (asserts on
        heating, silently clips storage charging). Cleared before step 1.
        Disable with STEMSEnvironment(patch_t0_double_count=False).
==========================================================================
==========================================================================
[STEMS] PATCHED CityLearn defect 'endogenous_obs_from_simulated_hour'.
        The indoor temperature observation reads the uncontrolled dataset
        value, never the simulated one. State observations now come from
        the simulator's series for the hour the action was applied to.
        Disable with STEMSEnvironment(patch_endogenous_obs=False).
==========================================================================
==========================================================================
[STEMS] PATCHED CityLearn defect 'dhw_storage_capacity' on 8/8 buildings.
        Building.update_dhw_storage scales the action by heating_storage.capacity
        (= 0.0 in this schema), making the DHW action a no-op. Now uses dhw_storage.capacity.
        Disable with STEMSEnvironment(patch_dhw=False).
==========================================================================
==========================================================================
[STEMS] PATCHED CityLearn defect 't0_thermal_double_count' on 8/8 buildings.
        reset() books the ideal thermal load at t=0, then the first step
        limits devices to nominal power minus that same load (asserts on
        heating, silently clips storage charging). Cleared before step 1.
        Disable with STEMSEnvironment(patch_t0_double_count=False).
==========================================================================
==========================================================================
[STEMS] PATCHED CityLearn defect 'endogenous_obs_from_simulated_hour'.
        The indoor temperature observation reads the uncontrolled dataset
        value, never the simulated one. State observations now come from
        the simulator's series for the hour the action was applied to.
        Disable with STEMSEnvironment(patch_endogenous_obs=False).
==========================================================================
==========================================================================
[STEMS] PATCHED CityLearn defect 'dhw_storage_capacity' on 8/8 buildings.
        Building.update_dhw_storage scales the action by heating_storage.capacity
        (= 0.0 in this schema), making the DHW action a no-op. Now uses dhw_storage.capacity.
        Disable with STEMSEnvironment(patch_dhw=False).
==========================================================================
==========================================================================
[STEMS] PATCHED CityLearn defect 't0_thermal_double_count' on 8/8 buildings.
        reset() books the ideal thermal load at t=0, then the first step
        limits devices to nominal power minus that same load (asserts on
        heating, silently clips storage charging). Cleared before step 1.
        Disable with STEMSEnvironment(patch_t0_double_count=False).
==========================================================================
==========================================================================
[STEMS] PATCHED CityLearn defect 'endogenous_obs_from_simulated_hour'.
        The indoor temperature observation reads the uncontrolled dataset
        value, never the simulated one. State observations now come from
        the simulator's series for the hour the action was applied to.
        Disable with STEMSEnvironment(patch_endogenous_obs=False).
==========================================================================
==========================================================================
[STEMS] PATCHED CityLearn defect 'dhw_storage_capacity' on 8/8 buildings.
        Building.update_dhw_storage scales the action by heating_storage.capacity
        (= 0.0 in this schema), making the DHW action a no-op. Now uses dhw_storage.capacity.
        Disable with STEMSEnvironment(patch_dhw=False).
==========================================================================
==========================================================================
[STEMS] PATCHED CityLearn defect 't0_thermal_double_count' on 8/8 buildings.
        reset() books the ideal thermal load at t=0, then the first step
        limits devices to nominal power minus that same load (asserts on
        heating, silently clips storage charging). Cleared before step 1.
        Disable with STEMSEnvironment(patch_t0_double_count=False).
==========================================================================
==========================================================================
[STEMS] PATCHED CityLearn defect 'endogenous_obs_from_simulated_hour'.
        The indoor temperature observation reads the uncontrolled dataset
        value, never the simulated one. State observations now come from
        the simulator's series for the hour the action was applied to.
        Disable with STEMSEnvironment(patch_endogenous_obs=False).
==========================================================================
==========================================================================
[STEMS] PATCHED CityLearn defect 'dhw_storage_capacity' on 8/8 buildings.
        Building.update_dhw_storage scales the action by heating_storage.capacity
        (= 0.0 in this schema), making the DHW action a no-op. Now uses dhw_storage.capacity.
        Disable with STEMSEnvironment(patch_dhw=False).
==========================================================================
==========================================================================
[STEMS] PATCHED CityLearn defect 't0_thermal_double_count' on 8/8 buildings.
        reset() books the ideal thermal load at t=0, then the first step
        limits devices to nominal power minus that same load (asserts on
        heating, silently clips storage charging). Cleared before step 1.
        Disable with STEMSEnvironment(patch_t0_double_count=False).
==========================================================================
==========================================================================
[STEMS] PATCHED CityLearn defect 'endogenous_obs_from_simulated_hour'.
        The indoor temperature observation reads the uncontrolled dataset
        value, never the simulated one. State observations now come from
        the simulator's series for the hour the action was applied to.
        Disable with STEMSEnvironment(patch_endogenous_obs=False).
==========================================================================
==========================================================================
[STEMS] PATCHED CityLearn defect 'dhw_storage_capacity' on 8/8 buildings.
        Building.update_dhw_storage scales the action by heating_storage.capacity
        (= 0.0 in this schema), making the DHW action a no-op. Now uses dhw_storage.capacity.
        Disable with STEMSEnvironment(patch_dhw=False).
==========================================================================
==========================================================================
[STEMS] PATCHED CityLearn defect 't0_thermal_double_count' on 8/8 buildings.
        reset() books the ideal thermal load at t=0, then the first step
        limits devices to nominal power minus that same load (asserts on
        heating, silently clips storage charging). Cleared before step 1.
        Disable with STEMSEnvironment(patch_t0_double_count=False).
==========================================================================
==========================================================================
[STEMS] PATCHED CityLearn defect 'endogenous_obs_from_simulated_hour'.
        The indoor temperature observation reads the uncontrolled dataset
        value, never the simulated one. State observations now come from
        the simulator's series for the hour the action was applied to.
        Disable with STEMSEnvironment(patch_endogenous_obs=False).
==========================================================================
[ev] 57/72 summer rbc      asap    lp           replay cap= 40.0 missed=  0/ 67 unserved=    0.0kWh over=0.027 (66s)
==========================================================================
[STEMS] PATCHED CityLearn defect 'dhw_storage_capacity' on 8/8 buildings.
        Building.update_dhw_storage scales the action by heating_storage.capacity
        (= 0.0 in this schema), making the DHW action a no-op. Now uses dhw_storage.capacity.
        Disable with STEMSEnvironment(patch_dhw=False).
==========================================================================
==========================================================================
[STEMS] PATCHED CityLearn defect 't0_thermal_double_count' on 8/8 buildings.
        reset() books the ideal thermal load at t=0, then the first step
        limits devices to nominal power minus that same load (asserts on
        heating, silently clips storage charging). Cleared before step 1.
        Disable with STEMSEnvironment(patch_t0_double_count=False).
==========================================================================
==========================================================================
[STEMS] PATCHED CityLearn defect 'endogenous_obs_from_simulated_hour'.
        The indoor temperature observation reads the uncontrolled dataset
        value, never the simulated one. State observations now come from
        the simulator's series for the hour the action was applied to.
        Disable with STEMSEnvironment(patch_endogenous_obs=False).
==========================================================================
==========================================================================
[STEMS] PATCHED CityLearn defect 'dhw_storage_capacity' on 8/8 buildings.
        Building.update_dhw_storage scales the action by heating_storage.capacity
        (= 0.0 in this schema), making the DHW action a no-op. Now uses dhw_storage.capacity.
        Disable with STEMSEnvironment(patch_dhw=False).
==========================================================================
==========================================================================
[STEMS] PATCHED CityLearn defect 't0_thermal_double_count' on 8/8 buildings.
        reset() books the ideal thermal load at t=0, then the first step
        limits devices to nominal power minus that same load (asserts on
        heating, silently clips storage charging). Cleared before step 1.
        Disable with STEMSEnvironment(patch_t0_double_count=False).
==========================================================================
==========================================================================
[STEMS] PATCHED CityLearn defect 'endogenous_obs_from_simulated_hour'.
        The indoor temperature observation reads the uncontrolled dataset
        value, never the simulated one. State observations now come from
        the simulator's series for the hour the action was applied to.
        Disable with STEMSEnvironment(patch_endogenous_obs=False).
==========================================================================
==========================================================================
[STEMS] PATCHED CityLearn defect 'dhw_storage_capacity' on 8/8 buildings.
        Building.update_dhw_storage scales the action by heating_storage.capacity
        (= 0.0 in this schema), making the DHW action a no-op. Now uses dhw_storage.capacity.
        Disable with STEMSEnvironment(patch_dhw=False).
==========================================================================
==========================================================================
[STEMS] PATCHED CityLearn defect 't0_thermal_double_count' on 8/8 buildings.
        reset() books the ideal thermal load at t=0, then the first step
        limits devices to nominal power minus that same load (asserts on
        heating, silently clips storage charging). Cleared before step 1.
        Disable with STEMSEnvironment(patch_t0_double_count=False).
==========================================================================
==========================================================================
[STEMS] PATCHED CityLearn defect 'endogenous_obs_from_simulated_hour'.
        The indoor temperature observation reads the uncontrolled dataset
        value, never the simulated one. State observations now come from
        the simulator's series for the hour the action was applied to.
        Disable with STEMSEnvironment(patch_endogenous_obs=False).
==========================================================================
==========================================================================
[STEMS] PATCHED CityLearn defect 'dhw_storage_capacity' on 8/8 buildings.
        Building.update_dhw_storage scales the action by heating_storage.capacity
        (= 0.0 in this schema), making the DHW action a no-op. Now uses dhw_storage.capacity.
        Disable with STEMSEnvironment(patch_dhw=False).
==========================================================================
==========================================================================
[STEMS] PATCHED CityLearn defect 't0_thermal_double_count' on 8/8 buildings.
        reset() books the ideal thermal load at t=0, then the first step
        limits devices to nominal power minus that same load (asserts on
        heating, silently clips storage charging). Cleared before step 1.
        Disable with STEMSEnvironment(patch_t0_double_count=False).
==========================================================================
==========================================================================
[STEMS] PATCHED CityLearn defect 'endogenous_obs_from_simulated_hour'.
        The indoor temperature observation reads the uncontrolled dataset
        value, never the simulated one. State observations now come from
        the simulator's series for the hour the action was applied to.
        Disable with STEMSEnvironment(patch_endogenous_obs=False).
==========================================================================
[ev] 58/72 summer rbc      asap    lp           replay cap= 35.0 missed=  0/ 67 unserved=    0.0kWh over=0.024 (63s)
[ev] 59/72 summer rbc      asap    lp           replay cap= 30.0 missed=  0/ 67 unserved=    0.0kWh over=0.066 (68s)
==========================================================================
[STEMS] PATCHED CityLearn defect 'dhw_storage_capacity' on 8/8 buildings.
        Building.update_dhw_storage scales the action by heating_storage.capacity
        (= 0.0 in this schema), making the DHW action a no-op. Now uses dhw_storage.capacity.
        Disable with STEMSEnvironment(patch_dhw=False).
==========================================================================
==========================================================================
[STEMS] PATCHED CityLearn defect 't0_thermal_double_count' on 8/8 buildings.
        reset() books the ideal thermal load at t=0, then the first step
        limits devices to nominal power minus that same load (asserts on
        heating, silently clips storage charging). Cleared before step 1.
        Disable with STEMSEnvironment(patch_t0_double_count=False).
==========================================================================
==========================================================================
[STEMS] PATCHED CityLearn defect 'endogenous_obs_from_simulated_hour'.
        The indoor temperature observation reads the uncontrolled dataset
        value, never the simulated one. State observations now come from
        the simulator's series for the hour the action was applied to.
        Disable with STEMSEnvironment(patch_endogenous_obs=False).
==========================================================================
==========================================================================
[STEMS] PATCHED CityLearn defect 'dhw_storage_capacity' on 8/8 buildings.
        Building.update_dhw_storage scales the action by heating_storage.capacity
        (= 0.0 in this schema), making the DHW action a no-op. Now uses dhw_storage.capacity.
        Disable with STEMSEnvironment(patch_dhw=False).
==========================================================================
==========================================================================
[STEMS] PATCHED CityLearn defect 't0_thermal_double_count' on 8/8 buildings.
        reset() books the ideal thermal load at t=0, then the first step
        limits devices to nominal power minus that same load (asserts on
        heating, silently clips storage charging). Cleared before step 1.
        Disable with STEMSEnvironment(patch_t0_double_count=False).
==========================================================================
==========================================================================
[STEMS] PATCHED CityLearn defect 'endogenous_obs_from_simulated_hour'.
        The indoor temperature observation reads the uncontrolled dataset
        value, never the simulated one. State observations now come from
        the simulator's series for the hour the action was applied to.
        Disable with STEMSEnvironment(patch_endogenous_obs=False).
==========================================================================
==========================================================================
[STEMS] PATCHED CityLearn defect 'dhw_storage_capacity' on 8/8 buildings.
        Building.update_dhw_storage scales the action by heating_storage.capacity
        (= 0.0 in this schema), making the DHW action a no-op. Now uses dhw_storage.capacity.
        Disable with STEMSEnvironment(patch_dhw=False).
==========================================================================
==========================================================================
[STEMS] PATCHED CityLearn defect 't0_thermal_double_count' on 8/8 buildings.
        reset() books the ideal thermal load at t=0, then the first step
        limits devices to nominal power minus that same load (asserts on
        heating, silently clips storage charging). Cleared before step 1.
        Disable with STEMSEnvironment(patch_t0_double_count=False).
==========================================================================
==========================================================================
[STEMS] PATCHED CityLearn defect 'endogenous_obs_from_simulated_hour'.
        The indoor temperature observation reads the uncontrolled dataset
        value, never the simulated one. State observations now come from
        the simulator's series for the hour the action was applied to.
        Disable with STEMSEnvironment(patch_endogenous_obs=False).
==========================================================================
==========================================================================
[STEMS] PATCHED CityLearn defect 'dhw_storage_capacity' on 8/8 buildings.
        Building.update_dhw_storage scales the action by heating_storage.capacity
        (= 0.0 in this schema), making the DHW action a no-op. Now uses dhw_storage.capacity.
        Disable with STEMSEnvironment(patch_dhw=False).
==========================================================================
==========================================================================
[STEMS] PATCHED CityLearn defect 't0_thermal_double_count' on 8/8 buildings.
        reset() books the ideal thermal load at t=0, then the first step
        limits devices to nominal power minus that same load (asserts on
        heating, silently clips storage charging). Cleared before step 1.
        Disable with STEMSEnvironment(patch_t0_double_count=False).
==========================================================================
==========================================================================
[STEMS] PATCHED CityLearn defect 'endogenous_obs_from_simulated_hour'.
        The indoor temperature observation reads the uncontrolled dataset
        value, never the simulated one. State observations now come from
        the simulator's series for the hour the action was applied to.
        Disable with STEMSEnvironment(patch_endogenous_obs=False).
==========================================================================
[ev] 60/72 summer rbc      asap    lp           replay cap= 25.0 missed=  0/ 67 unserved=    0.0kWh over=0.069 (69s)
==========================================================================
[STEMS] PATCHED CityLearn defect 'dhw_storage_capacity' on 8/8 buildings.
        Building.update_dhw_storage scales the action by heating_storage.capacity
        (= 0.0 in this schema), making the DHW action a no-op. Now uses dhw_storage.capacity.
        Disable with STEMSEnvironment(patch_dhw=False).
==========================================================================
==========================================================================
[STEMS] PATCHED CityLearn defect 't0_thermal_double_count' on 8/8 buildings.
        reset() books the ideal thermal load at t=0, then the first step
        limits devices to nominal power minus that same load (asserts on
        heating, silently clips storage charging). Cleared before step 1.
        Disable with STEMSEnvironment(patch_t0_double_count=False).
==========================================================================
==========================================================================
[STEMS] PATCHED CityLearn defect 'endogenous_obs_from_simulated_hour'.
        The indoor temperature observation reads the uncontrolled dataset
        value, never the simulated one. State observations now come from
        the simulator's series for the hour the action was applied to.
        Disable with STEMSEnvironment(patch_endogenous_obs=False).
==========================================================================
==========================================================================
[STEMS] PATCHED CityLearn defect 'dhw_storage_capacity' on 8/8 buildings.
        Building.update_dhw_storage scales the action by heating_storage.capacity
        (= 0.0 in this schema), making the DHW action a no-op. Now uses dhw_storage.capacity.
        Disable with STEMSEnvironment(patch_dhw=False).
==========================================================================
==========================================================================
[STEMS] PATCHED CityLearn defect 't0_thermal_double_count' on 8/8 buildings.
        reset() books the ideal thermal load at t=0, then the first step
        limits devices to nominal power minus that same load (asserts on
        heating, silently clips storage charging). Cleared before step 1.
        Disable with STEMSEnvironment(patch_t0_double_count=False).
==========================================================================
==========================================================================
[STEMS] PATCHED CityLearn defect 'endogenous_obs_from_simulated_hour'.
        The indoor temperature observation reads the uncontrolled dataset
        value, never the simulated one. State observations now come from
        the simulator's series for the hour the action was applied to.
        Disable with STEMSEnvironment(patch_endogenous_obs=False).
==========================================================================
==========================================================================
[STEMS] PATCHED CityLearn defect 'dhw_storage_capacity' on 8/8 buildings.
        Building.update_dhw_storage scales the action by heating_storage.capacity
        (= 0.0 in this schema), making the DHW action a no-op. Now uses dhw_storage.capacity.
        Disable with STEMSEnvironment(patch_dhw=False).
==========================================================================
==========================================================================
[STEMS] PATCHED CityLearn defect 't0_thermal_double_count' on 8/8 buildings.
        reset() books the ideal thermal load at t=0, then the first step
        limits devices to nominal power minus that same load (asserts on
        heating, silently clips storage charging). Cleared before step 1.
        Disable with STEMSEnvironment(patch_t0_double_count=False).
==========================================================================
==========================================================================
[STEMS] PATCHED CityLearn defect 'endogenous_obs_from_simulated_hour'.
        The indoor temperature observation reads the uncontrolled dataset
        value, never the simulated one. State observations now come from
        the simulator's series for the hour the action was applied to.
        Disable with STEMSEnvironment(patch_endogenous_obs=False).
==========================================================================
==========================================================================
[STEMS] PATCHED CityLearn defect 'dhw_storage_capacity' on 8/8 buildings.
        Building.update_dhw_storage scales the action by heating_storage.capacity
        (= 0.0 in this schema), making the DHW action a no-op. Now uses dhw_storage.capacity.
        Disable with STEMSEnvironment(patch_dhw=False).
==========================================================================
==========================================================================
[STEMS] PATCHED CityLearn defect 't0_thermal_double_count' on 8/8 buildings.
        reset() books the ideal thermal load at t=0, then the first step
        limits devices to nominal power minus that same load (asserts on
        heating, silently clips storage charging). Cleared before step 1.
        Disable with STEMSEnvironment(patch_t0_double_count=False).
==========================================================================
==========================================================================
[STEMS] PATCHED CityLearn defect 'endogenous_obs_from_simulated_hour'.
        The indoor temperature observation reads the uncontrolled dataset
        value, never the simulated one. State observations now come from
        the simulator's series for the hour the action was applied to.
        Disable with STEMSEnvironment(patch_endogenous_obs=False).
==========================================================================
[ev] 61/72 summer rbc+shed asap    llf          replay cap= 50.0 missed=  0/ 67 unserved=    0.0kWh over=0.009 (110s)
[ev] 62/72 summer rbc+shed asap    llf          replay cap= 45.0 missed=  0/ 67 unserved=    0.0kWh over=0.012 (111s)
[ev] 63/72 summer rbc+shed asap    llf          replay cap= 40.0 missed=  0/ 67 unserved=    0.0kWh over=0.003 (118s)
[ev] 64/72 summer rbc+shed asap    llf          replay cap= 35.0 missed=  0/ 67 unserved=    0.0kWh over=0.021 (125s)
[ev] 65/72 summer rbc+shed asap    llf          replay cap= 30.0 missed=  0/ 67 unserved=    0.0kWh over=0.012 (129s)
[ev] 66/72 summer rbc+shed asap    llf          replay cap= 25.0 missed=  0/ 67 unserved=    0.0kWh over=0.024 (77s)
[ev] 67/72 summer rbc+shed asap    lp           replay cap= 50.0 missed=  0/ 67 unserved=    0.0kWh over=0.015 (68s)
[ev] 68/72 summer rbc+shed asap    lp           replay cap= 45.0 missed=  0/ 67 unserved=    0.0kWh over=0.021 (77s)
[ev] 69/72 summer rbc+shed asap    lp           replay cap= 40.0 missed=  0/ 67 unserved=    0.0kWh over=0.033 (77s)
[ev] 70/72 summer rbc+shed asap    lp           replay cap= 35.0 missed=  0/ 67 unserved=    0.0kWh over=0.039 (75s)
[ev] 71/72 summer rbc+shed asap    lp           replay cap= 30.0 missed=  0/ 67 unserved=    0.0kWh over=0.027 (67s)
[ev] 72/72 summer rbc+shed asap    lp           replay cap= 25.0 missed=  0/ 67 unserved=    0.0kWh over=0.075 (66s)
==========================================================================
[STEMS] PATCHED CityLearn defect 'dhw_storage_capacity' on 8/8 buildings.
        Building.update_dhw_storage scales the action by heating_storage.capacity
        (= 0.0 in this schema), making the DHW action a no-op. Now uses dhw_storage.capacity.
        Disable with STEMSEnvironment(patch_dhw=False).
==========================================================================
==========================================================================
[STEMS] PATCHED CityLearn defect 't0_thermal_double_count' on 8/8 buildings.
        reset() books the ideal thermal load at t=0, then the first step
        limits devices to nominal power minus that same load (asserts on
        heating, silently clips storage charging). Cleared before step 1.
        Disable with STEMSEnvironment(patch_t0_double_count=False).
==========================================================================
==========================================================================
[STEMS] PATCHED CityLearn defect 'endogenous_obs_from_simulated_hour'.
        The indoor temperature observation reads the uncontrolled dataset
        value, never the simulated one. State observations now come from
        the simulator's series for the hour the action was applied to.
        Disable with STEMSEnvironment(patch_endogenous_obs=False).
==========================================================================
==========================================================================
[STEMS] PATCHED CityLearn defect 'dhw_storage_capacity' on 8/8 buildings.
        Building.update_dhw_storage scales the action by heating_storage.capacity
        (= 0.0 in this schema), making the DHW action a no-op. Now uses dhw_storage.capacity.
        Disable with STEMSEnvironment(patch_dhw=False).
==========================================================================
==========================================================================
[STEMS] PATCHED CityLearn defect 't0_thermal_double_count' on 8/8 buildings.
        reset() books the ideal thermal load at t=0, then the first step
        limits devices to nominal power minus that same load (asserts on
        heating, silently clips storage charging). Cleared before step 1.
        Disable with STEMSEnvironment(patch_t0_double_count=False).
==========================================================================
==========================================================================
[STEMS] PATCHED CityLearn defect 'endogenous_obs_from_simulated_hour'.
        The indoor temperature observation reads the uncontrolled dataset
        value, never the simulated one. State observations now come from
        the simulator's series for the hour the action was applied to.
        Disable with STEMSEnvironment(patch_endogenous_obs=False).
==========================================================================
==========================================================================
[STEMS] PATCHED CityLearn defect 'dhw_storage_capacity' on 8/8 buildings.
        Building.update_dhw_storage scales the action by heating_storage.capacity
        (= 0.0 in this schema), making the DHW action a no-op. Now uses dhw_storage.capacity.
        Disable with STEMSEnvironment(patch_dhw=False).
==========================================================================
==========================================================================
[STEMS] PATCHED CityLearn defect 't0_thermal_double_count' on 8/8 buildings.
        reset() books the ideal thermal load at t=0, then the first step
        limits devices to nominal power minus that same load (asserts on
        heating, silently clips storage charging). Cleared before step 1.
        Disable with STEMSEnvironment(patch_t0_double_count=False).
==========================================================================
==========================================================================
[STEMS] PATCHED CityLearn defect 'endogenous_obs_from_simulated_hour'.
        The indoor temperature observation reads the uncontrolled dataset
        value, never the simulated one. State observations now come from
        the simulator's series for the hour the action was applied to.
        Disable with STEMSEnvironment(patch_endogenous_obs=False).
==========================================================================
==========================================================================
[STEMS] PATCHED CityLearn defect 'dhw_storage_capacity' on 8/8 buildings.
        Building.update_dhw_storage scales the action by heating_storage.capacity
        (= 0.0 in this schema), making the DHW action a no-op. Now uses dhw_storage.capacity.
        Disable with STEMSEnvironment(patch_dhw=False).
==========================================================================
==========================================================================
[STEMS] PATCHED CityLearn defect 't0_thermal_double_count' on 8/8 buildings.
        reset() books the ideal thermal load at t=0, then the first step
        limits devices to nominal power minus that same load (asserts on
        heating, silently clips storage charging). Cleared before step 1.
        Disable with STEMSEnvironment(patch_t0_double_count=False).
==========================================================================
==========================================================================
[STEMS] PATCHED CityLearn defect 'endogenous_obs_from_simulated_hour'.
        The indoor temperature observation reads the uncontrolled dataset
        value, never the simulated one. State observations now come from
        the simulator's series for the hour the action was applied to.
        Disable with STEMSEnvironment(patch_endogenous_obs=False).
==========================================================================
==========================================================================
[STEMS] PATCHED CityLearn defect 'dhw_storage_capacity' on 8/8 buildings.
        Building.update_dhw_storage scales the action by heating_storage.capacity
        (= 0.0 in this schema), making the DHW action a no-op. Now uses dhw_storage.capacity.
        Disable with STEMSEnvironment(patch_dhw=False).
==========================================================================
==========================================================================
[STEMS] PATCHED CityLearn defect 't0_thermal_double_count' on 8/8 buildings.
        reset() books the ideal thermal load at t=0, then the first step
        limits devices to nominal power minus that same load (asserts on
        heating, silently clips storage charging). Cleared before step 1.
        Disable with STEMSEnvironment(patch_t0_double_count=False).
==========================================================================
==========================================================================
[STEMS] PATCHED CityLearn defect 'endogenous_obs_from_simulated_hour'.
        The indoor temperature observation reads the uncontrolled dataset
        value, never the simulated one. State observations now come from
        the simulator's series for the hour the action was applied to.
        Disable with STEMSEnvironment(patch_endogenous_obs=False).
==========================================================================
==========================================================================
[STEMS] PATCHED CityLearn defect 'dhw_storage_capacity' on 8/8 buildings.
        Building.update_dhw_storage scales the action by heating_storage.capacity
        (= 0.0 in this schema), making the DHW action a no-op. Now uses dhw_storage.capacity.
        Disable with STEMSEnvironment(patch_dhw=False).
==========================================================================
==========================================================================
[STEMS] PATCHED CityLearn defect 't0_thermal_double_count' on 8/8 buildings.
        reset() books the ideal thermal load at t=0, then the first step
        limits devices to nominal power minus that same load (asserts on
        heating, silently clips storage charging). Cleared before step 1.
        Disable with STEMSEnvironment(patch_t0_double_count=False).
==========================================================================
==========================================================================
[STEMS] PATCHED CityLearn defect 'endogenous_obs_from_simulated_hour'.
        The indoor temperature observation reads the uncontrolled dataset
        value, never the simulated one. State observations now come from
        the simulator's series for the hour the action was applied to.
        Disable with STEMSEnvironment(patch_endogenous_obs=False).
==========================================================================
==========================================================================
[STEMS] PATCHED CityLearn defect 'dhw_storage_capacity' on 8/8 buildings.
        Building.update_dhw_storage scales the action by heating_storage.capacity
        (= 0.0 in this schema), making the DHW action a no-op. Now uses dhw_storage.capacity.
        Disable with STEMSEnvironment(patch_dhw=False).
==========================================================================
==========================================================================
[STEMS] PATCHED CityLearn defect 't0_thermal_double_count' on 8/8 buildings.
        reset() books the ideal thermal load at t=0, then the first step
        limits devices to nominal power minus that same load (asserts on
        heating, silently clips storage charging). Cleared before step 1.
        Disable with STEMSEnvironment(patch_t0_double_count=False).
==========================================================================
==========================================================================
[STEMS] PATCHED CityLearn defect 'endogenous_obs_from_simulated_hour'.
        The indoor temperature observation reads the uncontrolled dataset
        value, never the simulated one. State observations now come from
        the simulator's series for the hour the action was applied to.
        Disable with STEMSEnvironment(patch_endogenous_obs=False).
==========================================================================
==========================================================================
[STEMS] PATCHED CityLearn defect 'dhw_storage_capacity' on 8/8 buildings.
        Building.update_dhw_storage scales the action by heating_storage.capacity
        (= 0.0 in this schema), making the DHW action a no-op. Now uses dhw_storage.capacity.
        Disable with STEMSEnvironment(patch_dhw=False).
==========================================================================
==========================================================================
[STEMS] PATCHED CityLearn defect 't0_thermal_double_count' on 8/8 buildings.
        reset() books the ideal thermal load at t=0, then the first step
        limits devices to nominal power minus that same load (asserts on
        heating, silently clips storage charging). Cleared before step 1.
        Disable with STEMSEnvironment(patch_t0_double_count=False).
==========================================================================
==========================================================================
[STEMS] PATCHED CityLearn defect 'endogenous_obs_from_simulated_hour'.
        The indoor temperature observation reads the uncontrolled dataset
        value, never the simulated one. State observations now come from
        the simulator's series for the hour the action was applied to.
        Disable with STEMSEnvironment(patch_endogenous_obs=False).
==========================================================================
==========================================================================
[STEMS] PATCHED CityLearn defect 'dhw_storage_capacity' on 8/8 buildings.
        Building.update_dhw_storage scales the action by heating_storage.capacity
        (= 0.0 in this schema), making the DHW action a no-op. Now uses dhw_storage.capacity.
        Disable with STEMSEnvironment(patch_dhw=False).
==========================================================================
==========================================================================
[STEMS] PATCHED CityLearn defect 't0_thermal_double_count' on 8/8 buildings.
        reset() books the ideal thermal load at t=0, then the first step
        limits devices to nominal power minus that same load (asserts on
        heating, silently clips storage charging). Cleared before step 1.
        Disable with STEMSEnvironment(patch_t0_double_count=False).
==========================================================================
==========================================================================
[STEMS] PATCHED CityLearn defect 'endogenous_obs_from_simulated_hour'.
        The indoor temperature observation reads the uncontrolled dataset
        value, never the simulated one. State observations now come from
        the simulator's series for the hour the action was applied to.
        Disable with STEMSEnvironment(patch_endogenous_obs=False).
==========================================================================
==========================================================================
[STEMS] PATCHED CityLearn defect 'dhw_storage_capacity' on 8/8 buildings.
        Building.update_dhw_storage scales the action by heating_storage.capacity
        (= 0.0 in this schema), making the DHW action a no-op. Now uses dhw_storage.capacity.
        Disable with STEMSEnvironment(patch_dhw=False).
==========================================================================
==========================================================================
[STEMS] PATCHED CityLearn defect 't0_thermal_double_count' on 8/8 buildings.
        reset() books the ideal thermal load at t=0, then the first step
        limits devices to nominal power minus that same load (asserts on
        heating, silently clips storage charging). Cleared before step 1.
        Disable with STEMSEnvironment(patch_t0_double_count=False).
==========================================================================
==========================================================================
[STEMS] PATCHED CityLearn defect 'endogenous_obs_from_simulated_hour'.
        The indoor temperature observation reads the uncontrolled dataset
        value, never the simulated one. State observations now come from
        the simulator's series for the hour the action was applied to.
        Disable with STEMSEnvironment(patch_endogenous_obs=False).
==========================================================================
==========================================================================
[STEMS] PATCHED CityLearn defect 'dhw_storage_capacity' on 8/8 buildings.
        Building.update_dhw_storage scales the action by heating_storage.capacity
        (= 0.0 in this schema), making the DHW action a no-op. Now uses dhw_storage.capacity.
        Disable with STEMSEnvironment(patch_dhw=False).
==========================================================================
==========================================================================
[STEMS] PATCHED CityLearn defect 't0_thermal_double_count' on 8/8 buildings.
        reset() books the ideal thermal load at t=0, then the first step
        limits devices to nominal power minus that same load (asserts on
        heating, silently clips storage charging). Cleared before step 1.
        Disable with STEMSEnvironment(patch_t0_double_count=False).
==========================================================================
==========================================================================
[STEMS] PATCHED CityLearn defect 'endogenous_obs_from_simulated_hour'.
        The indoor temperature observation reads the uncontrolled dataset
        value, never the simulated one. State observations now come from
        the simulator's series for the hour the action was applied to.
        Disable with STEMSEnvironment(patch_endogenous_obs=False).
==========================================================================
==========================================================================
[STEMS] PATCHED CityLearn defect 'dhw_storage_capacity' on 8/8 buildings.
        Building.update_dhw_storage scales the action by heating_storage.capacity
        (= 0.0 in this schema), making the DHW action a no-op. Now uses dhw_storage.capacity.
        Disable with STEMSEnvironment(patch_dhw=False).
==========================================================================
==========================================================================
[STEMS] PATCHED CityLearn defect 't0_thermal_double_count' on 8/8 buildings.
        reset() books the ideal thermal load at t=0, then the first step
        limits devices to nominal power minus that same load (asserts on
        heating, silently clips storage charging). Cleared before step 1.
        Disable with STEMSEnvironment(patch_t0_double_count=False).
==========================================================================
==========================================================================
[STEMS] PATCHED CityLearn defect 'endogenous_obs_from_simulated_hour'.
        The indoor temperature observation reads the uncontrolled dataset
        value, never the simulated one. State observations now come from
        the simulator's series for the hour the action was applied to.
        Disable with STEMSEnvironment(patch_endogenous_obs=False).
==========================================================================
[ev] wrote results/ev_coupling/flexibility.json in 16.0 min
