[ev] stage reserve: 72 runs, workers=5
[ev] 1/72 winter idle     asap    llf          causal cap= 40.0 missed=  5/ 67 unserved=   96.3kWh over=0.027 (100s)
[ev] 2/72 winter idle     asap    llf          causal cap= 40.0 missed=  5/ 67 unserved=   96.3kWh over=0.027 (100s)
[ev] 3/72 winter idle     asap    llf          causal cap= 35.0 missed=  6/ 67 unserved=  137.1kWh over=0.045 (100s)
[ev] 4/72 winter idle     asap    llf          causal cap= 40.0 missed=  5/ 67 unserved=   93.6kWh over=0.027 (102s)
[ev] 5/72 winter idle     asap    llf          causal cap= 35.0 missed=  5/ 67 unserved=  136.4kWh over=0.045 (103s)
[ev] 6/72 winter idle     asap    llf          causal cap= 30.0 missed= 14/ 67 unserved=  211.4kWh over=0.066 (65s)
[ev] 7/72 winter idle     asap    llf          causal cap= 30.0 missed= 12/ 67 unserved=  205.7kWh over=0.069 (65s)
[ev] 8/72 winter idle     asap    llf          causal cap= 30.0 missed= 12/ 67 unserved=  208.3kWh over=0.069 (67s)
[ev] 9/72 winter idle     asap    llf          causal cap= 35.0 missed=  5/ 67 unserved=  136.4kWh over=0.045 (68s)
[ev] 10/72 winter idle     asap    lp           causal cap= 40.0 missed=  5/ 67 unserved=   95.0kWh over=0.030 (67s)
[ev] 11/72 winter idle     asap    lp           causal cap= 40.0 missed=  5/ 67 unserved=   95.1kWh over=0.030 (75s)
[ev] 12/72 winter idle     asap    lp           causal cap= 40.0 missed=  5/ 67 unserved=   95.2kWh over=0.030 (74s)
[ev] 13/72 winter idle     asap    lp           causal cap= 35.0 missed=  5/ 67 unserved=  136.5kWh over=0.054 (74s)
[ev] 14/72 winter idle     asap    lp           causal cap= 35.0 missed=  5/ 67 unserved=  136.7kWh over=0.051 (77s)
[ev] 15/72 winter idle     asap    lp           causal cap= 35.0 missed=  6/ 67 unserved=  136.7kWh over=0.051 (76s)
==========================================================================
[STEMS] PATCHED CityLearn defect 'dhw_storage_capacity' on 8/8 buildings.
        Building.update_dhw_storage scales the action by heating_storage.capacity
        (= 0.0 in this schema), making the DHW action a no-op. Now uses dhw_storage.capacity.
        Disable with STEMSEnvironment(patch_dhw=False).
==========================================================================
==========================================================================
[STEMS] PATCHED CityLearn defect 't0_thermal_double_count' on 8/8 buildings.
        reset() books the ideal thermal load at t=0, then the first step
        limits devices to nominal power minus that same load (asserts on
        heating, silently clips storage charging). Cleared before step 1.
        Disable with STEMSEnvironment(patch_t0_double_count=False).
==========================================================================
==========================================================================
[STEMS] PATCHED CityLearn defect 'endogenous_obs_from_simulated_hour'.
        The indoor temperature observation reads the uncontrolled dataset
        value, never the simulated one. State observations now come from
        the simulator's series for the hour the action was applied to.
        Disable with STEMSEnvironment(patch_endogenous_obs=False).
==========================================================================
==========================================================================
[STEMS] PATCHED CityLearn defect 'dhw_storage_capacity' on 8/8 buildings.
        Building.update_dhw_storage scales the action by heating_storage.capacity
        (= 0.0 in this schema), making the DHW action a no-op. Now uses dhw_storage.capacity.
        Disable with STEMSEnvironment(patch_dhw=False).
==========================================================================
==========================================================================
[STEMS] PATCHED CityLearn defect 't0_thermal_double_count' on 8/8 buildings.
        reset() books the ideal thermal load at t=0, then the first step
        limits devices to nominal power minus that same load (asserts on
        heating, silently clips storage charging). Cleared before step 1.
        Disable with STEMSEnvironment(patch_t0_double_count=False).
==========================================================================
==========================================================================
[STEMS] PATCHED CityLearn defect 'endogenous_obs_from_simulated_hour'.
        The indoor temperature observation reads the uncontrolled dataset
        value, never the simulated one. State observations now come from
        the simulator's series for the hour the action was applied to.
        Disable with STEMSEnvironment(patch_endogenous_obs=False).
==========================================================================
==========================================================================
[STEMS] PATCHED CityLearn defect 'dhw_storage_capacity' on 8/8 buildings.
        Building.update_dhw_storage scales the action by heating_storage.capacity
        (= 0.0 in this schema), making the DHW action a no-op. Now uses dhw_storage.capacity.
        Disable with STEMSEnvironment(patch_dhw=False).
==========================================================================
==========================================================================
[STEMS] PATCHED CityLearn defect 't0_thermal_double_count' on 8/8 buildings.
        reset() books the ideal thermal load at t=0, then the first step
        limits devices to nominal power minus that same load (asserts on
        heating, silently clips storage charging). Cleared before step 1.
        Disable with STEMSEnvironment(patch_t0_double_count=False).
==========================================================================
==========================================================================
[STEMS] PATCHED CityLearn defect 'endogenous_obs_from_simulated_hour'.
        The indoor temperature observation reads the uncontrolled dataset
        value, never the simulated one. State observations now come from
        the simulator's series for the hour the action was applied to.
        Disable with STEMSEnvironment(patch_endogenous_obs=False).
==========================================================================
==========================================================================
[STEMS] PATCHED CityLearn defect 'dhw_storage_capacity' on 8/8 buildings.
        Building.update_dhw_storage scales the action by heating_storage.capacity
        (= 0.0 in this schema), making the DHW action a no-op. Now uses dhw_storage.capacity.
        Disable with STEMSEnvironment(patch_dhw=False).
==========================================================================
==========================================================================
[STEMS] PATCHED CityLearn defect 't0_thermal_double_count' on 8/8 buildings.
        reset() books the ideal thermal load at t=0, then the first step
        limits devices to nominal power minus that same load (asserts on
        heating, silently clips storage charging). Cleared before step 1.
        Disable with STEMSEnvironment(patch_t0_double_count=False).
==========================================================================
==========================================================================
[STEMS] PATCHED CityLearn defect 'endogenous_obs_from_simulated_hour'.
        The indoor temperature observation reads the uncontrolled dataset
        value, never the simulated one. State observations now come from
        the simulator's series for the hour the action was applied to.
        Disable with STEMSEnvironment(patch_endogenous_obs=False).
==========================================================================
[ev] 16/72 winter idle     asap    lp           causal cap= 30.0 missed= 11/ 67 unserved=  211.3kWh over=0.069 (75s)
==========================================================================
[STEMS] PATCHED CityLearn defect 'dhw_storage_capacity' on 8/8 buildings.
        Building.update_dhw_storage scales the action by heating_storage.capacity
        (= 0.0 in this schema), making the DHW action a no-op. Now uses dhw_storage.capacity.
        Disable with STEMSEnvironment(patch_dhw=False).
==========================================================================
==========================================================================
[STEMS] PATCHED CityLearn defect 't0_thermal_double_count' on 8/8 buildings.
        reset() books the ideal thermal load at t=0, then the first step
        limits devices to nominal power minus that same load (asserts on
        heating, silently clips storage charging). Cleared before step 1.
        Disable with STEMSEnvironment(patch_t0_double_count=False).
==========================================================================
==========================================================================
[STEMS] PATCHED CityLearn defect 'endogenous_obs_from_simulated_hour'.
        The indoor temperature observation reads the uncontrolled dataset
        value, never the simulated one. State observations now come from
        the simulator's series for the hour the action was applied to.
        Disable with STEMSEnvironment(patch_endogenous_obs=False).
==========================================================================
==========================================================================
[STEMS] PATCHED CityLearn defect 'dhw_storage_capacity' on 8/8 buildings.
        Building.update_dhw_storage scales the action by heating_storage.capacity
        (= 0.0 in this schema), making the DHW action a no-op. Now uses dhw_storage.capacity.
        Disable with STEMSEnvironment(patch_dhw=False).
==========================================================================
==========================================================================
[STEMS] PATCHED CityLearn defect 't0_thermal_double_count' on 8/8 buildings.
        reset() books the ideal thermal load at t=0, then the first step
        limits devices to nominal power minus that same load (asserts on
        heating, silently clips storage charging). Cleared before step 1.
        Disable with STEMSEnvironment(patch_t0_double_count=False).
==========================================================================
==========================================================================
[STEMS] PATCHED CityLearn defect 'endogenous_obs_from_simulated_hour'.
        The indoor temperature observation reads the uncontrolled dataset
        value, never the simulated one. State observations now come from
        the simulator's series for the hour the action was applied to.
        Disable with STEMSEnvironment(patch_endogenous_obs=False).
==========================================================================
==========================================================================
[STEMS] PATCHED CityLearn defect 'dhw_storage_capacity' on 8/8 buildings.
        Building.update_dhw_storage scales the action by heating_storage.capacity
        (= 0.0 in this schema), making the DHW action a no-op. Now uses dhw_storage.capacity.
        Disable with STEMSEnvironment(patch_dhw=False).
==========================================================================
==========================================================================
[STEMS] PATCHED CityLearn defect 't0_thermal_double_count' on 8/8 buildings.
        reset() books the ideal thermal load at t=0, then the first step
        limits devices to nominal power minus that same load (asserts on
        heating, silently clips storage charging). Cleared before step 1.
        Disable with STEMSEnvironment(patch_t0_double_count=False).
==========================================================================
==========================================================================
[STEMS] PATCHED CityLearn defect 'endogenous_obs_from_simulated_hour'.
        The indoor temperature observation reads the uncontrolled dataset
        value, never the simulated one. State observations now come from
        the simulator's series for the hour the action was applied to.
        Disable with STEMSEnvironment(patch_endogenous_obs=False).
==========================================================================
==========================================================================
[STEMS] PATCHED CityLearn defect 'dhw_storage_capacity' on 8/8 buildings.
        Building.update_dhw_storage scales the action by heating_storage.capacity
        (= 0.0 in this schema), making the DHW action a no-op. Now uses dhw_storage.capacity.
        Disable with STEMSEnvironment(patch_dhw=False).
==========================================================================
==========================================================================
[STEMS] PATCHED CityLearn defect 't0_thermal_double_count' on 8/8 buildings.
        reset() books the ideal thermal load at t=0, then the first step
        limits devices to nominal power minus that same load (asserts on
        heating, silently clips storage charging). Cleared before step 1.
        Disable with STEMSEnvironment(patch_t0_double_count=False).
==========================================================================
==========================================================================
[STEMS] PATCHED CityLearn defect 'endogenous_obs_from_simulated_hour'.
        The indoor temperature observation reads the uncontrolled dataset
        value, never the simulated one. State observations now come from
        the simulator's series for the hour the action was applied to.
        Disable with STEMSEnvironment(patch_endogenous_obs=False).
==========================================================================
[ev] 17/72 winter idle     asap    lp           causal cap= 30.0 missed= 11/ 67 unserved=  212.2kWh over=0.072 (77s)
==========================================================================
[STEMS] PATCHED CityLearn defect 'dhw_storage_capacity' on 8/8 buildings.
        Building.update_dhw_storage scales the action by heating_storage.capacity
        (= 0.0 in this schema), making the DHW action a no-op. Now uses dhw_storage.capacity.
        Disable with STEMSEnvironment(patch_dhw=False).
==========================================================================
==========================================================================
[STEMS] PATCHED CityLearn defect 't0_thermal_double_count' on 8/8 buildings.
        reset() books the ideal thermal load at t=0, then the first step
        limits devices to nominal power minus that same load (asserts on
        heating, silently clips storage charging). Cleared before step 1.
        Disable with STEMSEnvironment(patch_t0_double_count=False).
==========================================================================
==========================================================================
[STEMS] PATCHED CityLearn defect 'endogenous_obs_from_simulated_hour'.
        The indoor temperature observation reads the uncontrolled dataset
        value, never the simulated one. State observations now come from
        the simulator's series for the hour the action was applied to.
        Disable with STEMSEnvironment(patch_endogenous_obs=False).
==========================================================================
==========================================================================
[STEMS] PATCHED CityLearn defect 'dhw_storage_capacity' on 8/8 buildings.
        Building.update_dhw_storage scales the action by heating_storage.capacity
        (= 0.0 in this schema), making the DHW action a no-op. Now uses dhw_storage.capacity.
        Disable with STEMSEnvironment(patch_dhw=False).
==========================================================================
==========================================================================
[STEMS] PATCHED CityLearn defect 't0_thermal_double_count' on 8/8 buildings.
        reset() books the ideal thermal load at t=0, then the first step
        limits devices to nominal power minus that same load (asserts on
        heating, silently clips storage charging). Cleared before step 1.
        Disable with STEMSEnvironment(patch_t0_double_count=False).
==========================================================================
==========================================================================
[STEMS] PATCHED CityLearn defect 'endogenous_obs_from_simulated_hour'.
        The indoor temperature observation reads the uncontrolled dataset
        value, never the simulated one. State observations now come from
        the simulator's series for the hour the action was applied to.
        Disable with STEMSEnvironment(patch_endogenous_obs=False).
==========================================================================
==========================================================================
[STEMS] PATCHED CityLearn defect 'dhw_storage_capacity' on 8/8 buildings.
        Building.update_dhw_storage scales the action by heating_storage.capacity
        (= 0.0 in this schema), making the DHW action a no-op. Now uses dhw_storage.capacity.
        Disable with STEMSEnvironment(patch_dhw=False).
==========================================================================
==========================================================================
[STEMS] PATCHED CityLearn defect 't0_thermal_double_count' on 8/8 buildings.
        reset() books the ideal thermal load at t=0, then the first step
        limits devices to nominal power minus that same load (asserts on
        heating, silently clips storage charging). Cleared before step 1.
        Disable with STEMSEnvironment(patch_t0_double_count=False).
==========================================================================
==========================================================================
[STEMS] PATCHED CityLearn defect 'endogenous_obs_from_simulated_hour'.
        The indoor temperature observation reads the uncontrolled dataset
        value, never the simulated one. State observations now come from
        the simulator's series for the hour the action was applied to.
        Disable with STEMSEnvironment(patch_endogenous_obs=False).
==========================================================================
==========================================================================
[STEMS] PATCHED CityLearn defect 'dhw_storage_capacity' on 8/8 buildings.
        Building.update_dhw_storage scales the action by heating_storage.capacity
        (= 0.0 in this schema), making the DHW action a no-op. Now uses dhw_storage.capacity.
        Disable with STEMSEnvironment(patch_dhw=False).
==========================================================================
==========================================================================
[STEMS] PATCHED CityLearn defect 't0_thermal_double_count' on 8/8 buildings.
        reset() books the ideal thermal load at t=0, then the first step
        limits devices to nominal power minus that same load (asserts on
        heating, silently clips storage charging). Cleared before step 1.
        Disable with STEMSEnvironment(patch_t0_double_count=False).
==========================================================================
==========================================================================
[STEMS] PATCHED CityLearn defect 'endogenous_obs_from_simulated_hour'.
        The indoor temperature observation reads the uncontrolled dataset
        value, never the simulated one. State observations now come from
        the simulator's series for the hour the action was applied to.
        Disable with STEMSEnvironment(patch_endogenous_obs=False).
==========================================================================
[ev] 18/72 winter idle     asap    lp           causal cap= 30.0 missed= 13/ 67 unserved=  210.2kWh over=0.075 (76s)
[ev] 19/72 winter idle     none    llf          causal cap= 40.0 missed= 50/ 67 unserved=  572.0kWh over=0.027 (73s)
==========================================================================
[STEMS] PATCHED CityLearn defect 'dhw_storage_capacity' on 8/8 buildings.
        Building.update_dhw_storage scales the action by heating_storage.capacity
        (= 0.0 in this schema), making the DHW action a no-op. Now uses dhw_storage.capacity.
        Disable with STEMSEnvironment(patch_dhw=False).
==========================================================================
==========================================================================
[STEMS] PATCHED CityLearn defect 't0_thermal_double_count' on 8/8 buildings.
        reset() books the ideal thermal load at t=0, then the first step
        limits devices to nominal power minus that same load (asserts on
        heating, silently clips storage charging). Cleared before step 1.
        Disable with STEMSEnvironment(patch_t0_double_count=False).
==========================================================================
==========================================================================
[STEMS] PATCHED CityLearn defect 'endogenous_obs_from_simulated_hour'.
        The indoor temperature observation reads the uncontrolled dataset
        value, never the simulated one. State observations now come from
        the simulator's series for the hour the action was applied to.
        Disable with STEMSEnvironment(patch_endogenous_obs=False).
==========================================================================
==========================================================================
[STEMS] PATCHED CityLearn defect 'dhw_storage_capacity' on 8/8 buildings.
        Building.update_dhw_storage scales the action by heating_storage.capacity
        (= 0.0 in this schema), making the DHW action a no-op. Now uses dhw_storage.capacity.
        Disable with STEMSEnvironment(patch_dhw=False).
==========================================================================
==========================================================================
[STEMS] PATCHED CityLearn defect 't0_thermal_double_count' on 8/8 buildings.
        reset() books the ideal thermal load at t=0, then the first step
        limits devices to nominal power minus that same load (asserts on
        heating, silently clips storage charging). Cleared before step 1.
        Disable with STEMSEnvironment(patch_t0_double_count=False).
==========================================================================
==========================================================================
[STEMS] PATCHED CityLearn defect 'endogenous_obs_from_simulated_hour'.
        The indoor temperature observation reads the uncontrolled dataset
        value, never the simulated one. State observations now come from
        the simulator's series for the hour the action was applied to.
        Disable with STEMSEnvironment(patch_endogenous_obs=False).
==========================================================================
==========================================================================
[STEMS] PATCHED CityLearn defect 'dhw_storage_capacity' on 8/8 buildings.
        Building.update_dhw_storage scales the action by heating_storage.capacity
        (= 0.0 in this schema), making the DHW action a no-op. Now uses dhw_storage.capacity.
        Disable with STEMSEnvironment(patch_dhw=False).
==========================================================================
==========================================================================
[STEMS] PATCHED CityLearn defect 't0_thermal_double_count' on 8/8 buildings.
        reset() books the ideal thermal load at t=0, then the first step
        limits devices to nominal power minus that same load (asserts on
        heating, silently clips storage charging). Cleared before step 1.
        Disable with STEMSEnvironment(patch_t0_double_count=False).
==========================================================================
==========================================================================
[STEMS] PATCHED CityLearn defect 'endogenous_obs_from_simulated_hour'.
        The indoor temperature observation reads the uncontrolled dataset
        value, never the simulated one. State observations now come from
        the simulator's series for the hour the action was applied to.
        Disable with STEMSEnvironment(patch_endogenous_obs=False).
==========================================================================
==========================================================================
[STEMS] PATCHED CityLearn defect 'dhw_storage_capacity' on 8/8 buildings.
        Building.update_dhw_storage scales the action by heating_storage.capacity
        (= 0.0 in this schema), making the DHW action a no-op. Now uses dhw_storage.capacity.
        Disable with STEMSEnvironment(patch_dhw=False).
==========================================================================
==========================================================================
[STEMS] PATCHED CityLearn defect 't0_thermal_double_count' on 8/8 buildings.
        reset() books the ideal thermal load at t=0, then the first step
        limits devices to nominal power minus that same load (asserts on
        heating, silently clips storage charging). Cleared before step 1.
        Disable with STEMSEnvironment(patch_t0_double_count=False).
==========================================================================
==========================================================================
[STEMS] PATCHED CityLearn defect 'endogenous_obs_from_simulated_hour'.
        The indoor temperature observation reads the uncontrolled dataset
        value, never the simulated one. State observations now come from
        the simulator's series for the hour the action was applied to.
        Disable with STEMSEnvironment(patch_endogenous_obs=False).
==========================================================================
[ev] 20/72 winter idle     none    llf          causal cap= 40.0 missed= 46/ 67 unserved=  406.1kWh over=0.027 (73s)
==========================================================================
[STEMS] PATCHED CityLearn defect 'dhw_storage_capacity' on 8/8 buildings.
        Building.update_dhw_storage scales the action by heating_storage.capacity
        (= 0.0 in this schema), making the DHW action a no-op. Now uses dhw_storage.capacity.
        Disable with STEMSEnvironment(patch_dhw=False).
==========================================================================
==========================================================================
[STEMS] PATCHED CityLearn defect 't0_thermal_double_count' on 8/8 buildings.
        reset() books the ideal thermal load at t=0, then the first step
        limits devices to nominal power minus that same load (asserts on
        heating, silently clips storage charging). Cleared before step 1.
        Disable with STEMSEnvironment(patch_t0_double_count=False).
==========================================================================
==========================================================================
[STEMS] PATCHED CityLearn defect 'endogenous_obs_from_simulated_hour'.
        The indoor temperature observation reads the uncontrolled dataset
        value, never the simulated one. State observations now come from
        the simulator's series for the hour the action was applied to.
        Disable with STEMSEnvironment(patch_endogenous_obs=False).
==========================================================================
==========================================================================
[STEMS] PATCHED CityLearn defect 'dhw_storage_capacity' on 8/8 buildings.
        Building.update_dhw_storage scales the action by heating_storage.capacity
        (= 0.0 in this schema), making the DHW action a no-op. Now uses dhw_storage.capacity.
        Disable with STEMSEnvironment(patch_dhw=False).
==========================================================================
==========================================================================
[STEMS] PATCHED CityLearn defect 't0_thermal_double_count' on 8/8 buildings.
        reset() books the ideal thermal load at t=0, then the first step
        limits devices to nominal power minus that same load (asserts on
        heating, silently clips storage charging). Cleared before step 1.
        Disable with STEMSEnvironment(patch_t0_double_count=False).
==========================================================================
==========================================================================
[STEMS] PATCHED CityLearn defect 'endogenous_obs_from_simulated_hour'.
        The indoor temperature observation reads the uncontrolled dataset
        value, never the simulated one. State observations now come from
        the simulator's series for the hour the action was applied to.
        Disable with STEMSEnvironment(patch_endogenous_obs=False).
==========================================================================
==========================================================================
[STEMS] PATCHED CityLearn defect 'dhw_storage_capacity' on 8/8 buildings.
        Building.update_dhw_storage scales the action by heating_storage.capacity
        (= 0.0 in this schema), making the DHW action a no-op. Now uses dhw_storage.capacity.
        Disable with STEMSEnvironment(patch_dhw=False).
==========================================================================
==========================================================================
[STEMS] PATCHED CityLearn defect 't0_thermal_double_count' on 8/8 buildings.
        reset() books the ideal thermal load at t=0, then the first step
        limits devices to nominal power minus that same load (asserts on
        heating, silently clips storage charging). Cleared before step 1.
        Disable with STEMSEnvironment(patch_t0_double_count=False).
==========================================================================
==========================================================================
[STEMS] PATCHED CityLearn defect 'endogenous_obs_from_simulated_hour'.
        The indoor temperature observation reads the uncontrolled dataset
        value, never the simulated one. State observations now come from
        the simulator's series for the hour the action was applied to.
        Disable with STEMSEnvironment(patch_endogenous_obs=False).
==========================================================================
==========================================================================
[STEMS] PATCHED CityLearn defect 'dhw_storage_capacity' on 8/8 buildings.
        Building.update_dhw_storage scales the action by heating_storage.capacity
        (= 0.0 in this schema), making the DHW action a no-op. Now uses dhw_storage.capacity.
        Disable with STEMSEnvironment(patch_dhw=False).
==========================================================================
==========================================================================
[STEMS] PATCHED CityLearn defect 't0_thermal_double_count' on 8/8 buildings.
        reset() books the ideal thermal load at t=0, then the first step
        limits devices to nominal power minus that same load (asserts on
        heating, silently clips storage charging). Cleared before step 1.
        Disable with STEMSEnvironment(patch_t0_double_count=False).
==========================================================================
==========================================================================
[STEMS] PATCHED CityLearn defect 'endogenous_obs_from_simulated_hour'.
        The indoor temperature observation reads the uncontrolled dataset
        value, never the simulated one. State observations now come from
        the simulator's series for the hour the action was applied to.
        Disable with STEMSEnvironment(patch_endogenous_obs=False).
==========================================================================
[ev] 21/72 winter idle     none    llf          causal cap= 40.0 missed= 37/ 67 unserved=  278.0kWh over=0.027 (125s)
[ev] 22/72 winter idle     none    llf          causal cap= 35.0 missed= 52/ 67 unserved=  746.0kWh over=0.036 (125s)
[ev] 23/72 winter idle     none    llf          causal cap= 35.0 missed= 43/ 67 unserved=  479.4kWh over=0.039 (125s)
[ev] 24/72 winter idle     none    llf          causal cap= 35.0 missed= 50/ 67 unserved=  598.5kWh over=0.042 (132s)
[ev] 25/72 winter idle     none    llf          causal cap= 30.0 missed= 55/ 67 unserved=  934.1kWh over=0.051 (130s)
[ev] 26/72 winter idle     none    llf          causal cap= 30.0 missed= 50/ 67 unserved=  813.1kWh over=0.051 (91s)
[ev] 27/72 winter idle     none    llf          causal cap= 30.0 missed= 49/ 67 unserved=  713.8kWh over=0.051 (95s)
[ev] 28/72 winter idle     none    lp           causal cap= 40.0 missed= 18/ 67 unserved=  124.7kWh over=0.021 (96s)
[ev] 29/72 winter idle     none    lp           causal cap= 40.0 missed= 18/ 67 unserved=  145.0kWh over=0.021 (97s)
[ev] 30/72 winter idle     none    lp           causal cap= 40.0 missed= 27/ 67 unserved=  199.3kWh over=0.021 (106s)
[ev] 31/72 winter idle     none    lp           causal cap= 35.0 missed= 28/ 67 unserved=  267.1kWh over=0.036 (106s)
[ev] 32/72 winter idle     none    lp           causal cap= 35.0 missed= 25/ 67 unserved=  224.2kWh over=0.036 (102s)
[ev] 33/72 winter idle     none    lp           causal cap= 35.0 missed= 18/ 67 unserved=  206.0kWh over=0.036 (102s)
[ev] 34/72 winter idle     none    lp           causal cap= 30.0 missed= 36/ 67 unserved=  373.2kWh over=0.054 (106s)
[ev] 35/72 winter idle     none    lp           causal cap= 30.0 missed= 28/ 67 unserved=  337.4kWh over=0.057 (107s)
==========================================================================
[STEMS] PATCHED CityLearn defect 'dhw_storage_capacity' on 8/8 buildings.
        Building.update_dhw_storage scales the action by heating_storage.capacity
        (= 0.0 in this schema), making the DHW action a no-op. Now uses dhw_storage.capacity.
        Disable with STEMSEnvironment(patch_dhw=False).
==========================================================================
==========================================================================
[STEMS] PATCHED CityLearn defect 't0_thermal_double_count' on 8/8 buildings.
        reset() books the ideal thermal load at t=0, then the first step
        limits devices to nominal power minus that same load (asserts on
        heating, silently clips storage charging). Cleared before step 1.
        Disable with STEMSEnvironment(patch_t0_double_count=False).
==========================================================================
==========================================================================
[STEMS] PATCHED CityLearn defect 'endogenous_obs_from_simulated_hour'.
        The indoor temperature observation reads the uncontrolled dataset
        value, never the simulated one. State observations now come from
        the simulator's series for the hour the action was applied to.
        Disable with STEMSEnvironment(patch_endogenous_obs=False).
==========================================================================
==========================================================================
[STEMS] PATCHED CityLearn defect 'dhw_storage_capacity' on 8/8 buildings.
        Building.update_dhw_storage scales the action by heating_storage.capacity
        (= 0.0 in this schema), making the DHW action a no-op. Now uses dhw_storage.capacity.
        Disable with STEMSEnvironment(patch_dhw=False).
==========================================================================
==========================================================================
[STEMS] PATCHED CityLearn defect 't0_thermal_double_count' on 8/8 buildings.
        reset() books the ideal thermal load at t=0, then the first step
        limits devices to nominal power minus that same load (asserts on
        heating, silently clips storage charging). Cleared before step 1.
        Disable with STEMSEnvironment(patch_t0_double_count=False).
==========================================================================
==========================================================================
[STEMS] PATCHED CityLearn defect 'endogenous_obs_from_simulated_hour'.
        The indoor temperature observation reads the uncontrolled dataset
        value, never the simulated one. State observations now come from
        the simulator's series for the hour the action was applied to.
        Disable with STEMSEnvironment(patch_endogenous_obs=False).
==========================================================================
==========================================================================
[STEMS] PATCHED CityLearn defect 'dhw_storage_capacity' on 8/8 buildings.
        Building.update_dhw_storage scales the action by heating_storage.capacity
        (= 0.0 in this schema), making the DHW action a no-op. Now uses dhw_storage.capacity.
        Disable with STEMSEnvironment(patch_dhw=False).
==========================================================================
==========================================================================
[STEMS] PATCHED CityLearn defect 't0_thermal_double_count' on 8/8 buildings.
        reset() books the ideal thermal load at t=0, then the first step
        limits devices to nominal power minus that same load (asserts on
        heating, silently clips storage charging). Cleared before step 1.
        Disable with STEMSEnvironment(patch_t0_double_count=False).
==========================================================================
==========================================================================
[STEMS] PATCHED CityLearn defect 'endogenous_obs_from_simulated_hour'.
        The indoor temperature observation reads the uncontrolled dataset
        value, never the simulated one. State observations now come from
        the simulator's series for the hour the action was applied to.
        Disable with STEMSEnvironment(patch_endogenous_obs=False).
==========================================================================
==========================================================================
[STEMS] PATCHED CityLearn defect 'dhw_storage_capacity' on 8/8 buildings.
        Building.update_dhw_storage scales the action by heating_storage.capacity
        (= 0.0 in this schema), making the DHW action a no-op. Now uses dhw_storage.capacity.
        Disable with STEMSEnvironment(patch_dhw=False).
==========================================================================
==========================================================================
[STEMS] PATCHED CityLearn defect 't0_thermal_double_count' on 8/8 buildings.
        reset() books the ideal thermal load at t=0, then the first step
        limits devices to nominal power minus that same load (asserts on
        heating, silently clips storage charging). Cleared before step 1.
        Disable with STEMSEnvironment(patch_t0_double_count=False).
==========================================================================
==========================================================================
[STEMS] PATCHED CityLearn defect 'endogenous_obs_from_simulated_hour'.
        The indoor temperature observation reads the uncontrolled dataset
        value, never the simulated one. State observations now come from
        the simulator's series for the hour the action was applied to.
        Disable with STEMSEnvironment(patch_endogenous_obs=False).
==========================================================================
[ev] 36/72 summer idle     asap    llf          causal cap= 40.0 missed=  0/ 67 unserved=    0.0kWh over=0.012 (84s)
==========================================================================
[STEMS] PATCHED CityLearn defect 'dhw_storage_capacity' on 8/8 buildings.
        Building.update_dhw_storage scales the action by heating_storage.capacity
        (= 0.0 in this schema), making the DHW action a no-op. Now uses dhw_storage.capacity.
        Disable with STEMSEnvironment(patch_dhw=False).
==========================================================================
==========================================================================
[STEMS] PATCHED CityLearn defect 't0_thermal_double_count' on 8/8 buildings.
        reset() books the ideal thermal load at t=0, then the first step
        limits devices to nominal power minus that same load (asserts on
        heating, silently clips storage charging). Cleared before step 1.
        Disable with STEMSEnvironment(patch_t0_double_count=False).
==========================================================================
==========================================================================
[STEMS] PATCHED CityLearn defect 'endogenous_obs_from_simulated_hour'.
        The indoor temperature observation reads the uncontrolled dataset
        value, never the simulated one. State observations now come from
        the simulator's series for the hour the action was applied to.
        Disable with STEMSEnvironment(patch_endogenous_obs=False).
==========================================================================
==========================================================================
[STEMS] PATCHED CityLearn defect 'dhw_storage_capacity' on 8/8 buildings.
        Building.update_dhw_storage scales the action by heating_storage.capacity
        (= 0.0 in this schema), making the DHW action a no-op. Now uses dhw_storage.capacity.
        Disable with STEMSEnvironment(patch_dhw=False).
==========================================================================
==========================================================================
[STEMS] PATCHED CityLearn defect 't0_thermal_double_count' on 8/8 buildings.
        reset() books the ideal thermal load at t=0, then the first step
        limits devices to nominal power minus that same load (asserts on
        heating, silently clips storage charging). Cleared before step 1.
        Disable with STEMSEnvironment(patch_t0_double_count=False).
==========================================================================
==========================================================================
[STEMS] PATCHED CityLearn defect 'endogenous_obs_from_simulated_hour'.
        The indoor temperature observation reads the uncontrolled dataset
        value, never the simulated one. State observations now come from
        the simulator's series for the hour the action was applied to.
        Disable with STEMSEnvironment(patch_endogenous_obs=False).
==========================================================================
==========================================================================
[STEMS] PATCHED CityLearn defect 'dhw_storage_capacity' on 8/8 buildings.
        Building.update_dhw_storage scales the action by heating_storage.capacity
        (= 0.0 in this schema), making the DHW action a no-op. Now uses dhw_storage.capacity.
        Disable with STEMSEnvironment(patch_dhw=False).
==========================================================================
==========================================================================
[STEMS] PATCHED CityLearn defect 't0_thermal_double_count' on 8/8 buildings.
        reset() books the ideal thermal load at t=0, then the first step
        limits devices to nominal power minus that same load (asserts on
        heating, silently clips storage charging). Cleared before step 1.
        Disable with STEMSEnvironment(patch_t0_double_count=False).
==========================================================================
==========================================================================
[STEMS] PATCHED CityLearn defect 'endogenous_obs_from_simulated_hour'.
        The indoor temperature observation reads the uncontrolled dataset
        value, never the simulated one. State observations now come from
        the simulator's series for the hour the action was applied to.
        Disable with STEMSEnvironment(patch_endogenous_obs=False).
==========================================================================
==========================================================================
[STEMS] PATCHED CityLearn defect 'dhw_storage_capacity' on 8/8 buildings.
        Building.update_dhw_storage scales the action by heating_storage.capacity
        (= 0.0 in this schema), making the DHW action a no-op. Now uses dhw_storage.capacity.
        Disable with STEMSEnvironment(patch_dhw=False).
==========================================================================
==========================================================================
[STEMS] PATCHED CityLearn defect 't0_thermal_double_count' on 8/8 buildings.
        reset() books the ideal thermal load at t=0, then the first step
        limits devices to nominal power minus that same load (asserts on
        heating, silently clips storage charging). Cleared before step 1.
        Disable with STEMSEnvironment(patch_t0_double_count=False).
==========================================================================
==========================================================================
[STEMS] PATCHED CityLearn defect 'endogenous_obs_from_simulated_hour'.
        The indoor temperature observation reads the uncontrolled dataset
        value, never the simulated one. State observations now come from
        the simulator's series for the hour the action was applied to.
        Disable with STEMSEnvironment(patch_endogenous_obs=False).
==========================================================================
[ev] 37/72 winter idle     none    lp           causal cap= 30.0 missed= 29/ 67 unserved=  313.8kWh over=0.060 (91s)
[ev] 38/72 summer idle     asap    llf          causal cap= 40.0 missed=  0/ 67 unserved=    0.0kWh over=0.012 (83s)
==========================================================================
[STEMS] PATCHED CityLearn defect 'dhw_storage_capacity' on 8/8 buildings.
        Building.update_dhw_storage scales the action by heating_storage.capacity
        (= 0.0 in this schema), making the DHW action a no-op. Now uses dhw_storage.capacity.
        Disable with STEMSEnvironment(patch_dhw=False).
==========================================================================
==========================================================================
[STEMS] PATCHED CityLearn defect 't0_thermal_double_count' on 8/8 buildings.
        reset() books the ideal thermal load at t=0, then the first step
        limits devices to nominal power minus that same load (asserts on
        heating, silently clips storage charging). Cleared before step 1.
        Disable with STEMSEnvironment(patch_t0_double_count=False).
==========================================================================
==========================================================================
[STEMS] PATCHED CityLearn defect 'endogenous_obs_from_simulated_hour'.
        The indoor temperature observation reads the uncontrolled dataset
        value, never the simulated one. State observations now come from
        the simulator's series for the hour the action was applied to.
        Disable with STEMSEnvironment(patch_endogenous_obs=False).
==========================================================================
==========================================================================
[STEMS] PATCHED CityLearn defect 'dhw_storage_capacity' on 8/8 buildings.
        Building.update_dhw_storage scales the action by heating_storage.capacity
        (= 0.0 in this schema), making the DHW action a no-op. Now uses dhw_storage.capacity.
        Disable with STEMSEnvironment(patch_dhw=False).
==========================================================================
==========================================================================
[STEMS] PATCHED CityLearn defect 't0_thermal_double_count' on 8/8 buildings.
        reset() books the ideal thermal load at t=0, then the first step
        limits devices to nominal power minus that same load (asserts on
        heating, silently clips storage charging). Cleared before step 1.
        Disable with STEMSEnvironment(patch_t0_double_count=False).
==========================================================================
==========================================================================
[STEMS] PATCHED CityLearn defect 'endogenous_obs_from_simulated_hour'.
        The indoor temperature observation reads the uncontrolled dataset
        value, never the simulated one. State observations now come from
        the simulator's series for the hour the action was applied to.
        Disable with STEMSEnvironment(patch_endogenous_obs=False).
==========================================================================
==========================================================================
[STEMS] PATCHED CityLearn defect 'dhw_storage_capacity' on 8/8 buildings.
        Building.update_dhw_storage scales the action by heating_storage.capacity
        (= 0.0 in this schema), making the DHW action a no-op. Now uses dhw_storage.capacity.
        Disable with STEMSEnvironment(patch_dhw=False).
==========================================================================
==========================================================================
[STEMS] PATCHED CityLearn defect 't0_thermal_double_count' on 8/8 buildings.
        reset() books the ideal thermal load at t=0, then the first step
        limits devices to nominal power minus that same load (asserts on
        heating, silently clips storage charging). Cleared before step 1.
        Disable with STEMSEnvironment(patch_t0_double_count=False).
==========================================================================
==========================================================================
[STEMS] PATCHED CityLearn defect 'endogenous_obs_from_simulated_hour'.
        The indoor temperature observation reads the uncontrolled dataset
        value, never the simulated one. State observations now come from
        the simulator's series for the hour the action was applied to.
        Disable with STEMSEnvironment(patch_endogenous_obs=False).
==========================================================================
==========================================================================
[STEMS] PATCHED CityLearn defect 'dhw_storage_capacity' on 8/8 buildings.
        Building.update_dhw_storage scales the action by heating_storage.capacity
        (= 0.0 in this schema), making the DHW action a no-op. Now uses dhw_storage.capacity.
        Disable with STEMSEnvironment(patch_dhw=False).
==========================================================================
==========================================================================
[STEMS] PATCHED CityLearn defect 't0_thermal_double_count' on 8/8 buildings.
        reset() books the ideal thermal load at t=0, then the first step
        limits devices to nominal power minus that same load (asserts on
        heating, silently clips storage charging). Cleared before step 1.
        Disable with STEMSEnvironment(patch_t0_double_count=False).
==========================================================================
==========================================================================
[STEMS] PATCHED CityLearn defect 'endogenous_obs_from_simulated_hour'.
        The indoor temperature observation reads the uncontrolled dataset
        value, never the simulated one. State observations now come from
        the simulator's series for the hour the action was applied to.
        Disable with STEMSEnvironment(patch_endogenous_obs=False).
==========================================================================
[ev] 39/72 summer idle     asap    llf          causal cap= 40.0 missed=  0/ 67 unserved=    0.0kWh over=0.012 (84s)==========================================================================
[STEMS] PATCHED CityLearn defect 'dhw_storage_capacity' on 8/8 buildings.
        Building.update_dhw_storage scales the action by heating_storage.capacity
        (= 0.0 in this schema), making the DHW action a no-op. Now uses dhw_storage.capacity.
        Disable with STEMSEnvironment(patch_dhw=False).
==========================================================================
==========================================================================
[STEMS] PATCHED CityLearn defect 't0_thermal_double_count' on 8/8 buildings.
        reset() books the ideal thermal load at t=0, then the first step
        limits devices to nominal power minus that same load (asserts on
        heating, silently clips storage charging). Cleared before step 1.
        Disable with STEMSEnvironment(patch_t0_double_count=False).
==========================================================================
==========================================================================
[STEMS] PATCHED CityLearn defect 'endogenous_obs_from_simulated_hour'.
        The indoor temperature observation reads the uncontrolled dataset
        value, never the simulated one. State observations now come from
        the simulator's series for the hour the action was applied to.
        Disable with STEMSEnvironment(patch_endogenous_obs=False).
==========================================================================
==========================================================================
[STEMS] PATCHED CityLearn defect 'dhw_storage_capacity' on 8/8 buildings.
        Building.update_dhw_storage scales the action by heating_storage.capacity
        (= 0.0 in this schema), making the DHW action a no-op. Now uses dhw_storage.capacity.
        Disable with STEMSEnvironment(patch_dhw=False).
==========================================================================
==========================================================================
[STEMS] PATCHED CityLearn defect 't0_thermal_double_count' on 8/8 buildings.
        reset() books the ideal thermal load at t=0, then the first step
        limits devices to nominal power minus that same load (asserts on
        heating, silently clips storage charging). Cleared before step 1.
        Disable with STEMSEnvironment(patch_t0_double_count=False).
==========================================================================
==========================================================================
[STEMS] PATCHED CityLearn defect 'endogenous_obs_from_simulated_hour'.
        The indoor temperature observation reads the uncontrolled dataset
        value, never the simulated one. State observations now come from
        the simulator's series for the hour the action was applied to.
        Disable with STEMSEnvironment(patch_endogenous_obs=False).
==========================================================================
==========================================================================
[STEMS] PATCHED CityLearn defect 'dhw_storage_capacity' on 8/8 buildings.
        Building.update_dhw_storage scales the action by heating_storage.capacity
        (= 0.0 in this schema), making the DHW action a no-op. Now uses dhw_storage.capacity.
        Disable with STEMSEnvironment(patch_dhw=False).
==========================================================================
==========================================================================
[STEMS] PATCHED CityLearn defect 't0_thermal_double_count' on 8/8 buildings.
        reset() books the ideal thermal load at t=0, then the first step
        limits devices to nominal power minus that same load (asserts on
        heating, silently clips storage charging). Cleared before step 1.
        Disable with STEMSEnvironment(patch_t0_double_count=False).
==========================================================================
==========================================================================
[STEMS] PATCHED CityLearn defect 'endogenous_obs_from_simulated_hour'.
        The indoor temperature observation reads the uncontrolled dataset
        value, never the simulated one. State observations now come from
        the simulator's series for the hour the action was applied to.
        Disable with STEMSEnvironment(patch_endogenous_obs=False).
==========================================================================
==========================================================================
[STEMS] PATCHED CityLearn defect 'dhw_storage_capacity' on 8/8 buildings.
        Building.update_dhw_storage scales the action by heating_storage.capacity
        (= 0.0 in this schema), making the DHW action a no-op. Now uses dhw_storage.capacity.
        Disable with STEMSEnvironment(patch_dhw=False).
==========================================================================
==========================================================================
[STEMS] PATCHED CityLearn defect 't0_thermal_double_count' on 8/8 buildings.
        reset() books the ideal thermal load at t=0, then the first step
        limits devices to nominal power minus that same load (asserts on
        heating, silently clips storage charging). Cleared before step 1.
        Disable with STEMSEnvironment(patch_t0_double_count=False).
==========================================================================
==========================================================================
[STEMS] PATCHED CityLearn defect 'endogenous_obs_from_simulated_hour'.
        The indoor temperature observation reads the uncontrolled dataset
        value, never the simulated one. State observations now come from
        the simulator's series for the hour the action was applied to.
        Disable with STEMSEnvironment(patch_endogenous_obs=False).
==========================================================================

==========================================================================
[STEMS] PATCHED CityLearn defect 'dhw_storage_capacity' on 8/8 buildings.
        Building.update_dhw_storage scales the action by heating_storage.capacity
        (= 0.0 in this schema), making the DHW action a no-op. Now uses dhw_storage.capacity.
        Disable with STEMSEnvironment(patch_dhw=False).
==========================================================================
==========================================================================
[STEMS] PATCHED CityLearn defect 't0_thermal_double_count' on 8/8 buildings.
        reset() books the ideal thermal load at t=0, then the first step
        limits devices to nominal power minus that same load (asserts on
        heating, silently clips storage charging). Cleared before step 1.
        Disable with STEMSEnvironment(patch_t0_double_count=False).
==========================================================================
==========================================================================
[STEMS] PATCHED CityLearn defect 'endogenous_obs_from_simulated_hour'.
        The indoor temperature observation reads the uncontrolled dataset
        value, never the simulated one. State observations now come from
        the simulator's series for the hour the action was applied to.
        Disable with STEMSEnvironment(patch_endogenous_obs=False).
==========================================================================
==========================================================================
[STEMS] PATCHED CityLearn defect 'dhw_storage_capacity' on 8/8 buildings.
        Building.update_dhw_storage scales the action by heating_storage.capacity
        (= 0.0 in this schema), making the DHW action a no-op. Now uses dhw_storage.capacity.
        Disable with STEMSEnvironment(patch_dhw=False).
==========================================================================
==========================================================================
[STEMS] PATCHED CityLearn defect 't0_thermal_double_count' on 8/8 buildings.
        reset() books the ideal thermal load at t=0, then the first step
        limits devices to nominal power minus that same load (asserts on
        heating, silently clips storage charging). Cleared before step 1.
        Disable with STEMSEnvironment(patch_t0_double_count=False).
==========================================================================
==========================================================================
[STEMS] PATCHED CityLearn defect 'endogenous_obs_from_simulated_hour'.
        The indoor temperature observation reads the uncontrolled dataset
        value, never the simulated one. State observations now come from
        the simulator's series for the hour the action was applied to.
        Disable with STEMSEnvironment(patch_endogenous_obs=False).
==========================================================================
==========================================================================
[STEMS] PATCHED CityLearn defect 'dhw_storage_capacity' on 8/8 buildings.
        Building.update_dhw_storage scales the action by heating_storage.capacity
        (= 0.0 in this schema), making the DHW action a no-op. Now uses dhw_storage.capacity.
        Disable with STEMSEnvironment(patch_dhw=False).
==========================================================================
==========================================================================
[STEMS] PATCHED CityLearn defect 't0_thermal_double_count' on 8/8 buildings.
        reset() books the ideal thermal load at t=0, then the first step
        limits devices to nominal power minus that same load (asserts on
        heating, silently clips storage charging). Cleared before step 1.
        Disable with STEMSEnvironment(patch_t0_double_count=False).
==========================================================================
==========================================================================
[STEMS] PATCHED CityLearn defect 'endogenous_obs_from_simulated_hour'.
        The indoor temperature observation reads the uncontrolled dataset
        value, never the simulated one. State observations now come from
        the simulator's series for the hour the action was applied to.
        Disable with STEMSEnvironment(patch_endogenous_obs=False).
==========================================================================
==========================================================================
[STEMS] PATCHED CityLearn defect 'dhw_storage_capacity' on 8/8 buildings.
        Building.update_dhw_storage scales the action by heating_storage.capacity
        (= 0.0 in this schema), making the DHW action a no-op. Now uses dhw_storage.capacity.
        Disable with STEMSEnvironment(patch_dhw=False).
==========================================================================
==========================================================================
[STEMS] PATCHED CityLearn defect 't0_thermal_double_count' on 8/8 buildings.
        reset() books the ideal thermal load at t=0, then the first step
        limits devices to nominal power minus that same load (asserts on
        heating, silently clips storage charging). Cleared before step 1.
        Disable with STEMSEnvironment(patch_t0_double_count=False).
==========================================================================
==========================================================================
[STEMS] PATCHED CityLearn defect 'endogenous_obs_from_simulated_hour'.
        The indoor temperature observation reads the uncontrolled dataset
        value, never the simulated one. State observations now come from
        the simulator's series for the hour the action was applied to.
        Disable with STEMSEnvironment(patch_endogenous_obs=False).
==========================================================================
[ev] 40/72 summer idle     asap    llf          causal cap= 35.0 missed=  0/ 67 unserved=    0.0kWh over=0.018 (83s)
[ev] 41/72 summer idle     asap    llf          causal cap= 35.0 missed=  0/ 67 unserved=    0.0kWh over=0.018 (104s)
[ev] 42/72 summer idle     asap    llf          causal cap= 30.0 missed=  0/ 67 unserved=    0.0kWh over=0.030 (102s)
[ev] 43/72 summer idle     asap    llf          causal cap= 35.0 missed=  0/ 67 unserved=    0.0kWh over=0.018 (107s)
[ev] 44/72 summer idle     asap    llf          causal cap= 30.0 missed=  0/ 67 unserved=    0.0kWh over=0.030 (105s)
[ev] 45/72 summer idle     asap    llf          causal cap= 30.0 missed=  0/ 67 unserved=    0.0kWh over=0.030 (119s)
[ev] 46/72 summer idle     asap    lp           causal cap= 40.0 missed=  0/ 67 unserved=    0.0kWh over=0.018 (79s)
[ev] 47/72 summer idle     asap    lp           causal cap= 40.0 missed=  0/ 67 unserved=    0.0kWh over=0.018 (74s)
[ev] 48/72 summer idle     asap    lp           causal cap= 40.0 missed=  0/ 67 unserved=    0.0kWh over=0.018 (77s)
[ev] 49/72 summer idle     asap    lp           causal cap= 35.0 missed=  0/ 67 unserved=    0.0kWh over=0.018 (73s)
[ev] 50/72 summer idle     asap    lp           causal cap= 35.0 missed=  0/ 67 unserved=    0.0kWh over=0.018 (76s)
[ev] 51/72 summer idle     asap    lp           causal cap= 35.0 missed=  0/ 67 unserved=    0.0kWh over=0.018 (67s)
[ev] 52/72 summer idle     asap    lp           causal cap= 30.0 missed=  0/ 67 unserved=    0.0kWh over=0.030 (70s)
[ev] 53/72 summer idle     asap    lp           causal cap= 30.0 missed=  0/ 67 unserved=    0.0kWh over=0.030 (75s)
[ev] 54/72 summer idle     asap    lp           causal cap= 30.0 missed=  0/ 67 unserved=    0.0kWh over=0.030 (75s)
[ev] 55/72 summer idle     none    llf          causal cap= 40.0 missed= 27/ 67 unserved=  100.1kWh over=0.009 (76s)
==========================================================================
[STEMS] PATCHED CityLearn defect 'dhw_storage_capacity' on 8/8 buildings.
        Building.update_dhw_storage scales the action by heating_storage.capacity
        (= 0.0 in this schema), making the DHW action a no-op. Now uses dhw_storage.capacity.
        Disable with STEMSEnvironment(patch_dhw=False).
==========================================================================
==========================================================================
[STEMS] PATCHED CityLearn defect 't0_thermal_double_count' on 8/8 buildings.
        reset() books the ideal thermal load at t=0, then the first step
        limits devices to nominal power minus that same load (asserts on
        heating, silently clips storage charging). Cleared before step 1.
        Disable with STEMSEnvironment(patch_t0_double_count=False).
==========================================================================
==========================================================================
[STEMS] PATCHED CityLearn defect 'endogenous_obs_from_simulated_hour'.
        The indoor temperature observation reads the uncontrolled dataset
        value, never the simulated one. State observations now come from
        the simulator's series for the hour the action was applied to.
        Disable with STEMSEnvironment(patch_endogenous_obs=False).
==========================================================================
==========================================================================
[STEMS] PATCHED CityLearn defect 'dhw_storage_capacity' on 8/8 buildings.
        Building.update_dhw_storage scales the action by heating_storage.capacity
        (= 0.0 in this schema), making the DHW action a no-op. Now uses dhw_storage.capacity.
        Disable with STEMSEnvironment(patch_dhw=False).
==========================================================================
==========================================================================
[STEMS] PATCHED CityLearn defect 't0_thermal_double_count' on 8/8 buildings.
        reset() books the ideal thermal load at t=0, then the first step
        limits devices to nominal power minus that same load (asserts on
        heating, silently clips storage charging). Cleared before step 1.
        Disable with STEMSEnvironment(patch_t0_double_count=False).
==========================================================================
==========================================================================
[STEMS] PATCHED CityLearn defect 'endogenous_obs_from_simulated_hour'.
        The indoor temperature observation reads the uncontrolled dataset
        value, never the simulated one. State observations now come from
        the simulator's series for the hour the action was applied to.
        Disable with STEMSEnvironment(patch_endogenous_obs=False).
==========================================================================
==========================================================================
[STEMS] PATCHED CityLearn defect 'dhw_storage_capacity' on 8/8 buildings.
        Building.update_dhw_storage scales the action by heating_storage.capacity
        (= 0.0 in this schema), making the DHW action a no-op. Now uses dhw_storage.capacity.
        Disable with STEMSEnvironment(patch_dhw=False).
==========================================================================
==========================================================================
[STEMS] PATCHED CityLearn defect 't0_thermal_double_count' on 8/8 buildings.
        reset() books the ideal thermal load at t=0, then the first step
        limits devices to nominal power minus that same load (asserts on
        heating, silently clips storage charging). Cleared before step 1.
        Disable with STEMSEnvironment(patch_t0_double_count=False).
==========================================================================
==========================================================================
[STEMS] PATCHED CityLearn defect 'endogenous_obs_from_simulated_hour'.
        The indoor temperature observation reads the uncontrolled dataset
        value, never the simulated one. State observations now come from
        the simulator's series for the hour the action was applied to.
        Disable with STEMSEnvironment(patch_endogenous_obs=False).
==========================================================================
==========================================================================
[STEMS] PATCHED CityLearn defect 'dhw_storage_capacity' on 8/8 buildings.
        Building.update_dhw_storage scales the action by heating_storage.capacity
        (= 0.0 in this schema), making the DHW action a no-op. Now uses dhw_storage.capacity.
        Disable with STEMSEnvironment(patch_dhw=False).
==========================================================================
==========================================================================
[STEMS] PATCHED CityLearn defect 't0_thermal_double_count' on 8/8 buildings.
        reset() books the ideal thermal load at t=0, then the first step
        limits devices to nominal power minus that same load (asserts on
        heating, silently clips storage charging). Cleared before step 1.
        Disable with STEMSEnvironment(patch_t0_double_count=False).
==========================================================================
==========================================================================
[STEMS] PATCHED CityLearn defect 'endogenous_obs_from_simulated_hour'.
        The indoor temperature observation reads the uncontrolled dataset
        value, never the simulated one. State observations now come from
        the simulator's series for the hour the action was applied to.
        Disable with STEMSEnvironment(patch_endogenous_obs=False).
==========================================================================
[ev] 56/72 summer idle     none    llf          causal cap= 40.0 missed= 12/ 67 unserved=   30.6kWh over=0.003 (76s)
==========================================================================
[STEMS] PATCHED CityLearn defect 'dhw_storage_capacity' on 8/8 buildings.
        Building.update_dhw_storage scales the action by heating_storage.capacity
        (= 0.0 in this schema), making the DHW action a no-op. Now uses dhw_storage.capacity.
        Disable with STEMSEnvironment(patch_dhw=False).
==========================================================================
==========================================================================
[STEMS] PATCHED CityLearn defect 't0_thermal_double_count' on 8/8 buildings.
        reset() books the ideal thermal load at t=0, then the first step
        limits devices to nominal power minus that same load (asserts on
        heating, silently clips storage charging). Cleared before step 1.
        Disable with STEMSEnvironment(patch_t0_double_count=False).
==========================================================================
==========================================================================
[STEMS] PATCHED CityLearn defect 'endogenous_obs_from_simulated_hour'.
        The indoor temperature observation reads the uncontrolled dataset
        value, never the simulated one. State observations now come from
        the simulator's series for the hour the action was applied to.
        Disable with STEMSEnvironment(patch_endogenous_obs=False).
==========================================================================
==========================================================================
[STEMS] PATCHED CityLearn defect 'dhw_storage_capacity' on 8/8 buildings.
        Building.update_dhw_storage scales the action by heating_storage.capacity
        (= 0.0 in this schema), making the DHW action a no-op. Now uses dhw_storage.capacity.
        Disable with STEMSEnvironment(patch_dhw=False).
==========================================================================
==========================================================================
[STEMS] PATCHED CityLearn defect 't0_thermal_double_count' on 8/8 buildings.
        reset() books the ideal thermal load at t=0, then the first step
        limits devices to nominal power minus that same load (asserts on
        heating, silently clips storage charging). Cleared before step 1.
        Disable with STEMSEnvironment(patch_t0_double_count=False).
==========================================================================
==========================================================================
[STEMS] PATCHED CityLearn defect 'endogenous_obs_from_simulated_hour'.
        The indoor temperature observation reads the uncontrolled dataset
        value, never the simulated one. State observations now come from
        the simulator's series for the hour the action was applied to.
        Disable with STEMSEnvironment(patch_endogenous_obs=False).
==========================================================================
==========================================================================
[STEMS] PATCHED CityLearn defect 'dhw_storage_capacity' on 8/8 buildings.
        Building.update_dhw_storage scales the action by heating_storage.capacity
        (= 0.0 in this schema), making the DHW action a no-op. Now uses dhw_storage.capacity.
        Disable with STEMSEnvironment(patch_dhw=False).
==========================================================================
==========================================================================
[STEMS] PATCHED CityLearn defect 't0_thermal_double_count' on 8/8 buildings.
        reset() books the ideal thermal load at t=0, then the first step
        limits devices to nominal power minus that same load (asserts on
        heating, silently clips storage charging). Cleared before step 1.
        Disable with STEMSEnvironment(patch_t0_double_count=False).
==========================================================================
==========================================================================
[STEMS] PATCHED CityLearn defect 'endogenous_obs_from_simulated_hour'.
        The indoor temperature observation reads the uncontrolled dataset
        value, never the simulated one. State observations now come from
        the simulator's series for the hour the action was applied to.
        Disable with STEMSEnvironment(patch_endogenous_obs=False).
==========================================================================
==========================================================================
[STEMS] PATCHED CityLearn defect 'dhw_storage_capacity' on 8/8 buildings.
        Building.update_dhw_storage scales the action by heating_storage.capacity
        (= 0.0 in this schema), making the DHW action a no-op. Now uses dhw_storage.capacity.
        Disable with STEMSEnvironment(patch_dhw=False).
==========================================================================
==========================================================================
[STEMS] PATCHED CityLearn defect 't0_thermal_double_count' on 8/8 buildings.
        reset() books the ideal thermal load at t=0, then the first step
        limits devices to nominal power minus that same load (asserts on
        heating, silently clips storage charging). Cleared before step 1.
        Disable with STEMSEnvironment(patch_t0_double_count=False).
==========================================================================
==========================================================================
[STEMS] PATCHED CityLearn defect 'endogenous_obs_from_simulated_hour'.
        The indoor temperature observation reads the uncontrolled dataset
        value, never the simulated one. State observations now come from
        the simulator's series for the hour the action was applied to.
        Disable with STEMSEnvironment(patch_endogenous_obs=False).
==========================================================================
[ev] 57/72 summer idle     none    llf          causal cap= 40.0 missed=  2/ 67 unserved=    0.6kWh over=0.006 (78s)
==========================================================================
[STEMS] PATCHED CityLearn defect 'dhw_storage_capacity' on 8/8 buildings.
        Building.update_dhw_storage scales the action by heating_storage.capacity
        (= 0.0 in this schema), making the DHW action a no-op. Now uses dhw_storage.capacity.
        Disable with STEMSEnvironment(patch_dhw=False).
==========================================================================
==========================================================================
[STEMS] PATCHED CityLearn defect 't0_thermal_double_count' on 8/8 buildings.
        reset() books the ideal thermal load at t=0, then the first step
        limits devices to nominal power minus that same load (asserts on
        heating, silently clips storage charging). Cleared before step 1.
        Disable with STEMSEnvironment(patch_t0_double_count=False).
==========================================================================
==========================================================================
[STEMS] PATCHED CityLearn defect 'endogenous_obs_from_simulated_hour'.
        The indoor temperature observation reads the uncontrolled dataset
        value, never the simulated one. State observations now come from
        the simulator's series for the hour the action was applied to.
        Disable with STEMSEnvironment(patch_endogenous_obs=False).
==========================================================================
==========================================================================
[STEMS] PATCHED CityLearn defect 'dhw_storage_capacity' on 8/8 buildings.
        Building.update_dhw_storage scales the action by heating_storage.capacity
        (= 0.0 in this schema), making the DHW action a no-op. Now uses dhw_storage.capacity.
        Disable with STEMSEnvironment(patch_dhw=False).
==========================================================================
==========================================================================
[STEMS] PATCHED CityLearn defect 't0_thermal_double_count' on 8/8 buildings.
        reset() books the ideal thermal load at t=0, then the first step
        limits devices to nominal power minus that same load (asserts on
        heating, silently clips storage charging). Cleared before step 1.
        Disable with STEMSEnvironment(patch_t0_double_count=False).
==========================================================================
==========================================================================
[STEMS] PATCHED CityLearn defect 'endogenous_obs_from_simulated_hour'.
        The indoor temperature observation reads the uncontrolled dataset
        value, never the simulated one. State observations now come from
        the simulator's series for the hour the action was applied to.
        Disable with STEMSEnvironment(patch_endogenous_obs=False).
==========================================================================
==========================================================================
[STEMS] PATCHED CityLearn defect 'dhw_storage_capacity' on 8/8 buildings.
        Building.update_dhw_storage scales the action by heating_storage.capacity
        (= 0.0 in this schema), making the DHW action a no-op. Now uses dhw_storage.capacity.
        Disable with STEMSEnvironment(patch_dhw=False).
==========================================================================
==========================================================================
[STEMS] PATCHED CityLearn defect 't0_thermal_double_count' on 8/8 buildings.
        reset() books the ideal thermal load at t=0, then the first step
        limits devices to nominal power minus that same load (asserts on
        heating, silently clips storage charging). Cleared before step 1.
        Disable with STEMSEnvironment(patch_t0_double_count=False).
==========================================================================
==========================================================================
[STEMS] PATCHED CityLearn defect 'endogenous_obs_from_simulated_hour'.
        The indoor temperature observation reads the uncontrolled dataset
        value, never the simulated one. State observations now come from
        the simulator's series for the hour the action was applied to.
        Disable with STEMSEnvironment(patch_endogenous_obs=False).
==========================================================================
==========================================================================
[STEMS] PATCHED CityLearn defect 'dhw_storage_capacity' on 8/8 buildings.
        Building.update_dhw_storage scales the action by heating_storage.capacity
        (= 0.0 in this schema), making the DHW action a no-op. Now uses dhw_storage.capacity.
        Disable with STEMSEnvironment(patch_dhw=False).
==========================================================================
==========================================================================
[STEMS] PATCHED CityLearn defect 't0_thermal_double_count' on 8/8 buildings.
        reset() books the ideal thermal load at t=0, then the first step
        limits devices to nominal power minus that same load (asserts on
        heating, silently clips storage charging). Cleared before step 1.
        Disable with STEMSEnvironment(patch_t0_double_count=False).
==========================================================================
==========================================================================
[STEMS] PATCHED CityLearn defect 'endogenous_obs_from_simulated_hour'.
        The indoor temperature observation reads the uncontrolled dataset
        value, never the simulated one. State observations now come from
        the simulator's series for the hour the action was applied to.
        Disable with STEMSEnvironment(patch_endogenous_obs=False).
==========================================================================
[ev] 58/72 summer idle     none    llf          causal cap= 35.0 missed= 39/ 67 unserved=  182.7kWh over=0.009 (77s)
==========================================================================
[STEMS] PATCHED CityLearn defect 'dhw_storage_capacity' on 8/8 buildings.
        Building.update_dhw_storage scales the action by heating_storage.capacity
        (= 0.0 in this schema), making the DHW action a no-op. Now uses dhw_storage.capacity.
        Disable with STEMSEnvironment(patch_dhw=False).
==========================================================================
==========================================================================
[STEMS] PATCHED CityLearn defect 't0_thermal_double_count' on 8/8 buildings.
        reset() books the ideal thermal load at t=0, then the first step
        limits devices to nominal power minus that same load (asserts on
        heating, silently clips storage charging). Cleared before step 1.
        Disable with STEMSEnvironment(patch_t0_double_count=False).
==========================================================================
==========================================================================
[STEMS] PATCHED CityLearn defect 'endogenous_obs_from_simulated_hour'.
        The indoor temperature observation reads the uncontrolled dataset
        value, never the simulated one. State observations now come from
        the simulator's series for the hour the action was applied to.
        Disable with STEMSEnvironment(patch_endogenous_obs=False).
==========================================================================
==========================================================================
[STEMS] PATCHED CityLearn defect 'dhw_storage_capacity' on 8/8 buildings.
        Building.update_dhw_storage scales the action by heating_storage.capacity
        (= 0.0 in this schema), making the DHW action a no-op. Now uses dhw_storage.capacity.
        Disable with STEMSEnvironment(patch_dhw=False).
==========================================================================
==========================================================================
[STEMS] PATCHED CityLearn defect 't0_thermal_double_count' on 8/8 buildings.
        reset() books the ideal thermal load at t=0, then the first step
        limits devices to nominal power minus that same load (asserts on
        heating, silently clips storage charging). Cleared before step 1.
        Disable with STEMSEnvironment(patch_t0_double_count=False).
==========================================================================
==========================================================================
[STEMS] PATCHED CityLearn defect 'endogenous_obs_from_simulated_hour'.
        The indoor temperature observation reads the uncontrolled dataset
        value, never the simulated one. State observations now come from
        the simulator's series for the hour the action was applied to.
        Disable with STEMSEnvironment(patch_endogenous_obs=False).
==========================================================================
==========================================================================
[STEMS] PATCHED CityLearn defect 'dhw_storage_capacity' on 8/8 buildings.
        Building.update_dhw_storage scales the action by heating_storage.capacity
        (= 0.0 in this schema), making the DHW action a no-op. Now uses dhw_storage.capacity.
        Disable with STEMSEnvironment(patch_dhw=False).
==========================================================================
==========================================================================
[STEMS] PATCHED CityLearn defect 't0_thermal_double_count' on 8/8 buildings.
        reset() books the ideal thermal load at t=0, then the first step
        limits devices to nominal power minus that same load (asserts on
        heating, silently clips storage charging). Cleared before step 1.
        Disable with STEMSEnvironment(patch_t0_double_count=False).
==========================================================================
==========================================================================
[STEMS] PATCHED CityLearn defect 'endogenous_obs_from_simulated_hour'.
        The indoor temperature observation reads the uncontrolled dataset
        value, never the simulated one. State observations now come from
        the simulator's series for the hour the action was applied to.
        Disable with STEMSEnvironment(patch_endogenous_obs=False).
==========================================================================
==========================================================================
[STEMS] PATCHED CityLearn defect 'dhw_storage_capacity' on 8/8 buildings.
        Building.update_dhw_storage scales the action by heating_storage.capacity
        (= 0.0 in this schema), making the DHW action a no-op. Now uses dhw_storage.capacity.
        Disable with STEMSEnvironment(patch_dhw=False).
==========================================================================
==========================================================================
[STEMS] PATCHED CityLearn defect 't0_thermal_double_count' on 8/8 buildings.
        reset() books the ideal thermal load at t=0, then the first step
        limits devices to nominal power minus that same load (asserts on
        heating, silently clips storage charging). Cleared before step 1.
        Disable with STEMSEnvironment(patch_t0_double_count=False).
==========================================================================
==========================================================================
[STEMS] PATCHED CityLearn defect 'endogenous_obs_from_simulated_hour'.
        The indoor temperature observation reads the uncontrolled dataset
        value, never the simulated one. State observations now come from
        the simulator's series for the hour the action was applied to.
        Disable with STEMSEnvironment(patch_endogenous_obs=False).
==========================================================================
[ev] 59/72 summer idle     none    llf          causal cap= 35.0 missed= 20/ 67 unserved=   83.6kWh over=0.003 (74s)
==========================================================================
[STEMS] PATCHED CityLearn defect 'dhw_storage_capacity' on 8/8 buildings.
        Building.update_dhw_storage scales the action by heating_storage.capacity
        (= 0.0 in this schema), making the DHW action a no-op. Now uses dhw_storage.capacity.
        Disable with STEMSEnvironment(patch_dhw=False).
==========================================================================
==========================================================================
[STEMS] PATCHED CityLearn defect 't0_thermal_double_count' on 8/8 buildings.
        reset() books the ideal thermal load at t=0, then the first step
        limits devices to nominal power minus that same load (asserts on
        heating, silently clips storage charging). Cleared before step 1.
        Disable with STEMSEnvironment(patch_t0_double_count=False).
==========================================================================
==========================================================================
[STEMS] PATCHED CityLearn defect 'endogenous_obs_from_simulated_hour'.
        The indoor temperature observation reads the uncontrolled dataset
        value, never the simulated one. State observations now come from
        the simulator's series for the hour the action was applied to.
        Disable with STEMSEnvironment(patch_endogenous_obs=False).
==========================================================================
==========================================================================
[STEMS] PATCHED CityLearn defect 'dhw_storage_capacity' on 8/8 buildings.
        Building.update_dhw_storage scales the action by heating_storage.capacity
        (= 0.0 in this schema), making the DHW action a no-op. Now uses dhw_storage.capacity.
        Disable with STEMSEnvironment(patch_dhw=False).
==========================================================================
==========================================================================
[STEMS] PATCHED CityLearn defect 't0_thermal_double_count' on 8/8 buildings.
        reset() books the ideal thermal load at t=0, then the first step
        limits devices to nominal power minus that same load (asserts on
        heating, silently clips storage charging). Cleared before step 1.
        Disable with STEMSEnvironment(patch_t0_double_count=False).
==========================================================================
==========================================================================
[STEMS] PATCHED CityLearn defect 'endogenous_obs_from_simulated_hour'.
        The indoor temperature observation reads the uncontrolled dataset
        value, never the simulated one. State observations now come from
        the simulator's series for the hour the action was applied to.
        Disable with STEMSEnvironment(patch_endogenous_obs=False).
==========================================================================
==========================================================================
[STEMS] PATCHED CityLearn defect 'dhw_storage_capacity' on 8/8 buildings.
        Building.update_dhw_storage scales the action by heating_storage.capacity
        (= 0.0 in this schema), making the DHW action a no-op. Now uses dhw_storage.capacity.
        Disable with STEMSEnvironment(patch_dhw=False).
==========================================================================
==========================================================================
[STEMS] PATCHED CityLearn defect 't0_thermal_double_count' on 8/8 buildings.
        reset() books the ideal thermal load at t=0, then the first step
        limits devices to nominal power minus that same load (asserts on
        heating, silently clips storage charging). Cleared before step 1.
        Disable with STEMSEnvironment(patch_t0_double_count=False).
==========================================================================
==========================================================================
[STEMS] PATCHED CityLearn defect 'endogenous_obs_from_simulated_hour'.
        The indoor temperature observation reads the uncontrolled dataset
        value, never the simulated one. State observations now come from
        the simulator's series for the hour the action was applied to.
        Disable with STEMSEnvironment(patch_endogenous_obs=False).
==========================================================================
==========================================================================
[STEMS] PATCHED CityLearn defect 'dhw_storage_capacity' on 8/8 buildings.
        Building.update_dhw_storage scales the action by heating_storage.capacity
        (= 0.0 in this schema), making the DHW action a no-op. Now uses dhw_storage.capacity.
        Disable with STEMSEnvironment(patch_dhw=False).
==========================================================================
==========================================================================
[STEMS] PATCHED CityLearn defect 't0_thermal_double_count' on 8/8 buildings.
        reset() books the ideal thermal load at t=0, then the first step
        limits devices to nominal power minus that same load (asserts on
        heating, silently clips storage charging). Cleared before step 1.
        Disable with STEMSEnvironment(patch_t0_double_count=False).
==========================================================================
==========================================================================
[STEMS] PATCHED CityLearn defect 'endogenous_obs_from_simulated_hour'.
        The indoor temperature observation reads the uncontrolled dataset
        value, never the simulated one. State observations now come from
        the simulator's series for the hour the action was applied to.
        Disable with STEMSEnvironment(patch_endogenous_obs=False).
==========================================================================
[ev] 60/72 summer idle     none    llf          causal cap= 35.0 missed= 12/ 67 unserved=   26.5kWh over=0.015 (68s)
[ev] 61/72 summer idle     none    llf          causal cap= 30.0 missed= 48/ 67 unserved=  308.6kWh over=0.018 (107s)
[ev] 62/72 summer idle     none    llf          causal cap= 30.0 missed= 33/ 67 unserved=  175.1kWh over=0.030 (108s)
[ev] 63/72 summer idle     none    llf          causal cap= 30.0 missed= 25/ 67 unserved=  133.4kWh over=0.027 (105s)
[ev] 64/72 summer idle     none    lp           causal cap= 40.0 missed=  8/ 67 unserved=   11.3kWh over=0.003 (109s)
[ev] 65/72 summer idle     none    lp           causal cap= 40.0 missed=  0/ 67 unserved=    0.0kWh over=0.003 (135s)
[ev] 66/72 summer idle     none    lp           causal cap= 40.0 missed=  1/ 67 unserved=    0.1kWh over=0.003 (78s)
[ev] 67/72 summer idle     none    lp           causal cap= 35.0 missed=  1/ 67 unserved=    0.1kWh over=0.006 (71s)
[ev] 68/72 summer idle     none    lp           causal cap= 35.0 missed= 11/ 67 unserved=   14.1kWh over=0.003 (78s)
[ev] 69/72 summer idle     none    lp           causal cap= 35.0 missed=  1/ 67 unserved=    0.2kWh over=0.003 (72s)
[ev] 70/72 summer idle     none    lp           causal cap= 30.0 missed= 12/ 67 unserved=   22.7kWh over=0.018 (55s)
[ev] 71/72 summer idle     none    lp           causal cap= 30.0 missed=  5/ 67 unserved=    3.4kWh over=0.018 (52s)
[ev] 72/72 summer idle     none    lp           causal cap= 30.0 missed=  2/ 67 unserved=    2.7kWh over=0.018 (52s)
==========================================================================
[STEMS] PATCHED CityLearn defect 'dhw_storage_capacity' on 8/8 buildings.
        Building.update_dhw_storage scales the action by heating_storage.capacity
        (= 0.0 in this schema), making the DHW action a no-op. Now uses dhw_storage.capacity.
        Disable with STEMSEnvironment(patch_dhw=False).
==========================================================================
==========================================================================
[STEMS] PATCHED CityLearn defect 't0_thermal_double_count' on 8/8 buildings.
        reset() books the ideal thermal load at t=0, then the first step
        limits devices to nominal power minus that same load (asserts on
        heating, silently clips storage charging). Cleared before step 1.
        Disable with STEMSEnvironment(patch_t0_double_count=False).
==========================================================================
==========================================================================
[STEMS] PATCHED CityLearn defect 'endogenous_obs_from_simulated_hour'.
        The indoor temperature observation reads the uncontrolled dataset
        value, never the simulated one. State observations now come from
        the simulator's series for the hour the action was applied to.
        Disable with STEMSEnvironment(patch_endogenous_obs=False).
==========================================================================
==========================================================================
[STEMS] PATCHED CityLearn defect 'dhw_storage_capacity' on 8/8 buildings.
        Building.update_dhw_storage scales the action by heating_storage.capacity
        (= 0.0 in this schema), making the DHW action a no-op. Now uses dhw_storage.capacity.
        Disable with STEMSEnvironment(patch_dhw=False).
==========================================================================
==========================================================================
[STEMS] PATCHED CityLearn defect 't0_thermal_double_count' on 8/8 buildings.
        reset() books the ideal thermal load at t=0, then the first step
        limits devices to nominal power minus that same load (asserts on
        heating, silently clips storage charging). Cleared before step 1.
        Disable with STEMSEnvironment(patch_t0_double_count=False).
==========================================================================
==========================================================================
[STEMS] PATCHED CityLearn defect 'endogenous_obs_from_simulated_hour'.
        The indoor temperature observation reads the uncontrolled dataset
        value, never the simulated one. State observations now come from
        the simulator's series for the hour the action was applied to.
        Disable with STEMSEnvironment(patch_endogenous_obs=False).
==========================================================================
==========================================================================
[STEMS] PATCHED CityLearn defect 'dhw_storage_capacity' on 8/8 buildings.
        Building.update_dhw_storage scales the action by heating_storage.capacity
        (= 0.0 in this schema), making the DHW action a no-op. Now uses dhw_storage.capacity.
        Disable with STEMSEnvironment(patch_dhw=False).
==========================================================================
==========================================================================
[STEMS] PATCHED CityLearn defect 't0_thermal_double_count' on 8/8 buildings.
        reset() books the ideal thermal load at t=0, then the first step
        limits devices to nominal power minus that same load (asserts on
        heating, silently clips storage charging). Cleared before step 1.
        Disable with STEMSEnvironment(patch_t0_double_count=False).
==========================================================================
==========================================================================
[STEMS] PATCHED CityLearn defect 'endogenous_obs_from_simulated_hour'.
        The indoor temperature observation reads the uncontrolled dataset
        value, never the simulated one. State observations now come from
        the simulator's series for the hour the action was applied to.
        Disable with STEMSEnvironment(patch_endogenous_obs=False).
==========================================================================
==========================================================================
[STEMS] PATCHED CityLearn defect 'dhw_storage_capacity' on 8/8 buildings.
        Building.update_dhw_storage scales the action by heating_storage.capacity
        (= 0.0 in this schema), making the DHW action a no-op. Now uses dhw_storage.capacity.
        Disable with STEMSEnvironment(patch_dhw=False).
==========================================================================
==========================================================================
[STEMS] PATCHED CityLearn defect 't0_thermal_double_count' on 8/8 buildings.
        reset() books the ideal thermal load at t=0, then the first step
        limits devices to nominal power minus that same load (asserts on
        heating, silently clips storage charging). Cleared before step 1.
        Disable with STEMSEnvironment(patch_t0_double_count=False).
==========================================================================
==========================================================================
[STEMS] PATCHED CityLearn defect 'endogenous_obs_from_simulated_hour'.
        The indoor temperature observation reads the uncontrolled dataset
        value, never the simulated one. State observations now come from
        the simulator's series for the hour the action was applied to.
        Disable with STEMSEnvironment(patch_endogenous_obs=False).
==========================================================================
==========================================================================
[STEMS] PATCHED CityLearn defect 'dhw_storage_capacity' on 8/8 buildings.
        Building.update_dhw_storage scales the action by heating_storage.capacity
        (= 0.0 in this schema), making the DHW action a no-op. Now uses dhw_storage.capacity.
        Disable with STEMSEnvironment(patch_dhw=False).
==========================================================================
==========================================================================
[STEMS] PATCHED CityLearn defect 't0_thermal_double_count' on 8/8 buildings.
        reset() books the ideal thermal load at t=0, then the first step
        limits devices to nominal power minus that same load (asserts on
        heating, silently clips storage charging). Cleared before step 1.
        Disable with STEMSEnvironment(patch_t0_double_count=False).
==========================================================================
==========================================================================
[STEMS] PATCHED CityLearn defect 'endogenous_obs_from_simulated_hour'.
        The indoor temperature observation reads the uncontrolled dataset
        value, never the simulated one. State observations now come from
        the simulator's series for the hour the action was applied to.
        Disable with STEMSEnvironment(patch_endogenous_obs=False).
==========================================================================
==========================================================================
[STEMS] PATCHED CityLearn defect 'dhw_storage_capacity' on 8/8 buildings.
        Building.update_dhw_storage scales the action by heating_storage.capacity
        (= 0.0 in this schema), making the DHW action a no-op. Now uses dhw_storage.capacity.
        Disable with STEMSEnvironment(patch_dhw=False).
==========================================================================
==========================================================================
[STEMS] PATCHED CityLearn defect 't0_thermal_double_count' on 8/8 buildings.
        reset() books the ideal thermal load at t=0, then the first step
        limits devices to nominal power minus that same load (asserts on
        heating, silently clips storage charging). Cleared before step 1.
        Disable with STEMSEnvironment(patch_t0_double_count=False).
==========================================================================
==========================================================================
[STEMS] PATCHED CityLearn defect 'endogenous_obs_from_simulated_hour'.
        The indoor temperature observation reads the uncontrolled dataset
        value, never the simulated one. State observations now come from
        the simulator's series for the hour the action was applied to.
        Disable with STEMSEnvironment(patch_endogenous_obs=False).
==========================================================================
==========================================================================
[STEMS] PATCHED CityLearn defect 'dhw_storage_capacity' on 8/8 buildings.
        Building.update_dhw_storage scales the action by heating_storage.capacity
        (= 0.0 in this schema), making the DHW action a no-op. Now uses dhw_storage.capacity.
        Disable with STEMSEnvironment(patch_dhw=False).
==========================================================================
==========================================================================
[STEMS] PATCHED CityLearn defect 't0_thermal_double_count' on 8/8 buildings.
        reset() books the ideal thermal load at t=0, then the first step
        limits devices to nominal power minus that same load (asserts on
        heating, silently clips storage charging). Cleared before step 1.
        Disable with STEMSEnvironment(patch_t0_double_count=False).
==========================================================================
==========================================================================
[STEMS] PATCHED CityLearn defect 'endogenous_obs_from_simulated_hour'.
        The indoor temperature observation reads the uncontrolled dataset
        value, never the simulated one. State observations now come from
        the simulator's series for the hour the action was applied to.
        Disable with STEMSEnvironment(patch_endogenous_obs=False).
==========================================================================
==========================================================================
[STEMS] PATCHED CityLearn defect 'dhw_storage_capacity' on 8/8 buildings.
        Building.update_dhw_storage scales the action by heating_storage.capacity
        (= 0.0 in this schema), making the DHW action a no-op. Now uses dhw_storage.capacity.
        Disable with STEMSEnvironment(patch_dhw=False).
==========================================================================
==========================================================================
[STEMS] PATCHED CityLearn defect 't0_thermal_double_count' on 8/8 buildings.
        reset() books the ideal thermal load at t=0, then the first step
        limits devices to nominal power minus that same load (asserts on
        heating, silently clips storage charging). Cleared before step 1.
        Disable with STEMSEnvironment(patch_t0_double_count=False).
==========================================================================
==========================================================================
[STEMS] PATCHED CityLearn defect 'endogenous_obs_from_simulated_hour'.
        The indoor temperature observation reads the uncontrolled dataset
        value, never the simulated one. State observations now come from
        the simulator's series for the hour the action was applied to.
        Disable with STEMSEnvironment(patch_endogenous_obs=False).
==========================================================================
==========================================================================
[STEMS] PATCHED CityLearn defect 'dhw_storage_capacity' on 8/8 buildings.
        Building.update_dhw_storage scales the action by heating_storage.capacity
        (= 0.0 in this schema), making the DHW action a no-op. Now uses dhw_storage.capacity.
        Disable with STEMSEnvironment(patch_dhw=False).
==========================================================================
==========================================================================
[STEMS] PATCHED CityLearn defect 't0_thermal_double_count' on 8/8 buildings.
        reset() books the ideal thermal load at t=0, then the first step
        limits devices to nominal power minus that same load (asserts on
        heating, silently clips storage charging). Cleared before step 1.
        Disable with STEMSEnvironment(patch_t0_double_count=False).
==========================================================================
==========================================================================
[STEMS] PATCHED CityLearn defect 'endogenous_obs_from_simulated_hour'.
        The indoor temperature observation reads the uncontrolled dataset
        value, never the simulated one. State observations now come from
        the simulator's series for the hour the action was applied to.
        Disable with STEMSEnvironment(patch_endogenous_obs=False).
==========================================================================
==========================================================================
[STEMS] PATCHED CityLearn defect 'dhw_storage_capacity' on 8/8 buildings.
        Building.update_dhw_storage scales the action by heating_storage.capacity
        (= 0.0 in this schema), making the DHW action a no-op. Now uses dhw_storage.capacity.
        Disable with STEMSEnvironment(patch_dhw=False).
==========================================================================
==========================================================================
[STEMS] PATCHED CityLearn defect 't0_thermal_double_count' on 8/8 buildings.
        reset() books the ideal thermal load at t=0, then the first step
        limits devices to nominal power minus that same load (asserts on
        heating, silently clips storage charging). Cleared before step 1.
        Disable with STEMSEnvironment(patch_t0_double_count=False).
==========================================================================
==========================================================================
[STEMS] PATCHED CityLearn defect 'endogenous_obs_from_simulated_hour'.
        The indoor temperature observation reads the uncontrolled dataset
        value, never the simulated one. State observations now come from
        the simulator's series for the hour the action was applied to.
        Disable with STEMSEnvironment(patch_endogenous_obs=False).
==========================================================================
==========================================================================
[STEMS] PATCHED CityLearn defect 'dhw_storage_capacity' on 8/8 buildings.
        Building.update_dhw_storage scales the action by heating_storage.capacity
        (= 0.0 in this schema), making the DHW action a no-op. Now uses dhw_storage.capacity.
        Disable with STEMSEnvironment(patch_dhw=False).
==========================================================================
==========================================================================
[STEMS] PATCHED CityLearn defect 't0_thermal_double_count' on 8/8 buildings.
        reset() books the ideal thermal load at t=0, then the first step
        limits devices to nominal power minus that same load (asserts on
        heating, silently clips storage charging). Cleared before step 1.
        Disable with STEMSEnvironment(patch_t0_double_count=False).
==========================================================================
==========================================================================
[STEMS] PATCHED CityLearn defect 'endogenous_obs_from_simulated_hour'.
        The indoor temperature observation reads the uncontrolled dataset
        value, never the simulated one. State observations now come from
        the simulator's series for the hour the action was applied to.
        Disable with STEMSEnvironment(patch_endogenous_obs=False).
==========================================================================
==========================================================================
[STEMS] PATCHED CityLearn defect 'dhw_storage_capacity' on 8/8 buildings.
        Building.update_dhw_storage scales the action by heating_storage.capacity
        (= 0.0 in this schema), making the DHW action a no-op. Now uses dhw_storage.capacity.
        Disable with STEMSEnvironment(patch_dhw=False).
==========================================================================
==========================================================================
[STEMS] PATCHED CityLearn defect 't0_thermal_double_count' on 8/8 buildings.
        reset() books the ideal thermal load at t=0, then the first step
        limits devices to nominal power minus that same load (asserts on
        heating, silently clips storage charging). Cleared before step 1.
        Disable with STEMSEnvironment(patch_t0_double_count=False).
==========================================================================
==========================================================================
[STEMS] PATCHED CityLearn defect 'endogenous_obs_from_simulated_hour'.
        The indoor temperature observation reads the uncontrolled dataset
        value, never the simulated one. State observations now come from
        the simulator's series for the hour the action was applied to.
        Disable with STEMSEnvironment(patch_endogenous_obs=False).
==========================================================================
[ev] wrote results/ev_coupling/reserve.json in 21.7 min
