[ev] stage rules: 252 runs, workers=6
[ev] 1/252 winter idle     asap    noguard      replay cap= 35.0 missed=  1/ 67 unserved=    0.1kWh over=0.155 (33s)
[ev] 2/252 winter idle     asap    noguard      replay cap= 50.0 missed=  1/ 67 unserved=    0.1kWh over=0.075 (35s)
[ev] 3/252 winter idle     asap    noguard      replay cap=100.0 missed=  1/ 67 unserved=    0.1kWh over=0.000 (35s)
[ev] 4/252 winter idle     asap    noguard      replay cap= 45.0 missed=  1/ 67 unserved=    0.1kWh over=0.093 (35s)
[ev] 5/252 winter idle     asap    noguard      replay cap= 60.0 missed=  1/ 67 unserved=    0.1kWh over=0.036 (36s)
[ev] 6/252 winter idle     asap    noguard      replay cap= 40.0 missed=  1/ 67 unserved=    0.1kWh over=0.113 (36s)
[ev] 7/252 winter idle     asap    noguard      replay cap= 30.0 missed=  1/ 67 unserved=    0.1kWh over=0.185 (41s)
[ev] 8/252 winter idle     asap    noguard      replay cap= 27.5 missed=  1/ 67 unserved=    0.1kWh over=0.224 (42s)
[ev] 9/252 winter idle     asap    noguard      replay cap= 25.0 missed=  1/ 67 unserved=    0.1kWh over=0.263 (46s)
[ev] 10/252 winter idle     asap    independent  replay cap= 50.0 missed=  0/ 67 unserved=    0.0kWh over=0.063 (60s)
[ev] 11/252 winter idle     asap    independent  replay cap= 60.0 missed=  0/ 67 unserved=    0.0kWh over=0.024 (61s)
[ev] 12/252 winter idle     asap    independent  replay cap=100.0 missed=  0/ 67 unserved=    0.0kWh over=0.000 (62s)
[ev] 13/252 winter idle     asap    independent  replay cap= 45.0 missed=  0/ 67 unserved=    0.0kWh over=0.084 (75s)
[ev] 14/252 winter idle     asap    independent  replay cap= 35.0 missed=  0/ 67 unserved=    0.0kWh over=0.131 (76s)
[ev] 15/252 winter idle     asap    independent  replay cap= 40.0 missed=  0/ 67 unserved=    0.0kWh over=0.104 (81s)
[ev] 16/252 winter idle     asap    independent  replay cap= 25.0 missed=  0/ 67 unserved=    0.0kWh over=0.230 (71s)
[ev] 17/252 winter idle     asap    independent  replay cap= 27.5 missed=  0/ 67 unserved=    0.0kWh over=0.203 (73s)
[ev] 18/252 winter idle     asap    independent  replay cap= 30.0 missed=  0/ 67 unserved=    0.0kWh over=0.164 (74s)
==========================================================================
[STEMS] PATCHED CityLearn defect 'dhw_storage_capacity' on 8/8 buildings.
        Building.update_dhw_storage scales the action by heating_storage.capacity
        (= 0.0 in this schema), making the DHW action a no-op. Now uses dhw_storage.capacity.
        Disable with STEMSEnvironment(patch_dhw=False).
==========================================================================
==========================================================================
[STEMS] PATCHED CityLearn defect 't0_thermal_double_count' on 8/8 buildings.
        reset() books the ideal thermal load at t=0, then the first step
        limits devices to nominal power minus that same load (asserts on
        heating, silently clips storage charging). Cleared before step 1.
        Disable with STEMSEnvironment(patch_t0_double_count=False).
==========================================================================
==========================================================================
[STEMS] PATCHED CityLearn defect 'endogenous_obs_from_simulated_hour'.
        The indoor temperature observation reads the uncontrolled dataset
        value, never the simulated one. State observations now come from
        the simulator's series for the hour the action was applied to.
        Disable with STEMSEnvironment(patch_endogenous_obs=False).
==========================================================================
==========================================================================
[STEMS] PATCHED CityLearn defect 'dhw_storage_capacity' on 8/8 buildings.
        Building.update_dhw_storage scales the action by heating_storage.capacity
        (= 0.0 in this schema), making the DHW action a no-op. Now uses dhw_storage.capacity.
        Disable with STEMSEnvironment(patch_dhw=False).
==========================================================================
==========================================================================
[STEMS] PATCHED CityLearn defect 't0_thermal_double_count' on 8/8 buildings.
        reset() books the ideal thermal load at t=0, then the first step
        limits devices to nominal power minus that same load (asserts on
        heating, silently clips storage charging). Cleared before step 1.
        Disable with STEMSEnvironment(patch_t0_double_count=False).
==========================================================================
==========================================================================
[STEMS] PATCHED CityLearn defect 'endogenous_obs_from_simulated_hour'.
        The indoor temperature observation reads the uncontrolled dataset
        value, never the simulated one. State observations now come from
        the simulator's series for the hour the action was applied to.
        Disable with STEMSEnvironment(patch_endogenous_obs=False).
==========================================================================
==========================================================================
[STEMS] PATCHED CityLearn defect 'dhw_storage_capacity' on 8/8 buildings.
        Building.update_dhw_storage scales the action by heating_storage.capacity
        (= 0.0 in this schema), making the DHW action a no-op. Now uses dhw_storage.capacity.
        Disable with STEMSEnvironment(patch_dhw=False).
==========================================================================
==========================================================================
[STEMS] PATCHED CityLearn defect 't0_thermal_double_count' on 8/8 buildings.
        reset() books the ideal thermal load at t=0, then the first step
        limits devices to nominal power minus that same load (asserts on
        heating, silently clips storage charging). Cleared before step 1.
        Disable with STEMSEnvironment(patch_t0_double_count=False).
==========================================================================
==========================================================================
[STEMS] PATCHED CityLearn defect 'endogenous_obs_from_simulated_hour'.
        The indoor temperature observation reads the uncontrolled dataset
        value, never the simulated one. State observations now come from
        the simulator's series for the hour the action was applied to.
        Disable with STEMSEnvironment(patch_endogenous_obs=False).
==========================================================================
==========================================================================
[STEMS] PATCHED CityLearn defect 'dhw_storage_capacity' on 8/8 buildings.
        Building.update_dhw_storage scales the action by heating_storage.capacity
        (= 0.0 in this schema), making the DHW action a no-op. Now uses dhw_storage.capacity.
        Disable with STEMSEnvironment(patch_dhw=False).
==========================================================================
==========================================================================
[STEMS] PATCHED CityLearn defect 't0_thermal_double_count' on 8/8 buildings.
        reset() books the ideal thermal load at t=0, then the first step
        limits devices to nominal power minus that same load (asserts on
        heating, silently clips storage charging). Cleared before step 1.
        Disable with STEMSEnvironment(patch_t0_double_count=False).
==========================================================================
==========================================================================
[STEMS] PATCHED CityLearn defect 'endogenous_obs_from_simulated_hour'.
        The indoor temperature observation reads the uncontrolled dataset
        value, never the simulated one. State observations now come from
        the simulator's series for the hour the action was applied to.
        Disable with STEMSEnvironment(patch_endogenous_obs=False).
==========================================================================
[ev] 19/252 winter idle     asap    static       replay cap=100.0 missed=  0/ 67 unserved=    0.0kWh over=0.000 (71s)
==========================================================================
[STEMS] PATCHED CityLearn defect 'dhw_storage_capacity' on 8/8 buildings.
        Building.update_dhw_storage scales the action by heating_storage.capacity
        (= 0.0 in this schema), making the DHW action a no-op. Now uses dhw_storage.capacity.
        Disable with STEMSEnvironment(patch_dhw=False).
==========================================================================
==========================================================================
[STEMS] PATCHED CityLearn defect 't0_thermal_double_count' on 8/8 buildings.
        reset() books the ideal thermal load at t=0, then the first step
        limits devices to nominal power minus that same load (asserts on
        heating, silently clips storage charging). Cleared before step 1.
        Disable with STEMSEnvironment(patch_t0_double_count=False).
==========================================================================
==========================================================================
[STEMS] PATCHED CityLearn defect 'endogenous_obs_from_simulated_hour'.
        The indoor temperature observation reads the uncontrolled dataset
        value, never the simulated one. State observations now come from
        the simulator's series for the hour the action was applied to.
        Disable with STEMSEnvironment(patch_endogenous_obs=False).
==========================================================================
==========================================================================
[STEMS] PATCHED CityLearn defect 'dhw_storage_capacity' on 8/8 buildings.
        Building.update_dhw_storage scales the action by heating_storage.capacity
        (= 0.0 in this schema), making the DHW action a no-op. Now uses dhw_storage.capacity.
        Disable with STEMSEnvironment(patch_dhw=False).
==========================================================================
==========================================================================
[STEMS] PATCHED CityLearn defect 't0_thermal_double_count' on 8/8 buildings.
        reset() books the ideal thermal load at t=0, then the first step
        limits devices to nominal power minus that same load (asserts on
        heating, silently clips storage charging). Cleared before step 1.
        Disable with STEMSEnvironment(patch_t0_double_count=False).
==========================================================================
==========================================================================
[STEMS] PATCHED CityLearn defect 'endogenous_obs_from_simulated_hour'.
        The indoor temperature observation reads the uncontrolled dataset
        value, never the simulated one. State observations now come from
        the simulator's series for the hour the action was applied to.
        Disable with STEMSEnvironment(patch_endogenous_obs=False).
==========================================================================
==========================================================================
[STEMS] PATCHED CityLearn defect 'dhw_storage_capacity' on 8/8 buildings.
        Building.update_dhw_storage scales the action by heating_storage.capacity
        (= 0.0 in this schema), making the DHW action a no-op. Now uses dhw_storage.capacity.
        Disable with STEMSEnvironment(patch_dhw=False).
==========================================================================
==========================================================================
[STEMS] PATCHED CityLearn defect 't0_thermal_double_count' on 8/8 buildings.
        reset() books the ideal thermal load at t=0, then the first step
        limits devices to nominal power minus that same load (asserts on
        heating, silently clips storage charging). Cleared before step 1.
        Disable with STEMSEnvironment(patch_t0_double_count=False).
==========================================================================
==========================================================================
[STEMS] PATCHED CityLearn defect 'endogenous_obs_from_simulated_hour'.
        The indoor temperature observation reads the uncontrolled dataset
        value, never the simulated one. State observations now come from
        the simulator's series for the hour the action was applied to.
        Disable with STEMSEnvironment(patch_endogenous_obs=False).
==========================================================================
==========================================================================
[STEMS] PATCHED CityLearn defect 'dhw_storage_capacity' on 8/8 buildings.
        Building.update_dhw_storage scales the action by heating_storage.capacity
        (= 0.0 in this schema), making the DHW action a no-op. Now uses dhw_storage.capacity.
        Disable with STEMSEnvironment(patch_dhw=False).
==========================================================================
==========================================================================
[STEMS] PATCHED CityLearn defect 't0_thermal_double_count' on 8/8 buildings.
        reset() books the ideal thermal load at t=0, then the first step
        limits devices to nominal power minus that same load (asserts on
        heating, silently clips storage charging). Cleared before step 1.
        Disable with STEMSEnvironment(patch_t0_double_count=False).
==========================================================================
==========================================================================
[STEMS] PATCHED CityLearn defect 'endogenous_obs_from_simulated_hour'.
        The indoor temperature observation reads the uncontrolled dataset
        value, never the simulated one. State observations now come from
        the simulator's series for the hour the action was applied to.
        Disable with STEMSEnvironment(patch_endogenous_obs=False).
==========================================================================
[ev] 20/252 winter idle     asap    static       replay cap= 50.0 missed=  4/ 67 unserved=   57.6kWh over=0.003 (66s)
[ev] 21/252 winter idle     asap    static       replay cap= 60.0 missed=  2/ 67 unserved=   36.5kWh over=0.000 (70s)
==========================================================================
[STEMS] PATCHED CityLearn defect 'dhw_storage_capacity' on 8/8 buildings.
        Building.update_dhw_storage scales the action by heating_storage.capacity
        (= 0.0 in this schema), making the DHW action a no-op. Now uses dhw_storage.capacity.
        Disable with STEMSEnvironment(patch_dhw=False).
==========================================================================
==========================================================================
[STEMS] PATCHED CityLearn defect 't0_thermal_double_count' on 8/8 buildings.
        reset() books the ideal thermal load at t=0, then the first step
        limits devices to nominal power minus that same load (asserts on
        heating, silently clips storage charging). Cleared before step 1.
        Disable with STEMSEnvironment(patch_t0_double_count=False).
==========================================================================
==========================================================================
[STEMS] PATCHED CityLearn defect 'endogenous_obs_from_simulated_hour'.
        The indoor temperature observation reads the uncontrolled dataset
        value, never the simulated one. State observations now come from
        the simulator's series for the hour the action was applied to.
        Disable with STEMSEnvironment(patch_endogenous_obs=False).
==========================================================================
==========================================================================
[STEMS] PATCHED CityLearn defect 'dhw_storage_capacity' on 8/8 buildings.
        Building.update_dhw_storage scales the action by heating_storage.capacity
        (= 0.0 in this schema), making the DHW action a no-op. Now uses dhw_storage.capacity.
        Disable with STEMSEnvironment(patch_dhw=False).
==========================================================================
==========================================================================
[STEMS] PATCHED CityLearn defect 't0_thermal_double_count' on 8/8 buildings.
        reset() books the ideal thermal load at t=0, then the first step
        limits devices to nominal power minus that same load (asserts on
        heating, silently clips storage charging). Cleared before step 1.
        Disable with STEMSEnvironment(patch_t0_double_count=False).
==========================================================================
==========================================================================
[STEMS] PATCHED CityLearn defect 'endogenous_obs_from_simulated_hour'.
        The indoor temperature observation reads the uncontrolled dataset
        value, never the simulated one. State observations now come from
        the simulator's series for the hour the action was applied to.
        Disable with STEMSEnvironment(patch_endogenous_obs=False).
==========================================================================
==========================================================================
[STEMS] PATCHED CityLearn defect 'dhw_storage_capacity' on 8/8 buildings.
        Building.update_dhw_storage scales the action by heating_storage.capacity
        (= 0.0 in this schema), making the DHW action a no-op. Now uses dhw_storage.capacity.
        Disable with STEMSEnvironment(patch_dhw=False).
==========================================================================
==========================================================================
[STEMS] PATCHED CityLearn defect 't0_thermal_double_count' on 8/8 buildings.
        reset() books the ideal thermal load at t=0, then the first step
        limits devices to nominal power minus that same load (asserts on
        heating, silently clips storage charging). Cleared before step 1.
        Disable with STEMSEnvironment(patch_t0_double_count=False).
==========================================================================
==========================================================================
[STEMS] PATCHED CityLearn defect 'endogenous_obs_from_simulated_hour'.
        The indoor temperature observation reads the uncontrolled dataset
        value, never the simulated one. State observations now come from
        the simulator's series for the hour the action was applied to.
        Disable with STEMSEnvironment(patch_endogenous_obs=False).
==========================================================================
==========================================================================
[STEMS] PATCHED CityLearn defect 'dhw_storage_capacity' on 8/8 buildings.
        Building.update_dhw_storage scales the action by heating_storage.capacity
        (= 0.0 in this schema), making the DHW action a no-op. Now uses dhw_storage.capacity.
        Disable with STEMSEnvironment(patch_dhw=False).
==========================================================================
==========================================================================
[STEMS] PATCHED CityLearn defect 't0_thermal_double_count' on 8/8 buildings.
        reset() books the ideal thermal load at t=0, then the first step
        limits devices to nominal power minus that same load (asserts on
        heating, silently clips storage charging). Cleared before step 1.
        Disable with STEMSEnvironment(patch_t0_double_count=False).
==========================================================================
==========================================================================
[STEMS] PATCHED CityLearn defect 'endogenous_obs_from_simulated_hour'.
        The indoor temperature observation reads the uncontrolled dataset
        value, never the simulated one. State observations now come from
        the simulator's series for the hour the action was applied to.
        Disable with STEMSEnvironment(patch_endogenous_obs=False).
==========================================================================
[ev] 22/252 winter idle     asap    static       replay cap= 45.0 missed=  6/ 67 unserved=   85.2kWh over=0.012 (74s)
==========================================================================
[STEMS] PATCHED CityLearn defect 'dhw_storage_capacity' on 8/8 buildings.
        Building.update_dhw_storage scales the action by heating_storage.capacity
        (= 0.0 in this schema), making the DHW action a no-op. Now uses dhw_storage.capacity.
        Disable with STEMSEnvironment(patch_dhw=False).
==========================================================================
==========================================================================
[STEMS] PATCHED CityLearn defect 't0_thermal_double_count' on 8/8 buildings.
        reset() books the ideal thermal load at t=0, then the first step
        limits devices to nominal power minus that same load (asserts on
        heating, silently clips storage charging). Cleared before step 1.
        Disable with STEMSEnvironment(patch_t0_double_count=False).
==========================================================================
==========================================================================
[STEMS] PATCHED CityLearn defect 'endogenous_obs_from_simulated_hour'.
        The indoor temperature observation reads the uncontrolled dataset
        value, never the simulated one. State observations now come from
        the simulator's series for the hour the action was applied to.
        Disable with STEMSEnvironment(patch_endogenous_obs=False).
==========================================================================
==========================================================================
[STEMS] PATCHED CityLearn defect 'dhw_storage_capacity' on 8/8 buildings.
        Building.update_dhw_storage scales the action by heating_storage.capacity
        (= 0.0 in this schema), making the DHW action a no-op. Now uses dhw_storage.capacity.
        Disable with STEMSEnvironment(patch_dhw=False).
==========================================================================
==========================================================================
[STEMS] PATCHED CityLearn defect 't0_thermal_double_count' on 8/8 buildings.
        reset() books the ideal thermal load at t=0, then the first step
        limits devices to nominal power minus that same load (asserts on
        heating, silently clips storage charging). Cleared before step 1.
        Disable with STEMSEnvironment(patch_t0_double_count=False).
==========================================================================
==========================================================================
[STEMS] PATCHED CityLearn defect 'endogenous_obs_from_simulated_hour'.
        The indoor temperature observation reads the uncontrolled dataset
        value, never the simulated one. State observations now come from
        the simulator's series for the hour the action was applied to.
        Disable with STEMSEnvironment(patch_endogenous_obs=False).
==========================================================================
==========================================================================
[STEMS] PATCHED CityLearn defect 'dhw_storage_capacity' on 8/8 buildings.
        Building.update_dhw_storage scales the action by heating_storage.capacity
        (= 0.0 in this schema), making the DHW action a no-op. Now uses dhw_storage.capacity.
        Disable with STEMSEnvironment(patch_dhw=False).
==========================================================================
==========================================================================
[STEMS] PATCHED CityLearn defect 't0_thermal_double_count' on 8/8 buildings.
        reset() books the ideal thermal load at t=0, then the first step
        limits devices to nominal power minus that same load (asserts on
        heating, silently clips storage charging). Cleared before step 1.
        Disable with STEMSEnvironment(patch_t0_double_count=False).
==========================================================================
==========================================================================
[STEMS] PATCHED CityLearn defect 'endogenous_obs_from_simulated_hour'.
        The indoor temperature observation reads the uncontrolled dataset
        value, never the simulated one. State observations now come from
        the simulator's series for the hour the action was applied to.
        Disable with STEMSEnvironment(patch_endogenous_obs=False).
==========================================================================
==========================================================================
[STEMS] PATCHED CityLearn defect 'dhw_storage_capacity' on 8/8 buildings.
        Building.update_dhw_storage scales the action by heating_storage.capacity
        (= 0.0 in this schema), making the DHW action a no-op. Now uses dhw_storage.capacity.
        Disable with STEMSEnvironment(patch_dhw=False).
==========================================================================
==========================================================================
[STEMS] PATCHED CityLearn defect 't0_thermal_double_count' on 8/8 buildings.
        reset() books the ideal thermal load at t=0, then the first step
        limits devices to nominal power minus that same load (asserts on
        heating, silently clips storage charging). Cleared before step 1.
        Disable with STEMSEnvironment(patch_t0_double_count=False).
==========================================================================
==========================================================================
[STEMS] PATCHED CityLearn defect 'endogenous_obs_from_simulated_hour'.
        The indoor temperature observation reads the uncontrolled dataset
        value, never the simulated one. State observations now come from
        the simulator's series for the hour the action was applied to.
        Disable with STEMSEnvironment(patch_endogenous_obs=False).
==========================================================================
[ev] 23/252 winter idle     asap    static       replay cap= 40.0 missed=  8/ 67 unserved=  116.8kWh over=0.030 (75s)
==========================================================================
[STEMS] PATCHED CityLearn defect 'dhw_storage_capacity' on 8/8 buildings.
        Building.update_dhw_storage scales the action by heating_storage.capacity
        (= 0.0 in this schema), making the DHW action a no-op. Now uses dhw_storage.capacity.
        Disable with STEMSEnvironment(patch_dhw=False).
==========================================================================
==========================================================================
[STEMS] PATCHED CityLearn defect 't0_thermal_double_count' on 8/8 buildings.
        reset() books the ideal thermal load at t=0, then the first step
        limits devices to nominal power minus that same load (asserts on
        heating, silently clips storage charging). Cleared before step 1.
        Disable with STEMSEnvironment(patch_t0_double_count=False).
==========================================================================
==========================================================================
[STEMS] PATCHED CityLearn defect 'endogenous_obs_from_simulated_hour'.
        The indoor temperature observation reads the uncontrolled dataset
        value, never the simulated one. State observations now come from
        the simulator's series for the hour the action was applied to.
        Disable with STEMSEnvironment(patch_endogenous_obs=False).
==========================================================================
==========================================================================
[STEMS] PATCHED CityLearn defect 'dhw_storage_capacity' on 8/8 buildings.
        Building.update_dhw_storage scales the action by heating_storage.capacity
        (= 0.0 in this schema), making the DHW action a no-op. Now uses dhw_storage.capacity.
        Disable with STEMSEnvironment(patch_dhw=False).
==========================================================================
==========================================================================
[STEMS] PATCHED CityLearn defect 't0_thermal_double_count' on 8/8 buildings.
        reset() books the ideal thermal load at t=0, then the first step
        limits devices to nominal power minus that same load (asserts on
        heating, silently clips storage charging). Cleared before step 1.
        Disable with STEMSEnvironment(patch_t0_double_count=False).
==========================================================================
==========================================================================
[STEMS] PATCHED CityLearn defect 'endogenous_obs_from_simulated_hour'.
        The indoor temperature observation reads the uncontrolled dataset
        value, never the simulated one. State observations now come from
        the simulator's series for the hour the action was applied to.
        Disable with STEMSEnvironment(patch_endogenous_obs=False).
==========================================================================
==========================================================================
[STEMS] PATCHED CityLearn defect 'dhw_storage_capacity' on 8/8 buildings.
        Building.update_dhw_storage scales the action by heating_storage.capacity
        (= 0.0 in this schema), making the DHW action a no-op. Now uses dhw_storage.capacity.
        Disable with STEMSEnvironment(patch_dhw=False).
==========================================================================
==========================================================================
[STEMS] PATCHED CityLearn defect 't0_thermal_double_count' on 8/8 buildings.
        reset() books the ideal thermal load at t=0, then the first step
        limits devices to nominal power minus that same load (asserts on
        heating, silently clips storage charging). Cleared before step 1.
        Disable with STEMSEnvironment(patch_t0_double_count=False).
==========================================================================
==========================================================================
[STEMS] PATCHED CityLearn defect 'endogenous_obs_from_simulated_hour'.
        The indoor temperature observation reads the uncontrolled dataset
        value, never the simulated one. State observations now come from
        the simulator's series for the hour the action was applied to.
        Disable with STEMSEnvironment(patch_endogenous_obs=False).
==========================================================================
==========================================================================
[STEMS] PATCHED CityLearn defect 'dhw_storage_capacity' on 8/8 buildings.
        Building.update_dhw_storage scales the action by heating_storage.capacity
        (= 0.0 in this schema), making the DHW action a no-op. Now uses dhw_storage.capacity.
        Disable with STEMSEnvironment(patch_dhw=False).
==========================================================================
==========================================================================
[STEMS] PATCHED CityLearn defect 't0_thermal_double_count' on 8/8 buildings.
        reset() books the ideal thermal load at t=0, then the first step
        limits devices to nominal power minus that same load (asserts on
        heating, silently clips storage charging). Cleared before step 1.
        Disable with STEMSEnvironment(patch_t0_double_count=False).
==========================================================================
==========================================================================
[STEMS] PATCHED CityLearn defect 'endogenous_obs_from_simulated_hour'.
        The indoor temperature observation reads the uncontrolled dataset
        value, never the simulated one. State observations now come from
        the simulator's series for the hour the action was applied to.
        Disable with STEMSEnvironment(patch_endogenous_obs=False).
==========================================================================
==========================================================================
[STEMS] PATCHED CityLearn defect 'dhw_storage_capacity' on 8/8 buildings.
        Building.update_dhw_storage scales the action by heating_storage.capacity
        (= 0.0 in this schema), making the DHW action a no-op. Now uses dhw_storage.capacity.
        Disable with STEMSEnvironment(patch_dhw=False).
==========================================================================
==========================================================================
[STEMS] PATCHED CityLearn defect 't0_thermal_double_count' on 8/8 buildings.
        reset() books the ideal thermal load at t=0, then the first step
        limits devices to nominal power minus that same load (asserts on
        heating, silently clips storage charging). Cleared before step 1.
        Disable with STEMSEnvironment(patch_t0_double_count=False).
==========================================================================
==========================================================================
[STEMS] PATCHED CityLearn defect 'endogenous_obs_from_simulated_hour'.
        The indoor temperature observation reads the uncontrolled dataset
        value, never the simulated one. State observations now come from
        the simulator's series for the hour the action was applied to.
        Disable with STEMSEnvironment(patch_endogenous_obs=False).
==========================================================================
==========================================================================
[STEMS] PATCHED CityLearn defect 'dhw_storage_capacity' on 8/8 buildings.
        Building.update_dhw_storage scales the action by heating_storage.capacity
        (= 0.0 in this schema), making the DHW action a no-op. Now uses dhw_storage.capacity.
        Disable with STEMSEnvironment(patch_dhw=False).
==========================================================================
==========================================================================
[STEMS] PATCHED CityLearn defect 't0_thermal_double_count' on 8/8 buildings.
        reset() books the ideal thermal load at t=0, then the first step
        limits devices to nominal power minus that same load (asserts on
        heating, silently clips storage charging). Cleared before step 1.
        Disable with STEMSEnvironment(patch_t0_double_count=False).
==========================================================================
==========================================================================
[STEMS] PATCHED CityLearn defect 'endogenous_obs_from_simulated_hour'.
        The indoor temperature observation reads the uncontrolled dataset
        value, never the simulated one. State observations now come from
        the simulator's series for the hour the action was applied to.
        Disable with STEMSEnvironment(patch_endogenous_obs=False).
==========================================================================
==========================================================================
[STEMS] PATCHED CityLearn defect 'dhw_storage_capacity' on 8/8 buildings.
        Building.update_dhw_storage scales the action by heating_storage.capacity
        (= 0.0 in this schema), making the DHW action a no-op. Now uses dhw_storage.capacity.
        Disable with STEMSEnvironment(patch_dhw=False).
==========================================================================
==========================================================================
[STEMS] PATCHED CityLearn defect 't0_thermal_double_count' on 8/8 buildings.
        reset() books the ideal thermal load at t=0, then the first step
        limits devices to nominal power minus that same load (asserts on
        heating, silently clips storage charging). Cleared before step 1.
        Disable with STEMSEnvironment(patch_t0_double_count=False).
==========================================================================
==========================================================================
[STEMS] PATCHED CityLearn defect 'endogenous_obs_from_simulated_hour'.
        The indoor temperature observation reads the uncontrolled dataset
        value, never the simulated one. State observations now come from
        the simulator's series for the hour the action was applied to.
        Disable with STEMSEnvironment(patch_endogenous_obs=False).
==========================================================================
==========================================================================
[STEMS] PATCHED CityLearn defect 'dhw_storage_capacity' on 8/8 buildings.
        Building.update_dhw_storage scales the action by heating_storage.capacity
        (= 0.0 in this schema), making the DHW action a no-op. Now uses dhw_storage.capacity.
        Disable with STEMSEnvironment(patch_dhw=False).
==========================================================================
==========================================================================
[STEMS] PATCHED CityLearn defect 't0_thermal_double_count' on 8/8 buildings.
        reset() books the ideal thermal load at t=0, then the first step
        limits devices to nominal power minus that same load (asserts on
        heating, silently clips storage charging). Cleared before step 1.
        Disable with STEMSEnvironment(patch_t0_double_count=False).
==========================================================================
==========================================================================
[STEMS] PATCHED CityLearn defect 'endogenous_obs_from_simulated_hour'.
        The indoor temperature observation reads the uncontrolled dataset
        value, never the simulated one. State observations now come from
        the simulator's series for the hour the action was applied to.
        Disable with STEMSEnvironment(patch_endogenous_obs=False).
==========================================================================
[ev] 24/252 winter idle     asap    static       replay cap= 35.0 missed= 10/ 67 unserved=  165.6kWh over=0.048 (76s)
[ev] 25/252 winter idle     asap    static       replay cap= 30.0 missed= 16/ 67 unserved=  257.1kWh over=0.101 (111s)
[ev] 26/252 winter idle     asap    static       replay cap= 27.5 missed= 19/ 67 unserved=  319.1kWh over=0.137 (111s)
[ev] 27/252 winter idle     asap    static       replay cap= 25.0 missed= 28/ 67 unserved=  401.6kWh over=0.200 (108s)
[ev] 28/252 winter idle     asap    static       causal cap=100.0 missed=  0/ 67 unserved=    0.0kWh over=0.000 (107s)
[ev] 29/252 winter idle     asap    static       causal cap= 50.0 missed=  5/ 67 unserved=   77.6kWh over=0.003 (107s)
[ev] 30/252 winter idle     asap    static       causal cap= 60.0 missed=  2/ 67 unserved=   41.3kWh over=0.000 (109s)
[ev] 31/252 winter idle     asap    static       causal cap= 45.0 missed=  8/ 67 unserved=  108.5kWh over=0.006 (76s)
[ev] 32/252 winter idle     asap    static       causal cap= 40.0 missed= 11/ 67 unserved=  150.8kWh over=0.021 (77s)
[ev] 33/252 winter idle     asap    static       causal cap= 35.0 missed= 16/ 67 unserved=  233.4kWh over=0.042 (78s)
[ev] 34/252 winter idle     asap    static       causal cap= 30.0 missed= 29/ 67 unserved=  403.5kWh over=0.075 (77s)
[ev] 35/252 winter idle     asap    static       causal cap= 27.5 missed= 37/ 67 unserved=  517.1kWh over=0.116 (78s)
[ev] 36/252 winter idle     asap    static       causal cap= 25.0 missed= 40/ 67 unserved=  648.8kWh over=0.143 (77s)
[ev] 37/252 winter idle     asap    proportional replay cap=100.0 missed=  0/ 67 unserved=    0.0kWh over=0.000 (74s)
[ev] 38/252 winter idle     asap    proportional replay cap= 60.0 missed=  0/ 67 unserved=    0.0kWh over=0.018 (76s)
[ev] 39/252 winter idle     asap    proportional replay cap= 50.0 missed=  0/ 67 unserved=    0.0kWh over=0.030 (74s)
[ev] 40/252 winter idle     asap    proportional replay cap= 45.0 missed=  5/ 67 unserved=   19.7kWh over=0.069 (74s)
[ev] 41/252 winter idle     asap    proportional replay cap= 40.0 missed=  5/ 67 unserved=   65.9kWh over=0.081 (74s)
[ev] 42/252 winter idle     asap    proportional replay cap= 35.0 missed=  5/ 67 unserved=  124.9kWh over=0.075 (74s)
[ev] 43/252 winter idle     asap    proportional replay cap= 30.0 missed= 11/ 67 unserved=  187.7kWh over=0.125 (72s)
==========================================================================
[STEMS] PATCHED CityLearn defect 'dhw_storage_capacity' on 8/8 buildings.
        Building.update_dhw_storage scales the action by heating_storage.capacity
        (= 0.0 in this schema), making the DHW action a no-op. Now uses dhw_storage.capacity.
        Disable with STEMSEnvironment(patch_dhw=False).
==========================================================================
==========================================================================
[STEMS] PATCHED CityLearn defect 't0_thermal_double_count' on 8/8 buildings.
        reset() books the ideal thermal load at t=0, then the first step
        limits devices to nominal power minus that same load (asserts on
        heating, silently clips storage charging). Cleared before step 1.
        Disable with STEMSEnvironment(patch_t0_double_count=False).
==========================================================================
==========================================================================
[STEMS] PATCHED CityLearn defect 'endogenous_obs_from_simulated_hour'.
        The indoor temperature observation reads the uncontrolled dataset
        value, never the simulated one. State observations now come from
        the simulator's series for the hour the action was applied to.
        Disable with STEMSEnvironment(patch_endogenous_obs=False).
==========================================================================
==========================================================================
[STEMS] PATCHED CityLearn defect 'dhw_storage_capacity' on 8/8 buildings.
        Building.update_dhw_storage scales the action by heating_storage.capacity
        (= 0.0 in this schema), making the DHW action a no-op. Now uses dhw_storage.capacity.
        Disable with STEMSEnvironment(patch_dhw=False).
==========================================================================
==========================================================================
[STEMS] PATCHED CityLearn defect 't0_thermal_double_count' on 8/8 buildings.
        reset() books the ideal thermal load at t=0, then the first step
        limits devices to nominal power minus that same load (asserts on
        heating, silently clips storage charging). Cleared before step 1.
        Disable with STEMSEnvironment(patch_t0_double_count=False).
==========================================================================
==========================================================================
[STEMS] PATCHED CityLearn defect 'endogenous_obs_from_simulated_hour'.
        The indoor temperature observation reads the uncontrolled dataset
        value, never the simulated one. State observations now come from
        the simulator's series for the hour the action was applied to.
        Disable with STEMSEnvironment(patch_endogenous_obs=False).
==========================================================================
==========================================================================
[STEMS] PATCHED CityLearn defect 'dhw_storage_capacity' on 8/8 buildings.
        Building.update_dhw_storage scales the action by heating_storage.capacity
        (= 0.0 in this schema), making the DHW action a no-op. Now uses dhw_storage.capacity.
        Disable with STEMSEnvironment(patch_dhw=False).
==========================================================================
==========================================================================
[STEMS] PATCHED CityLearn defect 't0_thermal_double_count' on 8/8 buildings.
        reset() books the ideal thermal load at t=0, then the first step
        limits devices to nominal power minus that same load (asserts on
        heating, silently clips storage charging). Cleared before step 1.
        Disable with STEMSEnvironment(patch_t0_double_count=False).
==========================================================================
==========================================================================
[STEMS] PATCHED CityLearn defect 'endogenous_obs_from_simulated_hour'.
        The indoor temperature observation reads the uncontrolled dataset
        value, never the simulated one. State observations now come from
        the simulator's series for the hour the action was applied to.
        Disable with STEMSEnvironment(patch_endogenous_obs=False).
==========================================================================
==========================================================================
[STEMS] PATCHED CityLearn defect 'dhw_storage_capacity' on 8/8 buildings.
        Building.update_dhw_storage scales the action by heating_storage.capacity
        (= 0.0 in this schema), making the DHW action a no-op. Now uses dhw_storage.capacity.
        Disable with STEMSEnvironment(patch_dhw=False).
==========================================================================
==========================================================================
[STEMS] PATCHED CityLearn defect 't0_thermal_double_count' on 8/8 buildings.
        reset() books the ideal thermal load at t=0, then the first step
        limits devices to nominal power minus that same load (asserts on
        heating, silently clips storage charging). Cleared before step 1.
        Disable with STEMSEnvironment(patch_t0_double_count=False).
==========================================================================
==========================================================================
[STEMS] PATCHED CityLearn defect 'endogenous_obs_from_simulated_hour'.
        The indoor temperature observation reads the uncontrolled dataset
        value, never the simulated one. State observations now come from
        the simulator's series for the hour the action was applied to.
        Disable with STEMSEnvironment(patch_endogenous_obs=False).
==========================================================================
==========================================================================
[STEMS] PATCHED CityLearn defect 'dhw_storage_capacity' on 8/8 buildings.
        Building.update_dhw_storage scales the action by heating_storage.capacity
        (= 0.0 in this schema), making the DHW action a no-op. Now uses dhw_storage.capacity.
        Disable with STEMSEnvironment(patch_dhw=False).
==========================================================================
==========================================================================
[STEMS] PATCHED CityLearn defect 't0_thermal_double_count' on 8/8 buildings.
        reset() books the ideal thermal load at t=0, then the first step
        limits devices to nominal power minus that same load (asserts on
        heating, silently clips storage charging). Cleared before step 1.
        Disable with STEMSEnvironment(patch_t0_double_count=False).
==========================================================================
==========================================================================
[STEMS] PATCHED CityLearn defect 'endogenous_obs_from_simulated_hour'.
        The indoor temperature observation reads the uncontrolled dataset
        value, never the simulated one. State observations now come from
        the simulator's series for the hour the action was applied to.
        Disable with STEMSEnvironment(patch_endogenous_obs=False).
==========================================================================
==========================================================================
[STEMS] PATCHED CityLearn defect 'dhw_storage_capacity' on 8/8 buildings.
        Building.update_dhw_storage scales the action by heating_storage.capacity
        (= 0.0 in this schema), making the DHW action a no-op. Now uses dhw_storage.capacity.
        Disable with STEMSEnvironment(patch_dhw=False).
==========================================================================
==========================================================================
[STEMS] PATCHED CityLearn defect 't0_thermal_double_count' on 8/8 buildings.
        reset() books the ideal thermal load at t=0, then the first step
        limits devices to nominal power minus that same load (asserts on
        heating, silently clips storage charging). Cleared before step 1.
        Disable with STEMSEnvironment(patch_t0_double_count=False).
==========================================================================
==========================================================================
[STEMS] PATCHED CityLearn defect 'endogenous_obs_from_simulated_hour'.
        The indoor temperature observation reads the uncontrolled dataset
        value, never the simulated one. State observations now come from
        the simulator's series for the hour the action was applied to.
        Disable with STEMSEnvironment(patch_endogenous_obs=False).
==========================================================================
==========================================================================
[STEMS] PATCHED CityLearn defect 'dhw_storage_capacity' on 8/8 buildings.
        Building.update_dhw_storage scales the action by heating_storage.capacity
        (= 0.0 in this schema), making the DHW action a no-op. Now uses dhw_storage.capacity.
        Disable with STEMSEnvironment(patch_dhw=False).
==========================================================================
==========================================================================
[STEMS] PATCHED CityLearn defect 't0_thermal_double_count' on 8/8 buildings.
        reset() books the ideal thermal load at t=0, then the first step
        limits devices to nominal power minus that same load (asserts on
        heating, silently clips storage charging). Cleared before step 1.
        Disable with STEMSEnvironment(patch_t0_double_count=False).
==========================================================================
==========================================================================
[STEMS] PATCHED CityLearn defect 'endogenous_obs_from_simulated_hour'.
        The indoor temperature observation reads the uncontrolled dataset
        value, never the simulated one. State observations now come from
        the simulator's series for the hour the action was applied to.
        Disable with STEMSEnvironment(patch_endogenous_obs=False).
==========================================================================
==========================================================================
[STEMS] PATCHED CityLearn defect 'dhw_storage_capacity' on 8/8 buildings.
        Building.update_dhw_storage scales the action by heating_storage.capacity
        (= 0.0 in this schema), making the DHW action a no-op. Now uses dhw_storage.capacity.
        Disable with STEMSEnvironment(patch_dhw=False).
==========================================================================
==========================================================================
[STEMS] PATCHED CityLearn defect 't0_thermal_double_count' on 8/8 buildings.
        reset() books the ideal thermal load at t=0, then the first step
        limits devices to nominal power minus that same load (asserts on
        heating, silently clips storage charging). Cleared before step 1.
        Disable with STEMSEnvironment(patch_t0_double_count=False).
==========================================================================
==========================================================================
[STEMS] PATCHED CityLearn defect 'endogenous_obs_from_simulated_hour'.
        The indoor temperature observation reads the uncontrolled dataset
        value, never the simulated one. State observations now come from
        the simulator's series for the hour the action was applied to.
        Disable with STEMSEnvironment(patch_endogenous_obs=False).
==========================================================================
[ev] 44/252 winter idle     asap    proportional replay cap= 27.5 missed= 15/ 67 unserved=  240.0kWh over=0.161 (73s)
==========================================================================
[STEMS] PATCHED CityLearn defect 'dhw_storage_capacity' on 8/8 buildings.
        Building.update_dhw_storage scales the action by heating_storage.capacity
        (= 0.0 in this schema), making the DHW action a no-op. Now uses dhw_storage.capacity.
        Disable with STEMSEnvironment(patch_dhw=False).
==========================================================================
==========================================================================
[STEMS] PATCHED CityLearn defect 't0_thermal_double_count' on 8/8 buildings.
        reset() books the ideal thermal load at t=0, then the first step
        limits devices to nominal power minus that same load (asserts on
        heating, silently clips storage charging). Cleared before step 1.
        Disable with STEMSEnvironment(patch_t0_double_count=False).
==========================================================================
==========================================================================
[STEMS] PATCHED CityLearn defect 'endogenous_obs_from_simulated_hour'.
        The indoor temperature observation reads the uncontrolled dataset
        value, never the simulated one. State observations now come from
        the simulator's series for the hour the action was applied to.
        Disable with STEMSEnvironment(patch_endogenous_obs=False).
==========================================================================
==========================================================================
[STEMS] PATCHED CityLearn defect 'dhw_storage_capacity' on 8/8 buildings.
        Building.update_dhw_storage scales the action by heating_storage.capacity
        (= 0.0 in this schema), making the DHW action a no-op. Now uses dhw_storage.capacity.
        Disable with STEMSEnvironment(patch_dhw=False).
==========================================================================
==========================================================================
[STEMS] PATCHED CityLearn defect 't0_thermal_double_count' on 8/8 buildings.
        reset() books the ideal thermal load at t=0, then the first step
        limits devices to nominal power minus that same load (asserts on
        heating, silently clips storage charging). Cleared before step 1.
        Disable with STEMSEnvironment(patch_t0_double_count=False).
==========================================================================
==========================================================================
[STEMS] PATCHED CityLearn defect 'endogenous_obs_from_simulated_hour'.
        The indoor temperature observation reads the uncontrolled dataset
        value, never the simulated one. State observations now come from
        the simulator's series for the hour the action was applied to.
        Disable with STEMSEnvironment(patch_endogenous_obs=False).
==========================================================================
==========================================================================
[STEMS] PATCHED CityLearn defect 'dhw_storage_capacity' on 8/8 buildings.
        Building.update_dhw_storage scales the action by heating_storage.capacity
        (= 0.0 in this schema), making the DHW action a no-op. Now uses dhw_storage.capacity.
        Disable with STEMSEnvironment(patch_dhw=False).
==========================================================================
==========================================================================
[STEMS] PATCHED CityLearn defect 't0_thermal_double_count' on 8/8 buildings.
        reset() books the ideal thermal load at t=0, then the first step
        limits devices to nominal power minus that same load (asserts on
        heating, silently clips storage charging). Cleared before step 1.
        Disable with STEMSEnvironment(patch_t0_double_count=False).
==========================================================================
==========================================================================
[STEMS] PATCHED CityLearn defect 'endogenous_obs_from_simulated_hour'.
        The indoor temperature observation reads the uncontrolled dataset
        value, never the simulated one. State observations now come from
        the simulator's series for the hour the action was applied to.
        Disable with STEMSEnvironment(patch_endogenous_obs=False).
==========================================================================
==========================================================================
[STEMS] PATCHED CityLearn defect 'dhw_storage_capacity' on 8/8 buildings.
        Building.update_dhw_storage scales the action by heating_storage.capacity
        (= 0.0 in this schema), making the DHW action a no-op. Now uses dhw_storage.capacity.
        Disable with STEMSEnvironment(patch_dhw=False).
==========================================================================
==========================================================================
[STEMS] PATCHED CityLearn defect 't0_thermal_double_count' on 8/8 buildings.
        reset() books the ideal thermal load at t=0, then the first step
        limits devices to nominal power minus that same load (asserts on
        heating, silently clips storage charging). Cleared before step 1.
        Disable with STEMSEnvironment(patch_t0_double_count=False).
==========================================================================
==========================================================================
[STEMS] PATCHED CityLearn defect 'endogenous_obs_from_simulated_hour'.
        The indoor temperature observation reads the uncontrolled dataset
        value, never the simulated one. State observations now come from
        the simulator's series for the hour the action was applied to.
        Disable with STEMSEnvironment(patch_endogenous_obs=False).
==========================================================================
[ev] 45/252 winter idle     asap    proportional replay cap= 25.0 missed= 27/ 67 unserved=  323.0kWh over=0.170 (73s)
[ev] 46/252 winter idle     asap    proportional causal cap=100.0 missed=  0/ 67 unserved=    0.0kWh over=0.000 (77s)
==========================================================================
[STEMS] PATCHED CityLearn defect 'dhw_storage_capacity' on 8/8 buildings.
        Building.update_dhw_storage scales the action by heating_storage.capacity
        (= 0.0 in this schema), making the DHW action a no-op. Now uses dhw_storage.capacity.
        Disable with STEMSEnvironment(patch_dhw=False).
==========================================================================
==========================================================================
[STEMS] PATCHED CityLearn defect 't0_thermal_double_count' on 8/8 buildings.
        reset() books the ideal thermal load at t=0, then the first step
        limits devices to nominal power minus that same load (asserts on
        heating, silently clips storage charging). Cleared before step 1.
        Disable with STEMSEnvironment(patch_t0_double_count=False).
==========================================================================
==========================================================================
[STEMS] PATCHED CityLearn defect 'endogenous_obs_from_simulated_hour'.
        The indoor temperature observation reads the uncontrolled dataset
        value, never the simulated one. State observations now come from
        the simulator's series for the hour the action was applied to.
        Disable with STEMSEnvironment(patch_endogenous_obs=False).
==========================================================================
==========================================================================
[STEMS] PATCHED CityLearn defect 'dhw_storage_capacity' on 8/8 buildings.
        Building.update_dhw_storage scales the action by heating_storage.capacity
        (= 0.0 in this schema), making the DHW action a no-op. Now uses dhw_storage.capacity.
        Disable with STEMSEnvironment(patch_dhw=False).
==========================================================================
==========================================================================
[STEMS] PATCHED CityLearn defect 't0_thermal_double_count' on 8/8 buildings.
        reset() books the ideal thermal load at t=0, then the first step
        limits devices to nominal power minus that same load (asserts on
        heating, silently clips storage charging). Cleared before step 1.
        Disable with STEMSEnvironment(patch_t0_double_count=False).
==========================================================================
==========================================================================
[STEMS] PATCHED CityLearn defect 'endogenous_obs_from_simulated_hour'.
        The indoor temperature observation reads the uncontrolled dataset
        value, never the simulated one. State observations now come from
        the simulator's series for the hour the action was applied to.
        Disable with STEMSEnvironment(patch_endogenous_obs=False).
==========================================================================
==========================================================================
[STEMS] PATCHED CityLearn defect 'dhw_storage_capacity' on 8/8 buildings.
        Building.update_dhw_storage scales the action by heating_storage.capacity
        (= 0.0 in this schema), making the DHW action a no-op. Now uses dhw_storage.capacity.
        Disable with STEMSEnvironment(patch_dhw=False).
==========================================================================
==========================================================================
[STEMS] PATCHED CityLearn defect 't0_thermal_double_count' on 8/8 buildings.
        reset() books the ideal thermal load at t=0, then the first step
        limits devices to nominal power minus that same load (asserts on
        heating, silently clips storage charging). Cleared before step 1.
        Disable with STEMSEnvironment(patch_t0_double_count=False).
==========================================================================
==========================================================================
[STEMS] PATCHED CityLearn defect 'endogenous_obs_from_simulated_hour'.
        The indoor temperature observation reads the uncontrolled dataset
        value, never the simulated one. State observations now come from
        the simulator's series for the hour the action was applied to.
        Disable with STEMSEnvironment(patch_endogenous_obs=False).
==========================================================================
==========================================================================
[STEMS] PATCHED CityLearn defect 'dhw_storage_capacity' on 8/8 buildings.
        Building.update_dhw_storage scales the action by heating_storage.capacity
        (= 0.0 in this schema), making the DHW action a no-op. Now uses dhw_storage.capacity.
        Disable with STEMSEnvironment(patch_dhw=False).
==========================================================================
==========================================================================
[STEMS] PATCHED CityLearn defect 't0_thermal_double_count' on 8/8 buildings.
        reset() books the ideal thermal load at t=0, then the first step
        limits devices to nominal power minus that same load (asserts on
        heating, silently clips storage charging). Cleared before step 1.
        Disable with STEMSEnvironment(patch_t0_double_count=False).
==========================================================================
==========================================================================
[STEMS] PATCHED CityLearn defect 'endogenous_obs_from_simulated_hour'.
        The indoor temperature observation reads the uncontrolled dataset
        value, never the simulated one. State observations now come from
        the simulator's series for the hour the action was applied to.
        Disable with STEMSEnvironment(patch_endogenous_obs=False).
==========================================================================
[ev] 47/252 winter idle     asap    proportional causal cap= 50.0 missed=  3/ 67 unserved=    7.8kWh over=0.015 (77s)
==========================================================================
[STEMS] PATCHED CityLearn defect 'dhw_storage_capacity' on 8/8 buildings.
        Building.update_dhw_storage scales the action by heating_storage.capacity
        (= 0.0 in this schema), making the DHW action a no-op. Now uses dhw_storage.capacity.
        Disable with STEMSEnvironment(patch_dhw=False).
==========================================================================
==========================================================================
[STEMS] PATCHED CityLearn defect 't0_thermal_double_count' on 8/8 buildings.
        reset() books the ideal thermal load at t=0, then the first step
        limits devices to nominal power minus that same load (asserts on
        heating, silently clips storage charging). Cleared before step 1.
        Disable with STEMSEnvironment(patch_t0_double_count=False).
==========================================================================
==========================================================================
[STEMS] PATCHED CityLearn defect 'endogenous_obs_from_simulated_hour'.
        The indoor temperature observation reads the uncontrolled dataset
        value, never the simulated one. State observations now come from
        the simulator's series for the hour the action was applied to.
        Disable with STEMSEnvironment(patch_endogenous_obs=False).
==========================================================================
==========================================================================
[STEMS] PATCHED CityLearn defect 'dhw_storage_capacity' on 8/8 buildings.
        Building.update_dhw_storage scales the action by heating_storage.capacity
        (= 0.0 in this schema), making the DHW action a no-op. Now uses dhw_storage.capacity.
        Disable with STEMSEnvironment(patch_dhw=False).
==========================================================================
==========================================================================
[STEMS] PATCHED CityLearn defect 't0_thermal_double_count' on 8/8 buildings.
        reset() books the ideal thermal load at t=0, then the first step
        limits devices to nominal power minus that same load (asserts on
        heating, silently clips storage charging). Cleared before step 1.
        Disable with STEMSEnvironment(patch_t0_double_count=False).
==========================================================================
==========================================================================
[STEMS] PATCHED CityLearn defect 'endogenous_obs_from_simulated_hour'.
        The indoor temperature observation reads the uncontrolled dataset
        value, never the simulated one. State observations now come from
        the simulator's series for the hour the action was applied to.
        Disable with STEMSEnvironment(patch_endogenous_obs=False).
==========================================================================
==========================================================================
[STEMS] PATCHED CityLearn defect 'dhw_storage_capacity' on 8/8 buildings.
        Building.update_dhw_storage scales the action by heating_storage.capacity
        (= 0.0 in this schema), making the DHW action a no-op. Now uses dhw_storage.capacity.
        Disable with STEMSEnvironment(patch_dhw=False).
==========================================================================
==========================================================================
[STEMS] PATCHED CityLearn defect 't0_thermal_double_count' on 8/8 buildings.
        reset() books the ideal thermal load at t=0, then the first step
        limits devices to nominal power minus that same load (asserts on
        heating, silently clips storage charging). Cleared before step 1.
        Disable with STEMSEnvironment(patch_t0_double_count=False).
==========================================================================
==========================================================================
[STEMS] PATCHED CityLearn defect 'endogenous_obs_from_simulated_hour'.
        The indoor temperature observation reads the uncontrolled dataset
        value, never the simulated one. State observations now come from
        the simulator's series for the hour the action was applied to.
        Disable with STEMSEnvironment(patch_endogenous_obs=False).
==========================================================================
==========================================================================
[STEMS] PATCHED CityLearn defect 'dhw_storage_capacity' on 8/8 buildings.
        Building.update_dhw_storage scales the action by heating_storage.capacity
        (= 0.0 in this schema), making the DHW action a no-op. Now uses dhw_storage.capacity.
        Disable with STEMSEnvironment(patch_dhw=False).
==========================================================================
==========================================================================
[STEMS] PATCHED CityLearn defect 't0_thermal_double_count' on 8/8 buildings.
        reset() books the ideal thermal load at t=0, then the first step
        limits devices to nominal power minus that same load (asserts on
        heating, silently clips storage charging). Cleared before step 1.
        Disable with STEMSEnvironment(patch_t0_double_count=False).
==========================================================================
==========================================================================
[STEMS] PATCHED CityLearn defect 'endogenous_obs_from_simulated_hour'.
        The indoor temperature observation reads the uncontrolled dataset
        value, never the simulated one. State observations now come from
        the simulator's series for the hour the action was applied to.
        Disable with STEMSEnvironment(patch_endogenous_obs=False).
==========================================================================
[ev] 48/252 winter idle     asap    proportional causal cap= 60.0 missed=  0/ 67 unserved=    0.0kWh over=0.006 (79s)
==========================================================================
[STEMS] PATCHED CityLearn defect 'dhw_storage_capacity' on 8/8 buildings.
        Building.update_dhw_storage scales the action by heating_storage.capacity
        (= 0.0 in this schema), making the DHW action a no-op. Now uses dhw_storage.capacity.
        Disable with STEMSEnvironment(patch_dhw=False).
==========================================================================
==========================================================================
[STEMS] PATCHED CityLearn defect 't0_thermal_double_count' on 8/8 buildings.
        reset() books the ideal thermal load at t=0, then the first step
        limits devices to nominal power minus that same load (asserts on
        heating, silently clips storage charging). Cleared before step 1.
        Disable with STEMSEnvironment(patch_t0_double_count=False).
==========================================================================
==========================================================================
[STEMS] PATCHED CityLearn defect 'endogenous_obs_from_simulated_hour'.
        The indoor temperature observation reads the uncontrolled dataset
        value, never the simulated one. State observations now come from
        the simulator's series for the hour the action was applied to.
        Disable with STEMSEnvironment(patch_endogenous_obs=False).
==========================================================================
==========================================================================
[STEMS] PATCHED CityLearn defect 'dhw_storage_capacity' on 8/8 buildings.
        Building.update_dhw_storage scales the action by heating_storage.capacity
        (= 0.0 in this schema), making the DHW action a no-op. Now uses dhw_storage.capacity.
        Disable with STEMSEnvironment(patch_dhw=False).
==========================================================================
==========================================================================
[STEMS] PATCHED CityLearn defect 't0_thermal_double_count' on 8/8 buildings.
        reset() books the ideal thermal load at t=0, then the first step
        limits devices to nominal power minus that same load (asserts on
        heating, silently clips storage charging). Cleared before step 1.
        Disable with STEMSEnvironment(patch_t0_double_count=False).
==========================================================================
==========================================================================
[STEMS] PATCHED CityLearn defect 'endogenous_obs_from_simulated_hour'.
        The indoor temperature observation reads the uncontrolled dataset
        value, never the simulated one. State observations now come from
        the simulator's series for the hour the action was applied to.
        Disable with STEMSEnvironment(patch_endogenous_obs=False).
==========================================================================
==========================================================================
[STEMS] PATCHED CityLearn defect 'dhw_storage_capacity' on 8/8 buildings.
        Building.update_dhw_storage scales the action by heating_storage.capacity
        (= 0.0 in this schema), making the DHW action a no-op. Now uses dhw_storage.capacity.
        Disable with STEMSEnvironment(patch_dhw=False).
==========================================================================
==========================================================================
[STEMS] PATCHED CityLearn defect 't0_thermal_double_count' on 8/8 buildings.
        reset() books the ideal thermal load at t=0, then the first step
        limits devices to nominal power minus that same load (asserts on
        heating, silently clips storage charging). Cleared before step 1.
        Disable with STEMSEnvironment(patch_t0_double_count=False).
==========================================================================
==========================================================================
[STEMS] PATCHED CityLearn defect 'endogenous_obs_from_simulated_hour'.
        The indoor temperature observation reads the uncontrolled dataset
        value, never the simulated one. State observations now come from
        the simulator's series for the hour the action was applied to.
        Disable with STEMSEnvironment(patch_endogenous_obs=False).
==========================================================================
==========================================================================
[STEMS] PATCHED CityLearn defect 'dhw_storage_capacity' on 8/8 buildings.
        Building.update_dhw_storage scales the action by heating_storage.capacity
        (= 0.0 in this schema), making the DHW action a no-op. Now uses dhw_storage.capacity.
        Disable with STEMSEnvironment(patch_dhw=False).
==========================================================================
==========================================================================
[STEMS] PATCHED CityLearn defect 't0_thermal_double_count' on 8/8 buildings.
        reset() books the ideal thermal load at t=0, then the first step
        limits devices to nominal power minus that same load (asserts on
        heating, silently clips storage charging). Cleared before step 1.
        Disable with STEMSEnvironment(patch_t0_double_count=False).
==========================================================================
==========================================================================
[STEMS] PATCHED CityLearn defect 'endogenous_obs_from_simulated_hour'.
        The indoor temperature observation reads the uncontrolled dataset
        value, never the simulated one. State observations now come from
        the simulator's series for the hour the action was applied to.
        Disable with STEMSEnvironment(patch_endogenous_obs=False).
==========================================================================
[ev] 49/252 winter idle     asap    proportional causal cap= 45.0 missed=  5/ 67 unserved=   63.0kWh over=0.018 (98s)
[ev] 50/252 winter idle     asap    proportional causal cap= 40.0 missed=  6/ 67 unserved=  118.7kWh over=0.024 (98s)
[ev] 51/252 winter idle     asap    proportional causal cap= 35.0 missed=  8/ 67 unserved=  184.6kWh over=0.051 (96s)
[ev] 52/252 winter idle     asap    proportional causal cap= 30.0 missed= 22/ 67 unserved=  265.7kWh over=0.066 (100s)
[ev] 53/252 winter idle     asap    proportional causal cap= 27.5 missed= 40/ 67 unserved=  436.6kWh over=0.087 (99s)
[ev] 54/252 winter idle     asap    proportional causal cap= 25.0 missed= 45/ 67 unserved=  638.8kWh over=0.122 (100s)
[ev] 55/252 winter idle     asap    edf          replay cap=100.0 missed=  0/ 67 unserved=    0.0kWh over=0.000 (79s)
[ev] 56/252 winter idle     asap    edf          replay cap= 50.0 missed=  0/ 67 unserved=    0.0kWh over=0.009 (78s)
[ev] 57/252 winter idle     asap    edf          replay cap= 60.0 missed=  0/ 67 unserved=    0.0kWh over=0.012 (80s)
[ev] 58/252 winter idle     asap    edf          replay cap= 45.0 missed=  0/ 67 unserved=    0.0kWh over=0.015 (82s)
[ev] 59/252 winter idle     asap    edf          replay cap= 40.0 missed=  3/ 67 unserved=   49.2kWh over=0.018 (81s)
[ev] 60/252 winter idle     asap    edf          replay cap= 35.0 missed=  5/ 67 unserved=  103.8kWh over=0.027 (81s)
[ev] 61/252 winter idle     asap    edf          replay cap= 30.0 missed=  5/ 67 unserved=  140.8kWh over=0.054 (78s)
[ev] 62/252 winter idle     asap    edf          replay cap= 25.0 missed= 11/ 67 unserved=  242.1kWh over=0.110 (76s)
[ev] 63/252 winter idle     asap    edf          replay cap= 27.5 missed=  9/ 67 unserved=  185.5kWh over=0.081 (79s)
[ev] 64/252 winter idle     asap    edf          causal cap=100.0 missed=  0/ 67 unserved=    0.0kWh over=0.000 (77s)
[ev] 65/252 winter idle     asap    edf          causal cap= 60.0 missed=  0/ 67 unserved=    0.0kWh over=0.003 (74s)
[ev] 66/252 winter idle     asap    edf          causal cap= 50.0 missed=  0/ 67 unserved=    0.0kWh over=0.015 (74s)
==========================================================================
[STEMS] PATCHED CityLearn defect 'dhw_storage_capacity' on 8/8 buildings.
        Building.update_dhw_storage scales the action by heating_storage.capacity
        (= 0.0 in this schema), making the DHW action a no-op. Now uses dhw_storage.capacity.
        Disable with STEMSEnvironment(patch_dhw=False).
==========================================================================
==========================================================================
[STEMS] PATCHED CityLearn defect 't0_thermal_double_count' on 8/8 buildings.
        reset() books the ideal thermal load at t=0, then the first step
        limits devices to nominal power minus that same load (asserts on
        heating, silently clips storage charging). Cleared before step 1.
        Disable with STEMSEnvironment(patch_t0_double_count=False).
==========================================================================
==========================================================================
[STEMS] PATCHED CityLearn defect 'endogenous_obs_from_simulated_hour'.
        The indoor temperature observation reads the uncontrolled dataset
        value, never the simulated one. State observations now come from
        the simulator's series for the hour the action was applied to.
        Disable with STEMSEnvironment(patch_endogenous_obs=False).
==========================================================================
==========================================================================
[STEMS] PATCHED CityLearn defect 'dhw_storage_capacity' on 8/8 buildings.
        Building.update_dhw_storage scales the action by heating_storage.capacity
        (= 0.0 in this schema), making the DHW action a no-op. Now uses dhw_storage.capacity.
        Disable with STEMSEnvironment(patch_dhw=False).
==========================================================================
==========================================================================
[STEMS] PATCHED CityLearn defect 't0_thermal_double_count' on 8/8 buildings.
        reset() books the ideal thermal load at t=0, then the first step
        limits devices to nominal power minus that same load (asserts on
        heating, silently clips storage charging). Cleared before step 1.
        Disable with STEMSEnvironment(patch_t0_double_count=False).
==========================================================================
==========================================================================
[STEMS] PATCHED CityLearn defect 'endogenous_obs_from_simulated_hour'.
        The indoor temperature observation reads the uncontrolled dataset
        value, never the simulated one. State observations now come from
        the simulator's series for the hour the action was applied to.
        Disable with STEMSEnvironment(patch_endogenous_obs=False).
==========================================================================
==========================================================================
[STEMS] PATCHED CityLearn defect 'dhw_storage_capacity' on 8/8 buildings.
        Building.update_dhw_storage scales the action by heating_storage.capacity
        (= 0.0 in this schema), making the DHW action a no-op. Now uses dhw_storage.capacity.
        Disable with STEMSEnvironment(patch_dhw=False).
==========================================================================
==========================================================================
[STEMS] PATCHED CityLearn defect 't0_thermal_double_count' on 8/8 buildings.
        reset() books the ideal thermal load at t=0, then the first step
        limits devices to nominal power minus that same load (asserts on
        heating, silently clips storage charging). Cleared before step 1.
        Disable with STEMSEnvironment(patch_t0_double_count=False).
==========================================================================
==========================================================================
[STEMS] PATCHED CityLearn defect 'endogenous_obs_from_simulated_hour'.
        The indoor temperature observation reads the uncontrolled dataset
        value, never the simulated one. State observations now come from
        the simulator's series for the hour the action was applied to.
        Disable with STEMSEnvironment(patch_endogenous_obs=False).
==========================================================================
==========================================================================
[STEMS] PATCHED CityLearn defect 'dhw_storage_capacity' on 8/8 buildings.
        Building.update_dhw_storage scales the action by heating_storage.capacity
        (= 0.0 in this schema), making the DHW action a no-op. Now uses dhw_storage.capacity.
        Disable with STEMSEnvironment(patch_dhw=False).
==========================================================================
==========================================================================
[STEMS] PATCHED CityLearn defect 't0_thermal_double_count' on 8/8 buildings.
        reset() books the ideal thermal load at t=0, then the first step
        limits devices to nominal power minus that same load (asserts on
        heating, silently clips storage charging). Cleared before step 1.
        Disable with STEMSEnvironment(patch_t0_double_count=False).
==========================================================================
==========================================================================
[STEMS] PATCHED CityLearn defect 'endogenous_obs_from_simulated_hour'.
        The indoor temperature observation reads the uncontrolled dataset
        value, never the simulated one. State observations now come from
        the simulator's series for the hour the action was applied to.
        Disable with STEMSEnvironment(patch_endogenous_obs=False).
==========================================================================
[ev] 67/252 winter idle     asap    edf          causal cap= 45.0 missed=  3/ 67 unserved=   35.9kWh over=0.018 (76s)
[ev] 68/252 winter idle     asap    edf          causal cap= 35.0 missed=  7/ 67 unserved=  137.2kWh over=0.045 (77s)
==========================================================================
[STEMS] PATCHED CityLearn defect 'dhw_storage_capacity' on 8/8 buildings.
        Building.update_dhw_storage scales the action by heating_storage.capacity
        (= 0.0 in this schema), making the DHW action a no-op. Now uses dhw_storage.capacity.
        Disable with STEMSEnvironment(patch_dhw=False).
==========================================================================
==========================================================================
[STEMS] PATCHED CityLearn defect 't0_thermal_double_count' on 8/8 buildings.
        reset() books the ideal thermal load at t=0, then the first step
        limits devices to nominal power minus that same load (asserts on
        heating, silently clips storage charging). Cleared before step 1.
        Disable with STEMSEnvironment(patch_t0_double_count=False).
==========================================================================
==========================================================================
[STEMS] PATCHED CityLearn defect 'endogenous_obs_from_simulated_hour'.
        The indoor temperature observation reads the uncontrolled dataset
        value, never the simulated one. State observations now come from
        the simulator's series for the hour the action was applied to.
        Disable with STEMSEnvironment(patch_endogenous_obs=False).
==========================================================================
==========================================================================
[STEMS] PATCHED CityLearn defect 'dhw_storage_capacity' on 8/8 buildings.
        Building.update_dhw_storage scales the action by heating_storage.capacity
        (= 0.0 in this schema), making the DHW action a no-op. Now uses dhw_storage.capacity.
        Disable with STEMSEnvironment(patch_dhw=False).
==========================================================================
==========================================================================
[STEMS] PATCHED CityLearn defect 't0_thermal_double_count' on 8/8 buildings.
        reset() books the ideal thermal load at t=0, then the first step
        limits devices to nominal power minus that same load (asserts on
        heating, silently clips storage charging). Cleared before step 1.
        Disable with STEMSEnvironment(patch_t0_double_count=False).
==========================================================================
==========================================================================
[STEMS] PATCHED CityLearn defect 'endogenous_obs_from_simulated_hour'.
        The indoor temperature observation reads the uncontrolled dataset
        value, never the simulated one. State observations now come from
        the simulator's series for the hour the action was applied to.
        Disable with STEMSEnvironment(patch_endogenous_obs=False).
==========================================================================
==========================================================================
[STEMS] PATCHED CityLearn defect 'dhw_storage_capacity' on 8/8 buildings.
        Building.update_dhw_storage scales the action by heating_storage.capacity
        (= 0.0 in this schema), making the DHW action a no-op. Now uses dhw_storage.capacity.
        Disable with STEMSEnvironment(patch_dhw=False).
==========================================================================
==========================================================================
[STEMS] PATCHED CityLearn defect 't0_thermal_double_count' on 8/8 buildings.
        reset() books the ideal thermal load at t=0, then the first step
        limits devices to nominal power minus that same load (asserts on
        heating, silently clips storage charging). Cleared before step 1.
        Disable with STEMSEnvironment(patch_t0_double_count=False).
==========================================================================
==========================================================================
[STEMS] PATCHED CityLearn defect 'endogenous_obs_from_simulated_hour'.
        The indoor temperature observation reads the uncontrolled dataset
        value, never the simulated one. State observations now come from
        the simulator's series for the hour the action was applied to.
        Disable with STEMSEnvironment(patch_endogenous_obs=False).
==========================================================================
==========================================================================
[STEMS] PATCHED CityLearn defect 'dhw_storage_capacity' on 8/8 buildings.
        Building.update_dhw_storage scales the action by heating_storage.capacity
        (= 0.0 in this schema), making the DHW action a no-op. Now uses dhw_storage.capacity.
        Disable with STEMSEnvironment(patch_dhw=False).
==========================================================================
==========================================================================
[STEMS] PATCHED CityLearn defect 't0_thermal_double_count' on 8/8 buildings.
        reset() books the ideal thermal load at t=0, then the first step
        limits devices to nominal power minus that same load (asserts on
        heating, silently clips storage charging). Cleared before step 1.
        Disable with STEMSEnvironment(patch_t0_double_count=False).
==========================================================================
==========================================================================
[STEMS] PATCHED CityLearn defect 'endogenous_obs_from_simulated_hour'.
        The indoor temperature observation reads the uncontrolled dataset
        value, never the simulated one. State observations now come from
        the simulator's series for the hour the action was applied to.
        Disable with STEMSEnvironment(patch_endogenous_obs=False).
==========================================================================
[ev] 69/252 winter idle     asap    edf          causal cap= 40.0 missed=  5/ 67 unserved=   95.9kWh over=0.027 (79s)
==========================================================================
[STEMS] PATCHED CityLearn defect 'dhw_storage_capacity' on 8/8 buildings.
        Building.update_dhw_storage scales the action by heating_storage.capacity
        (= 0.0 in this schema), making the DHW action a no-op. Now uses dhw_storage.capacity.
        Disable with STEMSEnvironment(patch_dhw=False).
==========================================================================
==========================================================================
[STEMS] PATCHED CityLearn defect 't0_thermal_double_count' on 8/8 buildings.
        reset() books the ideal thermal load at t=0, then the first step
        limits devices to nominal power minus that same load (asserts on
        heating, silently clips storage charging). Cleared before step 1.
        Disable with STEMSEnvironment(patch_t0_double_count=False).
==========================================================================
==========================================================================
[STEMS] PATCHED CityLearn defect 'endogenous_obs_from_simulated_hour'.
        The indoor temperature observation reads the uncontrolled dataset
        value, never the simulated one. State observations now come from
        the simulator's series for the hour the action was applied to.
        Disable with STEMSEnvironment(patch_endogenous_obs=False).
==========================================================================
==========================================================================
[STEMS] PATCHED CityLearn defect 'dhw_storage_capacity' on 8/8 buildings.
        Building.update_dhw_storage scales the action by heating_storage.capacity
        (= 0.0 in this schema), making the DHW action a no-op. Now uses dhw_storage.capacity.
        Disable with STEMSEnvironment(patch_dhw=False).
==========================================================================
==========================================================================
[STEMS] PATCHED CityLearn defect 't0_thermal_double_count' on 8/8 buildings.
        reset() books the ideal thermal load at t=0, then the first step
        limits devices to nominal power minus that same load (asserts on
        heating, silently clips storage charging). Cleared before step 1.
        Disable with STEMSEnvironment(patch_t0_double_count=False).
==========================================================================
==========================================================================
[STEMS] PATCHED CityLearn defect 'endogenous_obs_from_simulated_hour'.
        The indoor temperature observation reads the uncontrolled dataset
        value, never the simulated one. State observations now come from
        the simulator's series for the hour the action was applied to.
        Disable with STEMSEnvironment(patch_endogenous_obs=False).
==========================================================================
==========================================================================
[STEMS] PATCHED CityLearn defect 'dhw_storage_capacity' on 8/8 buildings.
        Building.update_dhw_storage scales the action by heating_storage.capacity
        (= 0.0 in this schema), making the DHW action a no-op. Now uses dhw_storage.capacity.
        Disable with STEMSEnvironment(patch_dhw=False).
==========================================================================
==========================================================================
[STEMS] PATCHED CityLearn defect 't0_thermal_double_count' on 8/8 buildings.
        reset() books the ideal thermal load at t=0, then the first step
        limits devices to nominal power minus that same load (asserts on
        heating, silently clips storage charging). Cleared before step 1.
        Disable with STEMSEnvironment(patch_t0_double_count=False).
==========================================================================
==========================================================================
[STEMS] PATCHED CityLearn defect 'endogenous_obs_from_simulated_hour'.
        The indoor temperature observation reads the uncontrolled dataset
        value, never the simulated one. State observations now come from
        the simulator's series for the hour the action was applied to.
        Disable with STEMSEnvironment(patch_endogenous_obs=False).
==========================================================================
==========================================================================
[STEMS] PATCHED CityLearn defect 'dhw_storage_capacity' on 8/8 buildings.
        Building.update_dhw_storage scales the action by heating_storage.capacity
        (= 0.0 in this schema), making the DHW action a no-op. Now uses dhw_storage.capacity.
        Disable with STEMSEnvironment(patch_dhw=False).
==========================================================================
==========================================================================
[STEMS] PATCHED CityLearn defect 't0_thermal_double_count' on 8/8 buildings.
        reset() books the ideal thermal load at t=0, then the first step
        limits devices to nominal power minus that same load (asserts on
        heating, silently clips storage charging). Cleared before step 1.
        Disable with STEMSEnvironment(patch_t0_double_count=False).
==========================================================================
==========================================================================
[STEMS] PATCHED CityLearn defect 'endogenous_obs_from_simulated_hour'.
        The indoor temperature observation reads the uncontrolled dataset
        value, never the simulated one. State observations now come from
        the simulator's series for the hour the action was applied to.
        Disable with STEMSEnvironment(patch_endogenous_obs=False).
==========================================================================
[ev] 70/252 winter idle     asap    edf          causal cap= 30.0 missed= 11/ 67 unserved=  219.5kWh over=0.069 (82s)
==========================================================================
[STEMS] PATCHED CityLearn defect 'dhw_storage_capacity' on 8/8 buildings.
        Building.update_dhw_storage scales the action by heating_storage.capacity
        (= 0.0 in this schema), making the DHW action a no-op. Now uses dhw_storage.capacity.
        Disable with STEMSEnvironment(patch_dhw=False).
==========================================================================
==========================================================================
[STEMS] PATCHED CityLearn defect 't0_thermal_double_count' on 8/8 buildings.
        reset() books the ideal thermal load at t=0, then the first step
        limits devices to nominal power minus that same load (asserts on
        heating, silently clips storage charging). Cleared before step 1.
        Disable with STEMSEnvironment(patch_t0_double_count=False).
==========================================================================
==========================================================================
[STEMS] PATCHED CityLearn defect 'endogenous_obs_from_simulated_hour'.
        The indoor temperature observation reads the uncontrolled dataset
        value, never the simulated one. State observations now come from
        the simulator's series for the hour the action was applied to.
        Disable with STEMSEnvironment(patch_endogenous_obs=False).
==========================================================================
==========================================================================
[STEMS] PATCHED CityLearn defect 'dhw_storage_capacity' on 8/8 buildings.
        Building.update_dhw_storage scales the action by heating_storage.capacity
        (= 0.0 in this schema), making the DHW action a no-op. Now uses dhw_storage.capacity.
        Disable with STEMSEnvironment(patch_dhw=False).
==========================================================================
==========================================================================
[STEMS] PATCHED CityLearn defect 't0_thermal_double_count' on 8/8 buildings.
        reset() books the ideal thermal load at t=0, then the first step
        limits devices to nominal power minus that same load (asserts on
        heating, silently clips storage charging). Cleared before step 1.
        Disable with STEMSEnvironment(patch_t0_double_count=False).
==========================================================================
==========================================================================
[STEMS] PATCHED CityLearn defect 'endogenous_obs_from_simulated_hour'.
        The indoor temperature observation reads the uncontrolled dataset
        value, never the simulated one. State observations now come from
        the simulator's series for the hour the action was applied to.
        Disable with STEMSEnvironment(patch_endogenous_obs=False).
==========================================================================
==========================================================================
[STEMS] PATCHED CityLearn defect 'dhw_storage_capacity' on 8/8 buildings.
        Building.update_dhw_storage scales the action by heating_storage.capacity
        (= 0.0 in this schema), making the DHW action a no-op. Now uses dhw_storage.capacity.
        Disable with STEMSEnvironment(patch_dhw=False).
==========================================================================
==========================================================================
[STEMS] PATCHED CityLearn defect 't0_thermal_double_count' on 8/8 buildings.
        reset() books the ideal thermal load at t=0, then the first step
        limits devices to nominal power minus that same load (asserts on
        heating, silently clips storage charging). Cleared before step 1.
        Disable with STEMSEnvironment(patch_t0_double_count=False).
==========================================================================
==========================================================================
[STEMS] PATCHED CityLearn defect 'endogenous_obs_from_simulated_hour'.
        The indoor temperature observation reads the uncontrolled dataset
        value, never the simulated one. State observations now come from
        the simulator's series for the hour the action was applied to.
        Disable with STEMSEnvironment(patch_endogenous_obs=False).
==========================================================================
==========================================================================
[STEMS] PATCHED CityLearn defect 'dhw_storage_capacity' on 8/8 buildings.
        Building.update_dhw_storage scales the action by heating_storage.capacity
        (= 0.0 in this schema), making the DHW action a no-op. Now uses dhw_storage.capacity.
        Disable with STEMSEnvironment(patch_dhw=False).
==========================================================================
==========================================================================
[STEMS] PATCHED CityLearn defect 't0_thermal_double_count' on 8/8 buildings.
        reset() books the ideal thermal load at t=0, then the first step
        limits devices to nominal power minus that same load (asserts on
        heating, silently clips storage charging). Cleared before step 1.
        Disable with STEMSEnvironment(patch_t0_double_count=False).
==========================================================================
==========================================================================
[STEMS] PATCHED CityLearn defect 'endogenous_obs_from_simulated_hour'.
        The indoor temperature observation reads the uncontrolled dataset
        value, never the simulated one. State observations now come from
        the simulator's series for the hour the action was applied to.
        Disable with STEMSEnvironment(patch_endogenous_obs=False).
==========================================================================
[ev] 71/252 winter idle     asap    edf          causal cap= 27.5 missed= 20/ 67 unserved=  308.6kWh over=0.096 (81s)
==========================================================================
[STEMS] PATCHED CityLearn defect 'dhw_storage_capacity' on 8/8 buildings.
        Building.update_dhw_storage scales the action by heating_storage.capacity
        (= 0.0 in this schema), making the DHW action a no-op. Now uses dhw_storage.capacity.
        Disable with STEMSEnvironment(patch_dhw=False).
==========================================================================
==========================================================================
[STEMS] PATCHED CityLearn defect 't0_thermal_double_count' on 8/8 buildings.
        reset() books the ideal thermal load at t=0, then the first step
        limits devices to nominal power minus that same load (asserts on
        heating, silently clips storage charging). Cleared before step 1.
        Disable with STEMSEnvironment(patch_t0_double_count=False).
==========================================================================
==========================================================================
[STEMS] PATCHED CityLearn defect 'endogenous_obs_from_simulated_hour'.
        The indoor temperature observation reads the uncontrolled dataset
        value, never the simulated one. State observations now come from
        the simulator's series for the hour the action was applied to.
        Disable with STEMSEnvironment(patch_endogenous_obs=False).
==========================================================================
==========================================================================
[STEMS] PATCHED CityLearn defect 'dhw_storage_capacity' on 8/8 buildings.
        Building.update_dhw_storage scales the action by heating_storage.capacity
        (= 0.0 in this schema), making the DHW action a no-op. Now uses dhw_storage.capacity.
        Disable with STEMSEnvironment(patch_dhw=False).
==========================================================================
==========================================================================
[STEMS] PATCHED CityLearn defect 't0_thermal_double_count' on 8/8 buildings.
        reset() books the ideal thermal load at t=0, then the first step
        limits devices to nominal power minus that same load (asserts on
        heating, silently clips storage charging). Cleared before step 1.
        Disable with STEMSEnvironment(patch_t0_double_count=False).
==========================================================================
==========================================================================
[STEMS] PATCHED CityLearn defect 'endogenous_obs_from_simulated_hour'.
        The indoor temperature observation reads the uncontrolled dataset
        value, never the simulated one. State observations now come from
        the simulator's series for the hour the action was applied to.
        Disable with STEMSEnvironment(patch_endogenous_obs=False).
==========================================================================
==========================================================================
[STEMS] PATCHED CityLearn defect 'dhw_storage_capacity' on 8/8 buildings.
        Building.update_dhw_storage scales the action by heating_storage.capacity
        (= 0.0 in this schema), making the DHW action a no-op. Now uses dhw_storage.capacity.
        Disable with STEMSEnvironment(patch_dhw=False).
==========================================================================
==========================================================================
[STEMS] PATCHED CityLearn defect 't0_thermal_double_count' on 8/8 buildings.
        reset() books the ideal thermal load at t=0, then the first step
        limits devices to nominal power minus that same load (asserts on
        heating, silently clips storage charging). Cleared before step 1.
        Disable with STEMSEnvironment(patch_t0_double_count=False).
==========================================================================
==========================================================================
[STEMS] PATCHED CityLearn defect 'endogenous_obs_from_simulated_hour'.
        The indoor temperature observation reads the uncontrolled dataset
        value, never the simulated one. State observations now come from
        the simulator's series for the hour the action was applied to.
        Disable with STEMSEnvironment(patch_endogenous_obs=False).
==========================================================================
==========================================================================
[STEMS] PATCHED CityLearn defect 'dhw_storage_capacity' on 8/8 buildings.
        Building.update_dhw_storage scales the action by heating_storage.capacity
        (= 0.0 in this schema), making the DHW action a no-op. Now uses dhw_storage.capacity.
        Disable with STEMSEnvironment(patch_dhw=False).
==========================================================================
==========================================================================
[STEMS] PATCHED CityLearn defect 't0_thermal_double_count' on 8/8 buildings.
        reset() books the ideal thermal load at t=0, then the first step
        limits devices to nominal power minus that same load (asserts on
        heating, silently clips storage charging). Cleared before step 1.
        Disable with STEMSEnvironment(patch_t0_double_count=False).
==========================================================================
==========================================================================
[STEMS] PATCHED CityLearn defect 'endogenous_obs_from_simulated_hour'.
        The indoor temperature observation reads the uncontrolled dataset
        value, never the simulated one. State observations now come from
        the simulator's series for the hour the action was applied to.
        Disable with STEMSEnvironment(patch_endogenous_obs=False).
==========================================================================
[ev] 72/252 winter idle     asap    edf          causal cap= 25.0 missed= 34/ 67 unserved=  469.5kWh over=0.128 (82s)
==========================================================================
[STEMS] PATCHED CityLearn defect 'dhw_storage_capacity' on 8/8 buildings.
        Building.update_dhw_storage scales the action by heating_storage.capacity
        (= 0.0 in this schema), making the DHW action a no-op. Now uses dhw_storage.capacity.
        Disable with STEMSEnvironment(patch_dhw=False).
==========================================================================
==========================================================================
[STEMS] PATCHED CityLearn defect 't0_thermal_double_count' on 8/8 buildings.
        reset() books the ideal thermal load at t=0, then the first step
        limits devices to nominal power minus that same load (asserts on
        heating, silently clips storage charging). Cleared before step 1.
        Disable with STEMSEnvironment(patch_t0_double_count=False).
==========================================================================
==========================================================================
[STEMS] PATCHED CityLearn defect 'endogenous_obs_from_simulated_hour'.
        The indoor temperature observation reads the uncontrolled dataset
        value, never the simulated one. State observations now come from
        the simulator's series for the hour the action was applied to.
        Disable with STEMSEnvironment(patch_endogenous_obs=False).
==========================================================================
==========================================================================
[STEMS] PATCHED CityLearn defect 'dhw_storage_capacity' on 8/8 buildings.
        Building.update_dhw_storage scales the action by heating_storage.capacity
        (= 0.0 in this schema), making the DHW action a no-op. Now uses dhw_storage.capacity.
        Disable with STEMSEnvironment(patch_dhw=False).
==========================================================================
==========================================================================
[STEMS] PATCHED CityLearn defect 't0_thermal_double_count' on 8/8 buildings.
        reset() books the ideal thermal load at t=0, then the first step
        limits devices to nominal power minus that same load (asserts on
        heating, silently clips storage charging). Cleared before step 1.
        Disable with STEMSEnvironment(patch_t0_double_count=False).
==========================================================================
==========================================================================
[STEMS] PATCHED CityLearn defect 'endogenous_obs_from_simulated_hour'.
        The indoor temperature observation reads the uncontrolled dataset
        value, never the simulated one. State observations now come from
        the simulator's series for the hour the action was applied to.
        Disable with STEMSEnvironment(patch_endogenous_obs=False).
==========================================================================
==========================================================================
[STEMS] PATCHED CityLearn defect 'dhw_storage_capacity' on 8/8 buildings.
        Building.update_dhw_storage scales the action by heating_storage.capacity
        (= 0.0 in this schema), making the DHW action a no-op. Now uses dhw_storage.capacity.
        Disable with STEMSEnvironment(patch_dhw=False).
==========================================================================
==========================================================================
[STEMS] PATCHED CityLearn defect 't0_thermal_double_count' on 8/8 buildings.
        reset() books the ideal thermal load at t=0, then the first step
        limits devices to nominal power minus that same load (asserts on
        heating, silently clips storage charging). Cleared before step 1.
        Disable with STEMSEnvironment(patch_t0_double_count=False).
==========================================================================
==========================================================================
[STEMS] PATCHED CityLearn defect 'endogenous_obs_from_simulated_hour'.
        The indoor temperature observation reads the uncontrolled dataset
        value, never the simulated one. State observations now come from
        the simulator's series for the hour the action was applied to.
        Disable with STEMSEnvironment(patch_endogenous_obs=False).
==========================================================================
==========================================================================
[STEMS] PATCHED CityLearn defect 'dhw_storage_capacity' on 8/8 buildings.
        Building.update_dhw_storage scales the action by heating_storage.capacity
        (= 0.0 in this schema), making the DHW action a no-op. Now uses dhw_storage.capacity.
        Disable with STEMSEnvironment(patch_dhw=False).
==========================================================================
==========================================================================
[STEMS] PATCHED CityLearn defect 't0_thermal_double_count' on 8/8 buildings.
        reset() books the ideal thermal load at t=0, then the first step
        limits devices to nominal power minus that same load (asserts on
        heating, silently clips storage charging). Cleared before step 1.
        Disable with STEMSEnvironment(patch_t0_double_count=False).
==========================================================================
==========================================================================
[STEMS] PATCHED CityLearn defect 'endogenous_obs_from_simulated_hour'.
        The indoor temperature observation reads the uncontrolled dataset
        value, never the simulated one. State observations now come from
        the simulator's series for the hour the action was applied to.
        Disable with STEMSEnvironment(patch_endogenous_obs=False).
==========================================================================
[ev] 73/252 winter idle     asap    llf          replay cap=100.0 missed=  0/ 67 unserved=    0.0kWh over=0.000 (99s)
[ev] 74/252 winter idle     asap    llf          replay cap= 60.0 missed=  0/ 67 unserved=    0.0kWh over=0.012 (100s)
[ev] 75/252 winter idle     asap    llf          replay cap= 50.0 missed=  0/ 67 unserved=    0.0kWh over=0.012 (100s)
[ev] 76/252 winter idle     asap    llf          replay cap= 40.0 missed=  5/ 67 unserved=   46.8kWh over=0.018 (98s)
[ev] 77/252 winter idle     asap    llf          replay cap= 45.0 missed=  0/ 67 unserved=    0.0kWh over=0.012 (100s)
[ev] 78/252 winter idle     asap    llf          replay cap= 35.0 missed=  5/ 67 unserved=  103.6kWh over=0.033 (102s)
[ev] 79/252 winter idle     asap    llf          replay cap= 30.0 missed=  5/ 67 unserved=  140.7kWh over=0.057 (79s)
[ev] 80/252 winter idle     asap    llf          replay cap= 27.5 missed= 13/ 67 unserved=  176.4kWh over=0.090 (77s)
[ev] 81/252 winter idle     asap    llf          replay cap= 25.0 missed= 16/ 67 unserved=  238.3kWh over=0.116 (78s)
[ev] 82/252 winter idle     asap    llf          causal cap= 60.0 missed=  0/ 67 unserved=    0.0kWh over=0.003 (78s)
[ev] 83/252 winter idle     asap    llf          causal cap=100.0 missed=  0/ 67 unserved=    0.0kWh over=0.000 (80s)
[ev] 84/252 winter idle     asap    llf          causal cap= 50.0 missed=  0/ 67 unserved=    0.0kWh over=0.015 (79s)
[ev] 85/252 winter idle     asap    llf          causal cap= 45.0 missed=  5/ 67 unserved=   33.9kWh over=0.018 (80s)
[ev] 86/252 winter idle     asap    llf          causal cap= 40.0 missed=  5/ 67 unserved=   96.3kWh over=0.027 (82s)
[ev] 87/252 winter idle     asap    llf          causal cap= 35.0 missed=  6/ 67 unserved=  137.1kWh over=0.045 (88s)
[ev] 88/252 winter idle     asap    llf          causal cap= 30.0 missed= 14/ 67 unserved=  211.4kWh over=0.066 (93s)
[ev] 89/252 winter idle     asap    llf          causal cap= 27.5 missed= 26/ 67 unserved=  292.9kWh over=0.096 (93s)
[ev] 90/252 winter idle     asap    llf          causal cap= 25.0 missed= 39/ 67 unserved=  461.8kWh over=0.131 (97s)
[ev] 91/252 winter idle     asap    sllf         replay cap=100.0 missed=  0/ 67 unserved=    0.0kWh over=0.000 (97s)
==========================================================================
[STEMS] PATCHED CityLearn defect 'dhw_storage_capacity' on 8/8 buildings.
        Building.update_dhw_storage scales the action by heating_storage.capacity
        (= 0.0 in this schema), making the DHW action a no-op. Now uses dhw_storage.capacity.
        Disable with STEMSEnvironment(patch_dhw=False).
==========================================================================
==========================================================================
[STEMS] PATCHED CityLearn defect 't0_thermal_double_count' on 8/8 buildings.
        reset() books the ideal thermal load at t=0, then the first step
        limits devices to nominal power minus that same load (asserts on
        heating, silently clips storage charging). Cleared before step 1.
        Disable with STEMSEnvironment(patch_t0_double_count=False).
==========================================================================
==========================================================================
[STEMS] PATCHED CityLearn defect 'endogenous_obs_from_simulated_hour'.
        The indoor temperature observation reads the uncontrolled dataset
        value, never the simulated one. State observations now come from
        the simulator's series for the hour the action was applied to.
        Disable with STEMSEnvironment(patch_endogenous_obs=False).
==========================================================================
==========================================================================
[STEMS] PATCHED CityLearn defect 'dhw_storage_capacity' on 8/8 buildings.
        Building.update_dhw_storage scales the action by heating_storage.capacity
        (= 0.0 in this schema), making the DHW action a no-op. Now uses dhw_storage.capacity.
        Disable with STEMSEnvironment(patch_dhw=False).
==========================================================================
==========================================================================
[STEMS] PATCHED CityLearn defect 't0_thermal_double_count' on 8/8 buildings.
        reset() books the ideal thermal load at t=0, then the first step
        limits devices to nominal power minus that same load (asserts on
        heating, silently clips storage charging). Cleared before step 1.
        Disable with STEMSEnvironment(patch_t0_double_count=False).
==========================================================================
==========================================================================
[STEMS] PATCHED CityLearn defect 'endogenous_obs_from_simulated_hour'.
        The indoor temperature observation reads the uncontrolled dataset
        value, never the simulated one. State observations now come from
        the simulator's series for the hour the action was applied to.
        Disable with STEMSEnvironment(patch_endogenous_obs=False).
==========================================================================
==========================================================================
[STEMS] PATCHED CityLearn defect 'dhw_storage_capacity' on 8/8 buildings.
        Building.update_dhw_storage scales the action by heating_storage.capacity
        (= 0.0 in this schema), making the DHW action a no-op. Now uses dhw_storage.capacity.
        Disable with STEMSEnvironment(patch_dhw=False).
==========================================================================
==========================================================================
[STEMS] PATCHED CityLearn defect 't0_thermal_double_count' on 8/8 buildings.
        reset() books the ideal thermal load at t=0, then the first step
        limits devices to nominal power minus that same load (asserts on
        heating, silently clips storage charging). Cleared before step 1.
        Disable with STEMSEnvironment(patch_t0_double_count=False).
==========================================================================
==========================================================================
[STEMS] PATCHED CityLearn defect 'endogenous_obs_from_simulated_hour'.
        The indoor temperature observation reads the uncontrolled dataset
        value, never the simulated one. State observations now come from
        the simulator's series for the hour the action was applied to.
        Disable with STEMSEnvironment(patch_endogenous_obs=False).
==========================================================================
==========================================================================
[STEMS] PATCHED CityLearn defect 'dhw_storage_capacity' on 8/8 buildings.
        Building.update_dhw_storage scales the action by heating_storage.capacity
        (= 0.0 in this schema), making the DHW action a no-op. Now uses dhw_storage.capacity.
        Disable with STEMSEnvironment(patch_dhw=False).
==========================================================================
==========================================================================
[STEMS] PATCHED CityLearn defect 't0_thermal_double_count' on 8/8 buildings.
        reset() books the ideal thermal load at t=0, then the first step
        limits devices to nominal power minus that same load (asserts on
        heating, silently clips storage charging). Cleared before step 1.
        Disable with STEMSEnvironment(patch_t0_double_count=False).
==========================================================================
==========================================================================
[STEMS] PATCHED CityLearn defect 'endogenous_obs_from_simulated_hour'.
        The indoor temperature observation reads the uncontrolled dataset
        value, never the simulated one. State observations now come from
        the simulator's series for the hour the action was applied to.
        Disable with STEMSEnvironment(patch_endogenous_obs=False).
==========================================================================
[ev] 92/252 winter idle     asap    sllf         replay cap= 60.0 missed=  0/ 67 unserved=    0.0kWh over=0.009 (98s)
==========================================================================
[STEMS] PATCHED CityLearn defect 'dhw_storage_capacity' on 8/8 buildings.
        Building.update_dhw_storage scales the action by heating_storage.capacity
        (= 0.0 in this schema), making the DHW action a no-op. Now uses dhw_storage.capacity.
        Disable with STEMSEnvironment(patch_dhw=False).
==========================================================================
==========================================================================
[STEMS] PATCHED CityLearn defect 't0_thermal_double_count' on 8/8 buildings.
        reset() books the ideal thermal load at t=0, then the first step
        limits devices to nominal power minus that same load (asserts on
        heating, silently clips storage charging). Cleared before step 1.
        Disable with STEMSEnvironment(patch_t0_double_count=False).
==========================================================================
==========================================================================
[STEMS] PATCHED CityLearn defect 'endogenous_obs_from_simulated_hour'.
        The indoor temperature observation reads the uncontrolled dataset
        value, never the simulated one. State observations now come from
        the simulator's series for the hour the action was applied to.
        Disable with STEMSEnvironment(patch_endogenous_obs=False).
==========================================================================
==========================================================================
[STEMS] PATCHED CityLearn defect 'dhw_storage_capacity' on 8/8 buildings.
        Building.update_dhw_storage scales the action by heating_storage.capacity
        (= 0.0 in this schema), making the DHW action a no-op. Now uses dhw_storage.capacity.
        Disable with STEMSEnvironment(patch_dhw=False).
==========================================================================
==========================================================================
[STEMS] PATCHED CityLearn defect 't0_thermal_double_count' on 8/8 buildings.
        reset() books the ideal thermal load at t=0, then the first step
        limits devices to nominal power minus that same load (asserts on
        heating, silently clips storage charging). Cleared before step 1.
        Disable with STEMSEnvironment(patch_t0_double_count=False).
==========================================================================
==========================================================================
[STEMS] PATCHED CityLearn defect 'endogenous_obs_from_simulated_hour'.
        The indoor temperature observation reads the uncontrolled dataset
        value, never the simulated one. State observations now come from
        the simulator's series for the hour the action was applied to.
        Disable with STEMSEnvironment(patch_endogenous_obs=False).
==========================================================================
==========================================================================
[STEMS] PATCHED CityLearn defect 'dhw_storage_capacity' on 8/8 buildings.
        Building.update_dhw_storage scales the action by heating_storage.capacity
        (= 0.0 in this schema), making the DHW action a no-op. Now uses dhw_storage.capacity.
        Disable with STEMSEnvironment(patch_dhw=False).
==========================================================================
==========================================================================
[STEMS] PATCHED CityLearn defect 't0_thermal_double_count' on 8/8 buildings.
        reset() books the ideal thermal load at t=0, then the first step
        limits devices to nominal power minus that same load (asserts on
        heating, silently clips storage charging). Cleared before step 1.
        Disable with STEMSEnvironment(patch_t0_double_count=False).
==========================================================================
==========================================================================
[STEMS] PATCHED CityLearn defect 'endogenous_obs_from_simulated_hour'.
        The indoor temperature observation reads the uncontrolled dataset
        value, never the simulated one. State observations now come from
        the simulator's series for the hour the action was applied to.
        Disable with STEMSEnvironment(patch_endogenous_obs=False).
==========================================================================
==========================================================================
[STEMS] PATCHED CityLearn defect 'dhw_storage_capacity' on 8/8 buildings.
        Building.update_dhw_storage scales the action by heating_storage.capacity
        (= 0.0 in this schema), making the DHW action a no-op. Now uses dhw_storage.capacity.
        Disable with STEMSEnvironment(patch_dhw=False).
==========================================================================
==========================================================================
[STEMS] PATCHED CityLearn defect 't0_thermal_double_count' on 8/8 buildings.
        reset() books the ideal thermal load at t=0, then the first step
        limits devices to nominal power minus that same load (asserts on
        heating, silently clips storage charging). Cleared before step 1.
        Disable with STEMSEnvironment(patch_t0_double_count=False).
==========================================================================
==========================================================================
[STEMS] PATCHED CityLearn defect 'endogenous_obs_from_simulated_hour'.
        The indoor temperature observation reads the uncontrolled dataset
        value, never the simulated one. State observations now come from
        the simulator's series for the hour the action was applied to.
        Disable with STEMSEnvironment(patch_endogenous_obs=False).
==========================================================================
[ev] 93/252 winter idle     asap    sllf         replay cap= 50.0 missed=  0/ 67 unserved=    0.0kWh over=0.012 (93s)
==========================================================================
[STEMS] PATCHED CityLearn defect 'dhw_storage_capacity' on 8/8 buildings.
        Building.update_dhw_storage scales the action by heating_storage.capacity
        (= 0.0 in this schema), making the DHW action a no-op. Now uses dhw_storage.capacity.
        Disable with STEMSEnvironment(patch_dhw=False).
==========================================================================
==========================================================================
[STEMS] PATCHED CityLearn defect 't0_thermal_double_count' on 8/8 buildings.
        reset() books the ideal thermal load at t=0, then the first step
        limits devices to nominal power minus that same load (asserts on
        heating, silently clips storage charging). Cleared before step 1.
        Disable with STEMSEnvironment(patch_t0_double_count=False).
==========================================================================
==========================================================================
[STEMS] PATCHED CityLearn defect 'endogenous_obs_from_simulated_hour'.
        The indoor temperature observation reads the uncontrolled dataset
        value, never the simulated one. State observations now come from
        the simulator's series for the hour the action was applied to.
        Disable with STEMSEnvironment(patch_endogenous_obs=False).
==========================================================================
==========================================================================
[STEMS] PATCHED CityLearn defect 'dhw_storage_capacity' on 8/8 buildings.
        Building.update_dhw_storage scales the action by heating_storage.capacity
        (= 0.0 in this schema), making the DHW action a no-op. Now uses dhw_storage.capacity.
        Disable with STEMSEnvironment(patch_dhw=False).
==========================================================================
==========================================================================
[STEMS] PATCHED CityLearn defect 't0_thermal_double_count' on 8/8 buildings.
        reset() books the ideal thermal load at t=0, then the first step
        limits devices to nominal power minus that same load (asserts on
        heating, silently clips storage charging). Cleared before step 1.
        Disable with STEMSEnvironment(patch_t0_double_count=False).
==========================================================================
==========================================================================
[STEMS] PATCHED CityLearn defect 'endogenous_obs_from_simulated_hour'.
        The indoor temperature observation reads the uncontrolled dataset
        value, never the simulated one. State observations now come from
        the simulator's series for the hour the action was applied to.
        Disable with STEMSEnvironment(patch_endogenous_obs=False).
==========================================================================
==========================================================================
[STEMS] PATCHED CityLearn defect 'dhw_storage_capacity' on 8/8 buildings.
        Building.update_dhw_storage scales the action by heating_storage.capacity
        (= 0.0 in this schema), making the DHW action a no-op. Now uses dhw_storage.capacity.
        Disable with STEMSEnvironment(patch_dhw=False).
==========================================================================
==========================================================================
[STEMS] PATCHED CityLearn defect 't0_thermal_double_count' on 8/8 buildings.
        reset() books the ideal thermal load at t=0, then the first step
        limits devices to nominal power minus that same load (asserts on
        heating, silently clips storage charging). Cleared before step 1.
        Disable with STEMSEnvironment(patch_t0_double_count=False).
==========================================================================
==========================================================================
[STEMS] PATCHED CityLearn defect 'endogenous_obs_from_simulated_hour'.
        The indoor temperature observation reads the uncontrolled dataset
        value, never the simulated one. State observations now come from
        the simulator's series for the hour the action was applied to.
        Disable with STEMSEnvironment(patch_endogenous_obs=False).
==========================================================================
==========================================================================
[STEMS] PATCHED CityLearn defect 'dhw_storage_capacity' on 8/8 buildings.
        Building.update_dhw_storage scales the action by heating_storage.capacity
        (= 0.0 in this schema), making the DHW action a no-op. Now uses dhw_storage.capacity.
        Disable with STEMSEnvironment(patch_dhw=False).
==========================================================================
==========================================================================
[STEMS] PATCHED CityLearn defect 't0_thermal_double_count' on 8/8 buildings.
        reset() books the ideal thermal load at t=0, then the first step
        limits devices to nominal power minus that same load (asserts on
        heating, silently clips storage charging). Cleared before step 1.
        Disable with STEMSEnvironment(patch_t0_double_count=False).
==========================================================================
==========================================================================
[STEMS] PATCHED CityLearn defect 'endogenous_obs_from_simulated_hour'.
        The indoor temperature observation reads the uncontrolled dataset
        value, never the simulated one. State observations now come from
        the simulator's series for the hour the action was applied to.
        Disable with STEMSEnvironment(patch_endogenous_obs=False).
==========================================================================
==========================================================================
[STEMS] PATCHED CityLearn defect 'dhw_storage_capacity' on 8/8 buildings.
        Building.update_dhw_storage scales the action by heating_storage.capacity
        (= 0.0 in this schema), making the DHW action a no-op. Now uses dhw_storage.capacity.
        Disable with STEMSEnvironment(patch_dhw=False).
==========================================================================
==========================================================================
[STEMS] PATCHED CityLearn defect 't0_thermal_double_count' on 8/8 buildings.
        reset() books the ideal thermal load at t=0, then the first step
        limits devices to nominal power minus that same load (asserts on
        heating, silently clips storage charging). Cleared before step 1.
        Disable with STEMSEnvironment(patch_t0_double_count=False).
==========================================================================
==========================================================================
[STEMS] PATCHED CityLearn defect 'endogenous_obs_from_simulated_hour'.
        The indoor temperature observation reads the uncontrolled dataset
        value, never the simulated one. State observations now come from
        the simulator's series for the hour the action was applied to.
        Disable with STEMSEnvironment(patch_endogenous_obs=False).
==========================================================================
==========================================================================
[STEMS] PATCHED CityLearn defect 'dhw_storage_capacity' on 8/8 buildings.
        Building.update_dhw_storage scales the action by heating_storage.capacity
        (= 0.0 in this schema), making the DHW action a no-op. Now uses dhw_storage.capacity.
        Disable with STEMSEnvironment(patch_dhw=False).
==========================================================================
==========================================================================
[STEMS] PATCHED CityLearn defect 't0_thermal_double_count' on 8/8 buildings.
        reset() books the ideal thermal load at t=0, then the first step
        limits devices to nominal power minus that same load (asserts on
        heating, silently clips storage charging). Cleared before step 1.
        Disable with STEMSEnvironment(patch_t0_double_count=False).
==========================================================================
==========================================================================
[STEMS] PATCHED CityLearn defect 'endogenous_obs_from_simulated_hour'.
        The indoor temperature observation reads the uncontrolled dataset
        value, never the simulated one. State observations now come from
        the simulator's series for the hour the action was applied to.
        Disable with STEMSEnvironment(patch_endogenous_obs=False).
==========================================================================
==========================================================================
[STEMS] PATCHED CityLearn defect 'dhw_storage_capacity' on 8/8 buildings.
        Building.update_dhw_storage scales the action by heating_storage.capacity
        (= 0.0 in this schema), making the DHW action a no-op. Now uses dhw_storage.capacity.
        Disable with STEMSEnvironment(patch_dhw=False).
==========================================================================
==========================================================================
[STEMS] PATCHED CityLearn defect 't0_thermal_double_count' on 8/8 buildings.
        reset() books the ideal thermal load at t=0, then the first step
        limits devices to nominal power minus that same load (asserts on
        heating, silently clips storage charging). Cleared before step 1.
        Disable with STEMSEnvironment(patch_t0_double_count=False).
==========================================================================
==========================================================================
[STEMS] PATCHED CityLearn defect 'endogenous_obs_from_simulated_hour'.
        The indoor temperature observation reads the uncontrolled dataset
        value, never the simulated one. State observations now come from
        the simulator's series for the hour the action was applied to.
        Disable with STEMSEnvironment(patch_endogenous_obs=False).
==========================================================================
==========================================================================
[STEMS] PATCHED CityLearn defect 'dhw_storage_capacity' on 8/8 buildings.
        Building.update_dhw_storage scales the action by heating_storage.capacity
        (= 0.0 in this schema), making the DHW action a no-op. Now uses dhw_storage.capacity.
        Disable with STEMSEnvironment(patch_dhw=False).
==========================================================================
==========================================================================
[STEMS] PATCHED CityLearn defect 't0_thermal_double_count' on 8/8 buildings.
        reset() books the ideal thermal load at t=0, then the first step
        limits devices to nominal power minus that same load (asserts on
        heating, silently clips storage charging). Cleared before step 1.
        Disable with STEMSEnvironment(patch_t0_double_count=False).
==========================================================================
==========================================================================
[STEMS] PATCHED CityLearn defect 'endogenous_obs_from_simulated_hour'.
        The indoor temperature observation reads the uncontrolled dataset
        value, never the simulated one. State observations now come from
        the simulator's series for the hour the action was applied to.
        Disable with STEMSEnvironment(patch_endogenous_obs=False).
==========================================================================
[ev] 94/252 winter idle     asap    sllf         replay cap= 45.0 missed=  0/ 67 unserved=    0.0kWh over=0.024 (86s)
==========================================================================
[STEMS] PATCHED CityLearn defect 'dhw_storage_capacity' on 8/8 buildings.
        Building.update_dhw_storage scales the action by heating_storage.capacity
        (= 0.0 in this schema), making the DHW action a no-op. Now uses dhw_storage.capacity.
        Disable with STEMSEnvironment(patch_dhw=False).
==========================================================================
==========================================================================
[STEMS] PATCHED CityLearn defect 't0_thermal_double_count' on 8/8 buildings.
        reset() books the ideal thermal load at t=0, then the first step
        limits devices to nominal power minus that same load (asserts on
        heating, silently clips storage charging). Cleared before step 1.
        Disable with STEMSEnvironment(patch_t0_double_count=False).
==========================================================================
==========================================================================
[STEMS] PATCHED CityLearn defect 'endogenous_obs_from_simulated_hour'.
        The indoor temperature observation reads the uncontrolled dataset
        value, never the simulated one. State observations now come from
        the simulator's series for the hour the action was applied to.
        Disable with STEMSEnvironment(patch_endogenous_obs=False).
==========================================================================
==========================================================================
[STEMS] PATCHED CityLearn defect 'dhw_storage_capacity' on 8/8 buildings.
        Building.update_dhw_storage scales the action by heating_storage.capacity
        (= 0.0 in this schema), making the DHW action a no-op. Now uses dhw_storage.capacity.
        Disable with STEMSEnvironment(patch_dhw=False).
==========================================================================
==========================================================================
[STEMS] PATCHED CityLearn defect 't0_thermal_double_count' on 8/8 buildings.
        reset() books the ideal thermal load at t=0, then the first step
        limits devices to nominal power minus that same load (asserts on
        heating, silently clips storage charging). Cleared before step 1.
        Disable with STEMSEnvironment(patch_t0_double_count=False).
==========================================================================
==========================================================================
[STEMS] PATCHED CityLearn defect 'endogenous_obs_from_simulated_hour'.
        The indoor temperature observation reads the uncontrolled dataset
        value, never the simulated one. State observations now come from
        the simulator's series for the hour the action was applied to.
        Disable with STEMSEnvironment(patch_endogenous_obs=False).
==========================================================================
==========================================================================
[STEMS] PATCHED CityLearn defect 'dhw_storage_capacity' on 8/8 buildings.
        Building.update_dhw_storage scales the action by heating_storage.capacity
        (= 0.0 in this schema), making the DHW action a no-op. Now uses dhw_storage.capacity.
        Disable with STEMSEnvironment(patch_dhw=False).
==========================================================================
==========================================================================
[STEMS] PATCHED CityLearn defect 't0_thermal_double_count' on 8/8 buildings.
        reset() books the ideal thermal load at t=0, then the first step
        limits devices to nominal power minus that same load (asserts on
        heating, silently clips storage charging). Cleared before step 1.
        Disable with STEMSEnvironment(patch_t0_double_count=False).
==========================================================================
==========================================================================
[STEMS] PATCHED CityLearn defect 'endogenous_obs_from_simulated_hour'.
        The indoor temperature observation reads the uncontrolled dataset
        value, never the simulated one. State observations now come from
        the simulator's series for the hour the action was applied to.
        Disable with STEMSEnvironment(patch_endogenous_obs=False).
==========================================================================
==========================================================================
[STEMS] PATCHED CityLearn defect 'dhw_storage_capacity' on 8/8 buildings.
        Building.update_dhw_storage scales the action by heating_storage.capacity
        (= 0.0 in this schema), making the DHW action a no-op. Now uses dhw_storage.capacity.
        Disable with STEMSEnvironment(patch_dhw=False).
==========================================================================
==========================================================================
[STEMS] PATCHED CityLearn defect 't0_thermal_double_count' on 8/8 buildings.
        reset() books the ideal thermal load at t=0, then the first step
        limits devices to nominal power minus that same load (asserts on
        heating, silently clips storage charging). Cleared before step 1.
        Disable with STEMSEnvironment(patch_t0_double_count=False).
==========================================================================
==========================================================================
[STEMS] PATCHED CityLearn defect 'endogenous_obs_from_simulated_hour'.
        The indoor temperature observation reads the uncontrolled dataset
        value, never the simulated one. State observations now come from
        the simulator's series for the hour the action was applied to.
        Disable with STEMSEnvironment(patch_endogenous_obs=False).
==========================================================================
[ev] 95/252 winter idle     asap    sllf         replay cap= 40.0 missed=  5/ 67 unserved=   49.0kWh over=0.051 (89s)
[ev] 96/252 winter idle     asap    sllf         replay cap= 35.0 missed=  5/ 67 unserved=  107.6kWh over=0.048 (88s)
==========================================================================
[STEMS] PATCHED CityLearn defect 'dhw_storage_capacity' on 8/8 buildings.
        Building.update_dhw_storage scales the action by heating_storage.capacity
        (= 0.0 in this schema), making the DHW action a no-op. Now uses dhw_storage.capacity.
        Disable with STEMSEnvironment(patch_dhw=False).
==========================================================================
==========================================================================
[STEMS] PATCHED CityLearn defect 't0_thermal_double_count' on 8/8 buildings.
        reset() books the ideal thermal load at t=0, then the first step
        limits devices to nominal power minus that same load (asserts on
        heating, silently clips storage charging). Cleared before step 1.
        Disable with STEMSEnvironment(patch_t0_double_count=False).
==========================================================================
==========================================================================
[STEMS] PATCHED CityLearn defect 'endogenous_obs_from_simulated_hour'.
        The indoor temperature observation reads the uncontrolled dataset
        value, never the simulated one. State observations now come from
        the simulator's series for the hour the action was applied to.
        Disable with STEMSEnvironment(patch_endogenous_obs=False).
==========================================================================
==========================================================================
[STEMS] PATCHED CityLearn defect 'dhw_storage_capacity' on 8/8 buildings.
        Building.update_dhw_storage scales the action by heating_storage.capacity
        (= 0.0 in this schema), making the DHW action a no-op. Now uses dhw_storage.capacity.
        Disable with STEMSEnvironment(patch_dhw=False).
==========================================================================
==========================================================================
[STEMS] PATCHED CityLearn defect 't0_thermal_double_count' on 8/8 buildings.
        reset() books the ideal thermal load at t=0, then the first step
        limits devices to nominal power minus that same load (asserts on
        heating, silently clips storage charging). Cleared before step 1.
        Disable with STEMSEnvironment(patch_t0_double_count=False).
==========================================================================
==========================================================================
[STEMS] PATCHED CityLearn defect 'endogenous_obs_from_simulated_hour'.
        The indoor temperature observation reads the uncontrolled dataset
        value, never the simulated one. State observations now come from
        the simulator's series for the hour the action was applied to.
        Disable with STEMSEnvironment(patch_endogenous_obs=False).
==========================================================================
==========================================================================
[STEMS] PATCHED CityLearn defect 'dhw_storage_capacity' on 8/8 buildings.
        Building.update_dhw_storage scales the action by heating_storage.capacity
        (= 0.0 in this schema), making the DHW action a no-op. Now uses dhw_storage.capacity.
        Disable with STEMSEnvironment(patch_dhw=False).
==========================================================================
==========================================================================
[STEMS] PATCHED CityLearn defect 't0_thermal_double_count' on 8/8 buildings.
        reset() books the ideal thermal load at t=0, then the first step
        limits devices to nominal power minus that same load (asserts on
        heating, silently clips storage charging). Cleared before step 1.
        Disable with STEMSEnvironment(patch_t0_double_count=False).
==========================================================================
==========================================================================
[STEMS] PATCHED CityLearn defect 'endogenous_obs_from_simulated_hour'.
        The indoor temperature observation reads the uncontrolled dataset
        value, never the simulated one. State observations now come from
        the simulator's series for the hour the action was applied to.
        Disable with STEMSEnvironment(patch_endogenous_obs=False).
==========================================================================
==========================================================================
[STEMS] PATCHED CityLearn defect 'dhw_storage_capacity' on 8/8 buildings.
        Building.update_dhw_storage scales the action by heating_storage.capacity
        (= 0.0 in this schema), making the DHW action a no-op. Now uses dhw_storage.capacity.
        Disable with STEMSEnvironment(patch_dhw=False).
==========================================================================
==========================================================================
[STEMS] PATCHED CityLearn defect 't0_thermal_double_count' on 8/8 buildings.
        reset() books the ideal thermal load at t=0, then the first step
        limits devices to nominal power minus that same load (asserts on
        heating, silently clips storage charging). Cleared before step 1.
        Disable with STEMSEnvironment(patch_t0_double_count=False).
==========================================================================
==========================================================================
[STEMS] PATCHED CityLearn defect 'endogenous_obs_from_simulated_hour'.
        The indoor temperature observation reads the uncontrolled dataset
        value, never the simulated one. State observations now come from
        the simulator's series for the hour the action was applied to.
        Disable with STEMSEnvironment(patch_endogenous_obs=False).
==========================================================================
[ev] 97/252 winter idle     asap    sllf         replay cap= 30.0 missed=  7/ 67 unserved=  145.2kWh over=0.087 (107s)
[ev] 98/252 winter idle     asap    sllf         replay cap= 27.5 missed= 13/ 67 unserved=  183.1kWh over=0.119 (107s)
[ev] 99/252 winter idle     asap    sllf         replay cap= 25.0 missed= 19/ 67 unserved=  257.5kWh over=0.158 (108s)
[ev] 100/252 winter idle     asap    sllf         causal cap=100.0 missed=  0/ 67 unserved=    0.0kWh over=0.000 (104s)
[ev] 101/252 winter idle     asap    sllf         causal cap= 60.0 missed=  0/ 67 unserved=    0.0kWh over=0.006 (102s)
[ev] 102/252 winter idle     asap    sllf         causal cap= 50.0 missed=  0/ 67 unserved=    0.0kWh over=0.015 (102s)
[ev] 103/252 winter idle     asap    sllf         causal cap= 45.0 missed=  5/ 67 unserved=   36.4kWh over=0.015 (80s)
[ev] 104/252 winter idle     asap    sllf         causal cap= 40.0 missed=  5/ 67 unserved=   93.4kWh over=0.021 (80s)
[ev] 105/252 winter idle     asap    sllf         causal cap= 35.0 missed=  6/ 67 unserved=  138.4kWh over=0.042 (82s)
[ev] 106/252 winter idle     asap    sllf         causal cap= 30.0 missed= 16/ 67 unserved=  222.2kWh over=0.066 (80s)
[ev] 107/252 winter idle     asap    sllf         causal cap= 27.5 missed= 29/ 67 unserved=  335.4kWh over=0.096 (79s)
[ev] 108/252 winter idle     asap    sllf         causal cap= 25.0 missed= 42/ 67 unserved=  508.2kWh over=0.119 (81s)
[ev] 109/252 winter idle     asap    lp           replay cap=100.0 missed=  0/ 67 unserved=    0.0kWh over=0.000 (80s)
[ev] 110/252 winter idle     asap    lp           replay cap= 60.0 missed=  0/ 67 unserved=    0.0kWh over=0.018 (79s)
[ev] 111/252 winter idle     asap    lp           replay cap= 50.0 missed=  0/ 67 unserved=    0.0kWh over=0.024 (80s)
[ev] 112/252 winter idle     asap    lp           replay cap= 45.0 missed=  0/ 67 unserved=    0.0kWh over=0.036 (82s)
[ev] 113/252 winter idle     asap    lp           replay cap= 40.0 missed=  5/ 67 unserved=   47.6kWh over=0.033 (82s)
[ev] 114/252 winter idle     asap    lp           replay cap= 35.0 missed=  5/ 67 unserved=  106.0kWh over=0.060 (81s)
==========================================================================
[STEMS] PATCHED CityLearn defect 'dhw_storage_capacity' on 8/8 buildings.
        Building.update_dhw_storage scales the action by heating_storage.capacity
        (= 0.0 in this schema), making the DHW action a no-op. Now uses dhw_storage.capacity.
        Disable with STEMSEnvironment(patch_dhw=False).
==========================================================================
==========================================================================
[STEMS] PATCHED CityLearn defect 't0_thermal_double_count' on 8/8 buildings.
        reset() books the ideal thermal load at t=0, then the first step
        limits devices to nominal power minus that same load (asserts on
        heating, silently clips storage charging). Cleared before step 1.
        Disable with STEMSEnvironment(patch_t0_double_count=False).
==========================================================================
==========================================================================
[STEMS] PATCHED CityLearn defect 'endogenous_obs_from_simulated_hour'.
        The indoor temperature observation reads the uncontrolled dataset
        value, never the simulated one. State observations now come from
        the simulator's series for the hour the action was applied to.
        Disable with STEMSEnvironment(patch_endogenous_obs=False).
==========================================================================
==========================================================================
[STEMS] PATCHED CityLearn defect 'dhw_storage_capacity' on 8/8 buildings.
        Building.update_dhw_storage scales the action by heating_storage.capacity
        (= 0.0 in this schema), making the DHW action a no-op. Now uses dhw_storage.capacity.
        Disable with STEMSEnvironment(patch_dhw=False).
==========================================================================
==========================================================================
[STEMS] PATCHED CityLearn defect 't0_thermal_double_count' on 8/8 buildings.
        reset() books the ideal thermal load at t=0, then the first step
        limits devices to nominal power minus that same load (asserts on
        heating, silently clips storage charging). Cleared before step 1.
        Disable with STEMSEnvironment(patch_t0_double_count=False).
==========================================================================
==========================================================================
[STEMS] PATCHED CityLearn defect 'endogenous_obs_from_simulated_hour'.
        The indoor temperature observation reads the uncontrolled dataset
        value, never the simulated one. State observations now come from
        the simulator's series for the hour the action was applied to.
        Disable with STEMSEnvironment(patch_endogenous_obs=False).
==========================================================================
==========================================================================
[STEMS] PATCHED CityLearn defect 'dhw_storage_capacity' on 8/8 buildings.
        Building.update_dhw_storage scales the action by heating_storage.capacity
        (= 0.0 in this schema), making the DHW action a no-op. Now uses dhw_storage.capacity.
        Disable with STEMSEnvironment(patch_dhw=False).
==========================================================================
==========================================================================
[STEMS] PATCHED CityLearn defect 't0_thermal_double_count' on 8/8 buildings.
        reset() books the ideal thermal load at t=0, then the first step
        limits devices to nominal power minus that same load (asserts on
        heating, silently clips storage charging). Cleared before step 1.
        Disable with STEMSEnvironment(patch_t0_double_count=False).
==========================================================================
==========================================================================
[STEMS] PATCHED CityLearn defect 'endogenous_obs_from_simulated_hour'.
        The indoor temperature observation reads the uncontrolled dataset
        value, never the simulated one. State observations now come from
        the simulator's series for the hour the action was applied to.
        Disable with STEMSEnvironment(patch_endogenous_obs=False).
==========================================================================
==========================================================================
[STEMS] PATCHED CityLearn defect 'dhw_storage_capacity' on 8/8 buildings.
        Building.update_dhw_storage scales the action by heating_storage.capacity
        (= 0.0 in this schema), making the DHW action a no-op. Now uses dhw_storage.capacity.
        Disable with STEMSEnvironment(patch_dhw=False).
==========================================================================
==========================================================================
[STEMS] PATCHED CityLearn defect 't0_thermal_double_count' on 8/8 buildings.
        reset() books the ideal thermal load at t=0, then the first step
        limits devices to nominal power minus that same load (asserts on
        heating, silently clips storage charging). Cleared before step 1.
        Disable with STEMSEnvironment(patch_t0_double_count=False).
==========================================================================
==========================================================================
[STEMS] PATCHED CityLearn defect 'endogenous_obs_from_simulated_hour'.
        The indoor temperature observation reads the uncontrolled dataset
        value, never the simulated one. State observations now come from
        the simulator's series for the hour the action was applied to.
        Disable with STEMSEnvironment(patch_endogenous_obs=False).
==========================================================================
[ev] 115/252 winter idle     asap    lp           replay cap= 30.0 missed=  5/ 67 unserved=  145.3kWh over=0.066 (91s)
[ev] 116/252 winter idle     asap    lp           replay cap= 27.5 missed= 11/ 67 unserved=  176.7kWh over=0.096 (93s)
==========================================================================
[STEMS] PATCHED CityLearn defect 'dhw_storage_capacity' on 8/8 buildings.
        Building.update_dhw_storage scales the action by heating_storage.capacity
        (= 0.0 in this schema), making the DHW action a no-op. Now uses dhw_storage.capacity.
        Disable with STEMSEnvironment(patch_dhw=False).
==========================================================================
==========================================================================
[STEMS] PATCHED CityLearn defect 't0_thermal_double_count' on 8/8 buildings.
        reset() books the ideal thermal load at t=0, then the first step
        limits devices to nominal power minus that same load (asserts on
        heating, silently clips storage charging). Cleared before step 1.
        Disable with STEMSEnvironment(patch_t0_double_count=False).
==========================================================================
==========================================================================
[STEMS] PATCHED CityLearn defect 'endogenous_obs_from_simulated_hour'.
        The indoor temperature observation reads the uncontrolled dataset
        value, never the simulated one. State observations now come from
        the simulator's series for the hour the action was applied to.
        Disable with STEMSEnvironment(patch_endogenous_obs=False).
==========================================================================
==========================================================================
[STEMS] PATCHED CityLearn defect 'dhw_storage_capacity' on 8/8 buildings.
        Building.update_dhw_storage scales the action by heating_storage.capacity
        (= 0.0 in this schema), making the DHW action a no-op. Now uses dhw_storage.capacity.
        Disable with STEMSEnvironment(patch_dhw=False).
==========================================================================
==========================================================================
[STEMS] PATCHED CityLearn defect 't0_thermal_double_count' on 8/8 buildings.
        reset() books the ideal thermal load at t=0, then the first step
        limits devices to nominal power minus that same load (asserts on
        heating, silently clips storage charging). Cleared before step 1.
        Disable with STEMSEnvironment(patch_t0_double_count=False).
==========================================================================
==========================================================================
[STEMS] PATCHED CityLearn defect 'endogenous_obs_from_simulated_hour'.
        The indoor temperature observation reads the uncontrolled dataset
        value, never the simulated one. State observations now come from
        the simulator's series for the hour the action was applied to.
        Disable with STEMSEnvironment(patch_endogenous_obs=False).
==========================================================================
==========================================================================
[STEMS] PATCHED CityLearn defect 'dhw_storage_capacity' on 8/8 buildings.
        Building.update_dhw_storage scales the action by heating_storage.capacity
        (= 0.0 in this schema), making the DHW action a no-op. Now uses dhw_storage.capacity.
        Disable with STEMSEnvironment(patch_dhw=False).
==========================================================================
==========================================================================
[STEMS] PATCHED CityLearn defect 't0_thermal_double_count' on 8/8 buildings.
        reset() books the ideal thermal load at t=0, then the first step
        limits devices to nominal power minus that same load (asserts on
        heating, silently clips storage charging). Cleared before step 1.
        Disable with STEMSEnvironment(patch_t0_double_count=False).
==========================================================================
==========================================================================
[STEMS] PATCHED CityLearn defect 'endogenous_obs_from_simulated_hour'.
        The indoor temperature observation reads the uncontrolled dataset
        value, never the simulated one. State observations now come from
        the simulator's series for the hour the action was applied to.
        Disable with STEMSEnvironment(patch_endogenous_obs=False).
==========================================================================
==========================================================================
[STEMS] PATCHED CityLearn defect 'dhw_storage_capacity' on 8/8 buildings.
        Building.update_dhw_storage scales the action by heating_storage.capacity
        (= 0.0 in this schema), making the DHW action a no-op. Now uses dhw_storage.capacity.
        Disable with STEMSEnvironment(patch_dhw=False).
==========================================================================
==========================================================================
[STEMS] PATCHED CityLearn defect 't0_thermal_double_count' on 8/8 buildings.
        reset() books the ideal thermal load at t=0, then the first step
        limits devices to nominal power minus that same load (asserts on
        heating, silently clips storage charging). Cleared before step 1.
        Disable with STEMSEnvironment(patch_t0_double_count=False).
==========================================================================
==========================================================================
[STEMS] PATCHED CityLearn defect 'endogenous_obs_from_simulated_hour'.
        The indoor temperature observation reads the uncontrolled dataset
        value, never the simulated one. State observations now come from
        the simulator's series for the hour the action was applied to.
        Disable with STEMSEnvironment(patch_endogenous_obs=False).
==========================================================================
[ev] 117/252 winter idle     asap    lp           replay cap= 25.0 missed= 14/ 67 unserved=  241.7kWh over=0.146 (93s)
==========================================================================
[STEMS] PATCHED CityLearn defect 'dhw_storage_capacity' on 8/8 buildings.
        Building.update_dhw_storage scales the action by heating_storage.capacity
        (= 0.0 in this schema), making the DHW action a no-op. Now uses dhw_storage.capacity.
        Disable with STEMSEnvironment(patch_dhw=False).
==========================================================================
==========================================================================
[STEMS] PATCHED CityLearn defect 't0_thermal_double_count' on 8/8 buildings.
        reset() books the ideal thermal load at t=0, then the first step
        limits devices to nominal power minus that same load (asserts on
        heating, silently clips storage charging). Cleared before step 1.
        Disable with STEMSEnvironment(patch_t0_double_count=False).
==========================================================================
==========================================================================
[STEMS] PATCHED CityLearn defect 'endogenous_obs_from_simulated_hour'.
        The indoor temperature observation reads the uncontrolled dataset
        value, never the simulated one. State observations now come from
        the simulator's series for the hour the action was applied to.
        Disable with STEMSEnvironment(patch_endogenous_obs=False).
==========================================================================
==========================================================================
[STEMS] PATCHED CityLearn defect 'dhw_storage_capacity' on 8/8 buildings.
        Building.update_dhw_storage scales the action by heating_storage.capacity
        (= 0.0 in this schema), making the DHW action a no-op. Now uses dhw_storage.capacity.
        Disable with STEMSEnvironment(patch_dhw=False).
==========================================================================
==========================================================================
[STEMS] PATCHED CityLearn defect 't0_thermal_double_count' on 8/8 buildings.
        reset() books the ideal thermal load at t=0, then the first step
        limits devices to nominal power minus that same load (asserts on
        heating, silently clips storage charging). Cleared before step 1.
        Disable with STEMSEnvironment(patch_t0_double_count=False).
==========================================================================
==========================================================================
[STEMS] PATCHED CityLearn defect 'endogenous_obs_from_simulated_hour'.
        The indoor temperature observation reads the uncontrolled dataset
        value, never the simulated one. State observations now come from
        the simulator's series for the hour the action was applied to.
        Disable with STEMSEnvironment(patch_endogenous_obs=False).
==========================================================================
==========================================================================
[STEMS] PATCHED CityLearn defect 'dhw_storage_capacity' on 8/8 buildings.
        Building.update_dhw_storage scales the action by heating_storage.capacity
        (= 0.0 in this schema), making the DHW action a no-op. Now uses dhw_storage.capacity.
        Disable with STEMSEnvironment(patch_dhw=False).
==========================================================================
==========================================================================
[STEMS] PATCHED CityLearn defect 't0_thermal_double_count' on 8/8 buildings.
        reset() books the ideal thermal load at t=0, then the first step
        limits devices to nominal power minus that same load (asserts on
        heating, silently clips storage charging). Cleared before step 1.
        Disable with STEMSEnvironment(patch_t0_double_count=False).
==========================================================================
==========================================================================
[STEMS] PATCHED CityLearn defect 'endogenous_obs_from_simulated_hour'.
        The indoor temperature observation reads the uncontrolled dataset
        value, never the simulated one. State observations now come from
        the simulator's series for the hour the action was applied to.
        Disable with STEMSEnvironment(patch_endogenous_obs=False).
==========================================================================
==========================================================================
[STEMS] PATCHED CityLearn defect 'dhw_storage_capacity' on 8/8 buildings.
        Building.update_dhw_storage scales the action by heating_storage.capacity
        (= 0.0 in this schema), making the DHW action a no-op. Now uses dhw_storage.capacity.
        Disable with STEMSEnvironment(patch_dhw=False).
==========================================================================
==========================================================================
[STEMS] PATCHED CityLearn defect 't0_thermal_double_count' on 8/8 buildings.
        reset() books the ideal thermal load at t=0, then the first step
        limits devices to nominal power minus that same load (asserts on
        heating, silently clips storage charging). Cleared before step 1.
        Disable with STEMSEnvironment(patch_t0_double_count=False).
==========================================================================
==========================================================================
[STEMS] PATCHED CityLearn defect 'endogenous_obs_from_simulated_hour'.
        The indoor temperature observation reads the uncontrolled dataset
        value, never the simulated one. State observations now come from
        the simulator's series for the hour the action was applied to.
        Disable with STEMSEnvironment(patch_endogenous_obs=False).
==========================================================================
==========================================================================
[STEMS] PATCHED CityLearn defect 'dhw_storage_capacity' on 8/8 buildings.
        Building.update_dhw_storage scales the action by heating_storage.capacity
        (= 0.0 in this schema), making the DHW action a no-op. Now uses dhw_storage.capacity.
        Disable with STEMSEnvironment(patch_dhw=False).
==========================================================================
==========================================================================
[STEMS] PATCHED CityLearn defect 't0_thermal_double_count' on 8/8 buildings.
        reset() books the ideal thermal load at t=0, then the first step
        limits devices to nominal power minus that same load (asserts on
        heating, silently clips storage charging). Cleared before step 1.
        Disable with STEMSEnvironment(patch_t0_double_count=False).
==========================================================================
==========================================================================
[STEMS] PATCHED CityLearn defect 'endogenous_obs_from_simulated_hour'.
        The indoor temperature observation reads the uncontrolled dataset
        value, never the simulated one. State observations now come from
        the simulator's series for the hour the action was applied to.
        Disable with STEMSEnvironment(patch_endogenous_obs=False).
==========================================================================
==========================================================================
[STEMS] PATCHED CityLearn defect 'dhw_storage_capacity' on 8/8 buildings.
        Building.update_dhw_storage scales the action by heating_storage.capacity
        (= 0.0 in this schema), making the DHW action a no-op. Now uses dhw_storage.capacity.
        Disable with STEMSEnvironment(patch_dhw=False).
==========================================================================
==========================================================================
[STEMS] PATCHED CityLearn defect 't0_thermal_double_count' on 8/8 buildings.
        reset() books the ideal thermal load at t=0, then the first step
        limits devices to nominal power minus that same load (asserts on
        heating, silently clips storage charging). Cleared before step 1.
        Disable with STEMSEnvironment(patch_t0_double_count=False).
==========================================================================
==========================================================================
[STEMS] PATCHED CityLearn defect 'endogenous_obs_from_simulated_hour'.
        The indoor temperature observation reads the uncontrolled dataset
        value, never the simulated one. State observations now come from
        the simulator's series for the hour the action was applied to.
        Disable with STEMSEnvironment(patch_endogenous_obs=False).
==========================================================================
==========================================================================
[STEMS] PATCHED CityLearn defect 'dhw_storage_capacity' on 8/8 buildings.
        Building.update_dhw_storage scales the action by heating_storage.capacity
        (= 0.0 in this schema), making the DHW action a no-op. Now uses dhw_storage.capacity.
        Disable with STEMSEnvironment(patch_dhw=False).
==========================================================================
==========================================================================
[STEMS] PATCHED CityLearn defect 't0_thermal_double_count' on 8/8 buildings.
        reset() books the ideal thermal load at t=0, then the first step
        limits devices to nominal power minus that same load (asserts on
        heating, silently clips storage charging). Cleared before step 1.
        Disable with STEMSEnvironment(patch_t0_double_count=False).
==========================================================================
==========================================================================
[STEMS] PATCHED CityLearn defect 'endogenous_obs_from_simulated_hour'.
        The indoor temperature observation reads the uncontrolled dataset
        value, never the simulated one. State observations now come from
        the simulator's series for the hour the action was applied to.
        Disable with STEMSEnvironment(patch_endogenous_obs=False).
==========================================================================
==========================================================================
[STEMS] PATCHED CityLearn defect 'dhw_storage_capacity' on 8/8 buildings.
        Building.update_dhw_storage scales the action by heating_storage.capacity
        (= 0.0 in this schema), making the DHW action a no-op. Now uses dhw_storage.capacity.
        Disable with STEMSEnvironment(patch_dhw=False).
==========================================================================
==========================================================================
[STEMS] PATCHED CityLearn defect 't0_thermal_double_count' on 8/8 buildings.
        reset() books the ideal thermal load at t=0, then the first step
        limits devices to nominal power minus that same load (asserts on
        heating, silently clips storage charging). Cleared before step 1.
        Disable with STEMSEnvironment(patch_t0_double_count=False).
==========================================================================
==========================================================================
[STEMS] PATCHED CityLearn defect 'endogenous_obs_from_simulated_hour'.
        The indoor temperature observation reads the uncontrolled dataset
        value, never the simulated one. State observations now come from
        the simulator's series for the hour the action was applied to.
        Disable with STEMSEnvironment(patch_endogenous_obs=False).
==========================================================================
[ev] 118/252 winter idle     asap    lp           causal cap=100.0 missed=  0/ 67 unserved=    0.0kWh over=0.000 (89s)
==========================================================================
[STEMS] PATCHED CityLearn defect 'dhw_storage_capacity' on 8/8 buildings.
        Building.update_dhw_storage scales the action by heating_storage.capacity
        (= 0.0 in this schema), making the DHW action a no-op. Now uses dhw_storage.capacity.
        Disable with STEMSEnvironment(patch_dhw=False).
==========================================================================
==========================================================================
[STEMS] PATCHED CityLearn defect 't0_thermal_double_count' on 8/8 buildings.
        reset() books the ideal thermal load at t=0, then the first step
        limits devices to nominal power minus that same load (asserts on
        heating, silently clips storage charging). Cleared before step 1.
        Disable with STEMSEnvironment(patch_t0_double_count=False).
==========================================================================
==========================================================================
[STEMS] PATCHED CityLearn defect 'endogenous_obs_from_simulated_hour'.
        The indoor temperature observation reads the uncontrolled dataset
        value, never the simulated one. State observations now come from
        the simulator's series for the hour the action was applied to.
        Disable with STEMSEnvironment(patch_endogenous_obs=False).
==========================================================================
==========================================================================
[STEMS] PATCHED CityLearn defect 'dhw_storage_capacity' on 8/8 buildings.
        Building.update_dhw_storage scales the action by heating_storage.capacity
        (= 0.0 in this schema), making the DHW action a no-op. Now uses dhw_storage.capacity.
        Disable with STEMSEnvironment(patch_dhw=False).
==========================================================================
==========================================================================
[STEMS] PATCHED CityLearn defect 't0_thermal_double_count' on 8/8 buildings.
        reset() books the ideal thermal load at t=0, then the first step
        limits devices to nominal power minus that same load (asserts on
        heating, silently clips storage charging). Cleared before step 1.
        Disable with STEMSEnvironment(patch_t0_double_count=False).
==========================================================================
==========================================================================
[STEMS] PATCHED CityLearn defect 'endogenous_obs_from_simulated_hour'.
        The indoor temperature observation reads the uncontrolled dataset
        value, never the simulated one. State observations now come from
        the simulator's series for the hour the action was applied to.
        Disable with STEMSEnvironment(patch_endogenous_obs=False).
==========================================================================
==========================================================================
[STEMS] PATCHED CityLearn defect 'dhw_storage_capacity' on 8/8 buildings.
        Building.update_dhw_storage scales the action by heating_storage.capacity
        (= 0.0 in this schema), making the DHW action a no-op. Now uses dhw_storage.capacity.
        Disable with STEMSEnvironment(patch_dhw=False).
==========================================================================
==========================================================================
[STEMS] PATCHED CityLearn defect 't0_thermal_double_count' on 8/8 buildings.
        reset() books the ideal thermal load at t=0, then the first step
        limits devices to nominal power minus that same load (asserts on
        heating, silently clips storage charging). Cleared before step 1.
        Disable with STEMSEnvironment(patch_t0_double_count=False).
==========================================================================
==========================================================================
[STEMS] PATCHED CityLearn defect 'endogenous_obs_from_simulated_hour'.
        The indoor temperature observation reads the uncontrolled dataset
        value, never the simulated one. State observations now come from
        the simulator's series for the hour the action was applied to.
        Disable with STEMSEnvironment(patch_endogenous_obs=False).
==========================================================================
==========================================================================
[STEMS] PATCHED CityLearn defect 'dhw_storage_capacity' on 8/8 buildings.
        Building.update_dhw_storage scales the action by heating_storage.capacity
        (= 0.0 in this schema), making the DHW action a no-op. Now uses dhw_storage.capacity.
        Disable with STEMSEnvironment(patch_dhw=False).
==========================================================================
==========================================================================
[STEMS] PATCHED CityLearn defect 't0_thermal_double_count' on 8/8 buildings.
        reset() books the ideal thermal load at t=0, then the first step
        limits devices to nominal power minus that same load (asserts on
        heating, silently clips storage charging). Cleared before step 1.
        Disable with STEMSEnvironment(patch_t0_double_count=False).
==========================================================================
==========================================================================
[STEMS] PATCHED CityLearn defect 'endogenous_obs_from_simulated_hour'.
        The indoor temperature observation reads the uncontrolled dataset
        value, never the simulated one. State observations now come from
        the simulator's series for the hour the action was applied to.
        Disable with STEMSEnvironment(patch_endogenous_obs=False).
==========================================================================
[ev] 119/252 winter idle     asap    lp           causal cap= 60.0 missed=  0/ 67 unserved=    0.0kWh over=0.006 (90s)
[ev] 120/252 winter idle     asap    lp           causal cap= 50.0 missed=  0/ 67 unserved=    0.0kWh over=0.018 (89s)
==========================================================================
[STEMS] PATCHED CityLearn defect 'dhw_storage_capacity' on 8/8 buildings.
        Building.update_dhw_storage scales the action by heating_storage.capacity
        (= 0.0 in this schema), making the DHW action a no-op. Now uses dhw_storage.capacity.
        Disable with STEMSEnvironment(patch_dhw=False).
==========================================================================
==========================================================================
[STEMS] PATCHED CityLearn defect 't0_thermal_double_count' on 8/8 buildings.
        reset() books the ideal thermal load at t=0, then the first step
        limits devices to nominal power minus that same load (asserts on
        heating, silently clips storage charging). Cleared before step 1.
        Disable with STEMSEnvironment(patch_t0_double_count=False).
==========================================================================
==========================================================================
[STEMS] PATCHED CityLearn defect 'endogenous_obs_from_simulated_hour'.
        The indoor temperature observation reads the uncontrolled dataset
        value, never the simulated one. State observations now come from
        the simulator's series for the hour the action was applied to.
        Disable with STEMSEnvironment(patch_endogenous_obs=False).
==========================================================================
==========================================================================
[STEMS] PATCHED CityLearn defect 'dhw_storage_capacity' on 8/8 buildings.
        Building.update_dhw_storage scales the action by heating_storage.capacity
        (= 0.0 in this schema), making the DHW action a no-op. Now uses dhw_storage.capacity.
        Disable with STEMSEnvironment(patch_dhw=False).
==========================================================================
==========================================================================
[STEMS] PATCHED CityLearn defect 't0_thermal_double_count' on 8/8 buildings.
        reset() books the ideal thermal load at t=0, then the first step
        limits devices to nominal power minus that same load (asserts on
        heating, silently clips storage charging). Cleared before step 1.
        Disable with STEMSEnvironment(patch_t0_double_count=False).
==========================================================================
==========================================================================
[STEMS] PATCHED CityLearn defect 'endogenous_obs_from_simulated_hour'.
        The indoor temperature observation reads the uncontrolled dataset
        value, never the simulated one. State observations now come from
        the simulator's series for the hour the action was applied to.
        Disable with STEMSEnvironment(patch_endogenous_obs=False).
==========================================================================
==========================================================================
[STEMS] PATCHED CityLearn defect 'dhw_storage_capacity' on 8/8 buildings.
        Building.update_dhw_storage scales the action by heating_storage.capacity
        (= 0.0 in this schema), making the DHW action a no-op. Now uses dhw_storage.capacity.
        Disable with STEMSEnvironment(patch_dhw=False).
==========================================================================
==========================================================================
[STEMS] PATCHED CityLearn defect 't0_thermal_double_count' on 8/8 buildings.
        reset() books the ideal thermal load at t=0, then the first step
        limits devices to nominal power minus that same load (asserts on
        heating, silently clips storage charging). Cleared before step 1.
        Disable with STEMSEnvironment(patch_t0_double_count=False).
==========================================================================
==========================================================================
[STEMS] PATCHED CityLearn defect 'endogenous_obs_from_simulated_hour'.
        The indoor temperature observation reads the uncontrolled dataset
        value, never the simulated one. State observations now come from
        the simulator's series for the hour the action was applied to.
        Disable with STEMSEnvironment(patch_endogenous_obs=False).
==========================================================================
==========================================================================
[STEMS] PATCHED CityLearn defect 'dhw_storage_capacity' on 8/8 buildings.
        Building.update_dhw_storage scales the action by heating_storage.capacity
        (= 0.0 in this schema), making the DHW action a no-op. Now uses dhw_storage.capacity.
        Disable with STEMSEnvironment(patch_dhw=False).
==========================================================================
==========================================================================
[STEMS] PATCHED CityLearn defect 't0_thermal_double_count' on 8/8 buildings.
        reset() books the ideal thermal load at t=0, then the first step
        limits devices to nominal power minus that same load (asserts on
        heating, silently clips storage charging). Cleared before step 1.
        Disable with STEMSEnvironment(patch_t0_double_count=False).
==========================================================================
==========================================================================
[STEMS] PATCHED CityLearn defect 'endogenous_obs_from_simulated_hour'.
        The indoor temperature observation reads the uncontrolled dataset
        value, never the simulated one. State observations now come from
        the simulator's series for the hour the action was applied to.
        Disable with STEMSEnvironment(patch_endogenous_obs=False).
==========================================================================
[ev] 121/252 winter idle     asap    lp           causal cap= 45.0 missed=  4/ 67 unserved=   35.1kWh over=0.021 (101s)
[ev] 122/252 winter idle     asap    lp           causal cap= 40.0 missed=  5/ 67 unserved=   95.0kWh over=0.030 (102s)
[ev] 123/252 winter idle     asap    lp           causal cap= 35.0 missed=  5/ 67 unserved=  136.5kWh over=0.054 (101s)
[ev] 124/252 winter idle     asap    lp           causal cap= 30.0 missed= 11/ 67 unserved=  211.3kWh over=0.069 (104s)
[ev] 125/252 winter idle     asap    lp           causal cap= 27.5 missed= 22/ 67 unserved=  295.4kWh over=0.099 (104s)
[ev] 126/252 winter idle     asap    lp           causal cap= 25.0 missed= 32/ 67 unserved=  458.6kWh over=0.131 (105s)
[ev] 127/252 summer idle     asap    noguard      replay cap=100.0 missed=  1/ 67 unserved=    0.1kWh over=0.000 (63s)
[ev] 128/252 summer idle     asap    noguard      replay cap= 60.0 missed=  1/ 67 unserved=    0.1kWh over=0.045 (62s)
[ev] 129/252 summer idle     asap    noguard      replay cap= 50.0 missed=  1/ 67 unserved=    0.1kWh over=0.084 (61s)
[ev] 130/252 summer idle     asap    noguard      replay cap= 45.0 missed=  1/ 67 unserved=    0.1kWh over=0.104 (62s)
[ev] 131/252 summer idle     asap    noguard      replay cap= 40.0 missed=  1/ 67 unserved=    0.1kWh over=0.116 (62s)
[ev] 132/252 summer idle     asap    noguard      replay cap= 35.0 missed=  1/ 67 unserved=    0.1kWh over=0.143 (58s)
[ev] 133/252 summer idle     asap    noguard      replay cap= 30.0 missed=  1/ 67 unserved=    0.1kWh over=0.167 (63s)
[ev] 134/252 summer idle     asap    noguard      replay cap= 27.5 missed=  1/ 67 unserved=    0.1kWh over=0.182 (64s)
[ev] 135/252 summer idle     asap    noguard      replay cap= 25.0 missed=  1/ 67 unserved=    0.1kWh over=0.194 (66s)
[ev] 136/252 summer idle     asap    independent  replay cap= 60.0 missed=  0/ 67 unserved=    0.0kWh over=0.036 (74s)
[ev] 137/252 summer idle     asap    independent  replay cap=100.0 missed=  0/ 67 unserved=    0.0kWh over=0.000 (78s)
[ev] 138/252 summer idle     asap    independent  replay cap= 50.0 missed=  0/ 67 unserved=    0.0kWh over=0.072 (76s)
==========================================================================
[STEMS] PATCHED CityLearn defect 'dhw_storage_capacity' on 8/8 buildings.
        Building.update_dhw_storage scales the action by heating_storage.capacity
        (= 0.0 in this schema), making the DHW action a no-op. Now uses dhw_storage.capacity.
        Disable with STEMSEnvironment(patch_dhw=False).
==========================================================================
==========================================================================
[STEMS] PATCHED CityLearn defect 't0_thermal_double_count' on 8/8 buildings.
        reset() books the ideal thermal load at t=0, then the first step
        limits devices to nominal power minus that same load (asserts on
        heating, silently clips storage charging). Cleared before step 1.
        Disable with STEMSEnvironment(patch_t0_double_count=False).
==========================================================================
==========================================================================
[STEMS] PATCHED CityLearn defect 'endogenous_obs_from_simulated_hour'.
        The indoor temperature observation reads the uncontrolled dataset
        value, never the simulated one. State observations now come from
        the simulator's series for the hour the action was applied to.
        Disable with STEMSEnvironment(patch_endogenous_obs=False).
==========================================================================
==========================================================================
[STEMS] PATCHED CityLearn defect 'dhw_storage_capacity' on 8/8 buildings.
        Building.update_dhw_storage scales the action by heating_storage.capacity
        (= 0.0 in this schema), making the DHW action a no-op. Now uses dhw_storage.capacity.
        Disable with STEMSEnvironment(patch_dhw=False).
==========================================================================
==========================================================================
[STEMS] PATCHED CityLearn defect 't0_thermal_double_count' on 8/8 buildings.
        reset() books the ideal thermal load at t=0, then the first step
        limits devices to nominal power minus that same load (asserts on
        heating, silently clips storage charging). Cleared before step 1.
        Disable with STEMSEnvironment(patch_t0_double_count=False).
==========================================================================
==========================================================================
[STEMS] PATCHED CityLearn defect 'endogenous_obs_from_simulated_hour'.
        The indoor temperature observation reads the uncontrolled dataset
        value, never the simulated one. State observations now come from
        the simulator's series for the hour the action was applied to.
        Disable with STEMSEnvironment(patch_endogenous_obs=False).
==========================================================================
==========================================================================
[STEMS] PATCHED CityLearn defect 'dhw_storage_capacity' on 8/8 buildings.
        Building.update_dhw_storage scales the action by heating_storage.capacity
        (= 0.0 in this schema), making the DHW action a no-op. Now uses dhw_storage.capacity.
        Disable with STEMSEnvironment(patch_dhw=False).
==========================================================================
==========================================================================
[STEMS] PATCHED CityLearn defect 't0_thermal_double_count' on 8/8 buildings.
        reset() books the ideal thermal load at t=0, then the first step
        limits devices to nominal power minus that same load (asserts on
        heating, silently clips storage charging). Cleared before step 1.
        Disable with STEMSEnvironment(patch_t0_double_count=False).
==========================================================================
==========================================================================
[STEMS] PATCHED CityLearn defect 'endogenous_obs_from_simulated_hour'.
        The indoor temperature observation reads the uncontrolled dataset
        value, never the simulated one. State observations now come from
        the simulator's series for the hour the action was applied to.
        Disable with STEMSEnvironment(patch_endogenous_obs=False).
==========================================================================
==========================================================================
[STEMS] PATCHED CityLearn defect 'dhw_storage_capacity' on 8/8 buildings.
        Building.update_dhw_storage scales the action by heating_storage.capacity
        (= 0.0 in this schema), making the DHW action a no-op. Now uses dhw_storage.capacity.
        Disable with STEMSEnvironment(patch_dhw=False).
==========================================================================
==========================================================================
[STEMS] PATCHED CityLearn defect 't0_thermal_double_count' on 8/8 buildings.
        reset() books the ideal thermal load at t=0, then the first step
        limits devices to nominal power minus that same load (asserts on
        heating, silently clips storage charging). Cleared before step 1.
        Disable with STEMSEnvironment(patch_t0_double_count=False).
==========================================================================
==========================================================================
[STEMS] PATCHED CityLearn defect 'endogenous_obs_from_simulated_hour'.
        The indoor temperature observation reads the uncontrolled dataset
        value, never the simulated one. State observations now come from
        the simulator's series for the hour the action was applied to.
        Disable with STEMSEnvironment(patch_endogenous_obs=False).
==========================================================================
[ev] 139/252 summer idle     asap    independent  replay cap= 45.0 missed=  0/ 67 unserved=    0.0kWh over=0.084 (77s)
[ev] 140/252 summer idle     asap    independent  replay cap= 40.0 missed=  0/ 67 unserved=    0.0kWh over=0.101 (80s)
==========================================================================
[STEMS] PATCHED CityLearn defect 'dhw_storage_capacity' on 8/8 buildings.
        Building.update_dhw_storage scales the action by heating_storage.capacity
        (= 0.0 in this schema), making the DHW action a no-op. Now uses dhw_storage.capacity.
        Disable with STEMSEnvironment(patch_dhw=False).
==========================================================================
==========================================================================
[STEMS] PATCHED CityLearn defect 't0_thermal_double_count' on 8/8 buildings.
        reset() books the ideal thermal load at t=0, then the first step
        limits devices to nominal power minus that same load (asserts on
        heating, silently clips storage charging). Cleared before step 1.
        Disable with STEMSEnvironment(patch_t0_double_count=False).
==========================================================================
==========================================================================
[STEMS] PATCHED CityLearn defect 'endogenous_obs_from_simulated_hour'.
        The indoor temperature observation reads the uncontrolled dataset
        value, never the simulated one. State observations now come from
        the simulator's series for the hour the action was applied to.
        Disable with STEMSEnvironment(patch_endogenous_obs=False).
==========================================================================
==========================================================================
[STEMS] PATCHED CityLearn defect 'dhw_storage_capacity' on 8/8 buildings.
        Building.update_dhw_storage scales the action by heating_storage.capacity
        (= 0.0 in this schema), making the DHW action a no-op. Now uses dhw_storage.capacity.
        Disable with STEMSEnvironment(patch_dhw=False).
==========================================================================
==========================================================================
[STEMS] PATCHED CityLearn defect 't0_thermal_double_count' on 8/8 buildings.
        reset() books the ideal thermal load at t=0, then the first step
        limits devices to nominal power minus that same load (asserts on
        heating, silently clips storage charging). Cleared before step 1.
        Disable with STEMSEnvironment(patch_t0_double_count=False).
==========================================================================
==========================================================================
[STEMS] PATCHED CityLearn defect 'endogenous_obs_from_simulated_hour'.
        The indoor temperature observation reads the uncontrolled dataset
        value, never the simulated one. State observations now come from
        the simulator's series for the hour the action was applied to.
        Disable with STEMSEnvironment(patch_endogenous_obs=False).
==========================================================================
==========================================================================
[STEMS] PATCHED CityLearn defect 'dhw_storage_capacity' on 8/8 buildings.
        Building.update_dhw_storage scales the action by heating_storage.capacity
        (= 0.0 in this schema), making the DHW action a no-op. Now uses dhw_storage.capacity.
        Disable with STEMSEnvironment(patch_dhw=False).
==========================================================================
==========================================================================
[STEMS] PATCHED CityLearn defect 't0_thermal_double_count' on 8/8 buildings.
        reset() books the ideal thermal load at t=0, then the first step
        limits devices to nominal power minus that same load (asserts on
        heating, silently clips storage charging). Cleared before step 1.
        Disable with STEMSEnvironment(patch_t0_double_count=False).
==========================================================================
==========================================================================
[STEMS] PATCHED CityLearn defect 'endogenous_obs_from_simulated_hour'.
        The indoor temperature observation reads the uncontrolled dataset
        value, never the simulated one. State observations now come from
        the simulator's series for the hour the action was applied to.
        Disable with STEMSEnvironment(patch_endogenous_obs=False).
==========================================================================
==========================================================================
[STEMS] PATCHED CityLearn defect 'dhw_storage_capacity' on 8/8 buildings.
        Building.update_dhw_storage scales the action by heating_storage.capacity
        (= 0.0 in this schema), making the DHW action a no-op. Now uses dhw_storage.capacity.
        Disable with STEMSEnvironment(patch_dhw=False).
==========================================================================
==========================================================================
[STEMS] PATCHED CityLearn defect 't0_thermal_double_count' on 8/8 buildings.
        reset() books the ideal thermal load at t=0, then the first step
        limits devices to nominal power minus that same load (asserts on
        heating, silently clips storage charging). Cleared before step 1.
        Disable with STEMSEnvironment(patch_t0_double_count=False).
==========================================================================
==========================================================================
[STEMS] PATCHED CityLearn defect 'endogenous_obs_from_simulated_hour'.
        The indoor temperature observation reads the uncontrolled dataset
        value, never the simulated one. State observations now come from
        the simulator's series for the hour the action was applied to.
        Disable with STEMSEnvironment(patch_endogenous_obs=False).
==========================================================================
[ev] 141/252 summer idle     asap    independent  replay cap= 35.0 missed=  0/ 67 unserved=    0.0kWh over=0.122 (78s)
==========================================================================
[STEMS] PATCHED CityLearn defect 'dhw_storage_capacity' on 8/8 buildings.
        Building.update_dhw_storage scales the action by heating_storage.capacity
        (= 0.0 in this schema), making the DHW action a no-op. Now uses dhw_storage.capacity.
        Disable with STEMSEnvironment(patch_dhw=False).
==========================================================================
==========================================================================
[STEMS] PATCHED CityLearn defect 't0_thermal_double_count' on 8/8 buildings.
        reset() books the ideal thermal load at t=0, then the first step
        limits devices to nominal power minus that same load (asserts on
        heating, silently clips storage charging). Cleared before step 1.
        Disable with STEMSEnvironment(patch_t0_double_count=False).
==========================================================================
==========================================================================
[STEMS] PATCHED CityLearn defect 'endogenous_obs_from_simulated_hour'.
        The indoor temperature observation reads the uncontrolled dataset
        value, never the simulated one. State observations now come from
        the simulator's series for the hour the action was applied to.
        Disable with STEMSEnvironment(patch_endogenous_obs=False).
==========================================================================
==========================================================================
[STEMS] PATCHED CityLearn defect 'dhw_storage_capacity' on 8/8 buildings.
        Building.update_dhw_storage scales the action by heating_storage.capacity
        (= 0.0 in this schema), making the DHW action a no-op. Now uses dhw_storage.capacity.
        Disable with STEMSEnvironment(patch_dhw=False).
==========================================================================
==========================================================================
[STEMS] PATCHED CityLearn defect 't0_thermal_double_count' on 8/8 buildings.
        reset() books the ideal thermal load at t=0, then the first step
        limits devices to nominal power minus that same load (asserts on
        heating, silently clips storage charging). Cleared before step 1.
        Disable with STEMSEnvironment(patch_t0_double_count=False).
==========================================================================
==========================================================================
[STEMS] PATCHED CityLearn defect 'endogenous_obs_from_simulated_hour'.
        The indoor temperature observation reads the uncontrolled dataset
        value, never the simulated one. State observations now come from
        the simulator's series for the hour the action was applied to.
        Disable with STEMSEnvironment(patch_endogenous_obs=False).
==========================================================================
==========================================================================
[STEMS] PATCHED CityLearn defect 'dhw_storage_capacity' on 8/8 buildings.
        Building.update_dhw_storage scales the action by heating_storage.capacity
        (= 0.0 in this schema), making the DHW action a no-op. Now uses dhw_storage.capacity.
        Disable with STEMSEnvironment(patch_dhw=False).
==========================================================================
==========================================================================
[STEMS] PATCHED CityLearn defect 't0_thermal_double_count' on 8/8 buildings.
        reset() books the ideal thermal load at t=0, then the first step
        limits devices to nominal power minus that same load (asserts on
        heating, silently clips storage charging). Cleared before step 1.
        Disable with STEMSEnvironment(patch_t0_double_count=False).
==========================================================================
==========================================================================
[STEMS] PATCHED CityLearn defect 'endogenous_obs_from_simulated_hour'.
        The indoor temperature observation reads the uncontrolled dataset
        value, never the simulated one. State observations now come from
        the simulator's series for the hour the action was applied to.
        Disable with STEMSEnvironment(patch_endogenous_obs=False).
==========================================================================
==========================================================================
[STEMS] PATCHED CityLearn defect 'dhw_storage_capacity' on 8/8 buildings.
        Building.update_dhw_storage scales the action by heating_storage.capacity
        (= 0.0 in this schema), making the DHW action a no-op. Now uses dhw_storage.capacity.
        Disable with STEMSEnvironment(patch_dhw=False).
==========================================================================
==========================================================================
[STEMS] PATCHED CityLearn defect 't0_thermal_double_count' on 8/8 buildings.
        reset() books the ideal thermal load at t=0, then the first step
        limits devices to nominal power minus that same load (asserts on
        heating, silently clips storage charging). Cleared before step 1.
        Disable with STEMSEnvironment(patch_t0_double_count=False).
==========================================================================
==========================================================================
[STEMS] PATCHED CityLearn defect 'endogenous_obs_from_simulated_hour'.
        The indoor temperature observation reads the uncontrolled dataset
        value, never the simulated one. State observations now come from
        the simulator's series for the hour the action was applied to.
        Disable with STEMSEnvironment(patch_endogenous_obs=False).
==========================================================================
==========================================================================
[STEMS] PATCHED CityLearn defect 'dhw_storage_capacity' on 8/8 buildings.
        Building.update_dhw_storage scales the action by heating_storage.capacity
        (= 0.0 in this schema), making the DHW action a no-op. Now uses dhw_storage.capacity.
        Disable with STEMSEnvironment(patch_dhw=False).
==========================================================================
==========================================================================
[STEMS] PATCHED CityLearn defect 't0_thermal_double_count' on 8/8 buildings.
        reset() books the ideal thermal load at t=0, then the first step
        limits devices to nominal power minus that same load (asserts on
        heating, silently clips storage charging). Cleared before step 1.
        Disable with STEMSEnvironment(patch_t0_double_count=False).
==========================================================================
==========================================================================
[STEMS] PATCHED CityLearn defect 'endogenous_obs_from_simulated_hour'.
        The indoor temperature observation reads the uncontrolled dataset
        value, never the simulated one. State observations now come from
        the simulator's series for the hour the action was applied to.
        Disable with STEMSEnvironment(patch_endogenous_obs=False).
==========================================================================
==========================================================================
[STEMS] PATCHED CityLearn defect 'dhw_storage_capacity' on 8/8 buildings.
        Building.update_dhw_storage scales the action by heating_storage.capacity
        (= 0.0 in this schema), making the DHW action a no-op. Now uses dhw_storage.capacity.
        Disable with STEMSEnvironment(patch_dhw=False).
==========================================================================
==========================================================================
[STEMS] PATCHED CityLearn defect 't0_thermal_double_count' on 8/8 buildings.
        reset() books the ideal thermal load at t=0, then the first step
        limits devices to nominal power minus that same load (asserts on
        heating, silently clips storage charging). Cleared before step 1.
        Disable with STEMSEnvironment(patch_t0_double_count=False).
==========================================================================
==========================================================================
[STEMS] PATCHED CityLearn defect 'endogenous_obs_from_simulated_hour'.
        The indoor temperature observation reads the uncontrolled dataset
        value, never the simulated one. State observations now come from
        the simulator's series for the hour the action was applied to.
        Disable with STEMSEnvironment(patch_endogenous_obs=False).
==========================================================================
==========================================================================
[STEMS] PATCHED CityLearn defect 'dhw_storage_capacity' on 8/8 buildings.
        Building.update_dhw_storage scales the action by heating_storage.capacity
        (= 0.0 in this schema), making the DHW action a no-op. Now uses dhw_storage.capacity.
        Disable with STEMSEnvironment(patch_dhw=False).
==========================================================================
==========================================================================
[STEMS] PATCHED CityLearn defect 't0_thermal_double_count' on 8/8 buildings.
        reset() books the ideal thermal load at t=0, then the first step
        limits devices to nominal power minus that same load (asserts on
        heating, silently clips storage charging). Cleared before step 1.
        Disable with STEMSEnvironment(patch_t0_double_count=False).
==========================================================================
==========================================================================
[STEMS] PATCHED CityLearn defect 'endogenous_obs_from_simulated_hour'.
        The indoor temperature observation reads the uncontrolled dataset
        value, never the simulated one. State observations now come from
        the simulator's series for the hour the action was applied to.
        Disable with STEMSEnvironment(patch_endogenous_obs=False).
==========================================================================
==========================================================================
[STEMS] PATCHED CityLearn defect 'dhw_storage_capacity' on 8/8 buildings.
        Building.update_dhw_storage scales the action by heating_storage.capacity
        (= 0.0 in this schema), making the DHW action a no-op. Now uses dhw_storage.capacity.
        Disable with STEMSEnvironment(patch_dhw=False).
==========================================================================
==========================================================================
[STEMS] PATCHED CityLearn defect 't0_thermal_double_count' on 8/8 buildings.
        reset() books the ideal thermal load at t=0, then the first step
        limits devices to nominal power minus that same load (asserts on
        heating, silently clips storage charging). Cleared before step 1.
        Disable with STEMSEnvironment(patch_t0_double_count=False).
==========================================================================
==========================================================================
[STEMS] PATCHED CityLearn defect 'endogenous_obs_from_simulated_hour'.
        The indoor temperature observation reads the uncontrolled dataset
        value, never the simulated one. State observations now come from
        the simulator's series for the hour the action was applied to.
        Disable with STEMSEnvironment(patch_endogenous_obs=False).
==========================================================================
[ev] 142/252 summer idle     asap    independent  replay cap= 30.0 missed=  0/ 67 unserved=    0.0kWh over=0.158 (77s)
==========================================================================
[STEMS] PATCHED CityLearn defect 'dhw_storage_capacity' on 8/8 buildings.
        Building.update_dhw_storage scales the action by heating_storage.capacity
        (= 0.0 in this schema), making the DHW action a no-op. Now uses dhw_storage.capacity.
        Disable with STEMSEnvironment(patch_dhw=False).
==========================================================================
==========================================================================
[STEMS] PATCHED CityLearn defect 't0_thermal_double_count' on 8/8 buildings.
        reset() books the ideal thermal load at t=0, then the first step
        limits devices to nominal power minus that same load (asserts on
        heating, silently clips storage charging). Cleared before step 1.
        Disable with STEMSEnvironment(patch_t0_double_count=False).
==========================================================================
==========================================================================
[STEMS] PATCHED CityLearn defect 'endogenous_obs_from_simulated_hour'.
        The indoor temperature observation reads the uncontrolled dataset
        value, never the simulated one. State observations now come from
        the simulator's series for the hour the action was applied to.
        Disable with STEMSEnvironment(patch_endogenous_obs=False).
==========================================================================
==========================================================================
[STEMS] PATCHED CityLearn defect 'dhw_storage_capacity' on 8/8 buildings.
        Building.update_dhw_storage scales the action by heating_storage.capacity
        (= 0.0 in this schema), making the DHW action a no-op. Now uses dhw_storage.capacity.
        Disable with STEMSEnvironment(patch_dhw=False).
==========================================================================
==========================================================================
[STEMS] PATCHED CityLearn defect 't0_thermal_double_count' on 8/8 buildings.
        reset() books the ideal thermal load at t=0, then the first step
        limits devices to nominal power minus that same load (asserts on
        heating, silently clips storage charging). Cleared before step 1.
        Disable with STEMSEnvironment(patch_t0_double_count=False).
==========================================================================
==========================================================================
[STEMS] PATCHED CityLearn defect 'endogenous_obs_from_simulated_hour'.
        The indoor temperature observation reads the uncontrolled dataset
        value, never the simulated one. State observations now come from
        the simulator's series for the hour the action was applied to.
        Disable with STEMSEnvironment(patch_endogenous_obs=False).
==========================================================================
==========================================================================
[STEMS] PATCHED CityLearn defect 'dhw_storage_capacity' on 8/8 buildings.
        Building.update_dhw_storage scales the action by heating_storage.capacity
        (= 0.0 in this schema), making the DHW action a no-op. Now uses dhw_storage.capacity.
        Disable with STEMSEnvironment(patch_dhw=False).
==========================================================================
==========================================================================
[STEMS] PATCHED CityLearn defect 't0_thermal_double_count' on 8/8 buildings.
        reset() books the ideal thermal load at t=0, then the first step
        limits devices to nominal power minus that same load (asserts on
        heating, silently clips storage charging). Cleared before step 1.
        Disable with STEMSEnvironment(patch_t0_double_count=False).
==========================================================================
==========================================================================
[STEMS] PATCHED CityLearn defect 'endogenous_obs_from_simulated_hour'.
        The indoor temperature observation reads the uncontrolled dataset
        value, never the simulated one. State observations now come from
        the simulator's series for the hour the action was applied to.
        Disable with STEMSEnvironment(patch_endogenous_obs=False).
==========================================================================
==========================================================================
[STEMS] PATCHED CityLearn defect 'dhw_storage_capacity' on 8/8 buildings.
        Building.update_dhw_storage scales the action by heating_storage.capacity
        (= 0.0 in this schema), making the DHW action a no-op. Now uses dhw_storage.capacity.
        Disable with STEMSEnvironment(patch_dhw=False).
==========================================================================
==========================================================================
[STEMS] PATCHED CityLearn defect 't0_thermal_double_count' on 8/8 buildings.
        reset() books the ideal thermal load at t=0, then the first step
        limits devices to nominal power minus that same load (asserts on
        heating, silently clips storage charging). Cleared before step 1.
        Disable with STEMSEnvironment(patch_t0_double_count=False).
==========================================================================
==========================================================================
[STEMS] PATCHED CityLearn defect 'endogenous_obs_from_simulated_hour'.
        The indoor temperature observation reads the uncontrolled dataset
        value, never the simulated one. State observations now come from
        the simulator's series for the hour the action was applied to.
        Disable with STEMSEnvironment(patch_endogenous_obs=False).
==========================================================================
[ev] 143/252 summer idle     asap    independent  replay cap= 27.5 missed=  0/ 67 unserved=    0.0kWh over=0.167 (77s)
[ev] 144/252 summer idle     asap    independent  replay cap= 25.0 missed=  0/ 67 unserved=    0.0kWh over=0.179 (74s)
==========================================================================
[STEMS] PATCHED CityLearn defect 'dhw_storage_capacity' on 8/8 buildings.
        Building.update_dhw_storage scales the action by heating_storage.capacity
        (= 0.0 in this schema), making the DHW action a no-op. Now uses dhw_storage.capacity.
        Disable with STEMSEnvironment(patch_dhw=False).
==========================================================================
==========================================================================
[STEMS] PATCHED CityLearn defect 't0_thermal_double_count' on 8/8 buildings.
        reset() books the ideal thermal load at t=0, then the first step
        limits devices to nominal power minus that same load (asserts on
        heating, silently clips storage charging). Cleared before step 1.
        Disable with STEMSEnvironment(patch_t0_double_count=False).
==========================================================================
==========================================================================
[STEMS] PATCHED CityLearn defect 'endogenous_obs_from_simulated_hour'.
        The indoor temperature observation reads the uncontrolled dataset
        value, never the simulated one. State observations now come from
        the simulator's series for the hour the action was applied to.
        Disable with STEMSEnvironment(patch_endogenous_obs=False).
==========================================================================
==========================================================================
[STEMS] PATCHED CityLearn defect 'dhw_storage_capacity' on 8/8 buildings.
        Building.update_dhw_storage scales the action by heating_storage.capacity
        (= 0.0 in this schema), making the DHW action a no-op. Now uses dhw_storage.capacity.
        Disable with STEMSEnvironment(patch_dhw=False).
==========================================================================
==========================================================================
[STEMS] PATCHED CityLearn defect 't0_thermal_double_count' on 8/8 buildings.
        reset() books the ideal thermal load at t=0, then the first step
        limits devices to nominal power minus that same load (asserts on
        heating, silently clips storage charging). Cleared before step 1.
        Disable with STEMSEnvironment(patch_t0_double_count=False).
==========================================================================
==========================================================================
[STEMS] PATCHED CityLearn defect 'endogenous_obs_from_simulated_hour'.
        The indoor temperature observation reads the uncontrolled dataset
        value, never the simulated one. State observations now come from
        the simulator's series for the hour the action was applied to.
        Disable with STEMSEnvironment(patch_endogenous_obs=False).
==========================================================================
==========================================================================
[STEMS] PATCHED CityLearn defect 'dhw_storage_capacity' on 8/8 buildings.
        Building.update_dhw_storage scales the action by heating_storage.capacity
        (= 0.0 in this schema), making the DHW action a no-op. Now uses dhw_storage.capacity.
        Disable with STEMSEnvironment(patch_dhw=False).
==========================================================================
==========================================================================
[STEMS] PATCHED CityLearn defect 't0_thermal_double_count' on 8/8 buildings.
        reset() books the ideal thermal load at t=0, then the first step
        limits devices to nominal power minus that same load (asserts on
        heating, silently clips storage charging). Cleared before step 1.
        Disable with STEMSEnvironment(patch_t0_double_count=False).
==========================================================================
==========================================================================
[STEMS] PATCHED CityLearn defect 'endogenous_obs_from_simulated_hour'.
        The indoor temperature observation reads the uncontrolled dataset
        value, never the simulated one. State observations now come from
        the simulator's series for the hour the action was applied to.
        Disable with STEMSEnvironment(patch_endogenous_obs=False).
==========================================================================
==========================================================================
[STEMS] PATCHED CityLearn defect 'dhw_storage_capacity' on 8/8 buildings.
        Building.update_dhw_storage scales the action by heating_storage.capacity
        (= 0.0 in this schema), making the DHW action a no-op. Now uses dhw_storage.capacity.
        Disable with STEMSEnvironment(patch_dhw=False).
==========================================================================
==========================================================================
[STEMS] PATCHED CityLearn defect 't0_thermal_double_count' on 8/8 buildings.
        reset() books the ideal thermal load at t=0, then the first step
        limits devices to nominal power minus that same load (asserts on
        heating, silently clips storage charging). Cleared before step 1.
        Disable with STEMSEnvironment(patch_t0_double_count=False).
==========================================================================
==========================================================================
[STEMS] PATCHED CityLearn defect 'endogenous_obs_from_simulated_hour'.
        The indoor temperature observation reads the uncontrolled dataset
        value, never the simulated one. State observations now come from
        the simulator's series for the hour the action was applied to.
        Disable with STEMSEnvironment(patch_endogenous_obs=False).
==========================================================================
[ev] 145/252 summer idle     asap    static       replay cap=100.0 missed=  0/ 67 unserved=    0.0kWh over=0.000 (1596s)
[ev] 146/252 summer idle     asap    static       replay cap= 60.0 missed=  0/ 67 unserved=    0.0kWh over=0.000 (1591s)
[ev] 147/252 summer idle     asap    static       replay cap= 50.0 missed=  0/ 67 unserved=    0.0kWh over=0.006 (1588s)
[ev] 148/252 summer idle     asap    static       replay cap= 45.0 missed=  0/ 67 unserved=    0.0kWh over=0.006 (1584s)
[ev] 149/252 summer idle     asap    static       replay cap= 40.0 missed=  1/ 67 unserved=    1.7kWh over=0.015 (1583s)
[ev] 150/252 summer idle     asap    static       replay cap= 35.0 missed=  5/ 67 unserved=   17.2kWh over=0.033 (1582s)
[ev] 151/252 summer idle     asap    static       replay cap= 30.0 missed= 13/ 67 unserved=   69.3kWh over=0.066 (66s)
[ev] 152/252 summer idle     asap    static       replay cap= 25.0 missed= 27/ 67 unserved=  207.4kWh over=0.084 (67s)
[ev] 153/252 summer idle     asap    static       replay cap= 27.5 missed= 15/ 67 unserved=  118.5kWh over=0.072 (69s)
[ev] 154/252 summer idle     asap    static       causal cap=100.0 missed=  0/ 67 unserved=    0.0kWh over=0.000 (84s)
[ev] 155/252 summer idle     asap    static       causal cap= 60.0 missed=  0/ 67 unserved=    0.0kWh over=0.000 (84s)
[ev] 156/252 summer idle     asap    static       causal cap= 50.0 missed=  0/ 67 unserved=    0.0kWh over=0.000 (84s)
[ev] 157/252 summer idle     asap    static       causal cap= 45.0 missed=  1/ 67 unserved=    0.1kWh over=0.000 (77s)
[ev] 158/252 summer idle     asap    static       causal cap= 40.0 missed=  4/ 67 unserved=   10.6kWh over=0.003 (72s)
[ev] 159/252 summer idle     asap    static       causal cap= 35.0 missed= 11/ 67 unserved=   50.6kWh over=0.018 (72s)
[ev] 160/252 summer idle     asap    static       causal cap= 27.5 missed= 30/ 67 unserved=  252.6kWh over=0.027 (56s)
[ev] 161/252 summer idle     asap    static       causal cap= 30.0 missed= 24/ 67 unserved=  146.2kWh over=0.027 (57s)
[ev] 162/252 summer idle     asap    static       causal cap= 25.0 missed= 37/ 67 unserved=  384.7kWh over=0.057 (56s)
==========================================================================
[STEMS] PATCHED CityLearn defect 'dhw_storage_capacity' on 8/8 buildings.
        Building.update_dhw_storage scales the action by heating_storage.capacity
        (= 0.0 in this schema), making the DHW action a no-op. Now uses dhw_storage.capacity.
        Disable with STEMSEnvironment(patch_dhw=False).
==========================================================================
==========================================================================
[STEMS] PATCHED CityLearn defect 't0_thermal_double_count' on 8/8 buildings.
        reset() books the ideal thermal load at t=0, then the first step
        limits devices to nominal power minus that same load (asserts on
        heating, silently clips storage charging). Cleared before step 1.
        Disable with STEMSEnvironment(patch_t0_double_count=False).
==========================================================================
==========================================================================
[STEMS] PATCHED CityLearn defect 'endogenous_obs_from_simulated_hour'.
        The indoor temperature observation reads the uncontrolled dataset
        value, never the simulated one. State observations now come from
        the simulator's series for the hour the action was applied to.
        Disable with STEMSEnvironment(patch_endogenous_obs=False).
==========================================================================
==========================================================================
[STEMS] PATCHED CityLearn defect 'dhw_storage_capacity' on 8/8 buildings.
        Building.update_dhw_storage scales the action by heating_storage.capacity
        (= 0.0 in this schema), making the DHW action a no-op. Now uses dhw_storage.capacity.
        Disable with STEMSEnvironment(patch_dhw=False).
==========================================================================
==========================================================================
[STEMS] PATCHED CityLearn defect 't0_thermal_double_count' on 8/8 buildings.
        reset() books the ideal thermal load at t=0, then the first step
        limits devices to nominal power minus that same load (asserts on
        heating, silently clips storage charging). Cleared before step 1.
        Disable with STEMSEnvironment(patch_t0_double_count=False).
==========================================================================
==========================================================================
[STEMS] PATCHED CityLearn defect 'endogenous_obs_from_simulated_hour'.
        The indoor temperature observation reads the uncontrolled dataset
        value, never the simulated one. State observations now come from
        the simulator's series for the hour the action was applied to.
        Disable with STEMSEnvironment(patch_endogenous_obs=False).
==========================================================================
==========================================================================
[STEMS] PATCHED CityLearn defect 'dhw_storage_capacity' on 8/8 buildings.
        Building.update_dhw_storage scales the action by heating_storage.capacity
        (= 0.0 in this schema), making the DHW action a no-op. Now uses dhw_storage.capacity.
        Disable with STEMSEnvironment(patch_dhw=False).
==========================================================================
==========================================================================
[STEMS] PATCHED CityLearn defect 't0_thermal_double_count' on 8/8 buildings.
        reset() books the ideal thermal load at t=0, then the first step
        limits devices to nominal power minus that same load (asserts on
        heating, silently clips storage charging). Cleared before step 1.
        Disable with STEMSEnvironment(patch_t0_double_count=False).
==========================================================================
==========================================================================
[STEMS] PATCHED CityLearn defect 'endogenous_obs_from_simulated_hour'.
        The indoor temperature observation reads the uncontrolled dataset
        value, never the simulated one. State observations now come from
        the simulator's series for the hour the action was applied to.
        Disable with STEMSEnvironment(patch_endogenous_obs=False).
==========================================================================
==========================================================================
[STEMS] PATCHED CityLearn defect 'dhw_storage_capacity' on 8/8 buildings.
        Building.update_dhw_storage scales the action by heating_storage.capacity
        (= 0.0 in this schema), making the DHW action a no-op. Now uses dhw_storage.capacity.
        Disable with STEMSEnvironment(patch_dhw=False).
==========================================================================
==========================================================================
[STEMS] PATCHED CityLearn defect 't0_thermal_double_count' on 8/8 buildings.
        reset() books the ideal thermal load at t=0, then the first step
        limits devices to nominal power minus that same load (asserts on
        heating, silently clips storage charging). Cleared before step 1.
        Disable with STEMSEnvironment(patch_t0_double_count=False).
==========================================================================
==========================================================================
[STEMS] PATCHED CityLearn defect 'endogenous_obs_from_simulated_hour'.
        The indoor temperature observation reads the uncontrolled dataset
        value, never the simulated one. State observations now come from
        the simulator's series for the hour the action was applied to.
        Disable with STEMSEnvironment(patch_endogenous_obs=False).
==========================================================================
[ev] 163/252 summer idle     asap    proportional replay cap=100.0 missed=  0/ 67 unserved=    0.0kWh over=0.000 (50s)
==========================================================================
[STEMS] PATCHED CityLearn defect 'dhw_storage_capacity' on 8/8 buildings.
        Building.update_dhw_storage scales the action by heating_storage.capacity
        (= 0.0 in this schema), making the DHW action a no-op. Now uses dhw_storage.capacity.
        Disable with STEMSEnvironment(patch_dhw=False).
==========================================================================
==========================================================================
[STEMS] PATCHED CityLearn defect 't0_thermal_double_count' on 8/8 buildings.
        reset() books the ideal thermal load at t=0, then the first step
        limits devices to nominal power minus that same load (asserts on
        heating, silently clips storage charging). Cleared before step 1.
        Disable with STEMSEnvironment(patch_t0_double_count=False).
==========================================================================
==========================================================================
[STEMS] PATCHED CityLearn defect 'endogenous_obs_from_simulated_hour'.
        The indoor temperature observation reads the uncontrolled dataset
        value, never the simulated one. State observations now come from
        the simulator's series for the hour the action was applied to.
        Disable with STEMSEnvironment(patch_endogenous_obs=False).
==========================================================================
==========================================================================
[STEMS] PATCHED CityLearn defect 'dhw_storage_capacity' on 8/8 buildings.
        Building.update_dhw_storage scales the action by heating_storage.capacity
        (= 0.0 in this schema), making the DHW action a no-op. Now uses dhw_storage.capacity.
        Disable with STEMSEnvironment(patch_dhw=False).
==========================================================================
==========================================================================
[STEMS] PATCHED CityLearn defect 't0_thermal_double_count' on 8/8 buildings.
        reset() books the ideal thermal load at t=0, then the first step
        limits devices to nominal power minus that same load (asserts on
        heating, silently clips storage charging). Cleared before step 1.
        Disable with STEMSEnvironment(patch_t0_double_count=False).
==========================================================================
==========================================================================
[STEMS] PATCHED CityLearn defect 'endogenous_obs_from_simulated_hour'.
        The indoor temperature observation reads the uncontrolled dataset
        value, never the simulated one. State observations now come from
        the simulator's series for the hour the action was applied to.
        Disable with STEMSEnvironment(patch_endogenous_obs=False).
==========================================================================
==========================================================================
[STEMS] PATCHED CityLearn defect 'dhw_storage_capacity' on 8/8 buildings.
        Building.update_dhw_storage scales the action by heating_storage.capacity
        (= 0.0 in this schema), making the DHW action a no-op. Now uses dhw_storage.capacity.
        Disable with STEMSEnvironment(patch_dhw=False).
==========================================================================
==========================================================================
[STEMS] PATCHED CityLearn defect 't0_thermal_double_count' on 8/8 buildings.
        reset() books the ideal thermal load at t=0, then the first step
        limits devices to nominal power minus that same load (asserts on
        heating, silently clips storage charging). Cleared before step 1.
        Disable with STEMSEnvironment(patch_t0_double_count=False).
==========================================================================
==========================================================================
[STEMS] PATCHED CityLearn defect 'endogenous_obs_from_simulated_hour'.
        The indoor temperature observation reads the uncontrolled dataset
        value, never the simulated one. State observations now come from
        the simulator's series for the hour the action was applied to.
        Disable with STEMSEnvironment(patch_endogenous_obs=False).
==========================================================================
==========================================================================
[STEMS] PATCHED CityLearn defect 'dhw_storage_capacity' on 8/8 buildings.
        Building.update_dhw_storage scales the action by heating_storage.capacity
        (= 0.0 in this schema), making the DHW action a no-op. Now uses dhw_storage.capacity.
        Disable with STEMSEnvironment(patch_dhw=False).
==========================================================================
==========================================================================
[STEMS] PATCHED CityLearn defect 't0_thermal_double_count' on 8/8 buildings.
        reset() books the ideal thermal load at t=0, then the first step
        limits devices to nominal power minus that same load (asserts on
        heating, silently clips storage charging). Cleared before step 1.
        Disable with STEMSEnvironment(patch_t0_double_count=False).
==========================================================================
==========================================================================
[STEMS] PATCHED CityLearn defect 'endogenous_obs_from_simulated_hour'.
        The indoor temperature observation reads the uncontrolled dataset
        value, never the simulated one. State observations now come from
        the simulator's series for the hour the action was applied to.
        Disable with STEMSEnvironment(patch_endogenous_obs=False).
==========================================================================
[ev] 164/252 summer idle     asap    proportional replay cap= 60.0 missed=  0/ 67 unserved=    0.0kWh over=0.018 (52s)
[ev] 165/252 summer idle     asap    proportional replay cap= 50.0 missed=  0/ 67 unserved=    0.0kWh over=0.057 (51s)
==========================================================================
[STEMS] PATCHED CityLearn defect 'dhw_storage_capacity' on 8/8 buildings.
        Building.update_dhw_storage scales the action by heating_storage.capacity
        (= 0.0 in this schema), making the DHW action a no-op. Now uses dhw_storage.capacity.
        Disable with STEMSEnvironment(patch_dhw=False).
==========================================================================
==========================================================================
[STEMS] PATCHED CityLearn defect 't0_thermal_double_count' on 8/8 buildings.
        reset() books the ideal thermal load at t=0, then the first step
        limits devices to nominal power minus that same load (asserts on
        heating, silently clips storage charging). Cleared before step 1.
        Disable with STEMSEnvironment(patch_t0_double_count=False).
==========================================================================
==========================================================================
[STEMS] PATCHED CityLearn defect 'endogenous_obs_from_simulated_hour'.
        The indoor temperature observation reads the uncontrolled dataset
        value, never the simulated one. State observations now come from
        the simulator's series for the hour the action was applied to.
        Disable with STEMSEnvironment(patch_endogenous_obs=False).
==========================================================================
==========================================================================
[STEMS] PATCHED CityLearn defect 'dhw_storage_capacity' on 8/8 buildings.
        Building.update_dhw_storage scales the action by heating_storage.capacity
        (= 0.0 in this schema), making the DHW action a no-op. Now uses dhw_storage.capacity.
        Disable with STEMSEnvironment(patch_dhw=False).
==========================================================================
==========================================================================
[STEMS] PATCHED CityLearn defect 't0_thermal_double_count' on 8/8 buildings.
        reset() books the ideal thermal load at t=0, then the first step
        limits devices to nominal power minus that same load (asserts on
        heating, silently clips storage charging). Cleared before step 1.
        Disable with STEMSEnvironment(patch_t0_double_count=False).
==========================================================================
==========================================================================
[STEMS] PATCHED CityLearn defect 'endogenous_obs_from_simulated_hour'.
        The indoor temperature observation reads the uncontrolled dataset
        value, never the simulated one. State observations now come from
        the simulator's series for the hour the action was applied to.
        Disable with STEMSEnvironment(patch_endogenous_obs=False).
==========================================================================
==========================================================================
[STEMS] PATCHED CityLearn defect 'dhw_storage_capacity' on 8/8 buildings.
        Building.update_dhw_storage scales the action by heating_storage.capacity
        (= 0.0 in this schema), making the DHW action a no-op. Now uses dhw_storage.capacity.
        Disable with STEMSEnvironment(patch_dhw=False).
==========================================================================
==========================================================================
[STEMS] PATCHED CityLearn defect 't0_thermal_double_count' on 8/8 buildings.
        reset() books the ideal thermal load at t=0, then the first step
        limits devices to nominal power minus that same load (asserts on
        heating, silently clips storage charging). Cleared before step 1.
        Disable with STEMSEnvironment(patch_t0_double_count=False).
==========================================================================
==========================================================================
[STEMS] PATCHED CityLearn defect 'endogenous_obs_from_simulated_hour'.
        The indoor temperature observation reads the uncontrolled dataset
        value, never the simulated one. State observations now come from
        the simulator's series for the hour the action was applied to.
        Disable with STEMSEnvironment(patch_endogenous_obs=False).
==========================================================================
==========================================================================
[STEMS] PATCHED CityLearn defect 'dhw_storage_capacity' on 8/8 buildings.
        Building.update_dhw_storage scales the action by heating_storage.capacity
        (= 0.0 in this schema), making the DHW action a no-op. Now uses dhw_storage.capacity.
        Disable with STEMSEnvironment(patch_dhw=False).
==========================================================================
==========================================================================
[STEMS] PATCHED CityLearn defect 't0_thermal_double_count' on 8/8 buildings.
        reset() books the ideal thermal load at t=0, then the first step
        limits devices to nominal power minus that same load (asserts on
        heating, silently clips storage charging). Cleared before step 1.
        Disable with STEMSEnvironment(patch_t0_double_count=False).
==========================================================================
==========================================================================
[STEMS] PATCHED CityLearn defect 'endogenous_obs_from_simulated_hour'.
        The indoor temperature observation reads the uncontrolled dataset
        value, never the simulated one. State observations now come from
        the simulator's series for the hour the action was applied to.
        Disable with STEMSEnvironment(patch_endogenous_obs=False).
==========================================================================
==========================================================================
[STEMS] PATCHED CityLearn defect 'dhw_storage_capacity' on 8/8 buildings.
        Building.update_dhw_storage scales the action by heating_storage.capacity
        (= 0.0 in this schema), making the DHW action a no-op. Now uses dhw_storage.capacity.
        Disable with STEMSEnvironment(patch_dhw=False).
==========================================================================
==========================================================================
[STEMS] PATCHED CityLearn defect 't0_thermal_double_count' on 8/8 buildings.
        reset() books the ideal thermal load at t=0, then the first step
        limits devices to nominal power minus that same load (asserts on
        heating, silently clips storage charging). Cleared before step 1.
        Disable with STEMSEnvironment(patch_t0_double_count=False).
==========================================================================
==========================================================================
[STEMS] PATCHED CityLearn defect 'endogenous_obs_from_simulated_hour'.
        The indoor temperature observation reads the uncontrolled dataset
        value, never the simulated one. State observations now come from
        the simulator's series for the hour the action was applied to.
        Disable with STEMSEnvironment(patch_endogenous_obs=False).
==========================================================================
==========================================================================
[STEMS] PATCHED CityLearn defect 'dhw_storage_capacity' on 8/8 buildings.
        Building.update_dhw_storage scales the action by heating_storage.capacity
        (= 0.0 in this schema), making the DHW action a no-op. Now uses dhw_storage.capacity.
        Disable with STEMSEnvironment(patch_dhw=False).
==========================================================================
==========================================================================
[STEMS] PATCHED CityLearn defect 't0_thermal_double_count' on 8/8 buildings.
        reset() books the ideal thermal load at t=0, then the first step
        limits devices to nominal power minus that same load (asserts on
        heating, silently clips storage charging). Cleared before step 1.
        Disable with STEMSEnvironment(patch_t0_double_count=False).
==========================================================================
==========================================================================
[STEMS] PATCHED CityLearn defect 'endogenous_obs_from_simulated_hour'.
        The indoor temperature observation reads the uncontrolled dataset
        value, never the simulated one. State observations now come from
        the simulator's series for the hour the action was applied to.
        Disable with STEMSEnvironment(patch_endogenous_obs=False).
==========================================================================
==========================================================================
[STEMS] PATCHED CityLearn defect 'dhw_storage_capacity' on 8/8 buildings.
        Building.update_dhw_storage scales the action by heating_storage.capacity
        (= 0.0 in this schema), making the DHW action a no-op. Now uses dhw_storage.capacity.
        Disable with STEMSEnvironment(patch_dhw=False).
==========================================================================
==========================================================================
[STEMS] PATCHED CityLearn defect 't0_thermal_double_count' on 8/8 buildings.
        reset() books the ideal thermal load at t=0, then the first step
        limits devices to nominal power minus that same load (asserts on
        heating, silently clips storage charging). Cleared before step 1.
        Disable with STEMSEnvironment(patch_t0_double_count=False).
==========================================================================
==========================================================================
[STEMS] PATCHED CityLearn defect 'endogenous_obs_from_simulated_hour'.
        The indoor temperature observation reads the uncontrolled dataset
        value, never the simulated one. State observations now come from
        the simulator's series for the hour the action was applied to.
        Disable with STEMSEnvironment(patch_endogenous_obs=False).
==========================================================================
==========================================================================
[STEMS] PATCHED CityLearn defect 'dhw_storage_capacity' on 8/8 buildings.
        Building.update_dhw_storage scales the action by heating_storage.capacity
        (= 0.0 in this schema), making the DHW action a no-op. Now uses dhw_storage.capacity.
        Disable with STEMSEnvironment(patch_dhw=False).
==========================================================================
==========================================================================
[STEMS] PATCHED CityLearn defect 't0_thermal_double_count' on 8/8 buildings.
        reset() books the ideal thermal load at t=0, then the first step
        limits devices to nominal power minus that same load (asserts on
        heating, silently clips storage charging). Cleared before step 1.
        Disable with STEMSEnvironment(patch_t0_double_count=False).
==========================================================================
==========================================================================
[STEMS] PATCHED CityLearn defect 'endogenous_obs_from_simulated_hour'.
        The indoor temperature observation reads the uncontrolled dataset
        value, never the simulated one. State observations now come from
        the simulator's series for the hour the action was applied to.
        Disable with STEMSEnvironment(patch_endogenous_obs=False).
==========================================================================
[ev] 166/252 summer idle     asap    proportional replay cap= 40.0 missed=  0/ 67 unserved=    0.0kWh over=0.066 (48s)
[ev] 167/252 summer idle     asap    proportional replay cap= 45.0 missed=  0/ 67 unserved=    0.0kWh over=0.066 (49s)
==========================================================================
[STEMS] PATCHED CityLearn defect 'dhw_storage_capacity' on 8/8 buildings.
        Building.update_dhw_storage scales the action by heating_storage.capacity
        (= 0.0 in this schema), making the DHW action a no-op. Now uses dhw_storage.capacity.
        Disable with STEMSEnvironment(patch_dhw=False).
==========================================================================
==========================================================================
[STEMS] PATCHED CityLearn defect 't0_thermal_double_count' on 8/8 buildings.
        reset() books the ideal thermal load at t=0, then the first step
        limits devices to nominal power minus that same load (asserts on
        heating, silently clips storage charging). Cleared before step 1.
        Disable with STEMSEnvironment(patch_t0_double_count=False).
==========================================================================
==========================================================================
[STEMS] PATCHED CityLearn defect 'endogenous_obs_from_simulated_hour'.
        The indoor temperature observation reads the uncontrolled dataset
        value, never the simulated one. State observations now come from
        the simulator's series for the hour the action was applied to.
        Disable with STEMSEnvironment(patch_endogenous_obs=False).
==========================================================================
==========================================================================
[STEMS] PATCHED CityLearn defect 'dhw_storage_capacity' on 8/8 buildings.
        Building.update_dhw_storage scales the action by heating_storage.capacity
        (= 0.0 in this schema), making the DHW action a no-op. Now uses dhw_storage.capacity.
        Disable with STEMSEnvironment(patch_dhw=False).
==========================================================================
==========================================================================
[STEMS] PATCHED CityLearn defect 't0_thermal_double_count' on 8/8 buildings.
        reset() books the ideal thermal load at t=0, then the first step
        limits devices to nominal power minus that same load (asserts on
        heating, silently clips storage charging). Cleared before step 1.
        Disable with STEMSEnvironment(patch_t0_double_count=False).
==========================================================================
==========================================================================
[STEMS] PATCHED CityLearn defect 'endogenous_obs_from_simulated_hour'.
        The indoor temperature observation reads the uncontrolled dataset
        value, never the simulated one. State observations now come from
        the simulator's series for the hour the action was applied to.
        Disable with STEMSEnvironment(patch_endogenous_obs=False).
==========================================================================
==========================================================================
[STEMS] PATCHED CityLearn defect 'dhw_storage_capacity' on 8/8 buildings.
        Building.update_dhw_storage scales the action by heating_storage.capacity
        (= 0.0 in this schema), making the DHW action a no-op. Now uses dhw_storage.capacity.
        Disable with STEMSEnvironment(patch_dhw=False).
==========================================================================
==========================================================================
[STEMS] PATCHED CityLearn defect 't0_thermal_double_count' on 8/8 buildings.
        reset() books the ideal thermal load at t=0, then the first step
        limits devices to nominal power minus that same load (asserts on
        heating, silently clips storage charging). Cleared before step 1.
        Disable with STEMSEnvironment(patch_t0_double_count=False).
==========================================================================
==========================================================================
[STEMS] PATCHED CityLearn defect 'endogenous_obs_from_simulated_hour'.
        The indoor temperature observation reads the uncontrolled dataset
        value, never the simulated one. State observations now come from
        the simulator's series for the hour the action was applied to.
        Disable with STEMSEnvironment(patch_endogenous_obs=False).
==========================================================================
==========================================================================
[STEMS] PATCHED CityLearn defect 'dhw_storage_capacity' on 8/8 buildings.
        Building.update_dhw_storage scales the action by heating_storage.capacity
        (= 0.0 in this schema), making the DHW action a no-op. Now uses dhw_storage.capacity.
        Disable with STEMSEnvironment(patch_dhw=False).
==========================================================================
==========================================================================
[STEMS] PATCHED CityLearn defect 't0_thermal_double_count' on 8/8 buildings.
        reset() books the ideal thermal load at t=0, then the first step
        limits devices to nominal power minus that same load (asserts on
        heating, silently clips storage charging). Cleared before step 1.
        Disable with STEMSEnvironment(patch_t0_double_count=False).
==========================================================================
==========================================================================
[STEMS] PATCHED CityLearn defect 'endogenous_obs_from_simulated_hour'.
        The indoor temperature observation reads the uncontrolled dataset
        value, never the simulated one. State observations now come from
        the simulator's series for the hour the action was applied to.
        Disable with STEMSEnvironment(patch_endogenous_obs=False).
==========================================================================
[ev] 168/252 summer idle     asap    proportional replay cap= 35.0 missed=  0/ 67 unserved=    0.0kWh over=0.072 (49s)
==========================================================================
[STEMS] PATCHED CityLearn defect 'dhw_storage_capacity' on 8/8 buildings.
        Building.update_dhw_storage scales the action by heating_storage.capacity
        (= 0.0 in this schema), making the DHW action a no-op. Now uses dhw_storage.capacity.
        Disable with STEMSEnvironment(patch_dhw=False).
==========================================================================
==========================================================================
[STEMS] PATCHED CityLearn defect 't0_thermal_double_count' on 8/8 buildings.
        reset() books the ideal thermal load at t=0, then the first step
        limits devices to nominal power minus that same load (asserts on
        heating, silently clips storage charging). Cleared before step 1.
        Disable with STEMSEnvironment(patch_t0_double_count=False).
==========================================================================
==========================================================================
[STEMS] PATCHED CityLearn defect 'endogenous_obs_from_simulated_hour'.
        The indoor temperature observation reads the uncontrolled dataset
        value, never the simulated one. State observations now come from
        the simulator's series for the hour the action was applied to.
        Disable with STEMSEnvironment(patch_endogenous_obs=False).
==========================================================================
==========================================================================
[STEMS] PATCHED CityLearn defect 'dhw_storage_capacity' on 8/8 buildings.
        Building.update_dhw_storage scales the action by heating_storage.capacity
        (= 0.0 in this schema), making the DHW action a no-op. Now uses dhw_storage.capacity.
        Disable with STEMSEnvironment(patch_dhw=False).
==========================================================================
==========================================================================
[STEMS] PATCHED CityLearn defect 't0_thermal_double_count' on 8/8 buildings.
        reset() books the ideal thermal load at t=0, then the first step
        limits devices to nominal power minus that same load (asserts on
        heating, silently clips storage charging). Cleared before step 1.
        Disable with STEMSEnvironment(patch_t0_double_count=False).
==========================================================================
==========================================================================
[STEMS] PATCHED CityLearn defect 'endogenous_obs_from_simulated_hour'.
        The indoor temperature observation reads the uncontrolled dataset
        value, never the simulated one. State observations now come from
        the simulator's series for the hour the action was applied to.
        Disable with STEMSEnvironment(patch_endogenous_obs=False).
==========================================================================
==========================================================================
[STEMS] PATCHED CityLearn defect 'dhw_storage_capacity' on 8/8 buildings.
        Building.update_dhw_storage scales the action by heating_storage.capacity
        (= 0.0 in this schema), making the DHW action a no-op. Now uses dhw_storage.capacity.
        Disable with STEMSEnvironment(patch_dhw=False).
==========================================================================
==========================================================================
[STEMS] PATCHED CityLearn defect 't0_thermal_double_count' on 8/8 buildings.
        reset() books the ideal thermal load at t=0, then the first step
        limits devices to nominal power minus that same load (asserts on
        heating, silently clips storage charging). Cleared before step 1.
        Disable with STEMSEnvironment(patch_t0_double_count=False).
==========================================================================
==========================================================================
[STEMS] PATCHED CityLearn defect 'endogenous_obs_from_simulated_hour'.
        The indoor temperature observation reads the uncontrolled dataset
        value, never the simulated one. State observations now come from
        the simulator's series for the hour the action was applied to.
        Disable with STEMSEnvironment(patch_endogenous_obs=False).
==========================================================================
==========================================================================
[STEMS] PATCHED CityLearn defect 'dhw_storage_capacity' on 8/8 buildings.
        Building.update_dhw_storage scales the action by heating_storage.capacity
        (= 0.0 in this schema), making the DHW action a no-op. Now uses dhw_storage.capacity.
        Disable with STEMSEnvironment(patch_dhw=False).
==========================================================================
==========================================================================
[STEMS] PATCHED CityLearn defect 't0_thermal_double_count' on 8/8 buildings.
        reset() books the ideal thermal load at t=0, then the first step
        limits devices to nominal power minus that same load (asserts on
        heating, silently clips storage charging). Cleared before step 1.
        Disable with STEMSEnvironment(patch_t0_double_count=False).
==========================================================================
==========================================================================
[STEMS] PATCHED CityLearn defect 'endogenous_obs_from_simulated_hour'.
        The indoor temperature observation reads the uncontrolled dataset
        value, never the simulated one. State observations now come from
        the simulator's series for the hour the action was applied to.
        Disable with STEMSEnvironment(patch_endogenous_obs=False).
==========================================================================
[ev] 169/252 summer idle     asap    proportional replay cap= 30.0 missed=  0/ 67 unserved=    0.0kWh over=0.116 (104s)
[ev] 170/252 summer idle     asap    proportional replay cap= 25.0 missed=  8/ 67 unserved=   52.0kWh over=0.143 (112s)
[ev] 171/252 summer idle     asap    proportional replay cap= 27.5 missed=  4/ 67 unserved=   14.3kWh over=0.119 (115s)
[ev] 172/252 summer idle     asap    proportional causal cap= 60.0 missed=  0/ 67 unserved=    0.0kWh over=0.006 (114s)
[ev] 173/252 summer idle     asap    proportional causal cap=100.0 missed=  0/ 67 unserved=    0.0kWh over=0.000 (126s)
[ev] 174/252 summer idle     asap    proportional causal cap= 50.0 missed=  0/ 67 unserved=    0.0kWh over=0.012 (137s)
[ev] 175/252 summer idle     asap    proportional causal cap= 45.0 missed=  0/ 67 unserved=    0.0kWh over=0.012 (78s)
[ev] 176/252 summer idle     asap    proportional causal cap= 40.0 missed=  0/ 67 unserved=    0.0kWh over=0.015 (81s)
[ev] 177/252 summer idle     asap    proportional causal cap= 35.0 missed=  0/ 67 unserved=    0.0kWh over=0.018 (81s)
[ev] 178/252 summer idle     asap    proportional causal cap= 27.5 missed=  9/ 67 unserved=   66.4kWh over=0.036 (64s)
[ev] 179/252 summer idle     asap    proportional causal cap= 30.0 missed=  4/ 67 unserved=   29.4kWh over=0.027 (77s)
[ev] 180/252 summer idle     asap    proportional causal cap= 25.0 missed= 21/ 67 unserved=  158.5kWh over=0.069 (71s)
[ev] 181/252 summer idle     asap    edf          replay cap=100.0 missed=  0/ 67 unserved=    0.0kWh over=0.000 (60s)
[ev] 182/252 summer idle     asap    edf          replay cap= 50.0 missed=  0/ 67 unserved=    0.0kWh over=0.009 (69s)
[ev] 183/252 summer idle     asap    edf          replay cap= 60.0 missed=  0/ 67 unserved=    0.0kWh over=0.012 (74s)
[ev] 184/252 summer idle     asap    edf          replay cap= 40.0 missed=  0/ 67 unserved=    0.0kWh over=0.018 (81s)
[ev] 185/252 summer idle     asap    edf          replay cap= 45.0 missed=  0/ 67 unserved=    0.0kWh over=0.003 (88s)
[ev] 186/252 summer idle     asap    edf          replay cap= 35.0 missed=  0/ 67 unserved=    0.0kWh over=0.009 (80s)
[ev] 187/252 summer idle     asap    edf          replay cap= 30.0 missed=  0/ 67 unserved=    0.0kWh over=0.015 (86s)
==========================================================================
[STEMS] PATCHED CityLearn defect 'dhw_storage_capacity' on 8/8 buildings.
        Building.update_dhw_storage scales the action by heating_storage.capacity
        (= 0.0 in this schema), making the DHW action a no-op. Now uses dhw_storage.capacity.
        Disable with STEMSEnvironment(patch_dhw=False).
==========================================================================
==========================================================================
[STEMS] PATCHED CityLearn defect 't0_thermal_double_count' on 8/8 buildings.
        reset() books the ideal thermal load at t=0, then the first step
        limits devices to nominal power minus that same load (asserts on
        heating, silently clips storage charging). Cleared before step 1.
        Disable with STEMSEnvironment(patch_t0_double_count=False).
==========================================================================
==========================================================================
[STEMS] PATCHED CityLearn defect 'endogenous_obs_from_simulated_hour'.
        The indoor temperature observation reads the uncontrolled dataset
        value, never the simulated one. State observations now come from
        the simulator's series for the hour the action was applied to.
        Disable with STEMSEnvironment(patch_endogenous_obs=False).
==========================================================================
==========================================================================
[STEMS] PATCHED CityLearn defect 'dhw_storage_capacity' on 8/8 buildings.
        Building.update_dhw_storage scales the action by heating_storage.capacity
        (= 0.0 in this schema), making the DHW action a no-op. Now uses dhw_storage.capacity.
        Disable with STEMSEnvironment(patch_dhw=False).
==========================================================================
==========================================================================
[STEMS] PATCHED CityLearn defect 't0_thermal_double_count' on 8/8 buildings.
        reset() books the ideal thermal load at t=0, then the first step
        limits devices to nominal power minus that same load (asserts on
        heating, silently clips storage charging). Cleared before step 1.
        Disable with STEMSEnvironment(patch_t0_double_count=False).
==========================================================================
==========================================================================
[STEMS] PATCHED CityLearn defect 'endogenous_obs_from_simulated_hour'.
        The indoor temperature observation reads the uncontrolled dataset
        value, never the simulated one. State observations now come from
        the simulator's series for the hour the action was applied to.
        Disable with STEMSEnvironment(patch_endogenous_obs=False).
==========================================================================
==========================================================================
[STEMS] PATCHED CityLearn defect 'dhw_storage_capacity' on 8/8 buildings.
        Building.update_dhw_storage scales the action by heating_storage.capacity
        (= 0.0 in this schema), making the DHW action a no-op. Now uses dhw_storage.capacity.
        Disable with STEMSEnvironment(patch_dhw=False).
==========================================================================
==========================================================================
[STEMS] PATCHED CityLearn defect 't0_thermal_double_count' on 8/8 buildings.
        reset() books the ideal thermal load at t=0, then the first step
        limits devices to nominal power minus that same load (asserts on
        heating, silently clips storage charging). Cleared before step 1.
        Disable with STEMSEnvironment(patch_t0_double_count=False).
==========================================================================
==========================================================================
[STEMS] PATCHED CityLearn defect 'endogenous_obs_from_simulated_hour'.
        The indoor temperature observation reads the uncontrolled dataset
        value, never the simulated one. State observations now come from
        the simulator's series for the hour the action was applied to.
        Disable with STEMSEnvironment(patch_endogenous_obs=False).
==========================================================================
==========================================================================
[STEMS] PATCHED CityLearn defect 'dhw_storage_capacity' on 8/8 buildings.
        Building.update_dhw_storage scales the action by heating_storage.capacity
        (= 0.0 in this schema), making the DHW action a no-op. Now uses dhw_storage.capacity.
        Disable with STEMSEnvironment(patch_dhw=False).
==========================================================================
==========================================================================
[STEMS] PATCHED CityLearn defect 't0_thermal_double_count' on 8/8 buildings.
        reset() books the ideal thermal load at t=0, then the first step
        limits devices to nominal power minus that same load (asserts on
        heating, silently clips storage charging). Cleared before step 1.
        Disable with STEMSEnvironment(patch_t0_double_count=False).
==========================================================================
==========================================================================
[STEMS] PATCHED CityLearn defect 'endogenous_obs_from_simulated_hour'.
        The indoor temperature observation reads the uncontrolled dataset
        value, never the simulated one. State observations now come from
        the simulator's series for the hour the action was applied to.
        Disable with STEMSEnvironment(patch_endogenous_obs=False).
==========================================================================
[ev] 188/252 summer idle     asap    edf          replay cap= 27.5 missed=  0/ 67 unserved=    0.0kWh over=0.054 (78s)
==========================================================================
[STEMS] PATCHED CityLearn defect 'dhw_storage_capacity' on 8/8 buildings.
        Building.update_dhw_storage scales the action by heating_storage.capacity
        (= 0.0 in this schema), making the DHW action a no-op. Now uses dhw_storage.capacity.
        Disable with STEMSEnvironment(patch_dhw=False).
==========================================================================
==========================================================================
[STEMS] PATCHED CityLearn defect 't0_thermal_double_count' on 8/8 buildings.
        reset() books the ideal thermal load at t=0, then the first step
        limits devices to nominal power minus that same load (asserts on
        heating, silently clips storage charging). Cleared before step 1.
        Disable with STEMSEnvironment(patch_t0_double_count=False).
==========================================================================
==========================================================================
[STEMS] PATCHED CityLearn defect 'endogenous_obs_from_simulated_hour'.
        The indoor temperature observation reads the uncontrolled dataset
        value, never the simulated one. State observations now come from
        the simulator's series for the hour the action was applied to.
        Disable with STEMSEnvironment(patch_endogenous_obs=False).
==========================================================================
==========================================================================
[STEMS] PATCHED CityLearn defect 'dhw_storage_capacity' on 8/8 buildings.
        Building.update_dhw_storage scales the action by heating_storage.capacity
        (= 0.0 in this schema), making the DHW action a no-op. Now uses dhw_storage.capacity.
        Disable with STEMSEnvironment(patch_dhw=False).
==========================================================================
==========================================================================
[STEMS] PATCHED CityLearn defect 't0_thermal_double_count' on 8/8 buildings.
        reset() books the ideal thermal load at t=0, then the first step
        limits devices to nominal power minus that same load (asserts on
        heating, silently clips storage charging). Cleared before step 1.
        Disable with STEMSEnvironment(patch_t0_double_count=False).
==========================================================================
==========================================================================
[STEMS] PATCHED CityLearn defect 'endogenous_obs_from_simulated_hour'.
        The indoor temperature observation reads the uncontrolled dataset
        value, never the simulated one. State observations now come from
        the simulator's series for the hour the action was applied to.
        Disable with STEMSEnvironment(patch_endogenous_obs=False).
==========================================================================
==========================================================================
[STEMS] PATCHED CityLearn defect 'dhw_storage_capacity' on 8/8 buildings.
        Building.update_dhw_storage scales the action by heating_storage.capacity
        (= 0.0 in this schema), making the DHW action a no-op. Now uses dhw_storage.capacity.
        Disable with STEMSEnvironment(patch_dhw=False).
==========================================================================
==========================================================================
[STEMS] PATCHED CityLearn defect 't0_thermal_double_count' on 8/8 buildings.
        reset() books the ideal thermal load at t=0, then the first step
        limits devices to nominal power minus that same load (asserts on
        heating, silently clips storage charging). Cleared before step 1.
        Disable with STEMSEnvironment(patch_t0_double_count=False).
==========================================================================
==========================================================================
[STEMS] PATCHED CityLearn defect 'endogenous_obs_from_simulated_hour'.
        The indoor temperature observation reads the uncontrolled dataset
        value, never the simulated one. State observations now come from
        the simulator's series for the hour the action was applied to.
        Disable with STEMSEnvironment(patch_endogenous_obs=False).
==========================================================================
==========================================================================
[STEMS] PATCHED CityLearn defect 'dhw_storage_capacity' on 8/8 buildings.
        Building.update_dhw_storage scales the action by heating_storage.capacity
        (= 0.0 in this schema), making the DHW action a no-op. Now uses dhw_storage.capacity.
        Disable with STEMSEnvironment(patch_dhw=False).
==========================================================================
==========================================================================
[STEMS] PATCHED CityLearn defect 't0_thermal_double_count' on 8/8 buildings.
        reset() books the ideal thermal load at t=0, then the first step
        limits devices to nominal power minus that same load (asserts on
        heating, silently clips storage charging). Cleared before step 1.
        Disable with STEMSEnvironment(patch_t0_double_count=False).
==========================================================================
==========================================================================
[STEMS] PATCHED CityLearn defect 'endogenous_obs_from_simulated_hour'.
        The indoor temperature observation reads the uncontrolled dataset
        value, never the simulated one. State observations now come from
        the simulator's series for the hour the action was applied to.
        Disable with STEMSEnvironment(patch_endogenous_obs=False).
==========================================================================
==========================================================================
[STEMS] PATCHED CityLearn defect 'dhw_storage_capacity' on 8/8 buildings.
        Building.update_dhw_storage scales the action by heating_storage.capacity
        (= 0.0 in this schema), making the DHW action a no-op. Now uses dhw_storage.capacity.
        Disable with STEMSEnvironment(patch_dhw=False).
==========================================================================
==========================================================================
[STEMS] PATCHED CityLearn defect 't0_thermal_double_count' on 8/8 buildings.
        reset() books the ideal thermal load at t=0, then the first step
        limits devices to nominal power minus that same load (asserts on
        heating, silently clips storage charging). Cleared before step 1.
        Disable with STEMSEnvironment(patch_t0_double_count=False).
==========================================================================
==========================================================================
[STEMS] PATCHED CityLearn defect 'endogenous_obs_from_simulated_hour'.
        The indoor temperature observation reads the uncontrolled dataset
        value, never the simulated one. State observations now come from
        the simulator's series for the hour the action was applied to.
        Disable with STEMSEnvironment(patch_endogenous_obs=False).
==========================================================================
==========================================================================
[STEMS] PATCHED CityLearn defect 'dhw_storage_capacity' on 8/8 buildings.
        Building.update_dhw_storage scales the action by heating_storage.capacity
        (= 0.0 in this schema), making the DHW action a no-op. Now uses dhw_storage.capacity.
        Disable with STEMSEnvironment(patch_dhw=False).
==========================================================================
==========================================================================
[STEMS] PATCHED CityLearn defect 't0_thermal_double_count' on 8/8 buildings.
        reset() books the ideal thermal load at t=0, then the first step
        limits devices to nominal power minus that same load (asserts on
        heating, silently clips storage charging). Cleared before step 1.
        Disable with STEMSEnvironment(patch_t0_double_count=False).
==========================================================================
==========================================================================
[STEMS] PATCHED CityLearn defect 'endogenous_obs_from_simulated_hour'.
        The indoor temperature observation reads the uncontrolled dataset
        value, never the simulated one. State observations now come from
        the simulator's series for the hour the action was applied to.
        Disable with STEMSEnvironment(patch_endogenous_obs=False).
==========================================================================
==========================================================================
[STEMS] PATCHED CityLearn defect 'dhw_storage_capacity' on 8/8 buildings.
        Building.update_dhw_storage scales the action by heating_storage.capacity
        (= 0.0 in this schema), making the DHW action a no-op. Now uses dhw_storage.capacity.
        Disable with STEMSEnvironment(patch_dhw=False).
==========================================================================
==========================================================================
[STEMS] PATCHED CityLearn defect 't0_thermal_double_count' on 8/8 buildings.
        reset() books the ideal thermal load at t=0, then the first step
        limits devices to nominal power minus that same load (asserts on
        heating, silently clips storage charging). Cleared before step 1.
        Disable with STEMSEnvironment(patch_t0_double_count=False).
==========================================================================
==========================================================================
[STEMS] PATCHED CityLearn defect 'endogenous_obs_from_simulated_hour'.
        The indoor temperature observation reads the uncontrolled dataset
        value, never the simulated one. State observations now come from
        the simulator's series for the hour the action was applied to.
        Disable with STEMSEnvironment(patch_endogenous_obs=False).
==========================================================================
==========================================================================
[STEMS] PATCHED CityLearn defect 'dhw_storage_capacity' on 8/8 buildings.
        Building.update_dhw_storage scales the action by heating_storage.capacity
        (= 0.0 in this schema), making the DHW action a no-op. Now uses dhw_storage.capacity.
        Disable with STEMSEnvironment(patch_dhw=False).
==========================================================================
==========================================================================
[STEMS] PATCHED CityLearn defect 't0_thermal_double_count' on 8/8 buildings.
        reset() books the ideal thermal load at t=0, then the first step
        limits devices to nominal power minus that same load (asserts on
        heating, silently clips storage charging). Cleared before step 1.
        Disable with STEMSEnvironment(patch_t0_double_count=False).
==========================================================================
==========================================================================
[STEMS] PATCHED CityLearn defect 'endogenous_obs_from_simulated_hour'.
        The indoor temperature observation reads the uncontrolled dataset
        value, never the simulated one. State observations now come from
        the simulator's series for the hour the action was applied to.
        Disable with STEMSEnvironment(patch_endogenous_obs=False).
==========================================================================
[ev] 189/252 summer idle     asap    edf          replay cap= 25.0 missed=  0/ 67 unserved=    0.0kWh over=0.066 (77s)
==========================================================================
[STEMS] PATCHED CityLearn defect 'dhw_storage_capacity' on 8/8 buildings.
        Building.update_dhw_storage scales the action by heating_storage.capacity
        (= 0.0 in this schema), making the DHW action a no-op. Now uses dhw_storage.capacity.
        Disable with STEMSEnvironment(patch_dhw=False).
==========================================================================
==========================================================================
[STEMS] PATCHED CityLearn defect 't0_thermal_double_count' on 8/8 buildings.
        reset() books the ideal thermal load at t=0, then the first step
        limits devices to nominal power minus that same load (asserts on
        heating, silently clips storage charging). Cleared before step 1.
        Disable with STEMSEnvironment(patch_t0_double_count=False).
==========================================================================
==========================================================================
[STEMS] PATCHED CityLearn defect 'endogenous_obs_from_simulated_hour'.
        The indoor temperature observation reads the uncontrolled dataset
        value, never the simulated one. State observations now come from
        the simulator's series for the hour the action was applied to.
        Disable with STEMSEnvironment(patch_endogenous_obs=False).
==========================================================================
==========================================================================
[STEMS] PATCHED CityLearn defect 'dhw_storage_capacity' on 8/8 buildings.
        Building.update_dhw_storage scales the action by heating_storage.capacity
        (= 0.0 in this schema), making the DHW action a no-op. Now uses dhw_storage.capacity.
        Disable with STEMSEnvironment(patch_dhw=False).
==========================================================================
==========================================================================
[STEMS] PATCHED CityLearn defect 't0_thermal_double_count' on 8/8 buildings.
        reset() books the ideal thermal load at t=0, then the first step
        limits devices to nominal power minus that same load (asserts on
        heating, silently clips storage charging). Cleared before step 1.
        Disable with STEMSEnvironment(patch_t0_double_count=False).
==========================================================================
==========================================================================
[STEMS] PATCHED CityLearn defect 'endogenous_obs_from_simulated_hour'.
        The indoor temperature observation reads the uncontrolled dataset
        value, never the simulated one. State observations now come from
        the simulator's series for the hour the action was applied to.
        Disable with STEMSEnvironment(patch_endogenous_obs=False).
==========================================================================
==========================================================================
[STEMS] PATCHED CityLearn defect 'dhw_storage_capacity' on 8/8 buildings.
        Building.update_dhw_storage scales the action by heating_storage.capacity
        (= 0.0 in this schema), making the DHW action a no-op. Now uses dhw_storage.capacity.
        Disable with STEMSEnvironment(patch_dhw=False).
==========================================================================
==========================================================================
[STEMS] PATCHED CityLearn defect 't0_thermal_double_count' on 8/8 buildings.
        reset() books the ideal thermal load at t=0, then the first step
        limits devices to nominal power minus that same load (asserts on
        heating, silently clips storage charging). Cleared before step 1.
        Disable with STEMSEnvironment(patch_t0_double_count=False).
==========================================================================
==========================================================================
[STEMS] PATCHED CityLearn defect 'endogenous_obs_from_simulated_hour'.
        The indoor temperature observation reads the uncontrolled dataset
        value, never the simulated one. State observations now come from
        the simulator's series for the hour the action was applied to.
        Disable with STEMSEnvironment(patch_endogenous_obs=False).
==========================================================================
==========================================================================
[STEMS] PATCHED CityLearn defect 'dhw_storage_capacity' on 8/8 buildings.
        Building.update_dhw_storage scales the action by heating_storage.capacity
        (= 0.0 in this schema), making the DHW action a no-op. Now uses dhw_storage.capacity.
        Disable with STEMSEnvironment(patch_dhw=False).
==========================================================================
==========================================================================
[STEMS] PATCHED CityLearn defect 't0_thermal_double_count' on 8/8 buildings.
        reset() books the ideal thermal load at t=0, then the first step
        limits devices to nominal power minus that same load (asserts on
        heating, silently clips storage charging). Cleared before step 1.
        Disable with STEMSEnvironment(patch_t0_double_count=False).
==========================================================================
==========================================================================
[STEMS] PATCHED CityLearn defect 'endogenous_obs_from_simulated_hour'.
        The indoor temperature observation reads the uncontrolled dataset
        value, never the simulated one. State observations now come from
        the simulator's series for the hour the action was applied to.
        Disable with STEMSEnvironment(patch_endogenous_obs=False).
==========================================================================
[ev] 190/252 summer idle     asap    edf          causal cap=100.0 missed=  0/ 67 unserved=    0.0kWh over=0.000 (64s)
==========================================================================
[STEMS] PATCHED CityLearn defect 'dhw_storage_capacity' on 8/8 buildings.
        Building.update_dhw_storage scales the action by heating_storage.capacity
        (= 0.0 in this schema), making the DHW action a no-op. Now uses dhw_storage.capacity.
        Disable with STEMSEnvironment(patch_dhw=False).
==========================================================================
==========================================================================
[STEMS] PATCHED CityLearn defect 't0_thermal_double_count' on 8/8 buildings.
        reset() books the ideal thermal load at t=0, then the first step
        limits devices to nominal power minus that same load (asserts on
        heating, silently clips storage charging). Cleared before step 1.
        Disable with STEMSEnvironment(patch_t0_double_count=False).
==========================================================================
==========================================================================
[STEMS] PATCHED CityLearn defect 'endogenous_obs_from_simulated_hour'.
        The indoor temperature observation reads the uncontrolled dataset
        value, never the simulated one. State observations now come from
        the simulator's series for the hour the action was applied to.
        Disable with STEMSEnvironment(patch_endogenous_obs=False).
==========================================================================
==========================================================================
[STEMS] PATCHED CityLearn defect 'dhw_storage_capacity' on 8/8 buildings.
        Building.update_dhw_storage scales the action by heating_storage.capacity
        (= 0.0 in this schema), making the DHW action a no-op. Now uses dhw_storage.capacity.
        Disable with STEMSEnvironment(patch_dhw=False).
==========================================================================
==========================================================================
[STEMS] PATCHED CityLearn defect 't0_thermal_double_count' on 8/8 buildings.
        reset() books the ideal thermal load at t=0, then the first step
        limits devices to nominal power minus that same load (asserts on
        heating, silently clips storage charging). Cleared before step 1.
        Disable with STEMSEnvironment(patch_t0_double_count=False).
==========================================================================
==========================================================================
[STEMS] PATCHED CityLearn defect 'endogenous_obs_from_simulated_hour'.
        The indoor temperature observation reads the uncontrolled dataset
        value, never the simulated one. State observations now come from
        the simulator's series for the hour the action was applied to.
        Disable with STEMSEnvironment(patch_endogenous_obs=False).
==========================================================================
==========================================================================
[STEMS] PATCHED CityLearn defect 'dhw_storage_capacity' on 8/8 buildings.
        Building.update_dhw_storage scales the action by heating_storage.capacity
        (= 0.0 in this schema), making the DHW action a no-op. Now uses dhw_storage.capacity.
        Disable with STEMSEnvironment(patch_dhw=False).
==========================================================================
==========================================================================
[STEMS] PATCHED CityLearn defect 't0_thermal_double_count' on 8/8 buildings.
        reset() books the ideal thermal load at t=0, then the first step
        limits devices to nominal power minus that same load (asserts on
        heating, silently clips storage charging). Cleared before step 1.
        Disable with STEMSEnvironment(patch_t0_double_count=False).
==========================================================================
==========================================================================
[STEMS] PATCHED CityLearn defect 'endogenous_obs_from_simulated_hour'.
        The indoor temperature observation reads the uncontrolled dataset
        value, never the simulated one. State observations now come from
        the simulator's series for the hour the action was applied to.
        Disable with STEMSEnvironment(patch_endogenous_obs=False).
==========================================================================
==========================================================================
[STEMS] PATCHED CityLearn defect 'dhw_storage_capacity' on 8/8 buildings.
        Building.update_dhw_storage scales the action by heating_storage.capacity
        (= 0.0 in this schema), making the DHW action a no-op. Now uses dhw_storage.capacity.
        Disable with STEMSEnvironment(patch_dhw=False).
==========================================================================
==========================================================================
[STEMS] PATCHED CityLearn defect 't0_thermal_double_count' on 8/8 buildings.
        reset() books the ideal thermal load at t=0, then the first step
        limits devices to nominal power minus that same load (asserts on
        heating, silently clips storage charging). Cleared before step 1.
        Disable with STEMSEnvironment(patch_t0_double_count=False).
==========================================================================
==========================================================================
[STEMS] PATCHED CityLearn defect 'endogenous_obs_from_simulated_hour'.
        The indoor temperature observation reads the uncontrolled dataset
        value, never the simulated one. State observations now come from
        the simulator's series for the hour the action was applied to.
        Disable with STEMSEnvironment(patch_endogenous_obs=False).
==========================================================================
[ev] 191/252 summer idle     asap    edf          causal cap= 60.0 missed=  0/ 67 unserved=    0.0kWh over=0.003 (64s)
[ev] 192/252 summer idle     asap    edf          causal cap= 50.0 missed=  0/ 67 unserved=    0.0kWh over=0.009 (61s)==========================================================================
[STEMS] PATCHED CityLearn defect 'dhw_storage_capacity' on 8/8 buildings.
        Building.update_dhw_storage scales the action by heating_storage.capacity
        (= 0.0 in this schema), making the DHW action a no-op. Now uses dhw_storage.capacity.
        Disable with STEMSEnvironment(patch_dhw=False).
==========================================================================
==========================================================================
[STEMS] PATCHED CityLearn defect 't0_thermal_double_count' on 8/8 buildings.
        reset() books the ideal thermal load at t=0, then the first step
        limits devices to nominal power minus that same load (asserts on
        heating, silently clips storage charging). Cleared before step 1.
        Disable with STEMSEnvironment(patch_t0_double_count=False).
==========================================================================
==========================================================================
[STEMS] PATCHED CityLearn defect 'endogenous_obs_from_simulated_hour'.
        The indoor temperature observation reads the uncontrolled dataset
        value, never the simulated one. State observations now come from
        the simulator's series for the hour the action was applied to.
        Disable with STEMSEnvironment(patch_endogenous_obs=False).
==========================================================================
==========================================================================
[STEMS] PATCHED CityLearn defect 'dhw_storage_capacity' on 8/8 buildings.
        Building.update_dhw_storage scales the action by heating_storage.capacity
        (= 0.0 in this schema), making the DHW action a no-op. Now uses dhw_storage.capacity.
        Disable with STEMSEnvironment(patch_dhw=False).
==========================================================================
==========================================================================
[STEMS] PATCHED CityLearn defect 't0_thermal_double_count' on 8/8 buildings.
        reset() books the ideal thermal load at t=0, then the first step
        limits devices to nominal power minus that same load (asserts on
        heating, silently clips storage charging). Cleared before step 1.
        Disable with STEMSEnvironment(patch_t0_double_count=False).
==========================================================================
==========================================================================
[STEMS] PATCHED CityLearn defect 'endogenous_obs_from_simulated_hour'.
        The indoor temperature observation reads the uncontrolled dataset
        value, never the simulated one. State observations now come from
        the simulator's series for the hour the action was applied to.
        Disable with STEMSEnvironment(patch_endogenous_obs=False).
==========================================================================
==========================================================================
[STEMS] PATCHED CityLearn defect 'dhw_storage_capacity' on 8/8 buildings.
        Building.update_dhw_storage scales the action by heating_storage.capacity
        (= 0.0 in this schema), making the DHW action a no-op. Now uses dhw_storage.capacity.
        Disable with STEMSEnvironment(patch_dhw=False).
==========================================================================
==========================================================================
[STEMS] PATCHED CityLearn defect 't0_thermal_double_count' on 8/8 buildings.
        reset() books the ideal thermal load at t=0, then the first step
        limits devices to nominal power minus that same load (asserts on
        heating, silently clips storage charging). Cleared before step 1.
        Disable with STEMSEnvironment(patch_t0_double_count=False).
==========================================================================
==========================================================================
[STEMS] PATCHED CityLearn defect 'endogenous_obs_from_simulated_hour'.
        The indoor temperature observation reads the uncontrolled dataset
        value, never the simulated one. State observations now come from
        the simulator's series for the hour the action was applied to.
        Disable with STEMSEnvironment(patch_endogenous_obs=False).
==========================================================================
==========================================================================
[STEMS] PATCHED CityLearn defect 'dhw_storage_capacity' on 8/8 buildings.
        Building.update_dhw_storage scales the action by heating_storage.capacity
        (= 0.0 in this schema), making the DHW action a no-op. Now uses dhw_storage.capacity.
        Disable with STEMSEnvironment(patch_dhw=False).
==========================================================================
==========================================================================
[STEMS] PATCHED CityLearn defect 't0_thermal_double_count' on 8/8 buildings.
        reset() books the ideal thermal load at t=0, then the first step
        limits devices to nominal power minus that same load (asserts on
        heating, silently clips storage charging). Cleared before step 1.
        Disable with STEMSEnvironment(patch_t0_double_count=False).
==========================================================================
==========================================================================
[STEMS] PATCHED CityLearn defect 'endogenous_obs_from_simulated_hour'.
        The indoor temperature observation reads the uncontrolled dataset
        value, never the simulated one. State observations now come from
        the simulator's series for the hour the action was applied to.
        Disable with STEMSEnvironment(patch_endogenous_obs=False).
==========================================================================

[ev] 193/252 summer idle     asap    edf          causal cap= 45.0 missed=  0/ 67 unserved=    0.0kWh over=0.015 (76s)
[ev] 194/252 summer idle     asap    edf          causal cap= 40.0 missed=  0/ 67 unserved=    0.0kWh over=0.012 (74s)
[ev] 195/252 summer idle     asap    edf          causal cap= 35.0 missed=  0/ 67 unserved=    0.0kWh over=0.018 (74s)
[ev] 196/252 summer idle     asap    edf          causal cap= 30.0 missed=  0/ 67 unserved=    0.0kWh over=0.030 (76s)
[ev] 197/252 summer idle     asap    edf          causal cap= 27.5 missed=  1/ 67 unserved=    6.4kWh over=0.042 (76s)
[ev] 198/252 summer idle     asap    llf          replay cap=100.0 missed=  0/ 67 unserved=    0.0kWh over=0.000 (56s)
[ev] 199/252 summer idle     asap    edf          causal cap= 25.0 missed=  5/ 67 unserved=   22.2kWh over=0.075 (85s)
[ev] 200/252 summer idle     asap    llf          replay cap= 50.0 missed=  0/ 67 unserved=    0.0kWh over=0.012 (56s)
[ev] 201/252 summer idle     asap    llf          replay cap= 60.0 missed=  0/ 67 unserved=    0.0kWh over=0.009 (63s)
[ev] 202/252 summer idle     asap    llf          replay cap= 40.0 missed=  0/ 67 unserved=    0.0kWh over=0.021 (56s)
[ev] 203/252 summer idle     asap    llf          replay cap= 45.0 missed=  0/ 67 unserved=    0.0kWh over=0.012 (61s)
[ev] 204/252 summer idle     asap    llf          replay cap= 35.0 missed=  0/ 67 unserved=    0.0kWh over=0.015 (73s)
[ev] 205/252 summer idle     asap    llf          replay cap= 30.0 missed=  0/ 67 unserved=    0.0kWh over=0.033 (72s)
[ev] 206/252 summer idle     asap    llf          replay cap= 27.5 missed=  0/ 67 unserved=    0.0kWh over=0.033 (72s)
[ev] 207/252 summer idle     asap    llf          replay cap= 25.0 missed=  0/ 67 unserved=    0.0kWh over=0.075 (75s)
[ev] 208/252 summer idle     asap    llf          causal cap=100.0 missed=  0/ 67 unserved=    0.0kWh over=0.000 (80s)
[ev] 209/252 summer idle     asap    llf          causal cap= 60.0 missed=  0/ 67 unserved=    0.0kWh over=0.006 (82s)
[ev] 210/252 summer idle     asap    llf          causal cap= 50.0 missed=  0/ 67 unserved=    0.0kWh over=0.012 (66s)==========================================================================
[STEMS] PATCHED CityLearn defect 'dhw_storage_capacity' on 8/8 buildings.
        Building.update_dhw_storage scales the action by heating_storage.capacity
        (= 0.0 in this schema), making the DHW action a no-op. Now uses dhw_storage.capacity.
        Disable with STEMSEnvironment(patch_dhw=False).
==========================================================================
==========================================================================
[STEMS] PATCHED CityLearn defect 't0_thermal_double_count' on 8/8 buildings.
        reset() books the ideal thermal load at t=0, then the first step
        limits devices to nominal power minus that same load (asserts on
        heating, silently clips storage charging). Cleared before step 1.
        Disable with STEMSEnvironment(patch_t0_double_count=False).
==========================================================================
==========================================================================
[STEMS] PATCHED CityLearn defect 'endogenous_obs_from_simulated_hour'.
        The indoor temperature observation reads the uncontrolled dataset
        value, never the simulated one. State observations now come from
        the simulator's series for the hour the action was applied to.
        Disable with STEMSEnvironment(patch_endogenous_obs=False).
==========================================================================
==========================================================================
[STEMS] PATCHED CityLearn defect 'dhw_storage_capacity' on 8/8 buildings.
        Building.update_dhw_storage scales the action by heating_storage.capacity
        (= 0.0 in this schema), making the DHW action a no-op. Now uses dhw_storage.capacity.
        Disable with STEMSEnvironment(patch_dhw=False).
==========================================================================
==========================================================================
[STEMS] PATCHED CityLearn defect 't0_thermal_double_count' on 8/8 buildings.
        reset() books the ideal thermal load at t=0, then the first step
        limits devices to nominal power minus that same load (asserts on
        heating, silently clips storage charging). Cleared before step 1.
        Disable with STEMSEnvironment(patch_t0_double_count=False).
==========================================================================
==========================================================================
[STEMS] PATCHED CityLearn defect 'endogenous_obs_from_simulated_hour'.
        The indoor temperature observation reads the uncontrolled dataset
        value, never the simulated one. State observations now come from
        the simulator's series for the hour the action was applied to.
        Disable with STEMSEnvironment(patch_endogenous_obs=False).
==========================================================================
==========================================================================
[STEMS] PATCHED CityLearn defect 'dhw_storage_capacity' on 8/8 buildings.
        Building.update_dhw_storage scales the action by heating_storage.capacity
        (= 0.0 in this schema), making the DHW action a no-op. Now uses dhw_storage.capacity.
        Disable with STEMSEnvironment(patch_dhw=False).
==========================================================================
==========================================================================
[STEMS] PATCHED CityLearn defect 't0_thermal_double_count' on 8/8 buildings.
        reset() books the ideal thermal load at t=0, then the first step
        limits devices to nominal power minus that same load (asserts on
        heating, silently clips storage charging). Cleared before step 1.
        Disable with STEMSEnvironment(patch_t0_double_count=False).
==========================================================================
==========================================================================
[STEMS] PATCHED CityLearn defect 'endogenous_obs_from_simulated_hour'.
        The indoor temperature observation reads the uncontrolled dataset
        value, never the simulated one. State observations now come from
        the simulator's series for the hour the action was applied to.
        Disable with STEMSEnvironment(patch_endogenous_obs=False).
==========================================================================
==========================================================================
[STEMS] PATCHED CityLearn defect 'dhw_storage_capacity' on 8/8 buildings.
        Building.update_dhw_storage scales the action by heating_storage.capacity
        (= 0.0 in this schema), making the DHW action a no-op. Now uses dhw_storage.capacity.
        Disable with STEMSEnvironment(patch_dhw=False).
==========================================================================
==========================================================================
[STEMS] PATCHED CityLearn defect 't0_thermal_double_count' on 8/8 buildings.
        reset() books the ideal thermal load at t=0, then the first step
        limits devices to nominal power minus that same load (asserts on
        heating, silently clips storage charging). Cleared before step 1.
        Disable with STEMSEnvironment(patch_t0_double_count=False).
==========================================================================
==========================================================================
[STEMS] PATCHED CityLearn defect 'endogenous_obs_from_simulated_hour'.
        The indoor temperature observation reads the uncontrolled dataset
        value, never the simulated one. State observations now come from
        the simulator's series for the hour the action was applied to.
        Disable with STEMSEnvironment(patch_endogenous_obs=False).
==========================================================================

[ev] 211/252 summer idle     asap    llf          causal cap= 45.0 missed=  0/ 67 unserved=    0.0kWh over=0.015 (66s)
==========================================================================
[STEMS] PATCHED CityLearn defect 'dhw_storage_capacity' on 8/8 buildings.
        Building.update_dhw_storage scales the action by heating_storage.capacity
        (= 0.0 in this schema), making the DHW action a no-op. Now uses dhw_storage.capacity.
        Disable with STEMSEnvironment(patch_dhw=False).
==========================================================================
==========================================================================
[STEMS] PATCHED CityLearn defect 't0_thermal_double_count' on 8/8 buildings.
        reset() books the ideal thermal load at t=0, then the first step
        limits devices to nominal power minus that same load (asserts on
        heating, silently clips storage charging). Cleared before step 1.
        Disable with STEMSEnvironment(patch_t0_double_count=False).
==========================================================================
==========================================================================
[STEMS] PATCHED CityLearn defect 'endogenous_obs_from_simulated_hour'.
        The indoor temperature observation reads the uncontrolled dataset
        value, never the simulated one. State observations now come from
        the simulator's series for the hour the action was applied to.
        Disable with STEMSEnvironment(patch_endogenous_obs=False).
==========================================================================
==========================================================================
[STEMS] PATCHED CityLearn defect 'dhw_storage_capacity' on 8/8 buildings.
        Building.update_dhw_storage scales the action by heating_storage.capacity
        (= 0.0 in this schema), making the DHW action a no-op. Now uses dhw_storage.capacity.
        Disable with STEMSEnvironment(patch_dhw=False).
==========================================================================
==========================================================================
[STEMS] PATCHED CityLearn defect 't0_thermal_double_count' on 8/8 buildings.
        reset() books the ideal thermal load at t=0, then the first step
        limits devices to nominal power minus that same load (asserts on
        heating, silently clips storage charging). Cleared before step 1.
        Disable with STEMSEnvironment(patch_t0_double_count=False).
==========================================================================
==========================================================================
[STEMS] PATCHED CityLearn defect 'endogenous_obs_from_simulated_hour'.
        The indoor temperature observation reads the uncontrolled dataset
        value, never the simulated one. State observations now come from
        the simulator's series for the hour the action was applied to.
        Disable with STEMSEnvironment(patch_endogenous_obs=False).
==========================================================================
==========================================================================
[STEMS] PATCHED CityLearn defect 'dhw_storage_capacity' on 8/8 buildings.
        Building.update_dhw_storage scales the action by heating_storage.capacity
        (= 0.0 in this schema), making the DHW action a no-op. Now uses dhw_storage.capacity.
        Disable with STEMSEnvironment(patch_dhw=False).
==========================================================================
==========================================================================
[STEMS] PATCHED CityLearn defect 't0_thermal_double_count' on 8/8 buildings.
        reset() books the ideal thermal load at t=0, then the first step
        limits devices to nominal power minus that same load (asserts on
        heating, silently clips storage charging). Cleared before step 1.
        Disable with STEMSEnvironment(patch_t0_double_count=False).
==========================================================================
==========================================================================
[STEMS] PATCHED CityLearn defect 'endogenous_obs_from_simulated_hour'.
        The indoor temperature observation reads the uncontrolled dataset
        value, never the simulated one. State observations now come from
        the simulator's series for the hour the action was applied to.
        Disable with STEMSEnvironment(patch_endogenous_obs=False).
==========================================================================
==========================================================================
[STEMS] PATCHED CityLearn defect 'dhw_storage_capacity' on 8/8 buildings.
        Building.update_dhw_storage scales the action by heating_storage.capacity
        (= 0.0 in this schema), making the DHW action a no-op. Now uses dhw_storage.capacity.
        Disable with STEMSEnvironment(patch_dhw=False).
==========================================================================
==========================================================================
[STEMS] PATCHED CityLearn defect 't0_thermal_double_count' on 8/8 buildings.
        reset() books the ideal thermal load at t=0, then the first step
        limits devices to nominal power minus that same load (asserts on
        heating, silently clips storage charging). Cleared before step 1.
        Disable with STEMSEnvironment(patch_t0_double_count=False).
==========================================================================
==========================================================================
[STEMS] PATCHED CityLearn defect 'endogenous_obs_from_simulated_hour'.
        The indoor temperature observation reads the uncontrolled dataset
        value, never the simulated one. State observations now come from
        the simulator's series for the hour the action was applied to.
        Disable with STEMSEnvironment(patch_endogenous_obs=False).
==========================================================================
[ev] 212/252 summer idle     asap    llf          causal cap= 40.0 missed=  0/ 67 unserved=    0.0kWh over=0.012 (70s)
==========================================================================
[STEMS] PATCHED CityLearn defect 'dhw_storage_capacity' on 8/8 buildings.
        Building.update_dhw_storage scales the action by heating_storage.capacity
        (= 0.0 in this schema), making the DHW action a no-op. Now uses dhw_storage.capacity.
        Disable with STEMSEnvironment(patch_dhw=False).
==========================================================================
==========================================================================
[STEMS] PATCHED CityLearn defect 't0_thermal_double_count' on 8/8 buildings.
        reset() books the ideal thermal load at t=0, then the first step
        limits devices to nominal power minus that same load (asserts on
        heating, silently clips storage charging). Cleared before step 1.
        Disable with STEMSEnvironment(patch_t0_double_count=False).
==========================================================================
==========================================================================
[STEMS] PATCHED CityLearn defect 'endogenous_obs_from_simulated_hour'.
        The indoor temperature observation reads the uncontrolled dataset
        value, never the simulated one. State observations now come from
        the simulator's series for the hour the action was applied to.
        Disable with STEMSEnvironment(patch_endogenous_obs=False).
==========================================================================
==========================================================================
[STEMS] PATCHED CityLearn defect 'dhw_storage_capacity' on 8/8 buildings.
        Building.update_dhw_storage scales the action by heating_storage.capacity
        (= 0.0 in this schema), making the DHW action a no-op. Now uses dhw_storage.capacity.
        Disable with STEMSEnvironment(patch_dhw=False).
==========================================================================
==========================================================================
[STEMS] PATCHED CityLearn defect 't0_thermal_double_count' on 8/8 buildings.
        reset() books the ideal thermal load at t=0, then the first step
        limits devices to nominal power minus that same load (asserts on
        heating, silently clips storage charging). Cleared before step 1.
        Disable with STEMSEnvironment(patch_t0_double_count=False).
==========================================================================
==========================================================================
[STEMS] PATCHED CityLearn defect 'endogenous_obs_from_simulated_hour'.
        The indoor temperature observation reads the uncontrolled dataset
        value, never the simulated one. State observations now come from
        the simulator's series for the hour the action was applied to.
        Disable with STEMSEnvironment(patch_endogenous_obs=False).
==========================================================================
==========================================================================
[STEMS] PATCHED CityLearn defect 'dhw_storage_capacity' on 8/8 buildings.
        Building.update_dhw_storage scales the action by heating_storage.capacity
        (= 0.0 in this schema), making the DHW action a no-op. Now uses dhw_storage.capacity.
        Disable with STEMSEnvironment(patch_dhw=False).
==========================================================================
==========================================================================
[STEMS] PATCHED CityLearn defect 't0_thermal_double_count' on 8/8 buildings.
        reset() books the ideal thermal load at t=0, then the first step
        limits devices to nominal power minus that same load (asserts on
        heating, silently clips storage charging). Cleared before step 1.
        Disable with STEMSEnvironment(patch_t0_double_count=False).
==========================================================================
==========================================================================
[STEMS] PATCHED CityLearn defect 'endogenous_obs_from_simulated_hour'.
        The indoor temperature observation reads the uncontrolled dataset
        value, never the simulated one. State observations now come from
        the simulator's series for the hour the action was applied to.
        Disable with STEMSEnvironment(patch_endogenous_obs=False).
==========================================================================
==========================================================================
[STEMS] PATCHED CityLearn defect 'dhw_storage_capacity' on 8/8 buildings.
        Building.update_dhw_storage scales the action by heating_storage.capacity
        (= 0.0 in this schema), making the DHW action a no-op. Now uses dhw_storage.capacity.
        Disable with STEMSEnvironment(patch_dhw=False).
==========================================================================
==========================================================================
[STEMS] PATCHED CityLearn defect 't0_thermal_double_count' on 8/8 buildings.
        reset() books the ideal thermal load at t=0, then the first step
        limits devices to nominal power minus that same load (asserts on
        heating, silently clips storage charging). Cleared before step 1.
        Disable with STEMSEnvironment(patch_t0_double_count=False).
==========================================================================
==========================================================================
[STEMS] PATCHED CityLearn defect 'endogenous_obs_from_simulated_hour'.
        The indoor temperature observation reads the uncontrolled dataset
        value, never the simulated one. State observations now come from
        the simulator's series for the hour the action was applied to.
        Disable with STEMSEnvironment(patch_endogenous_obs=False).
==========================================================================
[ev] 213/252 summer idle     asap    llf          causal cap= 35.0 missed=  0/ 67 unserved=    0.0kWh over=0.018 (69s)
[ev] 214/252 summer idle     asap    llf          causal cap= 30.0 missed=  0/ 67 unserved=    0.0kWh over=0.030 (60s)
==========================================================================
[STEMS] PATCHED CityLearn defect 'dhw_storage_capacity' on 8/8 buildings.
        Building.update_dhw_storage scales the action by heating_storage.capacity
        (= 0.0 in this schema), making the DHW action a no-op. Now uses dhw_storage.capacity.
        Disable with STEMSEnvironment(patch_dhw=False).
==========================================================================
==========================================================================
[STEMS] PATCHED CityLearn defect 't0_thermal_double_count' on 8/8 buildings.
        reset() books the ideal thermal load at t=0, then the first step
        limits devices to nominal power minus that same load (asserts on
        heating, silently clips storage charging). Cleared before step 1.
        Disable with STEMSEnvironment(patch_t0_double_count=False).
==========================================================================
==========================================================================
[STEMS] PATCHED CityLearn defect 'endogenous_obs_from_simulated_hour'.
        The indoor temperature observation reads the uncontrolled dataset
        value, never the simulated one. State observations now come from
        the simulator's series for the hour the action was applied to.
        Disable with STEMSEnvironment(patch_endogenous_obs=False).
==========================================================================
==========================================================================
[STEMS] PATCHED CityLearn defect 'dhw_storage_capacity' on 8/8 buildings.
        Building.update_dhw_storage scales the action by heating_storage.capacity
        (= 0.0 in this schema), making the DHW action a no-op. Now uses dhw_storage.capacity.
        Disable with STEMSEnvironment(patch_dhw=False).
==========================================================================
==========================================================================
[STEMS] PATCHED CityLearn defect 't0_thermal_double_count' on 8/8 buildings.
        reset() books the ideal thermal load at t=0, then the first step
        limits devices to nominal power minus that same load (asserts on
        heating, silently clips storage charging). Cleared before step 1.
        Disable with STEMSEnvironment(patch_t0_double_count=False).
==========================================================================
==========================================================================
[STEMS] PATCHED CityLearn defect 'endogenous_obs_from_simulated_hour'.
        The indoor temperature observation reads the uncontrolled dataset
        value, never the simulated one. State observations now come from
        the simulator's series for the hour the action was applied to.
        Disable with STEMSEnvironment(patch_endogenous_obs=False).
==========================================================================
==========================================================================
[STEMS] PATCHED CityLearn defect 'dhw_storage_capacity' on 8/8 buildings.
        Building.update_dhw_storage scales the action by heating_storage.capacity
        (= 0.0 in this schema), making the DHW action a no-op. Now uses dhw_storage.capacity.
        Disable with STEMSEnvironment(patch_dhw=False).
==========================================================================
==========================================================================
[STEMS] PATCHED CityLearn defect 't0_thermal_double_count' on 8/8 buildings.
        reset() books the ideal thermal load at t=0, then the first step
        limits devices to nominal power minus that same load (asserts on
        heating, silently clips storage charging). Cleared before step 1.
        Disable with STEMSEnvironment(patch_t0_double_count=False).
==========================================================================
==========================================================================
[STEMS] PATCHED CityLearn defect 'endogenous_obs_from_simulated_hour'.
        The indoor temperature observation reads the uncontrolled dataset
        value, never the simulated one. State observations now come from
        the simulator's series for the hour the action was applied to.
        Disable with STEMSEnvironment(patch_endogenous_obs=False).
==========================================================================
==========================================================================
[STEMS] PATCHED CityLearn defect 'dhw_storage_capacity' on 8/8 buildings.
        Building.update_dhw_storage scales the action by heating_storage.capacity
        (= 0.0 in this schema), making the DHW action a no-op. Now uses dhw_storage.capacity.
        Disable with STEMSEnvironment(patch_dhw=False).
==========================================================================
==========================================================================
[STEMS] PATCHED CityLearn defect 't0_thermal_double_count' on 8/8 buildings.
        reset() books the ideal thermal load at t=0, then the first step
        limits devices to nominal power minus that same load (asserts on
        heating, silently clips storage charging). Cleared before step 1.
        Disable with STEMSEnvironment(patch_t0_double_count=False).
==========================================================================
==========================================================================
[STEMS] PATCHED CityLearn defect 'endogenous_obs_from_simulated_hour'.
        The indoor temperature observation reads the uncontrolled dataset
        value, never the simulated one. State observations now come from
        the simulator's series for the hour the action was applied to.
        Disable with STEMSEnvironment(patch_endogenous_obs=False).
==========================================================================
==========================================================================
[STEMS] PATCHED CityLearn defect 'dhw_storage_capacity' on 8/8 buildings.
        Building.update_dhw_storage scales the action by heating_storage.capacity
        (= 0.0 in this schema), making the DHW action a no-op. Now uses dhw_storage.capacity.
        Disable with STEMSEnvironment(patch_dhw=False).
==========================================================================
==========================================================================
[STEMS] PATCHED CityLearn defect 't0_thermal_double_count' on 8/8 buildings.
        reset() books the ideal thermal load at t=0, then the first step
        limits devices to nominal power minus that same load (asserts on
        heating, silently clips storage charging). Cleared before step 1.
        Disable with STEMSEnvironment(patch_t0_double_count=False).
==========================================================================
==========================================================================
[STEMS] PATCHED CityLearn defect 'endogenous_obs_from_simulated_hour'.
        The indoor temperature observation reads the uncontrolled dataset
        value, never the simulated one. State observations now come from
        the simulator's series for the hour the action was applied to.
        Disable with STEMSEnvironment(patch_endogenous_obs=False).
==========================================================================
==========================================================================
[STEMS] PATCHED CityLearn defect 'dhw_storage_capacity' on 8/8 buildings.
        Building.update_dhw_storage scales the action by heating_storage.capacity
        (= 0.0 in this schema), making the DHW action a no-op. Now uses dhw_storage.capacity.
        Disable with STEMSEnvironment(patch_dhw=False).
==========================================================================
==========================================================================
[STEMS] PATCHED CityLearn defect 't0_thermal_double_count' on 8/8 buildings.
        reset() books the ideal thermal load at t=0, then the first step
        limits devices to nominal power minus that same load (asserts on
        heating, silently clips storage charging). Cleared before step 1.
        Disable with STEMSEnvironment(patch_t0_double_count=False).
==========================================================================
==========================================================================
[STEMS] PATCHED CityLearn defect 'endogenous_obs_from_simulated_hour'.
        The indoor temperature observation reads the uncontrolled dataset
        value, never the simulated one. State observations now come from
        the simulator's series for the hour the action was applied to.
        Disable with STEMSEnvironment(patch_endogenous_obs=False).
==========================================================================
==========================================================================
[STEMS] PATCHED CityLearn defect 'dhw_storage_capacity' on 8/8 buildings.
        Building.update_dhw_storage scales the action by heating_storage.capacity
        (= 0.0 in this schema), making the DHW action a no-op. Now uses dhw_storage.capacity.
        Disable with STEMSEnvironment(patch_dhw=False).
==========================================================================
==========================================================================
[STEMS] PATCHED CityLearn defect 't0_thermal_double_count' on 8/8 buildings.
        reset() books the ideal thermal load at t=0, then the first step
        limits devices to nominal power minus that same load (asserts on
        heating, silently clips storage charging). Cleared before step 1.
        Disable with STEMSEnvironment(patch_t0_double_count=False).
==========================================================================
==========================================================================
[STEMS] PATCHED CityLearn defect 'endogenous_obs_from_simulated_hour'.
        The indoor temperature observation reads the uncontrolled dataset
        value, never the simulated one. State observations now come from
        the simulator's series for the hour the action was applied to.
        Disable with STEMSEnvironment(patch_endogenous_obs=False).
==========================================================================
==========================================================================
[STEMS] PATCHED CityLearn defect 'dhw_storage_capacity' on 8/8 buildings.
        Building.update_dhw_storage scales the action by heating_storage.capacity
        (= 0.0 in this schema), making the DHW action a no-op. Now uses dhw_storage.capacity.
        Disable with STEMSEnvironment(patch_dhw=False).
==========================================================================
==========================================================================
[STEMS] PATCHED CityLearn defect 't0_thermal_double_count' on 8/8 buildings.
        reset() books the ideal thermal load at t=0, then the first step
        limits devices to nominal power minus that same load (asserts on
        heating, silently clips storage charging). Cleared before step 1.
        Disable with STEMSEnvironment(patch_t0_double_count=False).
==========================================================================
==========================================================================
[STEMS] PATCHED CityLearn defect 'endogenous_obs_from_simulated_hour'.
        The indoor temperature observation reads the uncontrolled dataset
        value, never the simulated one. State observations now come from
        the simulator's series for the hour the action was applied to.
        Disable with STEMSEnvironment(patch_endogenous_obs=False).
==========================================================================
[ev] 215/252 summer idle     asap    llf          causal cap= 27.5 missed=  1/ 67 unserved=    0.8kWh over=0.042 (62s)
==========================================================================
[STEMS] PATCHED CityLearn defect 'dhw_storage_capacity' on 8/8 buildings.
        Building.update_dhw_storage scales the action by heating_storage.capacity
        (= 0.0 in this schema), making the DHW action a no-op. Now uses dhw_storage.capacity.
        Disable with STEMSEnvironment(patch_dhw=False).
==========================================================================
==========================================================================
[STEMS] PATCHED CityLearn defect 't0_thermal_double_count' on 8/8 buildings.
        reset() books the ideal thermal load at t=0, then the first step
        limits devices to nominal power minus that same load (asserts on
        heating, silently clips storage charging). Cleared before step 1.
        Disable with STEMSEnvironment(patch_t0_double_count=False).
==========================================================================
==========================================================================
[STEMS] PATCHED CityLearn defect 'endogenous_obs_from_simulated_hour'.
        The indoor temperature observation reads the uncontrolled dataset
        value, never the simulated one. State observations now come from
        the simulator's series for the hour the action was applied to.
        Disable with STEMSEnvironment(patch_endogenous_obs=False).
==========================================================================
==========================================================================
[STEMS] PATCHED CityLearn defect 'dhw_storage_capacity' on 8/8 buildings.
        Building.update_dhw_storage scales the action by heating_storage.capacity
        (= 0.0 in this schema), making the DHW action a no-op. Now uses dhw_storage.capacity.
        Disable with STEMSEnvironment(patch_dhw=False).
==========================================================================
==========================================================================
[STEMS] PATCHED CityLearn defect 't0_thermal_double_count' on 8/8 buildings.
        reset() books the ideal thermal load at t=0, then the first step
        limits devices to nominal power minus that same load (asserts on
        heating, silently clips storage charging). Cleared before step 1.
        Disable with STEMSEnvironment(patch_t0_double_count=False).
==========================================================================
==========================================================================
[STEMS] PATCHED CityLearn defect 'endogenous_obs_from_simulated_hour'.
        The indoor temperature observation reads the uncontrolled dataset
        value, never the simulated one. State observations now come from
        the simulator's series for the hour the action was applied to.
        Disable with STEMSEnvironment(patch_endogenous_obs=False).
==========================================================================
==========================================================================
[STEMS] PATCHED CityLearn defect 'dhw_storage_capacity' on 8/8 buildings.
        Building.update_dhw_storage scales the action by heating_storage.capacity
        (= 0.0 in this schema), making the DHW action a no-op. Now uses dhw_storage.capacity.
        Disable with STEMSEnvironment(patch_dhw=False).
==========================================================================
==========================================================================
[STEMS] PATCHED CityLearn defect 't0_thermal_double_count' on 8/8 buildings.
        reset() books the ideal thermal load at t=0, then the first step
        limits devices to nominal power minus that same load (asserts on
        heating, silently clips storage charging). Cleared before step 1.
        Disable with STEMSEnvironment(patch_t0_double_count=False).
==========================================================================
==========================================================================
[STEMS] PATCHED CityLearn defect 'endogenous_obs_from_simulated_hour'.
        The indoor temperature observation reads the uncontrolled dataset
        value, never the simulated one. State observations now come from
        the simulator's series for the hour the action was applied to.
        Disable with STEMSEnvironment(patch_endogenous_obs=False).
==========================================================================
==========================================================================
[STEMS] PATCHED CityLearn defect 'dhw_storage_capacity' on 8/8 buildings.
        Building.update_dhw_storage scales the action by heating_storage.capacity
        (= 0.0 in this schema), making the DHW action a no-op. Now uses dhw_storage.capacity.
        Disable with STEMSEnvironment(patch_dhw=False).
==========================================================================
==========================================================================
[STEMS] PATCHED CityLearn defect 't0_thermal_double_count' on 8/8 buildings.
        reset() books the ideal thermal load at t=0, then the first step
        limits devices to nominal power minus that same load (asserts on
        heating, silently clips storage charging). Cleared before step 1.
        Disable with STEMSEnvironment(patch_t0_double_count=False).
==========================================================================
==========================================================================
[STEMS] PATCHED CityLearn defect 'endogenous_obs_from_simulated_hour'.
        The indoor temperature observation reads the uncontrolled dataset
        value, never the simulated one. State observations now come from
        the simulator's series for the hour the action was applied to.
        Disable with STEMSEnvironment(patch_endogenous_obs=False).
==========================================================================
[ev] 216/252 summer idle     asap    sllf         replay cap=100.0 missed=  0/ 67 unserved=    0.0kWh over=0.000 (64s)
[ev] 217/252 summer idle     asap    llf          causal cap= 25.0 missed=  9/ 67 unserved=   32.4kWh over=0.075 (83s)
[ev] 218/252 summer idle     asap    sllf         replay cap= 60.0 missed=  0/ 67 unserved=    0.0kWh over=0.009 (81s)
[ev] 219/252 summer idle     asap    sllf         replay cap= 50.0 missed=  0/ 67 unserved=    0.0kWh over=0.012 (83s)
[ev] 220/252 summer idle     asap    sllf         replay cap= 45.0 missed=  0/ 67 unserved=    0.0kWh over=0.021 (84s)
[ev] 221/252 summer idle     asap    sllf         replay cap= 40.0 missed=  0/ 67 unserved=    0.0kWh over=0.033 (83s)
[ev] 222/252 summer idle     asap    sllf         replay cap= 30.0 missed=  0/ 67 unserved=    0.0kWh over=0.063 (64s)
[ev] 223/252 summer idle     asap    sllf         replay cap= 35.0 missed=  0/ 67 unserved=    0.0kWh over=0.048 (85s)
[ev] 224/252 summer idle     asap    sllf         replay cap= 27.5 missed=  0/ 67 unserved=    0.0kWh over=0.075 (63s)
[ev] 225/252 summer idle     asap    sllf         replay cap= 25.0 missed=  0/ 67 unserved=    0.0kWh over=0.122 (63s)
[ev] 226/252 summer idle     asap    sllf         causal cap=100.0 missed=  0/ 67 unserved=    0.0kWh over=0.000 (68s)
[ev] 227/252 summer idle     asap    sllf         causal cap= 60.0 missed=  0/ 67 unserved=    0.0kWh over=0.006 (65s)
[ev] 228/252 summer idle     asap    sllf         causal cap= 50.0 missed=  0/ 67 unserved=    0.0kWh over=0.012 (66s)
[ev] 229/252 summer idle     asap    sllf         causal cap= 45.0 missed=  0/ 67 unserved=    0.0kWh over=0.015 (61s)
[ev] 230/252 summer idle     asap    sllf         causal cap= 40.0 missed=  0/ 67 unserved=    0.0kWh over=0.009 (58s)
[ev] 231/252 summer idle     asap    sllf         causal cap= 35.0 missed=  0/ 67 unserved=    0.0kWh over=0.015 (64s)
[ev] 232/252 summer idle     asap    sllf         causal cap= 27.5 missed=  0/ 67 unserved=    0.0kWh over=0.042 (68s)
[ev] 233/252 summer idle     asap    sllf         causal cap= 30.0 missed=  0/ 67 unserved=    0.0kWh over=0.027 (72s)
==========================================================================
[STEMS] PATCHED CityLearn defect 'dhw_storage_capacity' on 8/8 buildings.
        Building.update_dhw_storage scales the action by heating_storage.capacity
        (= 0.0 in this schema), making the DHW action a no-op. Now uses dhw_storage.capacity.
        Disable with STEMSEnvironment(patch_dhw=False).
==========================================================================
==========================================================================
[STEMS] PATCHED CityLearn defect 't0_thermal_double_count' on 8/8 buildings.
        reset() books the ideal thermal load at t=0, then the first step
        limits devices to nominal power minus that same load (asserts on
        heating, silently clips storage charging). Cleared before step 1.
        Disable with STEMSEnvironment(patch_t0_double_count=False).
==========================================================================
==========================================================================
[STEMS] PATCHED CityLearn defect 'endogenous_obs_from_simulated_hour'.
        The indoor temperature observation reads the uncontrolled dataset
        value, never the simulated one. State observations now come from
        the simulator's series for the hour the action was applied to.
        Disable with STEMSEnvironment(patch_endogenous_obs=False).
==========================================================================
==========================================================================
[STEMS] PATCHED CityLearn defect 'dhw_storage_capacity' on 8/8 buildings.
        Building.update_dhw_storage scales the action by heating_storage.capacity
        (= 0.0 in this schema), making the DHW action a no-op. Now uses dhw_storage.capacity.
        Disable with STEMSEnvironment(patch_dhw=False).
==========================================================================
==========================================================================
[STEMS] PATCHED CityLearn defect 't0_thermal_double_count' on 8/8 buildings.
        reset() books the ideal thermal load at t=0, then the first step
        limits devices to nominal power minus that same load (asserts on
        heating, silently clips storage charging). Cleared before step 1.
        Disable with STEMSEnvironment(patch_t0_double_count=False).
==========================================================================
==========================================================================
[STEMS] PATCHED CityLearn defect 'endogenous_obs_from_simulated_hour'.
        The indoor temperature observation reads the uncontrolled dataset
        value, never the simulated one. State observations now come from
        the simulator's series for the hour the action was applied to.
        Disable with STEMSEnvironment(patch_endogenous_obs=False).
==========================================================================
==========================================================================
[STEMS] PATCHED CityLearn defect 'dhw_storage_capacity' on 8/8 buildings.
        Building.update_dhw_storage scales the action by heating_storage.capacity
        (= 0.0 in this schema), making the DHW action a no-op. Now uses dhw_storage.capacity.
        Disable with STEMSEnvironment(patch_dhw=False).
==========================================================================
==========================================================================
[STEMS] PATCHED CityLearn defect 't0_thermal_double_count' on 8/8 buildings.
        reset() books the ideal thermal load at t=0, then the first step
        limits devices to nominal power minus that same load (asserts on
        heating, silently clips storage charging). Cleared before step 1.
        Disable with STEMSEnvironment(patch_t0_double_count=False).
==========================================================================
==========================================================================
[STEMS] PATCHED CityLearn defect 'endogenous_obs_from_simulated_hour'.
        The indoor temperature observation reads the uncontrolled dataset
        value, never the simulated one. State observations now come from
        the simulator's series for the hour the action was applied to.
        Disable with STEMSEnvironment(patch_endogenous_obs=False).
==========================================================================
==========================================================================
[STEMS] PATCHED CityLearn defect 'dhw_storage_capacity' on 8/8 buildings.
        Building.update_dhw_storage scales the action by heating_storage.capacity
        (= 0.0 in this schema), making the DHW action a no-op. Now uses dhw_storage.capacity.
        Disable with STEMSEnvironment(patch_dhw=False).
==========================================================================
==========================================================================
[STEMS] PATCHED CityLearn defect 't0_thermal_double_count' on 8/8 buildings.
        reset() books the ideal thermal load at t=0, then the first step
        limits devices to nominal power minus that same load (asserts on
        heating, silently clips storage charging). Cleared before step 1.
        Disable with STEMSEnvironment(patch_t0_double_count=False).
==========================================================================
==========================================================================
[STEMS] PATCHED CityLearn defect 'endogenous_obs_from_simulated_hour'.
        The indoor temperature observation reads the uncontrolled dataset
        value, never the simulated one. State observations now come from
        the simulator's series for the hour the action was applied to.
        Disable with STEMSEnvironment(patch_endogenous_obs=False).
==========================================================================
[ev] 234/252 summer idle     asap    sllf         causal cap= 25.0 missed=  5/ 67 unserved=   17.1kWh over=0.072 (68s)
[ev] 235/252 summer idle     asap    lp           replay cap=100.0 missed=  0/ 67 unserved=    0.0kWh over=0.000 (68s)
[ev] 236/252 summer idle     asap    lp           replay cap= 60.0 missed=  0/ 67 unserved=    0.0kWh over=0.021 (66s)
==========================================================================
[STEMS] PATCHED CityLearn defect 'dhw_storage_capacity' on 8/8 buildings.
        Building.update_dhw_storage scales the action by heating_storage.capacity
        (= 0.0 in this schema), making the DHW action a no-op. Now uses dhw_storage.capacity.
        Disable with STEMSEnvironment(patch_dhw=False).
==========================================================================
==========================================================================
[STEMS] PATCHED CityLearn defect 't0_thermal_double_count' on 8/8 buildings.
        reset() books the ideal thermal load at t=0, then the first step
        limits devices to nominal power minus that same load (asserts on
        heating, silently clips storage charging). Cleared before step 1.
        Disable with STEMSEnvironment(patch_t0_double_count=False).
==========================================================================
==========================================================================
[STEMS] PATCHED CityLearn defect 'endogenous_obs_from_simulated_hour'.
        The indoor temperature observation reads the uncontrolled dataset
        value, never the simulated one. State observations now come from
        the simulator's series for the hour the action was applied to.
        Disable with STEMSEnvironment(patch_endogenous_obs=False).
==========================================================================
==========================================================================
[STEMS] PATCHED CityLearn defect 'dhw_storage_capacity' on 8/8 buildings.
        Building.update_dhw_storage scales the action by heating_storage.capacity
        (= 0.0 in this schema), making the DHW action a no-op. Now uses dhw_storage.capacity.
        Disable with STEMSEnvironment(patch_dhw=False).
==========================================================================
==========================================================================
[STEMS] PATCHED CityLearn defect 't0_thermal_double_count' on 8/8 buildings.
        reset() books the ideal thermal load at t=0, then the first step
        limits devices to nominal power minus that same load (asserts on
        heating, silently clips storage charging). Cleared before step 1.
        Disable with STEMSEnvironment(patch_t0_double_count=False).
==========================================================================
==========================================================================
[STEMS] PATCHED CityLearn defect 'endogenous_obs_from_simulated_hour'.
        The indoor temperature observation reads the uncontrolled dataset
        value, never the simulated one. State observations now come from
        the simulator's series for the hour the action was applied to.
        Disable with STEMSEnvironment(patch_endogenous_obs=False).
==========================================================================
==========================================================================
[STEMS] PATCHED CityLearn defect 'dhw_storage_capacity' on 8/8 buildings.
        Building.update_dhw_storage scales the action by heating_storage.capacity
        (= 0.0 in this schema), making the DHW action a no-op. Now uses dhw_storage.capacity.
        Disable with STEMSEnvironment(patch_dhw=False).
==========================================================================
==========================================================================
[STEMS] PATCHED CityLearn defect 't0_thermal_double_count' on 8/8 buildings.
        reset() books the ideal thermal load at t=0, then the first step
        limits devices to nominal power minus that same load (asserts on
        heating, silently clips storage charging). Cleared before step 1.
        Disable with STEMSEnvironment(patch_t0_double_count=False).
==========================================================================
==========================================================================
[STEMS] PATCHED CityLearn defect 'endogenous_obs_from_simulated_hour'.
        The indoor temperature observation reads the uncontrolled dataset
        value, never the simulated one. State observations now come from
        the simulator's series for the hour the action was applied to.
        Disable with STEMSEnvironment(patch_endogenous_obs=False).
==========================================================================
==========================================================================
[STEMS] PATCHED CityLearn defect 'dhw_storage_capacity' on 8/8 buildings.
        Building.update_dhw_storage scales the action by heating_storage.capacity
        (= 0.0 in this schema), making the DHW action a no-op. Now uses dhw_storage.capacity.
        Disable with STEMSEnvironment(patch_dhw=False).
==========================================================================
==========================================================================
[STEMS] PATCHED CityLearn defect 't0_thermal_double_count' on 8/8 buildings.
        reset() books the ideal thermal load at t=0, then the first step
        limits devices to nominal power minus that same load (asserts on
        heating, silently clips storage charging). Cleared before step 1.
        Disable with STEMSEnvironment(patch_t0_double_count=False).
==========================================================================
==========================================================================
[STEMS] PATCHED CityLearn defect 'endogenous_obs_from_simulated_hour'.
        The indoor temperature observation reads the uncontrolled dataset
        value, never the simulated one. State observations now come from
        the simulator's series for the hour the action was applied to.
        Disable with STEMSEnvironment(patch_endogenous_obs=False).
==========================================================================
[ev] 237/252 summer idle     asap    lp           replay cap= 50.0 missed=  0/ 67 unserved=    0.0kWh over=0.036 (64s)
==========================================================================
[STEMS] PATCHED CityLearn defect 'dhw_storage_capacity' on 8/8 buildings.
        Building.update_dhw_storage scales the action by heating_storage.capacity
        (= 0.0 in this schema), making the DHW action a no-op. Now uses dhw_storage.capacity.
        Disable with STEMSEnvironment(patch_dhw=False).
==========================================================================
==========================================================================
[STEMS] PATCHED CityLearn defect 't0_thermal_double_count' on 8/8 buildings.
        reset() books the ideal thermal load at t=0, then the first step
        limits devices to nominal power minus that same load (asserts on
        heating, silently clips storage charging). Cleared before step 1.
        Disable with STEMSEnvironment(patch_t0_double_count=False).
==========================================================================
==========================================================================
[STEMS] PATCHED CityLearn defect 'endogenous_obs_from_simulated_hour'.
        The indoor temperature observation reads the uncontrolled dataset
        value, never the simulated one. State observations now come from
        the simulator's series for the hour the action was applied to.
        Disable with STEMSEnvironment(patch_endogenous_obs=False).
==========================================================================
==========================================================================
[STEMS] PATCHED CityLearn defect 'dhw_storage_capacity' on 8/8 buildings.
        Building.update_dhw_storage scales the action by heating_storage.capacity
        (= 0.0 in this schema), making the DHW action a no-op. Now uses dhw_storage.capacity.
        Disable with STEMSEnvironment(patch_dhw=False).
==========================================================================
==========================================================================
[STEMS] PATCHED CityLearn defect 't0_thermal_double_count' on 8/8 buildings.
        reset() books the ideal thermal load at t=0, then the first step
        limits devices to nominal power minus that same load (asserts on
        heating, silently clips storage charging). Cleared before step 1.
        Disable with STEMSEnvironment(patch_t0_double_count=False).
==========================================================================
==========================================================================
[STEMS] PATCHED CityLearn defect 'endogenous_obs_from_simulated_hour'.
        The indoor temperature observation reads the uncontrolled dataset
        value, never the simulated one. State observations now come from
        the simulator's series for the hour the action was applied to.
        Disable with STEMSEnvironment(patch_endogenous_obs=False).
==========================================================================
==========================================================================
[STEMS] PATCHED CityLearn defect 'dhw_storage_capacity' on 8/8 buildings.
        Building.update_dhw_storage scales the action by heating_storage.capacity
        (= 0.0 in this schema), making the DHW action a no-op. Now uses dhw_storage.capacity.
        Disable with STEMSEnvironment(patch_dhw=False).
==========================================================================
==========================================================================
[STEMS] PATCHED CityLearn defect 't0_thermal_double_count' on 8/8 buildings.
        reset() books the ideal thermal load at t=0, then the first step
        limits devices to nominal power minus that same load (asserts on
        heating, silently clips storage charging). Cleared before step 1.
        Disable with STEMSEnvironment(patch_t0_double_count=False).
==========================================================================
==========================================================================
[STEMS] PATCHED CityLearn defect 'endogenous_obs_from_simulated_hour'.
        The indoor temperature observation reads the uncontrolled dataset
        value, never the simulated one. State observations now come from
        the simulator's series for the hour the action was applied to.
        Disable with STEMSEnvironment(patch_endogenous_obs=False).
==========================================================================
==========================================================================
[STEMS] PATCHED CityLearn defect 'dhw_storage_capacity' on 8/8 buildings.
        Building.update_dhw_storage scales the action by heating_storage.capacity
        (= 0.0 in this schema), making the DHW action a no-op. Now uses dhw_storage.capacity.
        Disable with STEMSEnvironment(patch_dhw=False).
==========================================================================
==========================================================================
[STEMS] PATCHED CityLearn defect 't0_thermal_double_count' on 8/8 buildings.
        reset() books the ideal thermal load at t=0, then the first step
        limits devices to nominal power minus that same load (asserts on
        heating, silently clips storage charging). Cleared before step 1.
        Disable with STEMSEnvironment(patch_t0_double_count=False).
==========================================================================
==========================================================================
[STEMS] PATCHED CityLearn defect 'endogenous_obs_from_simulated_hour'.
        The indoor temperature observation reads the uncontrolled dataset
        value, never the simulated one. State observations now come from
        the simulator's series for the hour the action was applied to.
        Disable with STEMSEnvironment(patch_endogenous_obs=False).
==========================================================================
==========================================================================
[STEMS] PATCHED CityLearn defect 'dhw_storage_capacity' on 8/8 buildings.
        Building.update_dhw_storage scales the action by heating_storage.capacity
        (= 0.0 in this schema), making the DHW action a no-op. Now uses dhw_storage.capacity.
        Disable with STEMSEnvironment(patch_dhw=False).
==========================================================================
==========================================================================
[STEMS] PATCHED CityLearn defect 't0_thermal_double_count' on 8/8 buildings.
        reset() books the ideal thermal load at t=0, then the first step
        limits devices to nominal power minus that same load (asserts on
        heating, silently clips storage charging). Cleared before step 1.
        Disable with STEMSEnvironment(patch_t0_double_count=False).
==========================================================================
==========================================================================
[STEMS] PATCHED CityLearn defect 'endogenous_obs_from_simulated_hour'.
        The indoor temperature observation reads the uncontrolled dataset
        value, never the simulated one. State observations now come from
        the simulator's series for the hour the action was applied to.
        Disable with STEMSEnvironment(patch_endogenous_obs=False).
==========================================================================
==========================================================================
[STEMS] PATCHED CityLearn defect 'dhw_storage_capacity' on 8/8 buildings.
        Building.update_dhw_storage scales the action by heating_storage.capacity
        (= 0.0 in this schema), making the DHW action a no-op. Now uses dhw_storage.capacity.
        Disable with STEMSEnvironment(patch_dhw=False).
==========================================================================
==========================================================================
[STEMS] PATCHED CityLearn defect 't0_thermal_double_count' on 8/8 buildings.
        reset() books the ideal thermal load at t=0, then the first step
        limits devices to nominal power minus that same load (asserts on
        heating, silently clips storage charging). Cleared before step 1.
        Disable with STEMSEnvironment(patch_t0_double_count=False).
==========================================================================
==========================================================================
[STEMS] PATCHED CityLearn defect 'endogenous_obs_from_simulated_hour'.
        The indoor temperature observation reads the uncontrolled dataset
        value, never the simulated one. State observations now come from
        the simulator's series for the hour the action was applied to.
        Disable with STEMSEnvironment(patch_endogenous_obs=False).
==========================================================================
==========================================================================
[STEMS] PATCHED CityLearn defect 'dhw_storage_capacity' on 8/8 buildings.
        Building.update_dhw_storage scales the action by heating_storage.capacity
        (= 0.0 in this schema), making the DHW action a no-op. Now uses dhw_storage.capacity.
        Disable with STEMSEnvironment(patch_dhw=False).
==========================================================================
==========================================================================
[STEMS] PATCHED CityLearn defect 't0_thermal_double_count' on 8/8 buildings.
        reset() books the ideal thermal load at t=0, then the first step
        limits devices to nominal power minus that same load (asserts on
        heating, silently clips storage charging). Cleared before step 1.
        Disable with STEMSEnvironment(patch_t0_double_count=False).
==========================================================================
==========================================================================
[STEMS] PATCHED CityLearn defect 'endogenous_obs_from_simulated_hour'.
        The indoor temperature observation reads the uncontrolled dataset
        value, never the simulated one. State observations now come from
        the simulator's series for the hour the action was applied to.
        Disable with STEMSEnvironment(patch_endogenous_obs=False).
==========================================================================
==========================================================================
[STEMS] PATCHED CityLearn defect 'dhw_storage_capacity' on 8/8 buildings.
        Building.update_dhw_storage scales the action by heating_storage.capacity
        (= 0.0 in this schema), making the DHW action a no-op. Now uses dhw_storage.capacity.
        Disable with STEMSEnvironment(patch_dhw=False).
==========================================================================
==========================================================================
[STEMS] PATCHED CityLearn defect 't0_thermal_double_count' on 8/8 buildings.
        reset() books the ideal thermal load at t=0, then the first step
        limits devices to nominal power minus that same load (asserts on
        heating, silently clips storage charging). Cleared before step 1.
        Disable with STEMSEnvironment(patch_t0_double_count=False).
==========================================================================
==========================================================================
[STEMS] PATCHED CityLearn defect 'endogenous_obs_from_simulated_hour'.
        The indoor temperature observation reads the uncontrolled dataset
        value, never the simulated one. State observations now come from
        the simulator's series for the hour the action was applied to.
        Disable with STEMSEnvironment(patch_endogenous_obs=False).
==========================================================================
[ev] 238/252 summer idle     asap    lp           replay cap= 45.0 missed=  0/ 67 unserved=    0.0kWh over=0.033 (54s)
[ev] 239/252 summer idle     asap    lp           replay cap= 40.0 missed=  0/ 67 unserved=    0.0kWh over=0.051 (55s)
==========================================================================
[STEMS] PATCHED CityLearn defect 'dhw_storage_capacity' on 8/8 buildings.
        Building.update_dhw_storage scales the action by heating_storage.capacity
        (= 0.0 in this schema), making the DHW action a no-op. Now uses dhw_storage.capacity.
        Disable with STEMSEnvironment(patch_dhw=False).
==========================================================================
==========================================================================
[STEMS] PATCHED CityLearn defect 't0_thermal_double_count' on 8/8 buildings.
        reset() books the ideal thermal load at t=0, then the first step
        limits devices to nominal power minus that same load (asserts on
        heating, silently clips storage charging). Cleared before step 1.
        Disable with STEMSEnvironment(patch_t0_double_count=False).
==========================================================================
==========================================================================
[STEMS] PATCHED CityLearn defect 'endogenous_obs_from_simulated_hour'.
        The indoor temperature observation reads the uncontrolled dataset
        value, never the simulated one. State observations now come from
        the simulator's series for the hour the action was applied to.
        Disable with STEMSEnvironment(patch_endogenous_obs=False).
==========================================================================
==========================================================================
[STEMS] PATCHED CityLearn defect 'dhw_storage_capacity' on 8/8 buildings.
        Building.update_dhw_storage scales the action by heating_storage.capacity
        (= 0.0 in this schema), making the DHW action a no-op. Now uses dhw_storage.capacity.
        Disable with STEMSEnvironment(patch_dhw=False).
==========================================================================
==========================================================================
[STEMS] PATCHED CityLearn defect 't0_thermal_double_count' on 8/8 buildings.
        reset() books the ideal thermal load at t=0, then the first step
        limits devices to nominal power minus that same load (asserts on
        heating, silently clips storage charging). Cleared before step 1.
        Disable with STEMSEnvironment(patch_t0_double_count=False).
==========================================================================
==========================================================================
[STEMS] PATCHED CityLearn defect 'endogenous_obs_from_simulated_hour'.
        The indoor temperature observation reads the uncontrolled dataset
        value, never the simulated one. State observations now come from
        the simulator's series for the hour the action was applied to.
        Disable with STEMSEnvironment(patch_endogenous_obs=False).
==========================================================================
==========================================================================
[STEMS] PATCHED CityLearn defect 'dhw_storage_capacity' on 8/8 buildings.
        Building.update_dhw_storage scales the action by heating_storage.capacity
        (= 0.0 in this schema), making the DHW action a no-op. Now uses dhw_storage.capacity.
        Disable with STEMSEnvironment(patch_dhw=False).
==========================================================================
==========================================================================
[STEMS] PATCHED CityLearn defect 't0_thermal_double_count' on 8/8 buildings.
        reset() books the ideal thermal load at t=0, then the first step
        limits devices to nominal power minus that same load (asserts on
        heating, silently clips storage charging). Cleared before step 1.
        Disable with STEMSEnvironment(patch_t0_double_count=False).
==========================================================================
==========================================================================
[STEMS] PATCHED CityLearn defect 'endogenous_obs_from_simulated_hour'.
        The indoor temperature observation reads the uncontrolled dataset
        value, never the simulated one. State observations now come from
        the simulator's series for the hour the action was applied to.
        Disable with STEMSEnvironment(patch_endogenous_obs=False).
==========================================================================
==========================================================================
[STEMS] PATCHED CityLearn defect 'dhw_storage_capacity' on 8/8 buildings.
        Building.update_dhw_storage scales the action by heating_storage.capacity
        (= 0.0 in this schema), making the DHW action a no-op. Now uses dhw_storage.capacity.
        Disable with STEMSEnvironment(patch_dhw=False).
==========================================================================
==========================================================================
[STEMS] PATCHED CityLearn defect 't0_thermal_double_count' on 8/8 buildings.
        reset() books the ideal thermal load at t=0, then the first step
        limits devices to nominal power minus that same load (asserts on
        heating, silently clips storage charging). Cleared before step 1.
        Disable with STEMSEnvironment(patch_t0_double_count=False).
==========================================================================
==========================================================================
[STEMS] PATCHED CityLearn defect 'endogenous_obs_from_simulated_hour'.
        The indoor temperature observation reads the uncontrolled dataset
        value, never the simulated one. State observations now come from
        the simulator's series for the hour the action was applied to.
        Disable with STEMSEnvironment(patch_endogenous_obs=False).
==========================================================================
==========================================================================
[STEMS] PATCHED CityLearn defect 'dhw_storage_capacity' on 8/8 buildings.
        Building.update_dhw_storage scales the action by heating_storage.capacity
        (= 0.0 in this schema), making the DHW action a no-op. Now uses dhw_storage.capacity.
        Disable with STEMSEnvironment(patch_dhw=False).
==========================================================================
==========================================================================
[STEMS] PATCHED CityLearn defect 't0_thermal_double_count' on 8/8 buildings.
        reset() books the ideal thermal load at t=0, then the first step
        limits devices to nominal power minus that same load (asserts on
        heating, silently clips storage charging). Cleared before step 1.
        Disable with STEMSEnvironment(patch_t0_double_count=False).
==========================================================================
==========================================================================
[STEMS] PATCHED CityLearn defect 'endogenous_obs_from_simulated_hour'.
        The indoor temperature observation reads the uncontrolled dataset
        value, never the simulated one. State observations now come from
        the simulator's series for the hour the action was applied to.
        Disable with STEMSEnvironment(patch_endogenous_obs=False).
==========================================================================
==========================================================================
[STEMS] PATCHED CityLearn defect 'dhw_storage_capacity' on 8/8 buildings.
        Building.update_dhw_storage scales the action by heating_storage.capacity
        (= 0.0 in this schema), making the DHW action a no-op. Now uses dhw_storage.capacity.
        Disable with STEMSEnvironment(patch_dhw=False).
==========================================================================
==========================================================================
[STEMS] PATCHED CityLearn defect 't0_thermal_double_count' on 8/8 buildings.
        reset() books the ideal thermal load at t=0, then the first step
        limits devices to nominal power minus that same load (asserts on
        heating, silently clips storage charging). Cleared before step 1.
        Disable with STEMSEnvironment(patch_t0_double_count=False).
==========================================================================
==========================================================================
[STEMS] PATCHED CityLearn defect 'endogenous_obs_from_simulated_hour'.
        The indoor temperature observation reads the uncontrolled dataset
        value, never the simulated one. State observations now come from
        the simulator's series for the hour the action was applied to.
        Disable with STEMSEnvironment(patch_endogenous_obs=False).
==========================================================================
==========================================================================
[STEMS] PATCHED CityLearn defect 'dhw_storage_capacity' on 8/8 buildings.
        Building.update_dhw_storage scales the action by heating_storage.capacity
        (= 0.0 in this schema), making the DHW action a no-op. Now uses dhw_storage.capacity.
        Disable with STEMSEnvironment(patch_dhw=False).
==========================================================================
==========================================================================
[STEMS] PATCHED CityLearn defect 't0_thermal_double_count' on 8/8 buildings.
        reset() books the ideal thermal load at t=0, then the first step
        limits devices to nominal power minus that same load (asserts on
        heating, silently clips storage charging). Cleared before step 1.
        Disable with STEMSEnvironment(patch_t0_double_count=False).
==========================================================================
==========================================================================
[STEMS] PATCHED CityLearn defect 'endogenous_obs_from_simulated_hour'.
        The indoor temperature observation reads the uncontrolled dataset
        value, never the simulated one. State observations now come from
        the simulator's series for the hour the action was applied to.
        Disable with STEMSEnvironment(patch_endogenous_obs=False).
==========================================================================
==========================================================================
[STEMS] PATCHED CityLearn defect 'dhw_storage_capacity' on 8/8 buildings.
        Building.update_dhw_storage scales the action by heating_storage.capacity
        (= 0.0 in this schema), making the DHW action a no-op. Now uses dhw_storage.capacity.
        Disable with STEMSEnvironment(patch_dhw=False).
==========================================================================
==========================================================================
[STEMS] PATCHED CityLearn defect 't0_thermal_double_count' on 8/8 buildings.
        reset() books the ideal thermal load at t=0, then the first step
        limits devices to nominal power minus that same load (asserts on
        heating, silently clips storage charging). Cleared before step 1.
        Disable with STEMSEnvironment(patch_t0_double_count=False).
==========================================================================
==========================================================================
[STEMS] PATCHED CityLearn defect 'endogenous_obs_from_simulated_hour'.
        The indoor temperature observation reads the uncontrolled dataset
        value, never the simulated one. State observations now come from
        the simulator's series for the hour the action was applied to.
        Disable with STEMSEnvironment(patch_endogenous_obs=False).
==========================================================================
[ev] 240/252 summer idle     asap    lp           replay cap= 35.0 missed=  0/ 67 unserved=    0.0kWh over=0.048 (53s)
[ev] 241/252 summer idle     asap    lp           replay cap= 30.0 missed=  0/ 67 unserved=    0.0kWh over=0.042 (72s)
[ev] 242/252 summer idle     asap    lp           replay cap= 27.5 missed=  0/ 67 unserved=    0.0kWh over=0.057 (80s)
[ev] 243/252 summer idle     asap    lp           causal cap=100.0 missed=  0/ 67 unserved=    0.0kWh over=0.000 (70s)
[ev] 244/252 summer idle     asap    lp           replay cap= 25.0 missed=  0/ 67 unserved=    0.0kWh over=0.107 (80s)
[ev] 245/252 summer idle     asap    lp           causal cap= 60.0 missed=  0/ 67 unserved=    0.0kWh over=0.006 (77s)
[ev] 246/252 summer idle     asap    lp           causal cap= 45.0 missed=  0/ 67 unserved=    0.0kWh over=0.018 (60s)
[ev] 247/252 summer idle     asap    lp           causal cap= 50.0 missed=  0/ 67 unserved=    0.0kWh over=0.012 (96s)
[ev] 248/252 summer idle     asap    lp           causal cap= 40.0 missed=  0/ 67 unserved=    0.0kWh over=0.018 (64s)
[ev] 249/252 summer idle     asap    lp           causal cap= 35.0 missed=  0/ 67 unserved=    0.0kWh over=0.018 (72s)
[ev] 250/252 summer idle     asap    lp           causal cap= 30.0 missed=  0/ 67 unserved=    0.0kWh over=0.030 (76s)
[ev] 251/252 summer idle     asap    lp           causal cap= 27.5 missed=  0/ 67 unserved=    0.0kWh over=0.039 (77s)
[ev] 252/252 summer idle     asap    lp           causal cap= 25.0 missed=  3/ 67 unserved=   16.0kWh over=0.078 (73s)
==========================================================================
[STEMS] PATCHED CityLearn defect 'dhw_storage_capacity' on 8/8 buildings.
        Building.update_dhw_storage scales the action by heating_storage.capacity
        (= 0.0 in this schema), making the DHW action a no-op. Now uses dhw_storage.capacity.
        Disable with STEMSEnvironment(patch_dhw=False).
==========================================================================
==========================================================================
[STEMS] PATCHED CityLearn defect 't0_thermal_double_count' on 8/8 buildings.
        reset() books the ideal thermal load at t=0, then the first step
        limits devices to nominal power minus that same load (asserts on
        heating, silently clips storage charging). Cleared before step 1.
        Disable with STEMSEnvironment(patch_t0_double_count=False).
==========================================================================
==========================================================================
[STEMS] PATCHED CityLearn defect 'endogenous_obs_from_simulated_hour'.
        The indoor temperature observation reads the uncontrolled dataset
        value, never the simulated one. State observations now come from
        the simulator's series for the hour the action was applied to.
        Disable with STEMSEnvironment(patch_endogenous_obs=False).
==========================================================================
==========================================================================
[STEMS] PATCHED CityLearn defect 'dhw_storage_capacity' on 8/8 buildings.
        Building.update_dhw_storage scales the action by heating_storage.capacity
        (= 0.0 in this schema), making the DHW action a no-op. Now uses dhw_storage.capacity.
        Disable with STEMSEnvironment(patch_dhw=False).
==========================================================================
==========================================================================
[STEMS] PATCHED CityLearn defect 't0_thermal_double_count' on 8/8 buildings.
        reset() books the ideal thermal load at t=0, then the first step
        limits devices to nominal power minus that same load (asserts on
        heating, silently clips storage charging). Cleared before step 1.
        Disable with STEMSEnvironment(patch_t0_double_count=False).
==========================================================================
==========================================================================
[STEMS] PATCHED CityLearn defect 'endogenous_obs_from_simulated_hour'.
        The indoor temperature observation reads the uncontrolled dataset
        value, never the simulated one. State observations now come from
        the simulator's series for the hour the action was applied to.
        Disable with STEMSEnvironment(patch_endogenous_obs=False).
==========================================================================
==========================================================================
[STEMS] PATCHED CityLearn defect 'dhw_storage_capacity' on 8/8 buildings.
        Building.update_dhw_storage scales the action by heating_storage.capacity
        (= 0.0 in this schema), making the DHW action a no-op. Now uses dhw_storage.capacity.
        Disable with STEMSEnvironment(patch_dhw=False).
==========================================================================
==========================================================================
[STEMS] PATCHED CityLearn defect 't0_thermal_double_count' on 8/8 buildings.
        reset() books the ideal thermal load at t=0, then the first step
        limits devices to nominal power minus that same load (asserts on
        heating, silently clips storage charging). Cleared before step 1.
        Disable with STEMSEnvironment(patch_t0_double_count=False).
==========================================================================
==========================================================================
[STEMS] PATCHED CityLearn defect 'endogenous_obs_from_simulated_hour'.
        The indoor temperature observation reads the uncontrolled dataset
        value, never the simulated one. State observations now come from
        the simulator's series for the hour the action was applied to.
        Disable with STEMSEnvironment(patch_endogenous_obs=False).
==========================================================================
==========================================================================
[STEMS] PATCHED CityLearn defect 'dhw_storage_capacity' on 8/8 buildings.
        Building.update_dhw_storage scales the action by heating_storage.capacity
        (= 0.0 in this schema), making the DHW action a no-op. Now uses dhw_storage.capacity.
        Disable with STEMSEnvironment(patch_dhw=False).
==========================================================================
==========================================================================
[STEMS] PATCHED CityLearn defect 't0_thermal_double_count' on 8/8 buildings.
        reset() books the ideal thermal load at t=0, then the first step
        limits devices to nominal power minus that same load (asserts on
        heating, silently clips storage charging). Cleared before step 1.
        Disable with STEMSEnvironment(patch_t0_double_count=False).
==========================================================================
==========================================================================
[STEMS] PATCHED CityLearn defect 'endogenous_obs_from_simulated_hour'.
        The indoor temperature observation reads the uncontrolled dataset
        value, never the simulated one. State observations now come from
        the simulator's series for the hour the action was applied to.
        Disable with STEMSEnvironment(patch_endogenous_obs=False).
==========================================================================
==========================================================================
[STEMS] PATCHED CityLearn defect 'dhw_storage_capacity' on 8/8 buildings.
        Building.update_dhw_storage scales the action by heating_storage.capacity
        (= 0.0 in this schema), making the DHW action a no-op. Now uses dhw_storage.capacity.
        Disable with STEMSEnvironment(patch_dhw=False).
==========================================================================
==========================================================================
[STEMS] PATCHED CityLearn defect 't0_thermal_double_count' on 8/8 buildings.
        reset() books the ideal thermal load at t=0, then the first step
        limits devices to nominal power minus that same load (asserts on
        heating, silently clips storage charging). Cleared before step 1.
        Disable with STEMSEnvironment(patch_t0_double_count=False).
==========================================================================
==========================================================================
[STEMS] PATCHED CityLearn defect 'endogenous_obs_from_simulated_hour'.
        The indoor temperature observation reads the uncontrolled dataset
        value, never the simulated one. State observations now come from
        the simulator's series for the hour the action was applied to.
        Disable with STEMSEnvironment(patch_endogenous_obs=False).
==========================================================================
==========================================================================
[STEMS] PATCHED CityLearn defect 'dhw_storage_capacity' on 8/8 buildings.
        Building.update_dhw_storage scales the action by heating_storage.capacity
        (= 0.0 in this schema), making the DHW action a no-op. Now uses dhw_storage.capacity.
        Disable with STEMSEnvironment(patch_dhw=False).
==========================================================================
==========================================================================
[STEMS] PATCHED CityLearn defect 't0_thermal_double_count' on 8/8 buildings.
        reset() books the ideal thermal load at t=0, then the first step
        limits devices to nominal power minus that same load (asserts on
        heating, silently clips storage charging). Cleared before step 1.
        Disable with STEMSEnvironment(patch_t0_double_count=False).
==========================================================================
==========================================================================
[STEMS] PATCHED CityLearn defect 'endogenous_obs_from_simulated_hour'.
        The indoor temperature observation reads the uncontrolled dataset
        value, never the simulated one. State observations now come from
        the simulator's series for the hour the action was applied to.
        Disable with STEMSEnvironment(patch_endogenous_obs=False).
==========================================================================
==========================================================================
[STEMS] PATCHED CityLearn defect 'dhw_storage_capacity' on 8/8 buildings.
        Building.update_dhw_storage scales the action by heating_storage.capacity
        (= 0.0 in this schema), making the DHW action a no-op. Now uses dhw_storage.capacity.
        Disable with STEMSEnvironment(patch_dhw=False).
==========================================================================
==========================================================================
[STEMS] PATCHED CityLearn defect 't0_thermal_double_count' on 8/8 buildings.
        reset() books the ideal thermal load at t=0, then the first step
        limits devices to nominal power minus that same load (asserts on
        heating, silently clips storage charging). Cleared before step 1.
        Disable with STEMSEnvironment(patch_t0_double_count=False).
==========================================================================
==========================================================================
[STEMS] PATCHED CityLearn defect 'endogenous_obs_from_simulated_hour'.
        The indoor temperature observation reads the uncontrolled dataset
        value, never the simulated one. State observations now come from
        the simulator's series for the hour the action was applied to.
        Disable with STEMSEnvironment(patch_endogenous_obs=False).
==========================================================================
==========================================================================
[STEMS] PATCHED CityLearn defect 'dhw_storage_capacity' on 8/8 buildings.
        Building.update_dhw_storage scales the action by heating_storage.capacity
        (= 0.0 in this schema), making the DHW action a no-op. Now uses dhw_storage.capacity.
        Disable with STEMSEnvironment(patch_dhw=False).
==========================================================================
==========================================================================
[STEMS] PATCHED CityLearn defect 't0_thermal_double_count' on 8/8 buildings.
        reset() books the ideal thermal load at t=0, then the first step
        limits devices to nominal power minus that same load (asserts on
        heating, silently clips storage charging). Cleared before step 1.
        Disable with STEMSEnvironment(patch_t0_double_count=False).
==========================================================================
==========================================================================
[STEMS] PATCHED CityLearn defect 'endogenous_obs_from_simulated_hour'.
        The indoor temperature observation reads the uncontrolled dataset
        value, never the simulated one. State observations now come from
        the simulator's series for the hour the action was applied to.
        Disable with STEMSEnvironment(patch_endogenous_obs=False).
==========================================================================
==========================================================================
[STEMS] PATCHED CityLearn defect 'dhw_storage_capacity' on 8/8 buildings.
        Building.update_dhw_storage scales the action by heating_storage.capacity
        (= 0.0 in this schema), making the DHW action a no-op. Now uses dhw_storage.capacity.
        Disable with STEMSEnvironment(patch_dhw=False).
==========================================================================
==========================================================================
[STEMS] PATCHED CityLearn defect 't0_thermal_double_count' on 8/8 buildings.
        reset() books the ideal thermal load at t=0, then the first step
        limits devices to nominal power minus that same load (asserts on
        heating, silently clips storage charging). Cleared before step 1.
        Disable with STEMSEnvironment(patch_t0_double_count=False).
==========================================================================
==========================================================================
[STEMS] PATCHED CityLearn defect 'endogenous_obs_from_simulated_hour'.
        The indoor temperature observation reads the uncontrolled dataset
        value, never the simulated one. State observations now come from
        the simulator's series for the hour the action was applied to.
        Disable with STEMSEnvironment(patch_endogenous_obs=False).
==========================================================================
==========================================================================
[STEMS] PATCHED CityLearn defect 'dhw_storage_capacity' on 8/8 buildings.
        Building.update_dhw_storage scales the action by heating_storage.capacity
        (= 0.0 in this schema), making the DHW action a no-op. Now uses dhw_storage.capacity.
        Disable with STEMSEnvironment(patch_dhw=False).
==========================================================================
==========================================================================
[STEMS] PATCHED CityLearn defect 't0_thermal_double_count' on 8/8 buildings.
        reset() books the ideal thermal load at t=0, then the first step
        limits devices to nominal power minus that same load (asserts on
        heating, silently clips storage charging). Cleared before step 1.
        Disable with STEMSEnvironment(patch_t0_double_count=False).
==========================================================================
==========================================================================
[STEMS] PATCHED CityLearn defect 'endogenous_obs_from_simulated_hour'.
        The indoor temperature observation reads the uncontrolled dataset
        value, never the simulated one. State observations now come from
        the simulator's series for the hour the action was applied to.
        Disable with STEMSEnvironment(patch_endogenous_obs=False).
==========================================================================
==========================================================================
[STEMS] PATCHED CityLearn defect 'dhw_storage_capacity' on 8/8 buildings.
        Building.update_dhw_storage scales the action by heating_storage.capacity
        (= 0.0 in this schema), making the DHW action a no-op. Now uses dhw_storage.capacity.
        Disable with STEMSEnvironment(patch_dhw=False).
==========================================================================
==========================================================================
[STEMS] PATCHED CityLearn defect 't0_thermal_double_count' on 8/8 buildings.
        reset() books the ideal thermal load at t=0, then the first step
        limits devices to nominal power minus that same load (asserts on
        heating, silently clips storage charging). Cleared before step 1.
        Disable with STEMSEnvironment(patch_t0_double_count=False).
==========================================================================
==========================================================================
[STEMS] PATCHED CityLearn defect 'endogenous_obs_from_simulated_hour'.
        The indoor temperature observation reads the uncontrolled dataset
        value, never the simulated one. State observations now come from
        the simulator's series for the hour the action was applied to.
        Disable with STEMSEnvironment(patch_endogenous_obs=False).
==========================================================================
==========================================================================
[STEMS] PATCHED CityLearn defect 'dhw_storage_capacity' on 8/8 buildings.
        Building.update_dhw_storage scales the action by heating_storage.capacity
        (= 0.0 in this schema), making the DHW action a no-op. Now uses dhw_storage.capacity.
        Disable with STEMSEnvironment(patch_dhw=False).
==========================================================================
==========================================================================
[STEMS] PATCHED CityLearn defect 't0_thermal_double_count' on 8/8 buildings.
        reset() books the ideal thermal load at t=0, then the first step
        limits devices to nominal power minus that same load (asserts on
        heating, silently clips storage charging). Cleared before step 1.
        Disable with STEMSEnvironment(patch_t0_double_count=False).
==========================================================================
==========================================================================
[STEMS] PATCHED CityLearn defect 'endogenous_obs_from_simulated_hour'.
        The indoor temperature observation reads the uncontrolled dataset
        value, never the simulated one. State observations now come from
        the simulator's series for the hour the action was applied to.
        Disable with STEMSEnvironment(patch_endogenous_obs=False).
==========================================================================
[ev] wrote results/ev_coupling/rules.json in 80.1 min
