electric_vehicle_charger_state,electric_vehicle_id,electric_vehicle_departure_time,electric_vehicle_required_soc_departure,electric_vehicle_estimated_arrival_time,electric_vehicle_estimated_soc_arrival
1,Electric_Vehicle_1,8.0,77.4,,
1,Electric_Vehicle_1,7.0,77.4,,
1,Electric_Vehicle_1,6.0,77.4,,
1,Electric_Vehicle_1,5.0,77.4,,
1,Electric_Vehicle_1,4.0,77.4,,
1,Electric_Vehicle_1,3.0,77.4,,
1,Electric_Vehicle_1,2.0,77.4,,
1,Electric_Vehicle_1,1.0,77.4,,
1,Electric_Vehicle_1,0.0,77.4,,
3,,,,,
3,,,,,
3,,,,,
3,,,,,
3,,,,,
3,,,,,
3,,,,,
3,,,,,
2,Electric_Vehicle_1,,,0.0,30.4
1,Electric_Vehicle_1,13.0,84.7,,
1,Electric_Vehicle_1,12.0,84.7,,
1,Electric_Vehicle_1,11.0,84.7,,
1,Electric_Vehicle_1,10.0,84.7,,
1,Electric_Vehicle_1,9.0,84.7,,
1,Electric_Vehicle_1,8.0,84.7,,
1,Electric_Vehicle_1,7.0,84.7,,
1,Electric_Vehicle_1,6.0,84.7,,
1,Electric_Vehicle_1,5.0,84.7,,
1,Electric_Vehicle_1,4.0,84.7,,
1,Electric_Vehicle_1,3.0,84.7,,
1,Electric_Vehicle_1,2.0,84.7,,
1,Electric_Vehicle_1,1.0,84.7,,
1,Electric_Vehicle_1,0.0,84.7,,
3,,,,,
3,,,,,
3,,,,,
3,,,,,
3,,,,,
3,,,,,
3,,,,,
3,,,,,
3,,,,,
2,Electric_Vehicle_1,,,0.0,23.5
1,Electric_Vehicle_1,12.0,90.0,,
1,Electric_Vehicle_1,11.0,90.0,,
1,Electric_Vehicle_1,10.0,90.0,,
1,Electric_Vehicle_1,9.0,90.0,,
1,Electric_Vehicle_1,8.0,90.0,,
1,Electric_Vehicle_1,7.0,90.0,,
1,Electric_Vehicle_1,6.0,90.0,,
1,Electric_Vehicle_1,5.0,90.0,,
1,Electric_Vehicle_1,4.0,90.0,,
1,Electric_Vehicle_1,3.0,90.0,,
1,Electric_Vehicle_1,2.0,90.0,,
1,Electric_Vehicle_1,1.0,90.0,,
1,Electric_Vehicle_1,0.0,90.0,,
3,,,,,
3,,,,,
3,,,,,
3,,,,,
3,,,,,
3,,,,,
3,,,,,
3,,,,,
3,,,,,
3,,,,,
3,,,,,
3,,,,,
2,Electric_Vehicle_1,,,0.0,45.0
1,Electric_Vehicle_1,37.0,73.6,,
1,Electric_Vehicle_1,36.0,73.6,,
1,Electric_Vehicle_1,35.0,73.6,,
1,Electric_Vehicle_1,34.0,73.6,,
1,Electric_Vehicle_1,33.0,73.6,,
1,Electric_Vehicle_1,32.0,73.6,,
1,Electric_Vehicle_1,31.0,73.6,,
1,Electric_Vehicle_1,30.0,73.6,,
1,Electric_Vehicle_1,29.0,73.6,,
1,Electric_Vehicle_1,28.0,73.6,,
1,Electric_Vehicle_1,27.0,73.6,,
1,Electric_Vehicle_1,26.0,73.6,,
1,Electric_Vehicle_1,25.0,73.6,,
1,Electric_Vehicle_1,24.0,73.6,,
1,Electric_Vehicle_1,23.0,73.6,,
1,Electric_Vehicle_1,22.0,73.6,,
1,Electric_Vehicle_1,21.0,73.6,,
1,Electric_Vehicle_1,20.0,73.6,,
1,Electric_Vehicle_1,19.0,73.6,,
1,Electric_Vehicle_1,18.0,73.6,,
1,Electric_Vehicle_1,17.0,73.6,,
1,Electric_Vehicle_1,16.0,73.6,,
1,Electric_Vehicle_1,15.0,73.6,,
1,Electric_Vehicle_1,14.0,73.6,,
1,Electric_Vehicle_1,13.0,73.6,,
1,Electric_Vehicle_1,12.0,73.6,,
1,Electric_Vehicle_1,11.0,73.6,,
1,Electric_Vehicle_1,10.0,73.6,,
1,Electric_Vehicle_1,9.0,73.6,,
1,Electric_Vehicle_1,8.0,73.6,,
1,Electric_Vehicle_1,7.0,73.6,,
1,Electric_Vehicle_1,6.0,73.6,,
1,Electric_Vehicle_1,5.0,73.6,,
1,Electric_Vehicle_1,4.0,73.6,,
1,Electric_Vehicle_1,3.0,73.6,,
1,Electric_Vehicle_1,2.0,73.6,,
1,Electric_Vehicle_1,1.0,73.6,,
1,Electric_Vehicle_1,0.0,73.6,,
3,,,,,
3,,,,,
3,,,,,
3,,,,,
3,,,,,
3,,,,,
3,,,,,
3,,,,,
2,Electric_Vehicle_1,,,0.0,28.9
1,Electric_Vehicle_1,16.0,88.4,,
1,Electric_Vehicle_1,15.0,88.4,,
1,Electric_Vehicle_1,14.0,88.4,,
1,Electric_Vehicle_1,13.0,88.4,,
1,Electric_Vehicle_1,12.0,88.4,,
1,Electric_Vehicle_1,11.0,88.4,,
1,Electric_Vehicle_1,10.0,88.4,,
1,Electric_Vehicle_1,9.0,88.4,,
1,Electric_Vehicle_1,8.0,88.4,,
1,Electric_Vehicle_1,7.0,88.4,,
1,Electric_Vehicle_1,6.0,88.4,,
1,Electric_Vehicle_1,5.0,88.4,,
1,Electric_Vehicle_1,4.0,88.4,,
1,Electric_Vehicle_1,3.0,88.4,,
1,Electric_Vehicle_1,2.0,88.4,,
1,Electric_Vehicle_1,1.0,88.4,,
1,Electric_Vehicle_1,0.0,88.4,,
3,,,,,
3,,,,,
2,Electric_Vehicle_1,,,0.0,54.4
1,Electric_Vehicle_1,42.0,77.0,,
1,Electric_Vehicle_1,41.0,77.0,,
1,Electric_Vehicle_1,40.0,77.0,,
1,Electric_Vehicle_1,39.0,77.0,,
1,Electric_Vehicle_1,38.0,77.0,,
1,Electric_Vehicle_1,37.0,77.0,,
1,Electric_Vehicle_1,36.0,77.0,,
1,Electric_Vehicle_1,35.0,77.0,,
1,Electric_Vehicle_1,34.0,77.0,,
1,Electric_Vehicle_1,33.0,77.0,,
1,Electric_Vehicle_1,32.0,77.0,,
1,Electric_Vehicle_1,31.0,77.0,,
1,Electric_Vehicle_1,30.0,77.0,,
1,Electric_Vehicle_1,29.0,77.0,,
1,Electric_Vehicle_1,28.0,77.0,,
1,Electric_Vehicle_1,27.0,77.0,,
1,Electric_Vehicle_1,26.0,77.0,,
1,Electric_Vehicle_1,25.0,77.0,,
1,Electric_Vehicle_1,24.0,77.0,,
1,Electric_Vehicle_1,23.0,77.0,,
1,Electric_Vehicle_1,22.0,77.0,,
1,Electric_Vehicle_1,21.0,77.0,,
1,Electric_Vehicle_1,20.0,77.0,,
1,Electric_Vehicle_1,19.0,77.0,,
1,Electric_Vehicle_1,18.0,77.0,,
1,Electric_Vehicle_1,17.0,77.0,,
1,Electric_Vehicle_1,16.0,77.0,,
1,Electric_Vehicle_1,15.0,77.0,,
1,Electric_Vehicle_1,14.0,77.0,,
1,Electric_Vehicle_1,13.0,77.0,,
1,Electric_Vehicle_1,12.0,77.0,,
1,Electric_Vehicle_1,11.0,77.0,,
1,Electric_Vehicle_1,10.0,77.0,,
1,Electric_Vehicle_1,9.0,77.0,,
1,Electric_Vehicle_1,8.0,77.0,,
1,Electric_Vehicle_1,7.0,77.0,,
1,Electric_Vehicle_1,6.0,77.0,,
1,Electric_Vehicle_1,5.0,77.0,,
1,Electric_Vehicle_1,4.0,77.0,,
1,Electric_Vehicle_1,3.0,77.0,,
1,Electric_Vehicle_1,2.0,77.0,,
1,Electric_Vehicle_1,1.0,77.0,,
1,Electric_Vehicle_1,0.0,77.0,,
3,,,,,
3,,,,,
3,,,,,
3,,,,,
3,,,,,
2,Electric_Vehicle_1,,,0.0,56.7
1,Electric_Vehicle_1,17.0,83.2,,
1,Electric_Vehicle_1,16.0,83.2,,
1,Electric_Vehicle_1,15.0,83.2,,
1,Electric_Vehicle_1,14.0,83.2,,
1,Electric_Vehicle_1,13.0,83.2,,
1,Electric_Vehicle_1,12.0,83.2,,
1,Electric_Vehicle_1,11.0,83.2,,
1,Electric_Vehicle_1,10.0,83.2,,
1,Electric_Vehicle_1,9.0,83.2,,
1,Electric_Vehicle_1,8.0,83.2,,
1,Electric_Vehicle_1,7.0,83.2,,
1,Electric_Vehicle_1,6.0,83.2,,
1,Electric_Vehicle_1,5.0,83.2,,
1,Electric_Vehicle_1,4.0,83.2,,
1,Electric_Vehicle_1,3.0,83.2,,
1,Electric_Vehicle_1,2.0,83.2,,
1,Electric_Vehicle_1,1.0,83.2,,
1,Electric_Vehicle_1,0.0,83.2,,
3,,,,,
3,,,,,
3,,,,,
3,,,,,
3,,,,,
3,,,,,
3,,,,,
2,Electric_Vehicle_1,,,0.0,40.4
1,Electric_Vehicle_1,14.0,83.1,,
1,Electric_Vehicle_1,13.0,83.1,,
1,Electric_Vehicle_1,12.0,83.1,,
1,Electric_Vehicle_1,11.0,83.1,,
1,Electric_Vehicle_1,10.0,83.1,,
1,Electric_Vehicle_1,9.0,83.1,,
1,Electric_Vehicle_1,8.0,83.1,,
1,Electric_Vehicle_1,7.0,83.1,,
1,Electric_Vehicle_1,6.0,83.1,,
1,Electric_Vehicle_1,5.0,83.1,,
1,Electric_Vehicle_1,4.0,83.1,,
1,Electric_Vehicle_1,3.0,83.1,,
1,Electric_Vehicle_1,2.0,83.1,,
1,Electric_Vehicle_1,1.0,83.1,,
1,Electric_Vehicle_1,0.0,83.1,,
3,,,,,
3,,,,,
3,,,,,
3,,,,,
3,,,,,
3,,,,,
3,,,,,
2,Electric_Vehicle_1,,,0.0,41.3
1,Electric_Vehicle_1,14.0,76.2,,
1,Electric_Vehicle_1,13.0,76.2,,
1,Electric_Vehicle_1,12.0,76.2,,
1,Electric_Vehicle_1,11.0,76.2,,
1,Electric_Vehicle_1,10.0,76.2,,
1,Electric_Vehicle_1,9.0,76.2,,
1,Electric_Vehicle_1,8.0,76.2,,
1,Electric_Vehicle_1,7.0,76.2,,
1,Electric_Vehicle_1,6.0,76.2,,
1,Electric_Vehicle_1,5.0,76.2,,
1,Electric_Vehicle_1,4.0,76.2,,
1,Electric_Vehicle_1,3.0,76.2,,
1,Electric_Vehicle_1,2.0,76.2,,
1,Electric_Vehicle_1,1.0,76.2,,
1,Electric_Vehicle_1,0.0,76.2,,
3,,,,,
3,,,,,
3,,,,,
3,,,,,
3,,,,,
3,,,,,
3,,,,,
3,,,,,
3,,,,,
3,,,,,
2,Electric_Vehicle_1,,,0.0,27.1
1,Electric_Vehicle_1,12.0,84.3,,
1,Electric_Vehicle_1,11.0,84.3,,
1,Electric_Vehicle_1,10.0,84.3,,
1,Electric_Vehicle_1,9.0,84.3,,
1,Electric_Vehicle_1,8.0,84.3,,
1,Electric_Vehicle_1,7.0,84.3,,
1,Electric_Vehicle_1,6.0,84.3,,
1,Electric_Vehicle_1,5.0,84.3,,
1,Electric_Vehicle_1,4.0,84.3,,
1,Electric_Vehicle_1,3.0,84.3,,
1,Electric_Vehicle_1,2.0,84.3,,
1,Electric_Vehicle_1,1.0,84.3,,
1,Electric_Vehicle_1,0.0,84.3,,
3,,,,,
3,,,,,
3,,,,,
3,,,,,
3,,,,,
3,,,,,
3,,,,,
3,,,,,
3,,,,,
3,,,,,
2,Electric_Vehicle_1,,,0.0,36.7
1,Electric_Vehicle_1,13.0,80.1,,
1,Electric_Vehicle_1,12.0,80.1,,
1,Electric_Vehicle_1,11.0,80.1,,
1,Electric_Vehicle_1,10.0,80.1,,
1,Electric_Vehicle_1,9.0,80.1,,
1,Electric_Vehicle_1,8.0,80.1,,
1,Electric_Vehicle_1,7.0,80.1,,
1,Electric_Vehicle_1,6.0,80.1,,
1,Electric_Vehicle_1,5.0,80.1,,
1,Electric_Vehicle_1,4.0,80.1,,
1,Electric_Vehicle_1,3.0,80.1,,
1,Electric_Vehicle_1,2.0,80.1,,
1,Electric_Vehicle_1,1.0,80.1,,
1,Electric_Vehicle_1,0.0,80.1,,
3,,,,,
3,,,,,
3,,,,,
3,,,,,
3,,,,,
2,Electric_Vehicle_1,,,0.0,27.7
1,Electric_Vehicle_1,64.0,77.5,,
1,Electric_Vehicle_1,63.0,77.5,,
1,Electric_Vehicle_1,62.0,77.5,,
1,Electric_Vehicle_1,61.0,77.5,,
1,Electric_Vehicle_1,60.0,77.5,,
1,Electric_Vehicle_1,59.0,77.5,,
1,Electric_Vehicle_1,58.0,77.5,,
1,Electric_Vehicle_1,57.0,77.5,,
1,Electric_Vehicle_1,56.0,77.5,,
1,Electric_Vehicle_1,55.0,77.5,,
1,Electric_Vehicle_1,54.0,77.5,,
1,Electric_Vehicle_1,53.0,77.5,,
1,Electric_Vehicle_1,52.0,77.5,,
1,Electric_Vehicle_1,51.0,77.5,,
1,Electric_Vehicle_1,50.0,77.5,,
1,Electric_Vehicle_1,49.0,77.5,,
1,Electric_Vehicle_1,48.0,77.5,,
1,Electric_Vehicle_1,47.0,77.5,,
1,Electric_Vehicle_1,46.0,77.5,,
1,Electric_Vehicle_1,45.0,77.5,,
1,Electric_Vehicle_1,44.0,77.5,,
1,Electric_Vehicle_1,43.0,77.5,,
1,Electric_Vehicle_1,42.0,77.5,,
1,Electric_Vehicle_1,41.0,77.5,,
1,Electric_Vehicle_1,40.0,77.5,,
1,Electric_Vehicle_1,39.0,77.5,,
1,Electric_Vehicle_1,38.0,77.5,,
1,Electric_Vehicle_1,37.0,77.5,,
1,Electric_Vehicle_1,36.0,77.5,,
1,Electric_Vehicle_1,35.0,77.5,,
1,Electric_Vehicle_1,34.0,77.5,,
1,Electric_Vehicle_1,33.0,77.5,,
1,Electric_Vehicle_1,32.0,77.5,,
1,Electric_Vehicle_1,31.0,77.5,,
1,Electric_Vehicle_1,30.0,77.5,,
1,Electric_Vehicle_1,29.0,77.5,,
1,Electric_Vehicle_1,28.0,77.5,,
1,Electric_Vehicle_1,27.0,77.5,,
1,Electric_Vehicle_1,26.0,77.5,,
1,Electric_Vehicle_1,25.0,77.5,,
1,Electric_Vehicle_1,24.0,77.5,,
1,Electric_Vehicle_1,23.0,77.5,,
1,Electric_Vehicle_1,22.0,77.5,,
1,Electric_Vehicle_1,21.0,77.5,,
1,Electric_Vehicle_1,20.0,77.5,,
1,Electric_Vehicle_1,19.0,77.5,,
1,Electric_Vehicle_1,18.0,77.5,,
1,Electric_Vehicle_1,17.0,77.5,,
1,Electric_Vehicle_1,16.0,77.5,,
1,Electric_Vehicle_1,15.0,77.5,,
1,Electric_Vehicle_1,14.0,77.5,,
1,Electric_Vehicle_1,13.0,77.5,,
1,Electric_Vehicle_1,12.0,77.5,,
1,Electric_Vehicle_1,11.0,77.5,,
1,Electric_Vehicle_1,10.0,77.5,,
1,Electric_Vehicle_1,9.0,77.5,,
1,Electric_Vehicle_1,8.0,77.5,,
1,Electric_Vehicle_1,7.0,77.5,,
1,Electric_Vehicle_1,6.0,77.5,,
1,Electric_Vehicle_1,5.0,77.5,,
1,Electric_Vehicle_1,4.0,77.5,,
1,Electric_Vehicle_1,3.0,77.5,,
1,Electric_Vehicle_1,2.0,77.5,,
1,Electric_Vehicle_1,1.0,77.5,,
1,Electric_Vehicle_1,0.0,77.5,,
3,,,,,
3,,,,,
3,,,,,
3,,,,,
3,,,,,
3,,,,,
3,,,,,
3,,,,,
3,,,,,
3,,,,,
2,Electric_Vehicle_1,,,0.0,41.4
1,Electric_Vehicle_1,13.0,80.4,,
1,Electric_Vehicle_1,12.0,80.4,,
1,Electric_Vehicle_1,11.0,80.4,,
1,Electric_Vehicle_1,10.0,80.4,,
1,Electric_Vehicle_1,9.0,80.4,,
1,Electric_Vehicle_1,8.0,80.4,,
1,Electric_Vehicle_1,7.0,80.4,,
1,Electric_Vehicle_1,6.0,80.4,,
1,Electric_Vehicle_1,5.0,80.4,,
1,Electric_Vehicle_1,4.0,80.4,,
1,Electric_Vehicle_1,3.0,80.4,,
1,Electric_Vehicle_1,2.0,80.4,,
1,Electric_Vehicle_1,1.0,80.4,,
1,Electric_Vehicle_1,0.0,80.4,,
3,,,,,
3,,,,,
3,,,,,
3,,,,,
3,,,,,
3,,,,,
3,,,,,
3,,,,,
3,,,,,
2,Electric_Vehicle_1,,,0.0,29.9
1,Electric_Vehicle_1,13.0,81.9,,
1,Electric_Vehicle_1,12.0,81.9,,
1,Electric_Vehicle_1,11.0,81.9,,
1,Electric_Vehicle_1,10.0,81.9,,
1,Electric_Vehicle_1,9.0,81.9,,
1,Electric_Vehicle_1,8.0,81.9,,
1,Electric_Vehicle_1,7.0,81.9,,
1,Electric_Vehicle_1,6.0,81.9,,
1,Electric_Vehicle_1,5.0,81.9,,
1,Electric_Vehicle_1,4.0,81.9,,
1,Electric_Vehicle_1,3.0,81.9,,
1,Electric_Vehicle_1,2.0,81.9,,
1,Electric_Vehicle_1,1.0,81.9,,
1,Electric_Vehicle_1,0.0,81.9,,
3,,,,,
3,,,,,
3,,,,,
3,,,,,
3,,,,,
3,,,,,
3,,,,,
2,Electric_Vehicle_1,,,0.0,46.0
1,Electric_Vehicle_1,13.0,78.8,,
1,Electric_Vehicle_1,12.0,78.8,,
1,Electric_Vehicle_1,11.0,78.8,,
1,Electric_Vehicle_1,10.0,78.8,,
1,Electric_Vehicle_1,9.0,78.8,,
1,Electric_Vehicle_1,8.0,78.8,,
1,Electric_Vehicle_1,7.0,78.8,,
1,Electric_Vehicle_1,6.0,78.8,,
1,Electric_Vehicle_1,5.0,78.8,,
1,Electric_Vehicle_1,4.0,78.8,,
1,Electric_Vehicle_1,3.0,78.8,,
1,Electric_Vehicle_1,2.0,78.8,,
1,Electric_Vehicle_1,1.0,78.8,,
1,Electric_Vehicle_1,0.0,78.8,,
3,,,,,
3,,,,,
3,,,,,
3,,,,,
3,,,,,
3,,,,,
3,,,,,
3,,,,,
3,,,,,
3,,,,,
3,,,,,
3,,,,,
2,Electric_Vehicle_1,,,0.0,35.4
1,Electric_Vehicle_1,60.0,81.0,,
1,Electric_Vehicle_1,59.0,81.0,,
1,Electric_Vehicle_1,58.0,81.0,,
1,Electric_Vehicle_1,57.0,81.0,,
1,Electric_Vehicle_1,56.0,81.0,,
1,Electric_Vehicle_1,55.0,81.0,,
1,Electric_Vehicle_1,54.0,81.0,,
1,Electric_Vehicle_1,53.0,81.0,,
1,Electric_Vehicle_1,52.0,81.0,,
1,Electric_Vehicle_1,51.0,81.0,,
1,Electric_Vehicle_1,50.0,81.0,,
1,Electric_Vehicle_1,49.0,81.0,,
1,Electric_Vehicle_1,48.0,81.0,,
1,Electric_Vehicle_1,47.0,81.0,,
1,Electric_Vehicle_1,46.0,81.0,,
1,Electric_Vehicle_1,45.0,81.0,,
1,Electric_Vehicle_1,44.0,81.0,,
1,Electric_Vehicle_1,43.0,81.0,,
1,Electric_Vehicle_1,42.0,81.0,,
1,Electric_Vehicle_1,41.0,81.0,,
1,Electric_Vehicle_1,40.0,81.0,,
1,Electric_Vehicle_1,39.0,81.0,,
1,Electric_Vehicle_1,38.0,81.0,,
1,Electric_Vehicle_1,37.0,81.0,,
1,Electric_Vehicle_1,36.0,81.0,,
1,Electric_Vehicle_1,35.0,81.0,,
1,Electric_Vehicle_1,34.0,81.0,,
1,Electric_Vehicle_1,33.0,81.0,,
1,Electric_Vehicle_1,32.0,81.0,,
1,Electric_Vehicle_1,31.0,81.0,,
1,Electric_Vehicle_1,30.0,81.0,,
1,Electric_Vehicle_1,29.0,81.0,,
1,Electric_Vehicle_1,28.0,81.0,,
1,Electric_Vehicle_1,27.0,81.0,,
1,Electric_Vehicle_1,26.0,81.0,,
1,Electric_Vehicle_1,25.0,81.0,,
1,Electric_Vehicle_1,24.0,81.0,,
1,Electric_Vehicle_1,23.0,81.0,,
1,Electric_Vehicle_1,22.0,81.0,,
1,Electric_Vehicle_1,21.0,81.0,,
1,Electric_Vehicle_1,20.0,81.0,,
1,Electric_Vehicle_1,19.0,81.0,,
1,Electric_Vehicle_1,18.0,81.0,,
1,Electric_Vehicle_1,17.0,81.0,,
1,Electric_Vehicle_1,16.0,81.0,,
1,Electric_Vehicle_1,15.0,81.0,,
1,Electric_Vehicle_1,14.0,81.0,,
1,Electric_Vehicle_1,13.0,81.0,,
1,Electric_Vehicle_1,12.0,81.0,,
1,Electric_Vehicle_1,11.0,81.0,,
1,Electric_Vehicle_1,10.0,81.0,,
1,Electric_Vehicle_1,9.0,81.0,,
1,Electric_Vehicle_1,8.0,81.0,,
1,Electric_Vehicle_1,7.0,81.0,,
1,Electric_Vehicle_1,6.0,81.0,,
1,Electric_Vehicle_1,5.0,81.0,,
1,Electric_Vehicle_1,4.0,81.0,,
1,Electric_Vehicle_1,3.0,81.0,,
1,Electric_Vehicle_1,2.0,81.0,,
1,Electric_Vehicle_1,1.0,81.0,,
1,Electric_Vehicle_1,0.0,81.0,,
3,,,,,
3,,,,,
3,,,,,
3,,,,,
3,,,,,
3,,,,,
3,,,,,
2,Electric_Vehicle_1,,,0.0,27.7
1,Electric_Vehicle_1,14.0,75.2,,
1,Electric_Vehicle_1,13.0,75.2,,
1,Electric_Vehicle_1,12.0,75.2,,
1,Electric_Vehicle_1,11.0,75.2,,
1,Electric_Vehicle_1,10.0,75.2,,
1,Electric_Vehicle_1,9.0,75.2,,
1,Electric_Vehicle_1,8.0,75.2,,
1,Electric_Vehicle_1,7.0,75.2,,
1,Electric_Vehicle_1,6.0,75.2,,
1,Electric_Vehicle_1,5.0,75.2,,
1,Electric_Vehicle_1,4.0,75.2,,
1,Electric_Vehicle_1,3.0,75.2,,
1,Electric_Vehicle_1,2.0,75.2,,
1,Electric_Vehicle_1,1.0,75.2,,
1,Electric_Vehicle_1,0.0,75.2,,
3,,,,,
3,,,,,
3,,,,,
3,,,,,
3,,,,,
3,,,,,
3,,,,,
3,,,,,
3,,,,,
3,,,,,
2,Electric_Vehicle_1,,,0.0,47.9
1,Electric_Vehicle_1,12.0,80.9,,
1,Electric_Vehicle_1,11.0,80.9,,
1,Electric_Vehicle_1,10.0,80.9,,
1,Electric_Vehicle_1,9.0,80.9,,
1,Electric_Vehicle_1,8.0,80.9,,
1,Electric_Vehicle_1,7.0,80.9,,
1,Electric_Vehicle_1,6.0,80.9,,
1,Electric_Vehicle_1,5.0,80.9,,
1,Electric_Vehicle_1,4.0,80.9,,
1,Electric_Vehicle_1,3.0,80.9,,
1,Electric_Vehicle_1,2.0,80.9,,
1,Electric_Vehicle_1,1.0,80.9,,
1,Electric_Vehicle_1,0.0,80.9,,
3,,,,,
3,,,,,
3,,,,,
3,,,,,
3,,,,,
3,,,,,
3,,,,,
3,,,,,
3,,,,,
2,Electric_Vehicle_1,,,0.0,27.7
1,Electric_Vehicle_1,13.0,83.2,,
1,Electric_Vehicle_1,12.0,83.2,,
1,Electric_Vehicle_1,11.0,83.2,,
1,Electric_Vehicle_1,10.0,83.2,,
1,Electric_Vehicle_1,9.0,83.2,,
1,Electric_Vehicle_1,8.0,83.2,,
1,Electric_Vehicle_1,7.0,83.2,,
1,Electric_Vehicle_1,6.0,83.2,,
1,Electric_Vehicle_1,5.0,83.2,,
1,Electric_Vehicle_1,4.0,83.2,,
1,Electric_Vehicle_1,3.0,83.2,,
1,Electric_Vehicle_1,2.0,83.2,,
1,Electric_Vehicle_1,1.0,83.2,,
1,Electric_Vehicle_1,0.0,83.2,,
3,,,,,
3,,,,,
3,,,,,
3,,,,,
3,,,,,
3,,,,,
3,,,,,
3,,,,,
3,,,,,
2,Electric_Vehicle_1,,,0.0,49.2
1,Electric_Vehicle_1,14.0,81.1,,
1,Electric_Vehicle_1,13.0,81.1,,
1,Electric_Vehicle_1,12.0,81.1,,
1,Electric_Vehicle_1,11.0,81.1,,
1,Electric_Vehicle_1,10.0,81.1,,
1,Electric_Vehicle_1,9.0,81.1,,
1,Electric_Vehicle_1,8.0,81.1,,
1,Electric_Vehicle_1,7.0,81.1,,
1,Electric_Vehicle_1,6.0,81.1,,
1,Electric_Vehicle_1,5.0,81.1,,
1,Electric_Vehicle_1,4.0,81.1,,
1,Electric_Vehicle_1,3.0,81.1,,
1,Electric_Vehicle_1,2.0,81.1,,
1,Electric_Vehicle_1,1.0,81.1,,
1,Electric_Vehicle_1,0.0,81.1,,
3,,,,,
3,,,,,
3,,,,,
3,,,,,
3,,,,,
3,,,,,
3,,,,,
3,,,,,
3,,,,,
3,,,,,
2,Electric_Vehicle_1,,,0.0,49.7
1,Electric_Vehicle_1,14.0,83.5,,
1,Electric_Vehicle_1,13.0,83.5,,
1,Electric_Vehicle_1,12.0,83.5,,
1,Electric_Vehicle_1,11.0,83.5,,
1,Electric_Vehicle_1,10.0,83.5,,
1,Electric_Vehicle_1,9.0,83.5,,
1,Electric_Vehicle_1,8.0,83.5,,
1,Electric_Vehicle_1,7.0,83.5,,
1,Electric_Vehicle_1,6.0,83.5,,
1,Electric_Vehicle_1,5.0,83.5,,
1,Electric_Vehicle_1,4.0,83.5,,
1,Electric_Vehicle_1,3.0,83.5,,
1,Electric_Vehicle_1,2.0,83.5,,
1,Electric_Vehicle_1,1.0,83.5,,
1,Electric_Vehicle_1,0.0,83.5,,
3,,,,,
3,,,,,
3,,,,,
3,,,,,
3,,,,,
2,Electric_Vehicle_1,,,0.0,51.4
1,Electric_Vehicle_1,38.0,80.4,,
1,Electric_Vehicle_1,37.0,80.4,,
1,Electric_Vehicle_1,36.0,80.4,,
1,Electric_Vehicle_1,35.0,80.4,,
1,Electric_Vehicle_1,34.0,80.4,,
1,Electric_Vehicle_1,33.0,80.4,,
1,Electric_Vehicle_1,32.0,80.4,,
1,Electric_Vehicle_1,31.0,80.4,,
1,Electric_Vehicle_1,30.0,80.4,,
1,Electric_Vehicle_1,29.0,80.4,,
1,Electric_Vehicle_1,28.0,80.4,,
1,Electric_Vehicle_1,27.0,80.4,,
1,Electric_Vehicle_1,26.0,80.4,,
1,Electric_Vehicle_1,25.0,80.4,,
1,Electric_Vehicle_1,24.0,80.4,,
1,Electric_Vehicle_1,23.0,80.4,,
1,Electric_Vehicle_1,22.0,80.4,,
1,Electric_Vehicle_1,21.0,80.4,,
1,Electric_Vehicle_1,20.0,80.4,,
1,Electric_Vehicle_1,19.0,80.4,,
1,Electric_Vehicle_1,18.0,80.4,,
1,Electric_Vehicle_1,17.0,80.4,,
1,Electric_Vehicle_1,16.0,80.4,,
1,Electric_Vehicle_1,15.0,80.4,,
1,Electric_Vehicle_1,14.0,80.4,,
1,Electric_Vehicle_1,13.0,80.4,,
1,Electric_Vehicle_1,12.0,80.4,,
1,Electric_Vehicle_1,11.0,80.4,,
1,Electric_Vehicle_1,10.0,80.4,,
1,Electric_Vehicle_1,9.0,80.4,,
1,Electric_Vehicle_1,8.0,80.4,,
1,Electric_Vehicle_1,7.0,80.4,,
1,Electric_Vehicle_1,6.0,80.4,,
1,Electric_Vehicle_1,5.0,80.4,,
1,Electric_Vehicle_1,4.0,80.4,,
1,Electric_Vehicle_1,3.0,80.4,,
1,Electric_Vehicle_1,2.0,80.4,,
1,Electric_Vehicle_1,1.0,80.4,,
1,Electric_Vehicle_1,0.0,80.4,,
3,,,,,
3,,,,,
3,,,,,
3,,,,,
3,,,,,
3,,,,,
3,,,,,
3,,,,,
3,,,,,
3,,,,,
3,,,,,
2,Electric_Vehicle_1,,,0.0,34.5
1,Electric_Vehicle_1,11.0,85.2,,
1,Electric_Vehicle_1,10.0,85.2,,
1,Electric_Vehicle_1,9.0,85.2,,
1,Electric_Vehicle_1,8.0,85.2,,
1,Electric_Vehicle_1,7.0,85.2,,
1,Electric_Vehicle_1,6.0,85.2,,
1,Electric_Vehicle_1,5.0,85.2,,
1,Electric_Vehicle_1,4.0,85.2,,
1,Electric_Vehicle_1,3.0,85.2,,
1,Electric_Vehicle_1,2.0,85.2,,
1,Electric_Vehicle_1,1.0,85.2,,
1,Electric_Vehicle_1,0.0,85.2,,
3,,,,,
3,,,,,
3,,,,,
3,,,,,
3,,,,,
3,,,,,
2,Electric_Vehicle_1,,,0.0,36.3
1,Electric_Vehicle_1,17.0,78.1,,
1,Electric_Vehicle_1,16.0,78.1,,
1,Electric_Vehicle_1,15.0,78.1,,
1,Electric_Vehicle_1,14.0,78.1,,
1,Electric_Vehicle_1,13.0,78.1,,
1,Electric_Vehicle_1,12.0,78.1,,
1,Electric_Vehicle_1,11.0,78.1,,
1,Electric_Vehicle_1,10.0,78.1,,
1,Electric_Vehicle_1,9.0,78.1,,
1,Electric_Vehicle_1,8.0,78.1,,
1,Electric_Vehicle_1,7.0,78.1,,
1,Electric_Vehicle_1,6.0,78.1,,
1,Electric_Vehicle_1,5.0,78.1,,
1,Electric_Vehicle_1,4.0,78.1,,
1,Electric_Vehicle_1,3.0,78.1,,
1,Electric_Vehicle_1,2.0,78.1,,
1,Electric_Vehicle_1,1.0,78.1,,
1,Electric_Vehicle_1,0.0,78.1,,
3,,,,,
3,,,,,
3,,,,,
3,,,,,
3,,,,,
3,,,,,
3,,,,,
3,,,,,
2,Electric_Vehicle_1,,,0.0,29.2
1,Electric_Vehicle_1,38.0,72.1,,
1,Electric_Vehicle_1,37.0,72.1,,
1,Electric_Vehicle_1,36.0,72.1,,
1,Electric_Vehicle_1,35.0,72.1,,
1,Electric_Vehicle_1,34.0,72.1,,
1,Electric_Vehicle_1,33.0,72.1,,
1,Electric_Vehicle_1,32.0,72.1,,
1,Electric_Vehicle_1,31.0,72.1,,
1,Electric_Vehicle_1,30.0,72.1,,
1,Electric_Vehicle_1,29.0,72.1,,
1,Electric_Vehicle_1,28.0,72.1,,
1,Electric_Vehicle_1,27.0,72.1,,
1,Electric_Vehicle_1,26.0,72.1,,
1,Electric_Vehicle_1,25.0,72.1,,
1,Electric_Vehicle_1,24.0,72.1,,
1,Electric_Vehicle_1,23.0,72.1,,
1,Electric_Vehicle_1,22.0,72.1,,
1,Electric_Vehicle_1,21.0,72.1,,
1,Electric_Vehicle_1,20.0,72.1,,
1,Electric_Vehicle_1,19.0,72.1,,
1,Electric_Vehicle_1,18.0,72.1,,
1,Electric_Vehicle_1,17.0,72.1,,
1,Electric_Vehicle_1,16.0,72.1,,
1,Electric_Vehicle_1,15.0,72.1,,
1,Electric_Vehicle_1,14.0,72.1,,
1,Electric_Vehicle_1,13.0,72.1,,
1,Electric_Vehicle_1,12.0,72.1,,
1,Electric_Vehicle_1,11.0,72.1,,
1,Electric_Vehicle_1,10.0,72.1,,
1,Electric_Vehicle_1,9.0,72.1,,
1,Electric_Vehicle_1,8.0,72.1,,
1,Electric_Vehicle_1,7.0,72.1,,
1,Electric_Vehicle_1,6.0,72.1,,
1,Electric_Vehicle_1,5.0,72.1,,
1,Electric_Vehicle_1,4.0,72.1,,
1,Electric_Vehicle_1,3.0,72.1,,
1,Electric_Vehicle_1,2.0,72.1,,
1,Electric_Vehicle_1,1.0,72.1,,
1,Electric_Vehicle_1,0.0,72.1,,
3,,,,,
3,,,,,
3,,,,,
3,,,,,
3,,,,,
3,,,,,
3,,,,,
3,,,,,
3,,,,,
2,Electric_Vehicle_1,,,0.0,24.3
1,Electric_Vehicle_1,14.0,86.7,,
1,Electric_Vehicle_1,13.0,86.7,,
1,Electric_Vehicle_1,12.0,86.7,,
1,Electric_Vehicle_1,11.0,86.7,,
1,Electric_Vehicle_1,10.0,86.7,,
1,Electric_Vehicle_1,9.0,86.7,,
1,Electric_Vehicle_1,8.0,86.7,,
1,Electric_Vehicle_1,7.0,86.7,,
1,Electric_Vehicle_1,6.0,86.7,,
1,Electric_Vehicle_1,5.0,86.7,,
1,Electric_Vehicle_1,4.0,86.7,,
1,Electric_Vehicle_1,3.0,86.7,,
1,Electric_Vehicle_1,2.0,86.7,,
1,Electric_Vehicle_1,1.0,86.7,,
1,Electric_Vehicle_1,0.0,86.7,,
3,,,,,
3,,,,,
3,,,,,
2,Electric_Vehicle_1,,,0.0,46.2
1,Electric_Vehicle_1,19.0,70.1,,
1,Electric_Vehicle_1,18.0,70.1,,
1,Electric_Vehicle_1,17.0,70.1,,
1,Electric_Vehicle_1,16.0,70.1,,
1,Electric_Vehicle_1,15.0,70.1,,
1,Electric_Vehicle_1,14.0,70.1,,
1,Electric_Vehicle_1,13.0,70.1,,
1,Electric_Vehicle_1,12.0,70.1,,
1,Electric_Vehicle_1,11.0,70.1,,
1,Electric_Vehicle_1,10.0,70.1,,
1,Electric_Vehicle_1,9.0,70.1,,
1,Electric_Vehicle_1,8.0,70.1,,
1,Electric_Vehicle_1,7.0,70.1,,
1,Electric_Vehicle_1,6.0,70.1,,
1,Electric_Vehicle_1,5.0,70.1,,
1,Electric_Vehicle_1,4.0,70.1,,
1,Electric_Vehicle_1,3.0,70.1,,
1,Electric_Vehicle_1,2.0,70.1,,
1,Electric_Vehicle_1,1.0,70.1,,
1,Electric_Vehicle_1,0.0,70.1,,
3,,,,,
3,,,,,
3,,,,,
3,,,,,
3,,,,,
3,,,,,
2,Electric_Vehicle_1,,,0.0,45.2
1,Electric_Vehicle_1,15.0,83.9,,
1,Electric_Vehicle_1,14.0,83.9,,
1,Electric_Vehicle_1,13.0,83.9,,
1,Electric_Vehicle_1,12.0,83.9,,
1,Electric_Vehicle_1,11.0,83.9,,
1,Electric_Vehicle_1,10.0,83.9,,
1,Electric_Vehicle_1,9.0,83.9,,
1,Electric_Vehicle_1,8.0,83.9,,
1,Electric_Vehicle_1,7.0,83.9,,
1,Electric_Vehicle_1,6.0,83.9,,
1,Electric_Vehicle_1,5.0,83.9,,
1,Electric_Vehicle_1,4.0,83.9,,
1,Electric_Vehicle_1,3.0,83.9,,
1,Electric_Vehicle_1,2.0,83.9,,
1,Electric_Vehicle_1,1.0,83.9,,
1,Electric_Vehicle_1,0.0,83.9,,
3,,,,,
3,,,,,
3,,,,,
3,,,,,
3,,,,,
3,,,,,
3,,,,,
3,,,,,
3,,,,,
3,,,,,
3,,,,,
3,,,,,
2,Electric_Vehicle_1,,,0.0,31.0
1,Electric_Vehicle_1,9.0,76.4,,
1,Electric_Vehicle_1,8.0,76.4,,
1,Electric_Vehicle_1,7.0,76.4,,
1,Electric_Vehicle_1,6.0,76.4,,
1,Electric_Vehicle_1,5.0,76.4,,
1,Electric_Vehicle_1,4.0,76.4,,
1,Electric_Vehicle_1,3.0,76.4,,
1,Electric_Vehicle_1,2.0,76.4,,
1,Electric_Vehicle_1,1.0,76.4,,
1,Electric_Vehicle_1,0.0,76.4,,
3,,,,,
3,,,,,
3,,,,,
3,,,,,
3,,,,,
3,,,,,
3,,,,,
3,,,,,
3,,,,,
3,,,,,
3,,,,,
2,Electric_Vehicle_1,,,0.0,22.9
1,Electric_Vehicle_1,11.0,73.4,,
1,Electric_Vehicle_1,10.0,73.4,,
1,Electric_Vehicle_1,9.0,73.4,,
1,Electric_Vehicle_1,8.0,73.4,,
1,Electric_Vehicle_1,7.0,73.4,,
1,Electric_Vehicle_1,6.0,73.4,,
1,Electric_Vehicle_1,5.0,73.4,,
1,Electric_Vehicle_1,4.0,73.4,,
1,Electric_Vehicle_1,3.0,73.4,,
1,Electric_Vehicle_1,2.0,73.4,,
1,Electric_Vehicle_1,1.0,73.4,,
1,Electric_Vehicle_1,0.0,73.4,,
3,,,,,
3,,,,,
3,,,,,
3,,,,,
3,,,,,
3,,,,,
3,,,,,
3,,,,,
2,Electric_Vehicle_1,,,0.0,40.1
1,Electric_Vehicle_1,14.0,89.2,,
1,Electric_Vehicle_1,13.0,89.2,,
1,Electric_Vehicle_1,12.0,89.2,,
1,Electric_Vehicle_1,11.0,89.2,,
1,Electric_Vehicle_1,10.0,89.2,,
1,Electric_Vehicle_1,9.0,89.2,,
1,Electric_Vehicle_1,8.0,89.2,,
1,Electric_Vehicle_1,7.0,89.2,,
1,Electric_Vehicle_1,6.0,89.2,,
1,Electric_Vehicle_1,5.0,89.2,,
1,Electric_Vehicle_1,4.0,89.2,,
1,Electric_Vehicle_1,3.0,89.2,,
1,Electric_Vehicle_1,2.0,89.2,,
1,Electric_Vehicle_1,1.0,89.2,,
1,Electric_Vehicle_1,0.0,89.2,,
3,,,,,
3,,,,,
3,,,,,
3,,,,,
3,,,,,
3,,,,,
3,,,,,
3,,,,,
3,,,,,
3,,,,,
2,Electric_Vehicle_1,,,0.0,37.7
1,Electric_Vehicle_1,13.0,87.6,,
1,Electric_Vehicle_1,12.0,87.6,,
1,Electric_Vehicle_1,11.0,87.6,,
1,Electric_Vehicle_1,10.0,87.6,,
1,Electric_Vehicle_1,9.0,87.6,,
1,Electric_Vehicle_1,8.0,87.6,,
1,Electric_Vehicle_1,7.0,87.6,,
1,Electric_Vehicle_1,6.0,87.6,,
1,Electric_Vehicle_1,5.0,87.6,,
1,Electric_Vehicle_1,4.0,87.6,,
1,Electric_Vehicle_1,3.0,87.6,,
1,Electric_Vehicle_1,2.0,87.6,,
1,Electric_Vehicle_1,1.0,87.6,,
1,Electric_Vehicle_1,0.0,87.6,,
3,,,,,
3,,,,,
3,,,,,
3,,,,,
3,,,,,
3,,,,,
3,,,,,
3,,,,,
3,,,,,
2,Electric_Vehicle_1,,,0.0,48.4
1,Electric_Vehicle_1,14.0,83.5,,
1,Electric_Vehicle_1,13.0,83.5,,
1,Electric_Vehicle_1,12.0,83.5,,
1,Electric_Vehicle_1,11.0,83.5,,
1,Electric_Vehicle_1,10.0,83.5,,
1,Electric_Vehicle_1,9.0,83.5,,
1,Electric_Vehicle_1,8.0,83.5,,
1,Electric_Vehicle_1,7.0,83.5,,
1,Electric_Vehicle_1,6.0,83.5,,
1,Electric_Vehicle_1,5.0,83.5,,
1,Electric_Vehicle_1,4.0,83.5,,
1,Electric_Vehicle_1,3.0,83.5,,
1,Electric_Vehicle_1,2.0,83.5,,
1,Electric_Vehicle_1,1.0,83.5,,
1,Electric_Vehicle_1,0.0,83.5,,
3,,,,,
3,,,,,
3,,,,,
3,,,,,
3,,,,,
3,,,,,
3,,,,,
2,Electric_Vehicle_1,,,0.0,43.0
1,Electric_Vehicle_1,38.0,78.3,,
1,Electric_Vehicle_1,37.0,78.3,,
1,Electric_Vehicle_1,36.0,78.3,,
1,Electric_Vehicle_1,35.0,78.3,,
1,Electric_Vehicle_1,34.0,78.3,,
1,Electric_Vehicle_1,33.0,78.3,,
1,Electric_Vehicle_1,32.0,78.3,,
1,Electric_Vehicle_1,31.0,78.3,,
1,Electric_Vehicle_1,30.0,78.3,,
1,Electric_Vehicle_1,29.0,78.3,,
1,Electric_Vehicle_1,28.0,78.3,,
1,Electric_Vehicle_1,27.0,78.3,,
1,Electric_Vehicle_1,26.0,78.3,,
1,Electric_Vehicle_1,25.0,78.3,,
1,Electric_Vehicle_1,24.0,78.3,,
1,Electric_Vehicle_1,23.0,78.3,,
1,Electric_Vehicle_1,22.0,78.3,,
1,Electric_Vehicle_1,21.0,78.3,,
1,Electric_Vehicle_1,20.0,78.3,,
1,Electric_Vehicle_1,19.0,78.3,,
1,Electric_Vehicle_1,18.0,78.3,,
1,Electric_Vehicle_1,17.0,78.3,,
1,Electric_Vehicle_1,16.0,78.3,,
1,Electric_Vehicle_1,15.0,78.3,,
1,Electric_Vehicle_1,14.0,78.3,,
1,Electric_Vehicle_1,13.0,78.3,,
1,Electric_Vehicle_1,12.0,78.3,,
1,Electric_Vehicle_1,11.0,78.3,,
1,Electric_Vehicle_1,10.0,78.3,,
1,Electric_Vehicle_1,9.0,78.3,,
1,Electric_Vehicle_1,8.0,78.3,,
1,Electric_Vehicle_1,7.0,78.3,,
1,Electric_Vehicle_1,6.0,78.3,,
1,Electric_Vehicle_1,5.0,78.3,,
1,Electric_Vehicle_1,4.0,78.3,,
1,Electric_Vehicle_1,3.0,78.3,,
1,Electric_Vehicle_1,2.0,78.3,,
1,Electric_Vehicle_1,1.0,78.3,,
1,Electric_Vehicle_1,0.0,78.3,,
3,,,,,
3,,,,,
3,,,,,
3,,,,,
3,,,,,
3,,,,,
3,,,,,
3,,,,,
3,,,,,
2,Electric_Vehicle_1,,,0.0,24.4
1,Electric_Vehicle_1,11.0,75.3,,
1,Electric_Vehicle_1,10.0,75.3,,
1,Electric_Vehicle_1,9.0,75.3,,
1,Electric_Vehicle_1,8.0,75.3,,
1,Electric_Vehicle_1,7.0,75.3,,
1,Electric_Vehicle_1,6.0,75.3,,
1,Electric_Vehicle_1,5.0,75.3,,
1,Electric_Vehicle_1,4.0,75.3,,
1,Electric_Vehicle_1,3.0,75.3,,
1,Electric_Vehicle_1,2.0,75.3,,
1,Electric_Vehicle_1,1.0,75.3,,
1,Electric_Vehicle_1,0.0,75.3,,
3,,,,,
3,,,,,
3,,,,,
3,,,,,
3,,,,,
3,,,,,
3,,,,,
3,,,,,
3,,,,,
2,Electric_Vehicle_1,,,0.0,45.1
1,Electric_Vehicle_1,16.0,78.9,,
1,Electric_Vehicle_1,15.0,78.9,,
1,Electric_Vehicle_1,14.0,78.9,,
1,Electric_Vehicle_1,13.0,78.9,,
1,Electric_Vehicle_1,12.0,78.9,,
1,Electric_Vehicle_1,11.0,78.9,,
1,Electric_Vehicle_1,10.0,78.9,,
1,Electric_Vehicle_1,9.0,78.9,,
1,Electric_Vehicle_1,8.0,78.9,,
1,Electric_Vehicle_1,7.0,78.9,,
1,Electric_Vehicle_1,6.0,78.9,,
1,Electric_Vehicle_1,5.0,78.9,,
1,Electric_Vehicle_1,4.0,78.9,,
1,Electric_Vehicle_1,3.0,78.9,,
1,Electric_Vehicle_1,2.0,78.9,,
1,Electric_Vehicle_1,1.0,78.9,,
1,Electric_Vehicle_1,0.0,78.9,,
3,,,,,
3,,,,,
3,,,,,
3,,,,,
3,,,,,
3,,,,,
2,Electric_Vehicle_1,,,0.0,55.2
1,Electric_Vehicle_1,15.0,87.5,,
1,Electric_Vehicle_1,14.0,87.5,,
1,Electric_Vehicle_1,13.0,87.5,,
1,Electric_Vehicle_1,12.0,87.5,,
1,Electric_Vehicle_1,11.0,87.5,,
1,Electric_Vehicle_1,10.0,87.5,,
1,Electric_Vehicle_1,9.0,87.5,,
1,Electric_Vehicle_1,8.0,87.5,,
1,Electric_Vehicle_1,7.0,87.5,,
1,Electric_Vehicle_1,6.0,87.5,,
1,Electric_Vehicle_1,5.0,87.5,,
1,Electric_Vehicle_1,4.0,87.5,,
1,Electric_Vehicle_1,3.0,87.5,,
1,Electric_Vehicle_1,2.0,87.5,,
1,Electric_Vehicle_1,1.0,87.5,,
1,Electric_Vehicle_1,0.0,87.5,,
3,,,,,
3,,,,,
3,,,,,
3,,,,,
3,,,,,
3,,,,,
3,,,,,
3,,,,,
3,,,,,
2,Electric_Vehicle_1,,,0.0,51.9
1,Electric_Vehicle_1,13.0,89.3,,
1,Electric_Vehicle_1,12.0,89.3,,
1,Electric_Vehicle_1,11.0,89.3,,
1,Electric_Vehicle_1,10.0,89.3,,
1,Electric_Vehicle_1,9.0,89.3,,
1,Electric_Vehicle_1,8.0,89.3,,
1,Electric_Vehicle_1,7.0,89.3,,
1,Electric_Vehicle_1,6.0,89.3,,
1,Electric_Vehicle_1,5.0,89.3,,
1,Electric_Vehicle_1,4.0,89.3,,
1,Electric_Vehicle_1,3.0,89.3,,
1,Electric_Vehicle_1,2.0,89.3,,
1,Electric_Vehicle_1,1.0,89.3,,
1,Electric_Vehicle_1,0.0,89.3,,
3,,,,,
3,,,,,
3,,,,,
3,,,,,
3,,,,,
3,,,,,
3,,,,,
3,,,,,
2,Electric_Vehicle_1,,,0.0,26.0
1,Electric_Vehicle_1,13.0,71.6,,
1,Electric_Vehicle_1,12.0,71.6,,
1,Electric_Vehicle_1,11.0,71.6,,
1,Electric_Vehicle_1,10.0,71.6,,
1,Electric_Vehicle_1,9.0,71.6,,
1,Electric_Vehicle_1,8.0,71.6,,
1,Electric_Vehicle_1,7.0,71.6,,
1,Electric_Vehicle_1,6.0,71.6,,
1,Electric_Vehicle_1,5.0,71.6,,
1,Electric_Vehicle_1,4.0,71.6,,
1,Electric_Vehicle_1,3.0,71.6,,
1,Electric_Vehicle_1,2.0,71.6,,
1,Electric_Vehicle_1,1.0,71.6,,
1,Electric_Vehicle_1,0.0,71.6,,
3,,,,,
3,,,,,
3,,,,,
3,,,,,
3,,,,,
3,,,,,
3,,,,,
3,,,,,
2,Electric_Vehicle_1,,,0.0,28.8
1,Electric_Vehicle_1,18.0,80.3,,
1,Electric_Vehicle_1,17.0,80.3,,
1,Electric_Vehicle_1,16.0,80.3,,
1,Electric_Vehicle_1,15.0,80.3,,
1,Electric_Vehicle_1,14.0,80.3,,
1,Electric_Vehicle_1,13.0,80.3,,
1,Electric_Vehicle_1,12.0,80.3,,
1,Electric_Vehicle_1,11.0,80.3,,
1,Electric_Vehicle_1,10.0,80.3,,
1,Electric_Vehicle_1,9.0,80.3,,
1,Electric_Vehicle_1,8.0,80.3,,
1,Electric_Vehicle_1,7.0,80.3,,
1,Electric_Vehicle_1,6.0,80.3,,
1,Electric_Vehicle_1,5.0,80.3,,
1,Electric_Vehicle_1,4.0,80.3,,
1,Electric_Vehicle_1,3.0,80.3,,
1,Electric_Vehicle_1,2.0,80.3,,
1,Electric_Vehicle_1,1.0,80.3,,
1,Electric_Vehicle_1,0.0,80.3,,
3,,,,,
3,,,,,
2,Electric_Vehicle_1,,,0.0,51.3
1,Electric_Vehicle_1,16.0,82.6,,
1,Electric_Vehicle_1,15.0,82.6,,
1,Electric_Vehicle_1,14.0,82.6,,
1,Electric_Vehicle_1,13.0,82.6,,
1,Electric_Vehicle_1,12.0,82.6,,
1,Electric_Vehicle_1,11.0,82.6,,
1,Electric_Vehicle_1,10.0,82.6,,
1,Electric_Vehicle_1,9.0,82.6,,
1,Electric_Vehicle_1,8.0,82.6,,
1,Electric_Vehicle_1,7.0,82.6,,
1,Electric_Vehicle_1,6.0,82.6,,
1,Electric_Vehicle_1,5.0,82.6,,
1,Electric_Vehicle_1,4.0,82.6,,
1,Electric_Vehicle_1,3.0,82.6,,
1,Electric_Vehicle_1,2.0,82.6,,
1,Electric_Vehicle_1,1.0,82.6,,
1,Electric_Vehicle_1,0.0,82.6,,
3,,,,,
3,,,,,
3,,,,,
3,,,,,
3,,,,,
3,,,,,
3,,,,,
3,,,,,
3,,,,,
2,Electric_Vehicle_1,,,0.0,48.3
1,Electric_Vehicle_1,12.0,85.5,,
1,Electric_Vehicle_1,11.0,85.5,,
1,Electric_Vehicle_1,10.0,85.5,,
1,Electric_Vehicle_1,9.0,85.5,,
1,Electric_Vehicle_1,8.0,85.5,,
1,Electric_Vehicle_1,7.0,85.5,,
1,Electric_Vehicle_1,6.0,85.5,,
1,Electric_Vehicle_1,5.0,85.5,,
1,Electric_Vehicle_1,4.0,85.5,,
1,Electric_Vehicle_1,3.0,85.5,,
1,Electric_Vehicle_1,2.0,85.5,,
1,Electric_Vehicle_1,1.0,85.5,,
1,Electric_Vehicle_1,0.0,85.5,,
3,,,,,
3,,,,,
3,,,,,
3,,,,,
3,,,,,
3,,,,,
3,,,,,
3,,,,,
3,,,,,
3,,,,,
2,Electric_Vehicle_1,,,0.0,27.4
1,Electric_Vehicle_1,13.0,77.5,,
1,Electric_Vehicle_1,12.0,77.5,,
1,Electric_Vehicle_1,11.0,77.5,,
1,Electric_Vehicle_1,10.0,77.5,,
1,Electric_Vehicle_1,9.0,77.5,,
1,Electric_Vehicle_1,8.0,77.5,,
1,Electric_Vehicle_1,7.0,77.5,,
1,Electric_Vehicle_1,6.0,77.5,,
1,Electric_Vehicle_1,5.0,77.5,,
1,Electric_Vehicle_1,4.0,77.5,,
1,Electric_Vehicle_1,3.0,77.5,,
1,Electric_Vehicle_1,2.0,77.5,,
1,Electric_Vehicle_1,1.0,77.5,,
1,Electric_Vehicle_1,0.0,77.5,,
3,,,,,
3,,,,,
3,,,,,
3,,,,,
3,,,,,
3,,,,,
3,,,,,
3,,,,,
3,,,,,
3,,,,,
2,Electric_Vehicle_1,,,0.0,27.3
1,Electric_Vehicle_1,12.0,70.8,,
1,Electric_Vehicle_1,11.0,70.8,,
1,Electric_Vehicle_1,10.0,70.8,,
1,Electric_Vehicle_1,9.0,70.8,,
1,Electric_Vehicle_1,8.0,70.8,,
1,Electric_Vehicle_1,7.0,70.8,,
1,Electric_Vehicle_1,6.0,70.8,,
1,Electric_Vehicle_1,5.0,70.8,,
1,Electric_Vehicle_1,4.0,70.8,,
1,Electric_Vehicle_1,3.0,70.8,,
1,Electric_Vehicle_1,2.0,70.8,,
1,Electric_Vehicle_1,1.0,70.8,,
1,Electric_Vehicle_1,0.0,70.8,,
3,,,,,
3,,,,,
3,,,,,
3,,,,,
3,,,,,
3,,,,,
3,,,,,
3,,,,,
3,,,,,
2,Electric_Vehicle_1,,,0.0,30.3
1,Electric_Vehicle_1,13.0,78.2,,
1,Electric_Vehicle_1,12.0,78.2,,
1,Electric_Vehicle_1,11.0,78.2,,
1,Electric_Vehicle_1,10.0,78.2,,
1,Electric_Vehicle_1,9.0,78.2,,
1,Electric_Vehicle_1,8.0,78.2,,
1,Electric_Vehicle_1,7.0,78.2,,
1,Electric_Vehicle_1,6.0,78.2,,
1,Electric_Vehicle_1,5.0,78.2,,
1,Electric_Vehicle_1,4.0,78.2,,
1,Electric_Vehicle_1,3.0,78.2,,
1,Electric_Vehicle_1,2.0,78.2,,
1,Electric_Vehicle_1,1.0,78.2,,
1,Electric_Vehicle_1,0.0,78.2,,
3,,,,,
3,,,,,
3,,,,,
3,,,,,
3,,,,,
3,,,,,
3,,,,,
3,,,,,
3,,,,,
2,Electric_Vehicle_1,,,0.0,26.2
1,Electric_Vehicle_1,16.0,77.6,,
1,Electric_Vehicle_1,15.0,77.6,,
1,Electric_Vehicle_1,14.0,77.6,,
1,Electric_Vehicle_1,13.0,77.6,,
1,Electric_Vehicle_1,12.0,77.6,,
1,Electric_Vehicle_1,11.0,77.6,,
1,Electric_Vehicle_1,10.0,77.6,,
1,Electric_Vehicle_1,9.0,77.6,,
1,Electric_Vehicle_1,8.0,77.6,,
1,Electric_Vehicle_1,7.0,77.6,,
1,Electric_Vehicle_1,6.0,77.6,,
1,Electric_Vehicle_1,5.0,77.6,,
1,Electric_Vehicle_1,4.0,77.6,,
1,Electric_Vehicle_1,3.0,77.6,,
1,Electric_Vehicle_1,2.0,77.6,,
1,Electric_Vehicle_1,1.0,77.6,,
1,Electric_Vehicle_1,0.0,77.6,,
3,,,,,
3,,,,,
3,,,,,
3,,,,,
2,Electric_Vehicle_1,,,0.0,36.1
1,Electric_Vehicle_1,40.0,75.4,,
1,Electric_Vehicle_1,39.0,75.4,,
1,Electric_Vehicle_1,38.0,75.4,,
1,Electric_Vehicle_1,37.0,75.4,,
1,Electric_Vehicle_1,36.0,75.4,,
1,Electric_Vehicle_1,35.0,75.4,,
1,Electric_Vehicle_1,34.0,75.4,,
1,Electric_Vehicle_1,33.0,75.4,,
1,Electric_Vehicle_1,32.0,75.4,,
1,Electric_Vehicle_1,31.0,75.4,,
1,Electric_Vehicle_1,30.0,75.4,,
1,Electric_Vehicle_1,29.0,75.4,,
1,Electric_Vehicle_1,28.0,75.4,,
1,Electric_Vehicle_1,27.0,75.4,,
1,Electric_Vehicle_1,26.0,75.4,,
1,Electric_Vehicle_1,25.0,75.4,,
1,Electric_Vehicle_1,24.0,75.4,,
1,Electric_Vehicle_1,23.0,75.4,,
1,Electric_Vehicle_1,22.0,75.4,,
1,Electric_Vehicle_1,21.0,75.4,,
1,Electric_Vehicle_1,20.0,75.4,,
1,Electric_Vehicle_1,19.0,75.4,,
1,Electric_Vehicle_1,18.0,75.4,,
1,Electric_Vehicle_1,17.0,75.4,,
1,Electric_Vehicle_1,16.0,75.4,,
1,Electric_Vehicle_1,15.0,75.4,,
1,Electric_Vehicle_1,14.0,75.4,,
1,Electric_Vehicle_1,13.0,75.4,,
1,Electric_Vehicle_1,12.0,75.4,,
1,Electric_Vehicle_1,11.0,75.4,,
1,Electric_Vehicle_1,10.0,75.4,,
1,Electric_Vehicle_1,9.0,75.4,,
1,Electric_Vehicle_1,8.0,75.4,,
1,Electric_Vehicle_1,7.0,75.4,,
1,Electric_Vehicle_1,6.0,75.4,,
1,Electric_Vehicle_1,5.0,75.4,,
1,Electric_Vehicle_1,4.0,75.4,,
1,Electric_Vehicle_1,3.0,75.4,,
1,Electric_Vehicle_1,2.0,75.4,,
1,Electric_Vehicle_1,1.0,75.4,,
1,Electric_Vehicle_1,0.0,75.4,,
3,,,,,
3,,,,,
3,,,,,
3,,,,,
3,,,,,
3,,,,,
3,,,,,
2,Electric_Vehicle_1,,,0.0,37.9
1,Electric_Vehicle_1,14.0,81.3,,
1,Electric_Vehicle_1,13.0,81.3,,
1,Electric_Vehicle_1,12.0,81.3,,
1,Electric_Vehicle_1,11.0,81.3,,
1,Electric_Vehicle_1,10.0,81.3,,
1,Electric_Vehicle_1,9.0,81.3,,
1,Electric_Vehicle_1,8.0,81.3,,
1,Electric_Vehicle_1,7.0,81.3,,
1,Electric_Vehicle_1,6.0,81.3,,
1,Electric_Vehicle_1,5.0,81.3,,
1,Electric_Vehicle_1,4.0,81.3,,
1,Electric_Vehicle_1,3.0,81.3,,
1,Electric_Vehicle_1,2.0,81.3,,
1,Electric_Vehicle_1,1.0,81.3,,
1,Electric_Vehicle_1,0.0,81.3,,
3,,,,,
3,,,,,
3,,,,,
3,,,,,
3,,,,,
3,,,,,
3,,,,,
3,,,,,
3,,,,,
3,,,,,
2,Electric_Vehicle_1,,,0.0,50.1
1,Electric_Vehicle_1,12.0,85.5,,
1,Electric_Vehicle_1,11.0,85.5,,
1,Electric_Vehicle_1,10.0,85.5,,
1,Electric_Vehicle_1,9.0,85.5,,
1,Electric_Vehicle_1,8.0,85.5,,
1,Electric_Vehicle_1,7.0,85.5,,
1,Electric_Vehicle_1,6.0,85.5,,
1,Electric_Vehicle_1,5.0,85.5,,
1,Electric_Vehicle_1,4.0,85.5,,
1,Electric_Vehicle_1,3.0,85.5,,
1,Electric_Vehicle_1,2.0,85.5,,
1,Electric_Vehicle_1,1.0,85.5,,
1,Electric_Vehicle_1,0.0,85.5,,
3,,,,,
3,,,,,
3,,,,,
3,,,,,
3,,,,,
3,,,,,
3,,,,,
3,,,,,
3,,,,,
2,Electric_Vehicle_1,,,0.0,34.8
1,Electric_Vehicle_1,14.0,83.4,,
1,Electric_Vehicle_1,13.0,83.4,,
1,Electric_Vehicle_1,12.0,83.4,,
1,Electric_Vehicle_1,11.0,83.4,,
1,Electric_Vehicle_1,10.0,83.4,,
1,Electric_Vehicle_1,9.0,83.4,,
1,Electric_Vehicle_1,8.0,83.4,,
1,Electric_Vehicle_1,7.0,83.4,,
1,Electric_Vehicle_1,6.0,83.4,,
1,Electric_Vehicle_1,5.0,83.4,,
1,Electric_Vehicle_1,4.0,83.4,,
1,Electric_Vehicle_1,3.0,83.4,,
1,Electric_Vehicle_1,2.0,83.4,,
1,Electric_Vehicle_1,1.0,83.4,,
1,Electric_Vehicle_1,0.0,83.4,,
3,,,,,
3,,,,,
3,,,,,
3,,,,,
3,,,,,
3,,,,,
3,,,,,
3,,,,,
3,,,,,
2,Electric_Vehicle_1,,,0.0,43.1
1,Electric_Vehicle_1,12.0,83.8,,
1,Electric_Vehicle_1,11.0,83.8,,
1,Electric_Vehicle_1,10.0,83.8,,
1,Electric_Vehicle_1,9.0,83.8,,
1,Electric_Vehicle_1,8.0,83.8,,
1,Electric_Vehicle_1,7.0,83.8,,
1,Electric_Vehicle_1,6.0,83.8,,
1,Electric_Vehicle_1,5.0,83.8,,
1,Electric_Vehicle_1,4.0,83.8,,
1,Electric_Vehicle_1,3.0,83.8,,
1,Electric_Vehicle_1,2.0,83.8,,
1,Electric_Vehicle_1,1.0,83.8,,
1,Electric_Vehicle_1,0.0,83.8,,
3,,,,,
3,,,,,
3,,,,,
3,,,,,
3,,,,,
3,,,,,
3,,,,,
3,,,,,
3,,,,,
2,Electric_Vehicle_1,,,0.0,34.1
1,Electric_Vehicle_1,11.0,82.7,,
1,Electric_Vehicle_1,10.0,82.7,,
1,Electric_Vehicle_1,9.0,82.7,,
1,Electric_Vehicle_1,8.0,82.7,,
1,Electric_Vehicle_1,7.0,82.7,,
1,Electric_Vehicle_1,6.0,82.7,,
1,Electric_Vehicle_1,5.0,82.7,,
1,Electric_Vehicle_1,4.0,82.7,,
1,Electric_Vehicle_1,3.0,82.7,,
1,Electric_Vehicle_1,2.0,82.7,,
1,Electric_Vehicle_1,1.0,82.7,,
1,Electric_Vehicle_1,0.0,82.7,,
3,,,,,
3,,,,,
3,,,,,
3,,,,,
3,,,,,
3,,,,,
3,,,,,
3,,,,,
2,Electric_Vehicle_1,,,0.0,27.9
1,Electric_Vehicle_1,18.0,71.0,,
1,Electric_Vehicle_1,17.0,71.0,,
1,Electric_Vehicle_1,16.0,71.0,,
1,Electric_Vehicle_1,15.0,71.0,,
1,Electric_Vehicle_1,14.0,71.0,,
1,Electric_Vehicle_1,13.0,71.0,,
1,Electric_Vehicle_1,12.0,71.0,,
1,Electric_Vehicle_1,11.0,71.0,,
1,Electric_Vehicle_1,10.0,71.0,,
1,Electric_Vehicle_1,9.0,71.0,,
1,Electric_Vehicle_1,8.0,71.0,,
1,Electric_Vehicle_1,7.0,71.0,,
1,Electric_Vehicle_1,6.0,71.0,,
1,Electric_Vehicle_1,5.0,71.0,,
1,Electric_Vehicle_1,4.0,71.0,,
1,Electric_Vehicle_1,3.0,71.0,,
1,Electric_Vehicle_1,2.0,71.0,,
1,Electric_Vehicle_1,1.0,71.0,,
1,Electric_Vehicle_1,0.0,71.0,,
3,,,,,
3,,,,,
3,,,,,
3,,,,,
3,,,,,
2,Electric_Vehicle_1,,,0.0,47.1
1,Electric_Vehicle_1,15.0,80.1,,
1,Electric_Vehicle_1,14.0,80.1,,
1,Electric_Vehicle_1,13.0,80.1,,
1,Electric_Vehicle_1,12.0,80.1,,
1,Electric_Vehicle_1,11.0,80.1,,
1,Electric_Vehicle_1,10.0,80.1,,
1,Electric_Vehicle_1,9.0,80.1,,
1,Electric_Vehicle_1,8.0,80.1,,
1,Electric_Vehicle_1,7.0,80.1,,
1,Electric_Vehicle_1,6.0,80.1,,
1,Electric_Vehicle_1,5.0,80.1,,
1,Electric_Vehicle_1,4.0,80.1,,
1,Electric_Vehicle_1,3.0,80.1,,
1,Electric_Vehicle_1,2.0,80.1,,
1,Electric_Vehicle_1,1.0,80.1,,
1,Electric_Vehicle_1,0.0,80.1,,
3,,,,,
3,,,,,
3,,,,,
3,,,,,
3,,,,,
3,,,,,
3,,,,,
3,,,,,
3,,,,,
2,Electric_Vehicle_1,,,0.0,33.0
1,Electric_Vehicle_1,14.0,79.5,,
1,Electric_Vehicle_1,13.0,79.5,,
1,Electric_Vehicle_1,12.0,79.5,,
1,Electric_Vehicle_1,11.0,79.5,,
1,Electric_Vehicle_1,10.0,79.5,,
1,Electric_Vehicle_1,9.0,79.5,,
1,Electric_Vehicle_1,8.0,79.5,,
1,Electric_Vehicle_1,7.0,79.5,,
1,Electric_Vehicle_1,6.0,79.5,,
1,Electric_Vehicle_1,5.0,79.5,,
1,Electric_Vehicle_1,4.0,79.5,,
1,Electric_Vehicle_1,3.0,79.5,,
1,Electric_Vehicle_1,2.0,79.5,,
1,Electric_Vehicle_1,1.0,79.5,,
1,Electric_Vehicle_1,0.0,79.5,,
3,,,,,
3,,,,,
3,,,,,
3,,,,,
3,,,,,
3,,,,,
3,,,,,
3,,,,,
3,,,,,
3,,,,,
2,Electric_Vehicle_1,,,0.0,33.0
1,Electric_Vehicle_1,12.0,75.8,,
1,Electric_Vehicle_1,11.0,75.8,,
1,Electric_Vehicle_1,10.0,75.8,,
1,Electric_Vehicle_1,9.0,75.8,,
1,Electric_Vehicle_1,8.0,75.8,,
1,Electric_Vehicle_1,7.0,75.8,,
1,Electric_Vehicle_1,6.0,75.8,,
1,Electric_Vehicle_1,5.0,75.8,,
1,Electric_Vehicle_1,4.0,75.8,,
1,Electric_Vehicle_1,3.0,75.8,,
1,Electric_Vehicle_1,2.0,75.8,,
1,Electric_Vehicle_1,1.0,75.8,,
1,Electric_Vehicle_1,0.0,75.8,,
3,,,,,
3,,,,,
3,,,,,
3,,,,,
3,,,,,
3,,,,,
3,,,,,
2,Electric_Vehicle_1,,,0.0,43.8
1,Electric_Vehicle_1,38.0,89.7,,
1,Electric_Vehicle_1,37.0,89.7,,
1,Electric_Vehicle_1,36.0,89.7,,
1,Electric_Vehicle_1,35.0,89.7,,
1,Electric_Vehicle_1,34.0,89.7,,
1,Electric_Vehicle_1,33.0,89.7,,
1,Electric_Vehicle_1,32.0,89.7,,
1,Electric_Vehicle_1,31.0,89.7,,
1,Electric_Vehicle_1,30.0,89.7,,
1,Electric_Vehicle_1,29.0,89.7,,
1,Electric_Vehicle_1,28.0,89.7,,
1,Electric_Vehicle_1,27.0,89.7,,
1,Electric_Vehicle_1,26.0,89.7,,
1,Electric_Vehicle_1,25.0,89.7,,
1,Electric_Vehicle_1,24.0,89.7,,
1,Electric_Vehicle_1,23.0,89.7,,
1,Electric_Vehicle_1,22.0,89.7,,
1,Electric_Vehicle_1,21.0,89.7,,
1,Electric_Vehicle_1,20.0,89.7,,
1,Electric_Vehicle_1,19.0,89.7,,
1,Electric_Vehicle_1,18.0,89.7,,
1,Electric_Vehicle_1,17.0,89.7,,
1,Electric_Vehicle_1,16.0,89.7,,
1,Electric_Vehicle_1,15.0,89.7,,
1,Electric_Vehicle_1,14.0,89.7,,
1,Electric_Vehicle_1,13.0,89.7,,
1,Electric_Vehicle_1,12.0,89.7,,
1,Electric_Vehicle_1,11.0,89.7,,
1,Electric_Vehicle_1,10.0,89.7,,
1,Electric_Vehicle_1,9.0,89.7,,
1,Electric_Vehicle_1,8.0,89.7,,
1,Electric_Vehicle_1,7.0,89.7,,
1,Electric_Vehicle_1,6.0,89.7,,
1,Electric_Vehicle_1,5.0,89.7,,
1,Electric_Vehicle_1,4.0,89.7,,
1,Electric_Vehicle_1,3.0,89.7,,
1,Electric_Vehicle_1,2.0,89.7,,
1,Electric_Vehicle_1,1.0,89.7,,
1,Electric_Vehicle_1,0.0,89.7,,
3,,,,,
3,,,,,
3,,,,,
3,,,,,
3,,,,,
3,,,,,
3,,,,,
3,,,,,
3,,,,,
3,,,,,
2,Electric_Vehicle_1,,,0.0,41.7
1,Electric_Vehicle_1,12.0,77.6,,
1,Electric_Vehicle_1,11.0,77.6,,
1,Electric_Vehicle_1,10.0,77.6,,
1,Electric_Vehicle_1,9.0,77.6,,
1,Electric_Vehicle_1,8.0,77.6,,
1,Electric_Vehicle_1,7.0,77.6,,
1,Electric_Vehicle_1,6.0,77.6,,
1,Electric_Vehicle_1,5.0,77.6,,
1,Electric_Vehicle_1,4.0,77.6,,
1,Electric_Vehicle_1,3.0,77.6,,
1,Electric_Vehicle_1,2.0,77.6,,
1,Electric_Vehicle_1,1.0,77.6,,
1,Electric_Vehicle_1,0.0,77.6,,
3,,,,,
3,,,,,
3,,,,,
3,,,,,
3,,,,,
3,,,,,
3,,,,,
3,,,,,
2,Electric_Vehicle_1,,,0.0,44.2
1,Electric_Vehicle_1,16.0,87.5,,
1,Electric_Vehicle_1,15.0,87.5,,
1,Electric_Vehicle_1,14.0,87.5,,
1,Electric_Vehicle_1,13.0,87.5,,
1,Electric_Vehicle_1,12.0,87.5,,
1,Electric_Vehicle_1,11.0,87.5,,
1,Electric_Vehicle_1,10.0,87.5,,
1,Electric_Vehicle_1,9.0,87.5,,
1,Electric_Vehicle_1,8.0,87.5,,
1,Electric_Vehicle_1,7.0,87.5,,
1,Electric_Vehicle_1,6.0,87.5,,
1,Electric_Vehicle_1,5.0,87.5,,
1,Electric_Vehicle_1,4.0,87.5,,
1,Electric_Vehicle_1,3.0,87.5,,
1,Electric_Vehicle_1,2.0,87.5,,
1,Electric_Vehicle_1,1.0,87.5,,
1,Electric_Vehicle_1,0.0,87.5,,
3,,,,,
3,,,,,
3,,,,,
3,,,,,
3,,,,,
2,Electric_Vehicle_1,,,0.0,38.3
1,Electric_Vehicle_1,16.0,73.5,,
1,Electric_Vehicle_1,15.0,73.5,,
1,Electric_Vehicle_1,14.0,73.5,,
1,Electric_Vehicle_1,13.0,73.5,,
1,Electric_Vehicle_1,12.0,73.5,,
1,Electric_Vehicle_1,11.0,73.5,,
1,Electric_Vehicle_1,10.0,73.5,,
1,Electric_Vehicle_1,9.0,73.5,,
1,Electric_Vehicle_1,8.0,73.5,,
1,Electric_Vehicle_1,7.0,73.5,,
1,Electric_Vehicle_1,6.0,73.5,,
1,Electric_Vehicle_1,5.0,73.5,,
1,Electric_Vehicle_1,4.0,73.5,,
1,Electric_Vehicle_1,3.0,73.5,,
1,Electric_Vehicle_1,2.0,73.5,,
1,Electric_Vehicle_1,1.0,73.5,,
1,Electric_Vehicle_1,0.0,73.5,,
3,,,,,
3,,,,,
3,,,,,
3,,,,,
3,,,,,
3,,,,,
3,,,,,
3,,,,,
3,,,,,
2,Electric_Vehicle_1,,,0.0,46.9
1,Electric_Vehicle_1,13.0,78.4,,
1,Electric_Vehicle_1,12.0,78.4,,
1,Electric_Vehicle_1,11.0,78.4,,
1,Electric_Vehicle_1,10.0,78.4,,
1,Electric_Vehicle_1,9.0,78.4,,
1,Electric_Vehicle_1,8.0,78.4,,
1,Electric_Vehicle_1,7.0,78.4,,
1,Electric_Vehicle_1,6.0,78.4,,
1,Electric_Vehicle_1,5.0,78.4,,
1,Electric_Vehicle_1,4.0,78.4,,
1,Electric_Vehicle_1,3.0,78.4,,
1,Electric_Vehicle_1,2.0,78.4,,
1,Electric_Vehicle_1,1.0,78.4,,
1,Electric_Vehicle_1,0.0,78.4,,
3,,,,,
3,,,,,
3,,,,,
3,,,,,
3,,,,,
3,,,,,
3,,,,,
3,,,,,
3,,,,,
3,,,,,
2,Electric_Vehicle_1,,,0.0,48.6
1,Electric_Vehicle_1,11.0,87.9,,
1,Electric_Vehicle_1,10.0,87.9,,
1,Electric_Vehicle_1,9.0,87.9,,
1,Electric_Vehicle_1,8.0,87.9,,
1,Electric_Vehicle_1,7.0,87.9,,
1,Electric_Vehicle_1,6.0,87.9,,
1,Electric_Vehicle_1,5.0,87.9,,
1,Electric_Vehicle_1,4.0,87.9,,
1,Electric_Vehicle_1,3.0,87.9,,
1,Electric_Vehicle_1,2.0,87.9,,
1,Electric_Vehicle_1,1.0,87.9,,
1,Electric_Vehicle_1,0.0,87.9,,
3,,,,,
3,,,,,
3,,,,,
3,,,,,
3,,,,,
3,,,,,
3,,,,,
3,,,,,
3,,,,,
2,Electric_Vehicle_1,,,0.0,24.1
1,Electric_Vehicle_1,13.0,83.8,,
1,Electric_Vehicle_1,12.0,83.8,,
1,Electric_Vehicle_1,11.0,83.8,,
1,Electric_Vehicle_1,10.0,83.8,,
1,Electric_Vehicle_1,9.0,83.8,,
1,Electric_Vehicle_1,8.0,83.8,,
1,Electric_Vehicle_1,7.0,83.8,,
1,Electric_Vehicle_1,6.0,83.8,,
1,Electric_Vehicle_1,5.0,83.8,,
1,Electric_Vehicle_1,4.0,83.8,,
1,Electric_Vehicle_1,3.0,83.8,,
1,Electric_Vehicle_1,2.0,83.8,,
1,Electric_Vehicle_1,1.0,83.8,,
1,Electric_Vehicle_1,0.0,83.8,,
3,,,,,
3,,,,,
3,,,,,
3,,,,,
3,,,,,
3,,,,,
3,,,,,
3,,,,,
3,,,,,
2,Electric_Vehicle_1,,,0.0,40.1
1,Electric_Vehicle_1,85.0,70.0,,
1,Electric_Vehicle_1,84.0,70.0,,
1,Electric_Vehicle_1,83.0,70.0,,
1,Electric_Vehicle_1,82.0,70.0,,
1,Electric_Vehicle_1,81.0,70.0,,
1,Electric_Vehicle_1,80.0,70.0,,
1,Electric_Vehicle_1,79.0,70.0,,
1,Electric_Vehicle_1,78.0,70.0,,
1,Electric_Vehicle_1,77.0,70.0,,
1,Electric_Vehicle_1,76.0,70.0,,
1,Electric_Vehicle_1,75.0,70.0,,
1,Electric_Vehicle_1,74.0,70.0,,
1,Electric_Vehicle_1,73.0,70.0,,
1,Electric_Vehicle_1,72.0,70.0,,
1,Electric_Vehicle_1,71.0,70.0,,
1,Electric_Vehicle_1,70.0,70.0,,
1,Electric_Vehicle_1,69.0,70.0,,
1,Electric_Vehicle_1,68.0,70.0,,
1,Electric_Vehicle_1,67.0,70.0,,
1,Electric_Vehicle_1,66.0,70.0,,
1,Electric_Vehicle_1,65.0,70.0,,
1,Electric_Vehicle_1,64.0,70.0,,
1,Electric_Vehicle_1,63.0,70.0,,
1,Electric_Vehicle_1,62.0,70.0,,
1,Electric_Vehicle_1,61.0,70.0,,
1,Electric_Vehicle_1,60.0,70.0,,
1,Electric_Vehicle_1,59.0,70.0,,
1,Electric_Vehicle_1,58.0,70.0,,
1,Electric_Vehicle_1,57.0,70.0,,
1,Electric_Vehicle_1,56.0,70.0,,
1,Electric_Vehicle_1,55.0,70.0,,
1,Electric_Vehicle_1,54.0,70.0,,
1,Electric_Vehicle_1,53.0,70.0,,
1,Electric_Vehicle_1,52.0,70.0,,
1,Electric_Vehicle_1,51.0,70.0,,
1,Electric_Vehicle_1,50.0,70.0,,
1,Electric_Vehicle_1,49.0,70.0,,
1,Electric_Vehicle_1,48.0,70.0,,
1,Electric_Vehicle_1,47.0,70.0,,
1,Electric_Vehicle_1,46.0,70.0,,
1,Electric_Vehicle_1,45.0,70.0,,
1,Electric_Vehicle_1,44.0,70.0,,
1,Electric_Vehicle_1,43.0,70.0,,
1,Electric_Vehicle_1,42.0,70.0,,
1,Electric_Vehicle_1,41.0,70.0,,
1,Electric_Vehicle_1,40.0,70.0,,
1,Electric_Vehicle_1,39.0,70.0,,
1,Electric_Vehicle_1,38.0,70.0,,
1,Electric_Vehicle_1,37.0,70.0,,
1,Electric_Vehicle_1,36.0,70.0,,
1,Electric_Vehicle_1,35.0,70.0,,
1,Electric_Vehicle_1,34.0,70.0,,
1,Electric_Vehicle_1,33.0,70.0,,
1,Electric_Vehicle_1,32.0,70.0,,
1,Electric_Vehicle_1,31.0,70.0,,
1,Electric_Vehicle_1,30.0,70.0,,
1,Electric_Vehicle_1,29.0,70.0,,
1,Electric_Vehicle_1,28.0,70.0,,
1,Electric_Vehicle_1,27.0,70.0,,
1,Electric_Vehicle_1,26.0,70.0,,
1,Electric_Vehicle_1,25.0,70.0,,
1,Electric_Vehicle_1,24.0,70.0,,
1,Electric_Vehicle_1,23.0,70.0,,
1,Electric_Vehicle_1,22.0,70.0,,
1,Electric_Vehicle_1,21.0,70.0,,
1,Electric_Vehicle_1,20.0,70.0,,
1,Electric_Vehicle_1,19.0,70.0,,
1,Electric_Vehicle_1,18.0,70.0,,
1,Electric_Vehicle_1,17.0,70.0,,
1,Electric_Vehicle_1,16.0,70.0,,
1,Electric_Vehicle_1,15.0,70.0,,
1,Electric_Vehicle_1,14.0,70.0,,
1,Electric_Vehicle_1,13.0,70.0,,
1,Electric_Vehicle_1,12.0,70.0,,
1,Electric_Vehicle_1,11.0,70.0,,
1,Electric_Vehicle_1,10.0,70.0,,
1,Electric_Vehicle_1,9.0,70.0,,
1,Electric_Vehicle_1,8.0,70.0,,
1,Electric_Vehicle_1,7.0,70.0,,
1,Electric_Vehicle_1,6.0,70.0,,
1,Electric_Vehicle_1,5.0,70.0,,
1,Electric_Vehicle_1,4.0,70.0,,
1,Electric_Vehicle_1,3.0,70.0,,
1,Electric_Vehicle_1,2.0,70.0,,
1,Electric_Vehicle_1,1.0,70.0,,
1,Electric_Vehicle_1,0.0,70.0,,
3,,,,,
3,,,,,
3,,,,,
3,,,,,
3,,,,,
3,,,,,
3,,,,,
2,Electric_Vehicle_1,,,0.0,42.6
1,Electric_Vehicle_1,15.0,72.4,,
1,Electric_Vehicle_1,14.0,72.4,,
1,Electric_Vehicle_1,13.0,72.4,,
1,Electric_Vehicle_1,12.0,72.4,,
1,Electric_Vehicle_1,11.0,72.4,,
1,Electric_Vehicle_1,10.0,72.4,,
1,Electric_Vehicle_1,9.0,72.4,,
1,Electric_Vehicle_1,8.0,72.4,,
1,Electric_Vehicle_1,7.0,72.4,,
1,Electric_Vehicle_1,6.0,72.4,,
1,Electric_Vehicle_1,5.0,72.4,,
1,Electric_Vehicle_1,4.0,72.4,,
1,Electric_Vehicle_1,3.0,72.4,,
1,Electric_Vehicle_1,2.0,72.4,,
1,Electric_Vehicle_1,1.0,72.4,,
1,Electric_Vehicle_1,0.0,72.4,,
3,,,,,
3,,,,,
3,,,,,
3,,,,,
3,,,,,
3,,,,,
3,,,,,
3,,,,,
2,Electric_Vehicle_1,,,0.0,27.8
1,Electric_Vehicle_1,15.0,75.5,,
1,Electric_Vehicle_1,14.0,75.5,,
1,Electric_Vehicle_1,13.0,75.5,,
1,Electric_Vehicle_1,12.0,75.5,,
1,Electric_Vehicle_1,11.0,75.5,,
1,Electric_Vehicle_1,10.0,75.5,,
1,Electric_Vehicle_1,9.0,75.5,,
1,Electric_Vehicle_1,8.0,75.5,,
1,Electric_Vehicle_1,7.0,75.5,,
1,Electric_Vehicle_1,6.0,75.5,,
1,Electric_Vehicle_1,5.0,75.5,,
1,Electric_Vehicle_1,4.0,75.5,,
1,Electric_Vehicle_1,3.0,75.5,,
1,Electric_Vehicle_1,2.0,75.5,,
1,Electric_Vehicle_1,1.0,75.5,,
1,Electric_Vehicle_1,0.0,75.5,,
3,,,,,
3,,,,,
3,,,,,
3,,,,,
3,,,,,
3,,,,,
3,,,,,
2,Electric_Vehicle_1,,,0.0,32.0
1,Electric_Vehicle_1,14.0,77.5,,
1,Electric_Vehicle_1,13.0,77.5,,
1,Electric_Vehicle_1,12.0,77.5,,
1,Electric_Vehicle_1,11.0,77.5,,
1,Electric_Vehicle_1,10.0,77.5,,
1,Electric_Vehicle_1,9.0,77.5,,
1,Electric_Vehicle_1,8.0,77.5,,
1,Electric_Vehicle_1,7.0,77.5,,
1,Electric_Vehicle_1,6.0,77.5,,
1,Electric_Vehicle_1,5.0,77.5,,
1,Electric_Vehicle_1,4.0,77.5,,
1,Electric_Vehicle_1,3.0,77.5,,
1,Electric_Vehicle_1,2.0,77.5,,
1,Electric_Vehicle_1,1.0,77.5,,
1,Electric_Vehicle_1,0.0,77.5,,
3,,,,,
3,,,,,
3,,,,,
3,,,,,
3,,,,,
3,,,,,
3,,,,,
3,,,,,
3,,,,,
2,Electric_Vehicle_1,,,0.0,46.1
1,Electric_Vehicle_1,14.0,81.5,,
1,Electric_Vehicle_1,13.0,81.5,,
1,Electric_Vehicle_1,12.0,81.5,,
1,Electric_Vehicle_1,11.0,81.5,,
1,Electric_Vehicle_1,10.0,81.5,,
1,Electric_Vehicle_1,9.0,81.5,,
1,Electric_Vehicle_1,8.0,81.5,,
1,Electric_Vehicle_1,7.0,81.5,,
1,Electric_Vehicle_1,6.0,81.5,,
1,Electric_Vehicle_1,5.0,81.5,,
1,Electric_Vehicle_1,4.0,81.5,,
1,Electric_Vehicle_1,3.0,81.5,,
1,Electric_Vehicle_1,2.0,81.5,,
1,Electric_Vehicle_1,1.0,81.5,,
1,Electric_Vehicle_1,0.0,81.5,,
3,,,,,
3,,,,,
3,,,,,
3,,,,,
3,,,,,
3,,,,,
3,,,,,
2,Electric_Vehicle_1,,,0.0,49.2
1,Electric_Vehicle_1,63.0,83.7,,
1,Electric_Vehicle_1,62.0,83.7,,
1,Electric_Vehicle_1,61.0,83.7,,
1,Electric_Vehicle_1,60.0,83.7,,
1,Electric_Vehicle_1,59.0,83.7,,
1,Electric_Vehicle_1,58.0,83.7,,
1,Electric_Vehicle_1,57.0,83.7,,
1,Electric_Vehicle_1,56.0,83.7,,
1,Electric_Vehicle_1,55.0,83.7,,
1,Electric_Vehicle_1,54.0,83.7,,
1,Electric_Vehicle_1,53.0,83.7,,
1,Electric_Vehicle_1,52.0,83.7,,
1,Electric_Vehicle_1,51.0,83.7,,
1,Electric_Vehicle_1,50.0,83.7,,
1,Electric_Vehicle_1,49.0,83.7,,
1,Electric_Vehicle_1,48.0,83.7,,
1,Electric_Vehicle_1,47.0,83.7,,
1,Electric_Vehicle_1,46.0,83.7,,
1,Electric_Vehicle_1,45.0,83.7,,
1,Electric_Vehicle_1,44.0,83.7,,
1,Electric_Vehicle_1,43.0,83.7,,
1,Electric_Vehicle_1,42.0,83.7,,
1,Electric_Vehicle_1,41.0,83.7,,
1,Electric_Vehicle_1,40.0,83.7,,
1,Electric_Vehicle_1,39.0,83.7,,
1,Electric_Vehicle_1,38.0,83.7,,
1,Electric_Vehicle_1,37.0,83.7,,
1,Electric_Vehicle_1,36.0,83.7,,
1,Electric_Vehicle_1,35.0,83.7,,
1,Electric_Vehicle_1,34.0,83.7,,
1,Electric_Vehicle_1,33.0,83.7,,
1,Electric_Vehicle_1,32.0,83.7,,
1,Electric_Vehicle_1,31.0,83.7,,
1,Electric_Vehicle_1,30.0,83.7,,
1,Electric_Vehicle_1,29.0,83.7,,
1,Electric_Vehicle_1,28.0,83.7,,
1,Electric_Vehicle_1,27.0,83.7,,
1,Electric_Vehicle_1,26.0,83.7,,
1,Electric_Vehicle_1,25.0,83.7,,
1,Electric_Vehicle_1,24.0,83.7,,
1,Electric_Vehicle_1,23.0,83.7,,
1,Electric_Vehicle_1,22.0,83.7,,
1,Electric_Vehicle_1,21.0,83.7,,
1,Electric_Vehicle_1,20.0,83.7,,
1,Electric_Vehicle_1,19.0,83.7,,
1,Electric_Vehicle_1,18.0,83.7,,
1,Electric_Vehicle_1,17.0,83.7,,
1,Electric_Vehicle_1,16.0,83.7,,
1,Electric_Vehicle_1,15.0,83.7,,
1,Electric_Vehicle_1,14.0,83.7,,
1,Electric_Vehicle_1,13.0,83.7,,
1,Electric_Vehicle_1,12.0,83.7,,
1,Electric_Vehicle_1,11.0,83.7,,
1,Electric_Vehicle_1,10.0,83.7,,
1,Electric_Vehicle_1,9.0,83.7,,
1,Electric_Vehicle_1,8.0,83.7,,
1,Electric_Vehicle_1,7.0,83.7,,
1,Electric_Vehicle_1,6.0,83.7,,
1,Electric_Vehicle_1,5.0,83.7,,
1,Electric_Vehicle_1,4.0,83.7,,
1,Electric_Vehicle_1,3.0,83.7,,
1,Electric_Vehicle_1,2.0,83.7,,
1,Electric_Vehicle_1,1.0,83.7,,
1,Electric_Vehicle_1,0.0,83.7,,
3,,,,,
3,,,,,
3,,,,,
3,,,,,
3,,,,,
3,,,,,
3,,,,,
3,,,,,
3,,,,,
2,Electric_Vehicle_1,,,0.0,51.0
1,Electric_Vehicle_1,14.0,70.9,,
1,Electric_Vehicle_1,13.0,70.9,,
1,Electric_Vehicle_1,12.0,70.9,,
1,Electric_Vehicle_1,11.0,70.9,,
1,Electric_Vehicle_1,10.0,70.9,,
1,Electric_Vehicle_1,9.0,70.9,,
1,Electric_Vehicle_1,8.0,70.9,,
1,Electric_Vehicle_1,7.0,70.9,,
1,Electric_Vehicle_1,6.0,70.9,,
1,Electric_Vehicle_1,5.0,70.9,,
1,Electric_Vehicle_1,4.0,70.9,,
1,Electric_Vehicle_1,3.0,70.9,,
1,Electric_Vehicle_1,2.0,70.9,,
1,Electric_Vehicle_1,1.0,70.9,,
1,Electric_Vehicle_1,0.0,70.9,,
3,,,,,
3,,,,,
3,,,,,
3,,,,,
3,,,,,
3,,,,,
3,,,,,
3,,,,,
2,Electric_Vehicle_1,,,0.0,25.8
1,Electric_Vehicle_1,12.0,80.4,,
1,Electric_Vehicle_1,11.0,80.4,,
1,Electric_Vehicle_1,10.0,80.4,,
1,Electric_Vehicle_1,9.0,80.4,,
1,Electric_Vehicle_1,8.0,80.4,,
1,Electric_Vehicle_1,7.0,80.4,,
1,Electric_Vehicle_1,6.0,80.4,,
1,Electric_Vehicle_1,5.0,80.4,,
1,Electric_Vehicle_1,4.0,80.4,,
1,Electric_Vehicle_1,3.0,80.4,,
1,Electric_Vehicle_1,2.0,80.4,,
1,Electric_Vehicle_1,1.0,80.4,,
1,Electric_Vehicle_1,0.0,80.4,,
3,,,,,
3,,,,,
3,,,,,
3,,,,,
3,,,,,
3,,,,,
3,,,,,
3,,,,,
3,,,,,
3,,,,,
2,Electric_Vehicle_1,,,0.0,44.2
1,Electric_Vehicle_1,36.0,89.4,,
1,Electric_Vehicle_1,35.0,89.4,,
1,Electric_Vehicle_1,34.0,89.4,,
1,Electric_Vehicle_1,33.0,89.4,,
1,Electric_Vehicle_1,32.0,89.4,,
1,Electric_Vehicle_1,31.0,89.4,,
1,Electric_Vehicle_1,30.0,89.4,,
1,Electric_Vehicle_1,29.0,89.4,,
1,Electric_Vehicle_1,28.0,89.4,,
1,Electric_Vehicle_1,27.0,89.4,,
1,Electric_Vehicle_1,26.0,89.4,,
1,Electric_Vehicle_1,25.0,89.4,,
1,Electric_Vehicle_1,24.0,89.4,,
1,Electric_Vehicle_1,23.0,89.4,,
1,Electric_Vehicle_1,22.0,89.4,,
1,Electric_Vehicle_1,21.0,89.4,,
1,Electric_Vehicle_1,20.0,89.4,,
1,Electric_Vehicle_1,19.0,89.4,,
1,Electric_Vehicle_1,18.0,89.4,,
1,Electric_Vehicle_1,17.0,89.4,,
1,Electric_Vehicle_1,16.0,89.4,,
1,Electric_Vehicle_1,15.0,89.4,,
1,Electric_Vehicle_1,14.0,89.4,,
1,Electric_Vehicle_1,13.0,89.4,,
1,Electric_Vehicle_1,12.0,89.4,,
1,Electric_Vehicle_1,11.0,89.4,,
1,Electric_Vehicle_1,10.0,89.4,,
1,Electric_Vehicle_1,9.0,89.4,,
1,Electric_Vehicle_1,8.0,89.4,,
1,Electric_Vehicle_1,7.0,89.4,,
1,Electric_Vehicle_1,6.0,89.4,,
1,Electric_Vehicle_1,5.0,89.4,,
1,Electric_Vehicle_1,4.0,89.4,,
1,Electric_Vehicle_1,3.0,89.4,,
1,Electric_Vehicle_1,2.0,89.4,,
1,Electric_Vehicle_1,1.0,89.4,,
1,Electric_Vehicle_1,0.0,89.4,,
3,,,,,
3,,,,,
3,,,,,
3,,,,,
3,,,,,
3,,,,,
3,,,,,
3,,,,,
3,,,,,
3,,,,,
3,,,,,
3,,,,,
2,Electric_Vehicle_1,,,0.0,23.9
1,Electric_Vehicle_1,13.0,81.9,,
1,Electric_Vehicle_1,12.0,81.9,,
1,Electric_Vehicle_1,11.0,81.9,,
1,Electric_Vehicle_1,10.0,81.9,,
1,Electric_Vehicle_1,9.0,81.9,,
1,Electric_Vehicle_1,8.0,81.9,,
1,Electric_Vehicle_1,7.0,81.9,,
1,Electric_Vehicle_1,6.0,81.9,,
1,Electric_Vehicle_1,5.0,81.9,,
1,Electric_Vehicle_1,4.0,81.9,,
1,Electric_Vehicle_1,3.0,81.9,,
1,Electric_Vehicle_1,2.0,81.9,,
1,Electric_Vehicle_1,1.0,81.9,,
1,Electric_Vehicle_1,0.0,81.9,,
3,,,,,
3,,,,,
3,,,,,
3,,,,,
2,Electric_Vehicle_1,,,0.0,54.9
1,Electric_Vehicle_1,18.0,83.3,,
1,Electric_Vehicle_1,17.0,83.3,,
1,Electric_Vehicle_1,16.0,83.3,,
1,Electric_Vehicle_1,15.0,83.3,,
1,Electric_Vehicle_1,14.0,83.3,,
1,Electric_Vehicle_1,13.0,83.3,,
1,Electric_Vehicle_1,12.0,83.3,,
1,Electric_Vehicle_1,11.0,83.3,,
1,Electric_Vehicle_1,10.0,83.3,,
1,Electric_Vehicle_1,9.0,83.3,,
1,Electric_Vehicle_1,8.0,83.3,,
1,Electric_Vehicle_1,7.0,83.3,,
1,Electric_Vehicle_1,6.0,83.3,,
1,Electric_Vehicle_1,5.0,83.3,,
1,Electric_Vehicle_1,4.0,83.3,,
1,Electric_Vehicle_1,3.0,83.3,,
1,Electric_Vehicle_1,2.0,83.3,,
1,Electric_Vehicle_1,1.0,83.3,,
1,Electric_Vehicle_1,0.0,83.3,,
3,,,,,
3,,,,,
3,,,,,
3,,,,,
3,,,,,
3,,,,,
2,Electric_Vehicle_1,,,0.0,53.1
1,Electric_Vehicle_1,13.0,79.7,,
1,Electric_Vehicle_1,12.0,79.7,,
1,Electric_Vehicle_1,11.0,79.7,,
1,Electric_Vehicle_1,10.0,79.7,,
1,Electric_Vehicle_1,9.0,79.7,,
1,Electric_Vehicle_1,8.0,79.7,,
1,Electric_Vehicle_1,7.0,79.7,,
1,Electric_Vehicle_1,6.0,79.7,,
1,Electric_Vehicle_1,5.0,79.7,,
1,Electric_Vehicle_1,4.0,79.7,,
1,Electric_Vehicle_1,3.0,79.7,,
1,Electric_Vehicle_1,2.0,79.7,,
1,Electric_Vehicle_1,1.0,79.7,,
1,Electric_Vehicle_1,0.0,79.7,,
3,,,,,
3,,,,,
3,,,,,
3,,,,,
3,,,,,
3,,,,,
3,,,,,
3,,,,,
3,,,,,
3,,,,,
2,Electric_Vehicle_1,,,0.0,49.9
1,Electric_Vehicle_1,13.0,74.8,,
1,Electric_Vehicle_1,12.0,74.8,,
1,Electric_Vehicle_1,11.0,74.8,,
1,Electric_Vehicle_1,10.0,74.8,,
1,Electric_Vehicle_1,9.0,74.8,,
1,Electric_Vehicle_1,8.0,74.8,,
1,Electric_Vehicle_1,7.0,74.8,,
1,Electric_Vehicle_1,6.0,74.8,,
1,Electric_Vehicle_1,5.0,74.8,,
1,Electric_Vehicle_1,4.0,74.8,,
1,Electric_Vehicle_1,3.0,74.8,,
1,Electric_Vehicle_1,2.0,74.8,,
1,Electric_Vehicle_1,1.0,74.8,,
1,Electric_Vehicle_1,0.0,74.8,,
3,,,,,
3,,,,,
3,,,,,
3,,,,,
3,,,,,
3,,,,,
3,,,,,
3,,,,,
3,,,,,
3,,,,,
2,Electric_Vehicle_1,,,0.0,25.3
1,Electric_Vehicle_1,12.0,81.2,,
1,Electric_Vehicle_1,11.0,81.2,,
1,Electric_Vehicle_1,10.0,81.2,,
1,Electric_Vehicle_1,9.0,81.2,,
1,Electric_Vehicle_1,8.0,81.2,,
1,Electric_Vehicle_1,7.0,81.2,,
1,Electric_Vehicle_1,6.0,81.2,,
1,Electric_Vehicle_1,5.0,81.2,,
1,Electric_Vehicle_1,4.0,81.2,,
1,Electric_Vehicle_1,3.0,81.2,,
1,Electric_Vehicle_1,2.0,81.2,,
1,Electric_Vehicle_1,1.0,81.2,,
1,Electric_Vehicle_1,0.0,81.2,,
3,,,,,
3,,,,,
3,,,,,
3,,,,,
3,,,,,
3,,,,,
2,Electric_Vehicle_1,,,0.0,54.4
1,Electric_Vehicle_1,40.0,77.5,,
1,Electric_Vehicle_1,39.0,77.5,,
1,Electric_Vehicle_1,38.0,77.5,,
1,Electric_Vehicle_1,37.0,77.5,,
1,Electric_Vehicle_1,36.0,77.5,,
1,Electric_Vehicle_1,35.0,77.5,,
1,Electric_Vehicle_1,34.0,77.5,,
1,Electric_Vehicle_1,33.0,77.5,,
1,Electric_Vehicle_1,32.0,77.5,,
1,Electric_Vehicle_1,31.0,77.5,,
1,Electric_Vehicle_1,30.0,77.5,,
1,Electric_Vehicle_1,29.0,77.5,,
1,Electric_Vehicle_1,28.0,77.5,,
1,Electric_Vehicle_1,27.0,77.5,,
1,Electric_Vehicle_1,26.0,77.5,,
1,Electric_Vehicle_1,25.0,77.5,,
1,Electric_Vehicle_1,24.0,77.5,,
1,Electric_Vehicle_1,23.0,77.5,,
1,Electric_Vehicle_1,22.0,77.5,,
1,Electric_Vehicle_1,21.0,77.5,,
1,Electric_Vehicle_1,20.0,77.5,,
1,Electric_Vehicle_1,19.0,77.5,,
1,Electric_Vehicle_1,18.0,77.5,,
1,Electric_Vehicle_1,17.0,77.5,,
1,Electric_Vehicle_1,16.0,77.5,,
1,Electric_Vehicle_1,15.0,77.5,,
1,Electric_Vehicle_1,14.0,77.5,,
1,Electric_Vehicle_1,13.0,77.5,,
1,Electric_Vehicle_1,12.0,77.5,,
1,Electric_Vehicle_1,11.0,77.5,,
1,Electric_Vehicle_1,10.0,77.5,,
1,Electric_Vehicle_1,9.0,77.5,,
1,Electric_Vehicle_1,8.0,77.5,,
1,Electric_Vehicle_1,7.0,77.5,,
1,Electric_Vehicle_1,6.0,77.5,,
1,Electric_Vehicle_1,5.0,77.5,,
1,Electric_Vehicle_1,4.0,77.5,,
1,Electric_Vehicle_1,3.0,77.5,,
1,Electric_Vehicle_1,2.0,77.5,,
1,Electric_Vehicle_1,1.0,77.5,,
1,Electric_Vehicle_1,0.0,77.5,,
3,,,,,
3,,,,,
3,,,,,
3,,,,,
3,,,,,
3,,,,,
3,,,,,
3,,,,,
3,,,,,
2,Electric_Vehicle_1,,,0.0,48.2
1,Electric_Vehicle_1,14.0,73.0,,
1,Electric_Vehicle_1,13.0,73.0,,
1,Electric_Vehicle_1,12.0,73.0,,
1,Electric_Vehicle_1,11.0,73.0,,
1,Electric_Vehicle_1,10.0,73.0,,
1,Electric_Vehicle_1,9.0,73.0,,
1,Electric_Vehicle_1,8.0,73.0,,
1,Electric_Vehicle_1,7.0,73.0,,
1,Electric_Vehicle_1,6.0,73.0,,
1,Electric_Vehicle_1,5.0,73.0,,
1,Electric_Vehicle_1,4.0,73.0,,
1,Electric_Vehicle_1,3.0,73.0,,
1,Electric_Vehicle_1,2.0,73.0,,
1,Electric_Vehicle_1,1.0,73.0,,
1,Electric_Vehicle_1,0.0,73.0,,
3,,,,,
3,,,,,
3,,,,,
3,,,,,
3,,,,,
3,,,,,
3,,,,,
3,,,,,
3,,,,,
3,,,,,
2,Electric_Vehicle_1,,,0.0,27.7
1,Electric_Vehicle_1,15.0,71.0,,
1,Electric_Vehicle_1,14.0,71.0,,
1,Electric_Vehicle_1,13.0,71.0,,
1,Electric_Vehicle_1,12.0,71.0,,
1,Electric_Vehicle_1,11.0,71.0,,
1,Electric_Vehicle_1,10.0,71.0,,
1,Electric_Vehicle_1,9.0,71.0,,
1,Electric_Vehicle_1,8.0,71.0,,
1,Electric_Vehicle_1,7.0,71.0,,
1,Electric_Vehicle_1,6.0,71.0,,
1,Electric_Vehicle_1,5.0,71.0,,
1,Electric_Vehicle_1,4.0,71.0,,
1,Electric_Vehicle_1,3.0,71.0,,
1,Electric_Vehicle_1,2.0,71.0,,
1,Electric_Vehicle_1,1.0,71.0,,
1,Electric_Vehicle_1,0.0,71.0,,
3,,,,,
3,,,,,
3,,,,,
3,,,,,
3,,,,,
3,,,,,
2,Electric_Vehicle_1,,,0.0,32.6
1,Electric_Vehicle_1,11.0,87.5,,
1,Electric_Vehicle_1,10.0,87.5,,
1,Electric_Vehicle_1,9.0,87.5,,
1,Electric_Vehicle_1,8.0,87.5,,
1,Electric_Vehicle_1,7.0,87.5,,
1,Electric_Vehicle_1,6.0,87.5,,
1,Electric_Vehicle_1,5.0,87.5,,
1,Electric_Vehicle_1,4.0,87.5,,
1,Electric_Vehicle_1,3.0,87.5,,
1,Electric_Vehicle_1,2.0,87.5,,
1,Electric_Vehicle_1,1.0,87.5,,
1,Electric_Vehicle_1,0.0,87.5,,
3,,,,,
3,,,,,
3,,,,,
3,,,,,
3,,,,,
3,,,,,
3,,,,,
3,,,,,
3,,,,,
3,,,,,
3,,,,,
2,Electric_Vehicle_1,,,0.0,40.4
1,Electric_Vehicle_1,11.0,71.3,,
1,Electric_Vehicle_1,10.0,71.3,,
1,Electric_Vehicle_1,9.0,71.3,,
1,Electric_Vehicle_1,8.0,71.3,,
1,Electric_Vehicle_1,7.0,71.3,,
1,Electric_Vehicle_1,6.0,71.3,,
1,Electric_Vehicle_1,5.0,71.3,,
1,Electric_Vehicle_1,4.0,71.3,,
1,Electric_Vehicle_1,3.0,71.3,,
1,Electric_Vehicle_1,2.0,71.3,,
1,Electric_Vehicle_1,1.0,71.3,,
1,Electric_Vehicle_1,0.0,71.3,,
3,,,,,
3,,,,,
3,,,,,
3,,,,,
3,,,,,
3,,,,,
3,,,,,
3,,,,,
2,Electric_Vehicle_1,,,0.0,40.9
1,Electric_Vehicle_1,13.0,80.2,,
1,Electric_Vehicle_1,12.0,80.2,,
1,Electric_Vehicle_1,11.0,80.2,,
1,Electric_Vehicle_1,10.0,80.2,,
1,Electric_Vehicle_1,9.0,80.2,,
1,Electric_Vehicle_1,8.0,80.2,,
1,Electric_Vehicle_1,7.0,80.2,,
1,Electric_Vehicle_1,6.0,80.2,,
1,Electric_Vehicle_1,5.0,80.2,,
1,Electric_Vehicle_1,4.0,80.2,,
1,Electric_Vehicle_1,3.0,80.2,,
1,Electric_Vehicle_1,2.0,80.2,,
1,Electric_Vehicle_1,1.0,80.2,,
1,Electric_Vehicle_1,0.0,80.2,,
3,,,,,
3,,,,,
3,,,,,
3,,,,,
3,,,,,
3,,,,,
3,,,,,
3,,,,,
3,,,,,
3,,,,,
3,,,,,
2,Electric_Vehicle_1,,,0.0,46.9
1,Electric_Vehicle_1,12.0,87.8,,
1,Electric_Vehicle_1,11.0,87.8,,
1,Electric_Vehicle_1,10.0,87.8,,
1,Electric_Vehicle_1,9.0,87.8,,
1,Electric_Vehicle_1,8.0,87.8,,
1,Electric_Vehicle_1,7.0,87.8,,
1,Electric_Vehicle_1,6.0,87.8,,
1,Electric_Vehicle_1,5.0,87.8,,
1,Electric_Vehicle_1,4.0,87.8,,
1,Electric_Vehicle_1,3.0,87.8,,
1,Electric_Vehicle_1,2.0,87.8,,
1,Electric_Vehicle_1,1.0,87.8,,
1,Electric_Vehicle_1,0.0,87.8,,
3,,,,,
3,,,,,
3,,,,,
3,,,,,
3,,,,,
3,,,,,
3,,,,,
3,,,,,
3,,,,,
2,Electric_Vehicle_1,,,0.0,36.7
1,Electric_Vehicle_1,13.0,89.1,,
1,Electric_Vehicle_1,12.0,89.1,,
1,Electric_Vehicle_1,11.0,89.1,,
1,Electric_Vehicle_1,10.0,89.1,,
1,Electric_Vehicle_1,9.0,89.1,,
1,Electric_Vehicle_1,8.0,89.1,,
1,Electric_Vehicle_1,7.0,89.1,,
1,Electric_Vehicle_1,6.0,89.1,,
1,Electric_Vehicle_1,5.0,89.1,,
1,Electric_Vehicle_1,4.0,89.1,,
1,Electric_Vehicle_1,3.0,89.1,,
1,Electric_Vehicle_1,2.0,89.1,,
1,Electric_Vehicle_1,1.0,89.1,,
1,Electric_Vehicle_1,0.0,89.1,,
3,,,,,
3,,,,,
3,,,,,
3,,,,,
3,,,,,
3,,,,,
3,,,,,
3,,,,,
3,,,,,
3,,,,,
3,,,,,
2,Electric_Vehicle_1,,,0.0,30.7
1,Electric_Vehicle_1,11.0,87.9,,
1,Electric_Vehicle_1,10.0,87.9,,
1,Electric_Vehicle_1,9.0,87.9,,
1,Electric_Vehicle_1,8.0,87.9,,
1,Electric_Vehicle_1,7.0,87.9,,
1,Electric_Vehicle_1,6.0,87.9,,
1,Electric_Vehicle_1,5.0,87.9,,
1,Electric_Vehicle_1,4.0,87.9,,
1,Electric_Vehicle_1,3.0,87.9,,
1,Electric_Vehicle_1,2.0,87.9,,
1,Electric_Vehicle_1,1.0,87.9,,
1,Electric_Vehicle_1,0.0,87.9,,
3,,,,,
3,,,,,
3,,,,,
3,,,,,
3,,,,,
3,,,,,
3,,,,,
3,,,,,
3,,,,,
3,,,,,
3,,,,,
2,Electric_Vehicle_1,,,0.0,37.8
1,Electric_Vehicle_1,37.0,75.3,,
1,Electric_Vehicle_1,36.0,75.3,,
1,Electric_Vehicle_1,35.0,75.3,,
1,Electric_Vehicle_1,34.0,75.3,,
1,Electric_Vehicle_1,33.0,75.3,,
1,Electric_Vehicle_1,32.0,75.3,,
1,Electric_Vehicle_1,31.0,75.3,,
1,Electric_Vehicle_1,30.0,75.3,,
1,Electric_Vehicle_1,29.0,75.3,,
1,Electric_Vehicle_1,28.0,75.3,,
1,Electric_Vehicle_1,27.0,75.3,,
1,Electric_Vehicle_1,26.0,75.3,,
1,Electric_Vehicle_1,25.0,75.3,,
1,Electric_Vehicle_1,24.0,75.3,,
1,Electric_Vehicle_1,23.0,75.3,,
1,Electric_Vehicle_1,22.0,75.3,,
1,Electric_Vehicle_1,21.0,75.3,,
1,Electric_Vehicle_1,20.0,75.3,,
1,Electric_Vehicle_1,19.0,75.3,,
1,Electric_Vehicle_1,18.0,75.3,,
1,Electric_Vehicle_1,17.0,75.3,,
1,Electric_Vehicle_1,16.0,75.3,,
1,Electric_Vehicle_1,15.0,75.3,,
1,Electric_Vehicle_1,14.0,75.3,,
1,Electric_Vehicle_1,13.0,75.3,,
1,Electric_Vehicle_1,12.0,75.3,,
1,Electric_Vehicle_1,11.0,75.3,,
1,Electric_Vehicle_1,10.0,75.3,,
1,Electric_Vehicle_1,9.0,75.3,,
1,Electric_Vehicle_1,8.0,75.3,,
1,Electric_Vehicle_1,7.0,75.3,,
1,Electric_Vehicle_1,6.0,75.3,,
1,Electric_Vehicle_1,5.0,75.3,,
1,Electric_Vehicle_1,4.0,75.3,,
1,Electric_Vehicle_1,3.0,75.3,,
1,Electric_Vehicle_1,2.0,75.3,,
1,Electric_Vehicle_1,1.0,75.3,,
1,Electric_Vehicle_1,0.0,75.3,,
3,,,,,
3,,,,,
3,,,,,
3,,,,,
3,,,,,
3,,,,,
3,,,,,
3,,,,,
3,,,,,
2,Electric_Vehicle_1,,,0.0,25.9
1,Electric_Vehicle_1,12.0,71.1,,
1,Electric_Vehicle_1,11.0,71.1,,
1,Electric_Vehicle_1,10.0,71.1,,
1,Electric_Vehicle_1,9.0,71.1,,
1,Electric_Vehicle_1,8.0,71.1,,
1,Electric_Vehicle_1,7.0,71.1,,
1,Electric_Vehicle_1,6.0,71.1,,
1,Electric_Vehicle_1,5.0,71.1,,
1,Electric_Vehicle_1,4.0,71.1,,
1,Electric_Vehicle_1,3.0,71.1,,
1,Electric_Vehicle_1,2.0,71.1,,
1,Electric_Vehicle_1,1.0,71.1,,
1,Electric_Vehicle_1,0.0,71.1,,
3,,,,,
3,,,,,
3,,,,,
3,,,,,
3,,,,,
3,,,,,
3,,,,,
2,Electric_Vehicle_1,,,0.0,48.6
1,Electric_Vehicle_1,15.0,87.2,,
1,Electric_Vehicle_1,14.0,87.2,,
1,Electric_Vehicle_1,13.0,87.2,,
1,Electric_Vehicle_1,12.0,87.2,,
1,Electric_Vehicle_1,11.0,87.2,,
1,Electric_Vehicle_1,10.0,87.2,,
1,Electric_Vehicle_1,9.0,87.2,,
1,Electric_Vehicle_1,8.0,87.2,,
1,Electric_Vehicle_1,7.0,87.2,,
1,Electric_Vehicle_1,6.0,87.2,,
1,Electric_Vehicle_1,5.0,87.2,,
1,Electric_Vehicle_1,4.0,87.2,,
1,Electric_Vehicle_1,3.0,87.2,,
1,Electric_Vehicle_1,2.0,87.2,,
1,Electric_Vehicle_1,1.0,87.2,,
1,Electric_Vehicle_1,0.0,87.2,,
3,,,,,
3,,,,,
3,,,,,
3,,,,,
3,,,,,
3,,,,,
3,,,,,
3,,,,,
2,Electric_Vehicle_1,,,0.0,27.2
1,Electric_Vehicle_1,37.0,70.9,,
1,Electric_Vehicle_1,36.0,70.9,,
1,Electric_Vehicle_1,35.0,70.9,,
1,Electric_Vehicle_1,34.0,70.9,,
1,Electric_Vehicle_1,33.0,70.9,,
1,Electric_Vehicle_1,32.0,70.9,,
1,Electric_Vehicle_1,31.0,70.9,,
1,Electric_Vehicle_1,30.0,70.9,,
1,Electric_Vehicle_1,29.0,70.9,,
1,Electric_Vehicle_1,28.0,70.9,,
1,Electric_Vehicle_1,27.0,70.9,,
1,Electric_Vehicle_1,26.0,70.9,,
1,Electric_Vehicle_1,25.0,70.9,,
1,Electric_Vehicle_1,24.0,70.9,,
1,Electric_Vehicle_1,23.0,70.9,,
1,Electric_Vehicle_1,22.0,70.9,,
1,Electric_Vehicle_1,21.0,70.9,,
1,Electric_Vehicle_1,20.0,70.9,,
1,Electric_Vehicle_1,19.0,70.9,,
1,Electric_Vehicle_1,18.0,70.9,,
1,Electric_Vehicle_1,17.0,70.9,,
1,Electric_Vehicle_1,16.0,70.9,,
1,Electric_Vehicle_1,15.0,70.9,,
1,Electric_Vehicle_1,14.0,70.9,,
1,Electric_Vehicle_1,13.0,70.9,,
1,Electric_Vehicle_1,12.0,70.9,,
1,Electric_Vehicle_1,11.0,70.9,,
1,Electric_Vehicle_1,10.0,70.9,,
1,Electric_Vehicle_1,9.0,70.9,,
1,Electric_Vehicle_1,8.0,70.9,,
1,Electric_Vehicle_1,7.0,70.9,,
1,Electric_Vehicle_1,6.0,70.9,,
1,Electric_Vehicle_1,5.0,70.9,,
1,Electric_Vehicle_1,4.0,70.9,,
1,Electric_Vehicle_1,3.0,70.9,,
1,Electric_Vehicle_1,2.0,70.9,,
1,Electric_Vehicle_1,1.0,70.9,,
1,Electric_Vehicle_1,0.0,70.9,,
3,,,,,
3,,,,,
3,,,,,
3,,,,,
3,,,,,
3,,,,,
3,,,,,
3,,,,,
3,,,,,
2,Electric_Vehicle_1,,,0.0,52.4
1,Electric_Vehicle_1,17.0,83.8,,
1,Electric_Vehicle_1,16.0,83.8,,
1,Electric_Vehicle_1,15.0,83.8,,
1,Electric_Vehicle_1,14.0,83.8,,
1,Electric_Vehicle_1,13.0,83.8,,
1,Electric_Vehicle_1,12.0,83.8,,
1,Electric_Vehicle_1,11.0,83.8,,
1,Electric_Vehicle_1,10.0,83.8,,
1,Electric_Vehicle_1,9.0,83.8,,
1,Electric_Vehicle_1,8.0,83.8,,
1,Electric_Vehicle_1,7.0,83.8,,
1,Electric_Vehicle_1,6.0,83.8,,
1,Electric_Vehicle_1,5.0,83.8,,
1,Electric_Vehicle_1,4.0,83.8,,
1,Electric_Vehicle_1,3.0,83.8,,
1,Electric_Vehicle_1,2.0,83.8,,
1,Electric_Vehicle_1,1.0,83.8,,
1,Electric_Vehicle_1,0.0,83.8,,
3,,,,,
3,,,,,
3,,,,,
2,Electric_Vehicle_1,,,0.0,41.2
1,Electric_Vehicle_1,39.0,86.0,,
1,Electric_Vehicle_1,38.0,86.0,,
1,Electric_Vehicle_1,37.0,86.0,,
1,Electric_Vehicle_1,36.0,86.0,,
1,Electric_Vehicle_1,35.0,86.0,,
1,Electric_Vehicle_1,34.0,86.0,,
1,Electric_Vehicle_1,33.0,86.0,,
1,Electric_Vehicle_1,32.0,86.0,,
1,Electric_Vehicle_1,31.0,86.0,,
1,Electric_Vehicle_1,30.0,86.0,,
1,Electric_Vehicle_1,29.0,86.0,,
1,Electric_Vehicle_1,28.0,86.0,,
1,Electric_Vehicle_1,27.0,86.0,,
1,Electric_Vehicle_1,26.0,86.0,,
1,Electric_Vehicle_1,25.0,86.0,,
1,Electric_Vehicle_1,24.0,86.0,,
1,Electric_Vehicle_1,23.0,86.0,,
1,Electric_Vehicle_1,22.0,86.0,,
1,Electric_Vehicle_1,21.0,86.0,,
1,Electric_Vehicle_1,20.0,86.0,,
1,Electric_Vehicle_1,19.0,86.0,,
1,Electric_Vehicle_1,18.0,86.0,,
1,Electric_Vehicle_1,17.0,86.0,,
1,Electric_Vehicle_1,16.0,86.0,,
1,Electric_Vehicle_1,15.0,86.0,,
1,Electric_Vehicle_1,14.0,86.0,,
1,Electric_Vehicle_1,13.0,86.0,,
1,Electric_Vehicle_1,12.0,86.0,,
1,Electric_Vehicle_1,11.0,86.0,,
1,Electric_Vehicle_1,10.0,86.0,,
1,Electric_Vehicle_1,9.0,86.0,,
1,Electric_Vehicle_1,8.0,86.0,,
1,Electric_Vehicle_1,7.0,86.0,,
1,Electric_Vehicle_1,6.0,86.0,,
1,Electric_Vehicle_1,5.0,86.0,,
1,Electric_Vehicle_1,4.0,86.0,,
1,Electric_Vehicle_1,3.0,86.0,,
1,Electric_Vehicle_1,2.0,86.0,,
1,Electric_Vehicle_1,1.0,86.0,,
1,Electric_Vehicle_1,0.0,86.0,,
3,,,,,
3,,,,,
3,,,,,
3,,,,,
3,,,,,
3,,,,,
3,,,,,
3,,,,,
3,,,,,
3,,,,,
2,Electric_Vehicle_1,,,0.0,36.6
1,Electric_Vehicle_1,12.0,76.6,,
1,Electric_Vehicle_1,11.0,76.6,,
1,Electric_Vehicle_1,10.0,76.6,,
1,Electric_Vehicle_1,9.0,76.6,,
1,Electric_Vehicle_1,8.0,76.6,,
1,Electric_Vehicle_1,7.0,76.6,,
1,Electric_Vehicle_1,6.0,76.6,,
1,Electric_Vehicle_1,5.0,76.6,,
1,Electric_Vehicle_1,4.0,76.6,,
1,Electric_Vehicle_1,3.0,76.6,,
1,Electric_Vehicle_1,2.0,76.6,,
1,Electric_Vehicle_1,1.0,76.6,,
1,Electric_Vehicle_1,0.0,76.6,,
3,,,,,
3,,,,,
3,,,,,
3,,,,,
3,,,,,
3,,,,,
3,,,,,
3,,,,,
3,,,,,
3,,,,,
2,Electric_Vehicle_1,,,0.0,51.2
1,Electric_Vehicle_1,14.0,72.7,,
1,Electric_Vehicle_1,13.0,72.7,,
1,Electric_Vehicle_1,12.0,72.7,,
1,Electric_Vehicle_1,11.0,72.7,,
1,Electric_Vehicle_1,10.0,72.7,,
1,Electric_Vehicle_1,9.0,72.7,,
1,Electric_Vehicle_1,8.0,72.7,,
1,Electric_Vehicle_1,7.0,72.7,,
1,Electric_Vehicle_1,6.0,72.7,,
1,Electric_Vehicle_1,5.0,72.7,,
1,Electric_Vehicle_1,4.0,72.7,,
1,Electric_Vehicle_1,3.0,72.7,,
1,Electric_Vehicle_1,2.0,72.7,,
1,Electric_Vehicle_1,1.0,72.7,,
1,Electric_Vehicle_1,0.0,72.7,,
3,,,,,
3,,,,,
3,,,,,
3,,,,,
3,,,,,
3,,,,,
3,,,,,
3,,,,,
2,Electric_Vehicle_1,,,0.0,41.1
1,Electric_Vehicle_1,12.0,82.8,,
1,Electric_Vehicle_1,11.0,82.8,,
1,Electric_Vehicle_1,10.0,82.8,,
1,Electric_Vehicle_1,9.0,82.8,,
1,Electric_Vehicle_1,8.0,82.8,,
1,Electric_Vehicle_1,7.0,82.8,,
1,Electric_Vehicle_1,6.0,82.8,,
1,Electric_Vehicle_1,5.0,82.8,,
1,Electric_Vehicle_1,4.0,82.8,,
1,Electric_Vehicle_1,3.0,82.8,,
1,Electric_Vehicle_1,2.0,82.8,,
1,Electric_Vehicle_1,1.0,82.8,,
1,Electric_Vehicle_1,0.0,82.8,,
3,,,,,
3,,,,,
3,,,,,
3,,,,,
3,,,,,
3,,,,,
3,,,,,
3,,,,,
3,,,,,
3,,,,,
2,Electric_Vehicle_1,,,0.0,36.5
1,Electric_Vehicle_1,13.0,72.8,,
1,Electric_Vehicle_1,12.0,72.8,,
1,Electric_Vehicle_1,11.0,72.8,,
1,Electric_Vehicle_1,10.0,72.8,,
1,Electric_Vehicle_1,9.0,72.8,,
1,Electric_Vehicle_1,8.0,72.8,,
1,Electric_Vehicle_1,7.0,72.8,,
1,Electric_Vehicle_1,6.0,72.8,,
1,Electric_Vehicle_1,5.0,72.8,,
1,Electric_Vehicle_1,4.0,72.8,,
1,Electric_Vehicle_1,3.0,72.8,,
1,Electric_Vehicle_1,2.0,72.8,,
1,Electric_Vehicle_1,1.0,72.8,,
1,Electric_Vehicle_1,0.0,72.8,,
3,,,,,
3,,,,,
3,,,,,
3,,,,,
3,,,,,
3,,,,,
3,,,,,
2,Electric_Vehicle_1,,,0.0,43.9
1,Electric_Vehicle_1,16.0,77.3,,
1,Electric_Vehicle_1,15.0,77.3,,
1,Electric_Vehicle_1,14.0,77.3,,
1,Electric_Vehicle_1,13.0,77.3,,
1,Electric_Vehicle_1,12.0,77.3,,
1,Electric_Vehicle_1,11.0,77.3,,
1,Electric_Vehicle_1,10.0,77.3,,
1,Electric_Vehicle_1,9.0,77.3,,
1,Electric_Vehicle_1,8.0,77.3,,
1,Electric_Vehicle_1,7.0,77.3,,
1,Electric_Vehicle_1,6.0,77.3,,
1,Electric_Vehicle_1,5.0,77.3,,
1,Electric_Vehicle_1,4.0,77.3,,
1,Electric_Vehicle_1,3.0,77.3,,
1,Electric_Vehicle_1,2.0,77.3,,
1,Electric_Vehicle_1,1.0,77.3,,
1,Electric_Vehicle_1,0.0,77.3,,
3,,,,,
3,,,,,
3,,,,,
3,,,,,
3,,,,,
3,,,,,
2,Electric_Vehicle_1,,,0.0,54.9
1,Electric_Vehicle_1,15.0,84.5,,
1,Electric_Vehicle_1,14.0,84.5,,
1,Electric_Vehicle_1,13.0,84.5,,
1,Electric_Vehicle_1,12.0,84.5,,
1,Electric_Vehicle_1,11.0,84.5,,
1,Electric_Vehicle_1,10.0,84.5,,
1,Electric_Vehicle_1,9.0,84.5,,
1,Electric_Vehicle_1,8.0,84.5,,
1,Electric_Vehicle_1,7.0,84.5,,
1,Electric_Vehicle_1,6.0,84.5,,
1,Electric_Vehicle_1,5.0,84.5,,
1,Electric_Vehicle_1,4.0,84.5,,
1,Electric_Vehicle_1,3.0,84.5,,
1,Electric_Vehicle_1,2.0,84.5,,
1,Electric_Vehicle_1,1.0,84.5,,
1,Electric_Vehicle_1,0.0,84.5,,
3,,,,,
3,,,,,
3,,,,,
2,Electric_Vehicle_1,,,0.0,52.1
1,Electric_Vehicle_1,19.0,76.1,,
1,Electric_Vehicle_1,18.0,76.1,,
1,Electric_Vehicle_1,17.0,76.1,,
1,Electric_Vehicle_1,16.0,76.1,,
1,Electric_Vehicle_1,15.0,76.1,,
1,Electric_Vehicle_1,14.0,76.1,,
1,Electric_Vehicle_1,13.0,76.1,,
1,Electric_Vehicle_1,12.0,76.1,,
1,Electric_Vehicle_1,11.0,76.1,,
1,Electric_Vehicle_1,10.0,76.1,,
1,Electric_Vehicle_1,9.0,76.1,,
1,Electric_Vehicle_1,8.0,76.1,,
1,Electric_Vehicle_1,7.0,76.1,,
1,Electric_Vehicle_1,6.0,76.1,,
1,Electric_Vehicle_1,5.0,76.1,,
1,Electric_Vehicle_1,4.0,76.1,,
1,Electric_Vehicle_1,3.0,76.1,,
1,Electric_Vehicle_1,2.0,76.1,,
1,Electric_Vehicle_1,1.0,76.1,,
1,Electric_Vehicle_1,0.0,76.1,,
3,,,,,
3,,,,,
3,,,,,
3,,,,,
3,,,,,
3,,,,,
3,,,,,
3,,,,,
3,,,,,
2,Electric_Vehicle_1,,,0.0,40.1
1,Electric_Vehicle_1,11.0,87.3,,
1,Electric_Vehicle_1,10.0,87.3,,
1,Electric_Vehicle_1,9.0,87.3,,
1,Electric_Vehicle_1,8.0,87.3,,
1,Electric_Vehicle_1,7.0,87.3,,
1,Electric_Vehicle_1,6.0,87.3,,
1,Electric_Vehicle_1,5.0,87.3,,
1,Electric_Vehicle_1,4.0,87.3,,
1,Electric_Vehicle_1,3.0,87.3,,
1,Electric_Vehicle_1,2.0,87.3,,
1,Electric_Vehicle_1,1.0,87.3,,
1,Electric_Vehicle_1,0.0,87.3,,
3,,,,,
3,,,,,
3,,,,,
3,,,,,
3,,,,,
3,,,,,
3,,,,,
3,,,,,
3,,,,,
3,,,,,
3,,,,,
2,Electric_Vehicle_1,,,0.0,34.8
1,Electric_Vehicle_1,12.0,77.0,,
1,Electric_Vehicle_1,11.0,77.0,,
1,Electric_Vehicle_1,10.0,77.0,,
1,Electric_Vehicle_1,9.0,77.0,,
1,Electric_Vehicle_1,8.0,77.0,,
1,Electric_Vehicle_1,7.0,77.0,,
1,Electric_Vehicle_1,6.0,77.0,,
1,Electric_Vehicle_1,5.0,77.0,,
1,Electric_Vehicle_1,4.0,77.0,,
1,Electric_Vehicle_1,3.0,77.0,,
1,Electric_Vehicle_1,2.0,77.0,,
1,Electric_Vehicle_1,1.0,77.0,,
1,Electric_Vehicle_1,0.0,77.0,,
3,,,,,
3,,,,,
3,,,,,
3,,,,,
3,,,,,
3,,,,,
3,,,,,
3,,,,,
3,,,,,
3,,,,,
2,Electric_Vehicle_1,,,0.0,40.5
1,Electric_Vehicle_1,13.0,72.2,,
1,Electric_Vehicle_1,12.0,72.2,,
1,Electric_Vehicle_1,11.0,72.2,,
1,Electric_Vehicle_1,10.0,72.2,,
1,Electric_Vehicle_1,9.0,72.2,,
1,Electric_Vehicle_1,8.0,72.2,,
1,Electric_Vehicle_1,7.0,72.2,,
1,Electric_Vehicle_1,6.0,72.2,,
1,Electric_Vehicle_1,5.0,72.2,,
1,Electric_Vehicle_1,4.0,72.2,,
1,Electric_Vehicle_1,3.0,72.2,,
1,Electric_Vehicle_1,2.0,72.2,,
1,Electric_Vehicle_1,1.0,72.2,,
1,Electric_Vehicle_1,0.0,72.2,,
3,,,,,
3,,,,,
3,,,,,
3,,,,,
3,,,,,
3,,,,,
2,Electric_Vehicle_1,,,0.0,28.1
1,Electric_Vehicle_1,17.0,73.6,,
1,Electric_Vehicle_1,16.0,73.6,,
1,Electric_Vehicle_1,15.0,73.6,,
1,Electric_Vehicle_1,14.0,73.6,,
1,Electric_Vehicle_1,13.0,73.6,,
1,Electric_Vehicle_1,12.0,73.6,,
1,Electric_Vehicle_1,11.0,73.6,,
1,Electric_Vehicle_1,10.0,73.6,,
1,Electric_Vehicle_1,9.0,73.6,,
1,Electric_Vehicle_1,8.0,73.6,,
1,Electric_Vehicle_1,7.0,73.6,,
1,Electric_Vehicle_1,6.0,73.6,,
1,Electric_Vehicle_1,5.0,73.6,,
1,Electric_Vehicle_1,4.0,73.6,,
1,Electric_Vehicle_1,3.0,73.6,,
1,Electric_Vehicle_1,2.0,73.6,,
1,Electric_Vehicle_1,1.0,73.6,,
1,Electric_Vehicle_1,0.0,73.6,,
3,,,,,
3,,,,,
3,,,,,
3,,,,,
3,,,,,
3,,,,,
3,,,,,
3,,,,,
2,Electric_Vehicle_1,,,0.0,47.7
1,Electric_Vehicle_1,40.0,88.8,,
1,Electric_Vehicle_1,39.0,88.8,,
1,Electric_Vehicle_1,38.0,88.8,,
1,Electric_Vehicle_1,37.0,88.8,,
1,Electric_Vehicle_1,36.0,88.8,,
1,Electric_Vehicle_1,35.0,88.8,,
1,Electric_Vehicle_1,34.0,88.8,,
1,Electric_Vehicle_1,33.0,88.8,,
1,Electric_Vehicle_1,32.0,88.8,,
1,Electric_Vehicle_1,31.0,88.8,,
1,Electric_Vehicle_1,30.0,88.8,,
1,Electric_Vehicle_1,29.0,88.8,,
1,Electric_Vehicle_1,28.0,88.8,,
1,Electric_Vehicle_1,27.0,88.8,,
1,Electric_Vehicle_1,26.0,88.8,,
1,Electric_Vehicle_1,25.0,88.8,,
1,Electric_Vehicle_1,24.0,88.8,,
1,Electric_Vehicle_1,23.0,88.8,,
1,Electric_Vehicle_1,22.0,88.8,,
1,Electric_Vehicle_1,21.0,88.8,,
1,Electric_Vehicle_1,20.0,88.8,,
1,Electric_Vehicle_1,19.0,88.8,,
1,Electric_Vehicle_1,18.0,88.8,,
1,Electric_Vehicle_1,17.0,88.8,,
1,Electric_Vehicle_1,16.0,88.8,,
1,Electric_Vehicle_1,15.0,88.8,,
1,Electric_Vehicle_1,14.0,88.8,,
1,Electric_Vehicle_1,13.0,88.8,,
1,Electric_Vehicle_1,12.0,88.8,,
1,Electric_Vehicle_1,11.0,88.8,,
1,Electric_Vehicle_1,10.0,88.8,,
1,Electric_Vehicle_1,9.0,88.8,,
1,Electric_Vehicle_1,8.0,88.8,,
1,Electric_Vehicle_1,7.0,88.8,,
1,Electric_Vehicle_1,6.0,88.8,,
1,Electric_Vehicle_1,5.0,88.8,,
1,Electric_Vehicle_1,4.0,88.8,,
1,Electric_Vehicle_1,3.0,88.8,,
1,Electric_Vehicle_1,2.0,88.8,,
1,Electric_Vehicle_1,1.0,88.8,,
1,Electric_Vehicle_1,0.0,88.8,,
3,,,,,
3,,,,,
3,,,,,
3,,,,,
2,Electric_Vehicle_1,,,0.0,40.0
1,Electric_Vehicle_1,39.0,74.4,,
1,Electric_Vehicle_1,38.0,74.4,,
1,Electric_Vehicle_1,37.0,74.4,,
1,Electric_Vehicle_1,36.0,74.4,,
1,Electric_Vehicle_1,35.0,74.4,,
1,Electric_Vehicle_1,34.0,74.4,,
1,Electric_Vehicle_1,33.0,74.4,,
1,Electric_Vehicle_1,32.0,74.4,,
1,Electric_Vehicle_1,31.0,74.4,,
1,Electric_Vehicle_1,30.0,74.4,,
1,Electric_Vehicle_1,29.0,74.4,,
1,Electric_Vehicle_1,28.0,74.4,,
1,Electric_Vehicle_1,27.0,74.4,,
1,Electric_Vehicle_1,26.0,74.4,,
1,Electric_Vehicle_1,25.0,74.4,,
1,Electric_Vehicle_1,24.0,74.4,,
1,Electric_Vehicle_1,23.0,74.4,,
1,Electric_Vehicle_1,22.0,74.4,,
1,Electric_Vehicle_1,21.0,74.4,,
1,Electric_Vehicle_1,20.0,74.4,,
1,Electric_Vehicle_1,19.0,74.4,,
1,Electric_Vehicle_1,18.0,74.4,,
1,Electric_Vehicle_1,17.0,74.4,,
1,Electric_Vehicle_1,16.0,74.4,,
1,Electric_Vehicle_1,15.0,74.4,,
1,Electric_Vehicle_1,14.0,74.4,,
1,Electric_Vehicle_1,13.0,74.4,,
1,Electric_Vehicle_1,12.0,74.4,,
1,Electric_Vehicle_1,11.0,74.4,,
1,Electric_Vehicle_1,10.0,74.4,,
1,Electric_Vehicle_1,9.0,74.4,,
1,Electric_Vehicle_1,8.0,74.4,,
1,Electric_Vehicle_1,7.0,74.4,,
1,Electric_Vehicle_1,6.0,74.4,,
1,Electric_Vehicle_1,5.0,74.4,,
1,Electric_Vehicle_1,4.0,74.4,,
1,Electric_Vehicle_1,3.0,74.4,,
1,Electric_Vehicle_1,2.0,74.4,,
1,Electric_Vehicle_1,1.0,74.4,,
1,Electric_Vehicle_1,0.0,74.4,,
3,,,,,
3,,,,,
3,,,,,
3,,,,,
3,,,,,
3,,,,,
3,,,,,
3,,,,,
3,,,,,
2,Electric_Vehicle_1,,,0.0,52.9
1,Electric_Vehicle_1,13.0,70.9,,
1,Electric_Vehicle_1,12.0,70.9,,
1,Electric_Vehicle_1,11.0,70.9,,
1,Electric_Vehicle_1,10.0,70.9,,
1,Electric_Vehicle_1,9.0,70.9,,
1,Electric_Vehicle_1,8.0,70.9,,
1,Electric_Vehicle_1,7.0,70.9,,
1,Electric_Vehicle_1,6.0,70.9,,
1,Electric_Vehicle_1,5.0,70.9,,
1,Electric_Vehicle_1,4.0,70.9,,
1,Electric_Vehicle_1,3.0,70.9,,
1,Electric_Vehicle_1,2.0,70.9,,
1,Electric_Vehicle_1,1.0,70.9,,
1,Electric_Vehicle_1,0.0,70.9,,
3,,,,,
3,,,,,
3,,,,,
3,,,,,
3,,,,,
3,,,,,
3,,,,,
3,,,,,
2,Electric_Vehicle_1,,,0.0,36.8
1,Electric_Vehicle_1,14.0,73.2,,
1,Electric_Vehicle_1,13.0,73.2,,
1,Electric_Vehicle_1,12.0,73.2,,
1,Electric_Vehicle_1,11.0,73.2,,
1,Electric_Vehicle_1,10.0,73.2,,
1,Electric_Vehicle_1,9.0,73.2,,
1,Electric_Vehicle_1,8.0,73.2,,
1,Electric_Vehicle_1,7.0,73.2,,
1,Electric_Vehicle_1,6.0,73.2,,
1,Electric_Vehicle_1,5.0,73.2,,
1,Electric_Vehicle_1,4.0,73.2,,
1,Electric_Vehicle_1,3.0,73.2,,
1,Electric_Vehicle_1,2.0,73.2,,
1,Electric_Vehicle_1,1.0,73.2,,
1,Electric_Vehicle_1,0.0,73.2,,
3,,,,,
3,,,,,
3,,,,,
3,,,,,
3,,,,,
3,,,,,
3,,,,,
3,,,,,
2,Electric_Vehicle_1,,,0.0,42.7
1,Electric_Vehicle_1,13.0,71.1,,
1,Electric_Vehicle_1,12.0,71.1,,
1,Electric_Vehicle_1,11.0,71.1,,
1,Electric_Vehicle_1,10.0,71.1,,
1,Electric_Vehicle_1,9.0,71.1,,
1,Electric_Vehicle_1,8.0,71.1,,
1,Electric_Vehicle_1,7.0,71.1,,
1,Electric_Vehicle_1,6.0,71.1,,
1,Electric_Vehicle_1,5.0,71.1,,
1,Electric_Vehicle_1,4.0,71.1,,
1,Electric_Vehicle_1,3.0,71.1,,
1,Electric_Vehicle_1,2.0,71.1,,
1,Electric_Vehicle_1,1.0,71.1,,
1,Electric_Vehicle_1,0.0,71.1,,
3,,,,,
3,,,,,
3,,,,,
3,,,,,
3,,,,,
3,,,,,
3,,,,,
3,,,,,
3,,,,,
3,,,,,
3,,,,,
2,Electric_Vehicle_1,,,0.0,37.0
1,Electric_Vehicle_1,60.0,89.9,,
1,Electric_Vehicle_1,59.0,89.9,,
1,Electric_Vehicle_1,58.0,89.9,,
1,Electric_Vehicle_1,57.0,89.9,,
1,Electric_Vehicle_1,56.0,89.9,,
1,Electric_Vehicle_1,55.0,89.9,,
1,Electric_Vehicle_1,54.0,89.9,,
1,Electric_Vehicle_1,53.0,89.9,,
1,Electric_Vehicle_1,52.0,89.9,,
1,Electric_Vehicle_1,51.0,89.9,,
1,Electric_Vehicle_1,50.0,89.9,,
1,Electric_Vehicle_1,49.0,89.9,,
1,Electric_Vehicle_1,48.0,89.9,,
1,Electric_Vehicle_1,47.0,89.9,,
1,Electric_Vehicle_1,46.0,89.9,,
1,Electric_Vehicle_1,45.0,89.9,,
1,Electric_Vehicle_1,44.0,89.9,,
1,Electric_Vehicle_1,43.0,89.9,,
1,Electric_Vehicle_1,42.0,89.9,,
1,Electric_Vehicle_1,41.0,89.9,,
1,Electric_Vehicle_1,40.0,89.9,,
1,Electric_Vehicle_1,39.0,89.9,,
1,Electric_Vehicle_1,38.0,89.9,,
1,Electric_Vehicle_1,37.0,89.9,,
1,Electric_Vehicle_1,36.0,89.9,,
1,Electric_Vehicle_1,35.0,89.9,,
1,Electric_Vehicle_1,34.0,89.9,,
1,Electric_Vehicle_1,33.0,89.9,,
1,Electric_Vehicle_1,32.0,89.9,,
1,Electric_Vehicle_1,31.0,89.9,,
1,Electric_Vehicle_1,30.0,89.9,,
1,Electric_Vehicle_1,29.0,89.9,,
1,Electric_Vehicle_1,28.0,89.9,,
1,Electric_Vehicle_1,27.0,89.9,,
1,Electric_Vehicle_1,26.0,89.9,,
1,Electric_Vehicle_1,25.0,89.9,,
1,Electric_Vehicle_1,24.0,89.9,,
1,Electric_Vehicle_1,23.0,89.9,,
1,Electric_Vehicle_1,22.0,89.9,,
1,Electric_Vehicle_1,21.0,89.9,,
1,Electric_Vehicle_1,20.0,89.9,,
1,Electric_Vehicle_1,19.0,89.9,,
1,Electric_Vehicle_1,18.0,89.9,,
1,Electric_Vehicle_1,17.0,89.9,,
1,Electric_Vehicle_1,16.0,89.9,,
1,Electric_Vehicle_1,15.0,89.9,,
1,Electric_Vehicle_1,14.0,89.9,,
1,Electric_Vehicle_1,13.0,89.9,,
1,Electric_Vehicle_1,12.0,89.9,,
1,Electric_Vehicle_1,11.0,89.9,,
1,Electric_Vehicle_1,10.0,89.9,,
1,Electric_Vehicle_1,9.0,89.9,,
1,Electric_Vehicle_1,8.0,89.9,,
1,Electric_Vehicle_1,7.0,89.9,,
1,Electric_Vehicle_1,6.0,89.9,,
1,Electric_Vehicle_1,5.0,89.9,,
1,Electric_Vehicle_1,4.0,89.9,,
1,Electric_Vehicle_1,3.0,89.9,,
1,Electric_Vehicle_1,2.0,89.9,,
1,Electric_Vehicle_1,1.0,89.9,,
1,Electric_Vehicle_1,0.0,89.9,,
3,,,,,
3,,,,,
3,,,,,
3,,,,,
3,,,,,
3,,,,,
3,,,,,
3,,,,,
3,,,,,
2,Electric_Vehicle_1,,,0.0,29.4
1,Electric_Vehicle_1,13.0,71.1,,
1,Electric_Vehicle_1,12.0,71.1,,
1,Electric_Vehicle_1,11.0,71.1,,
1,Electric_Vehicle_1,10.0,71.1,,
1,Electric_Vehicle_1,9.0,71.1,,
1,Electric_Vehicle_1,8.0,71.1,,
1,Electric_Vehicle_1,7.0,71.1,,
1,Electric_Vehicle_1,6.0,71.1,,
1,Electric_Vehicle_1,5.0,71.1,,
1,Electric_Vehicle_1,4.0,71.1,,
1,Electric_Vehicle_1,3.0,71.1,,
1,Electric_Vehicle_1,2.0,71.1,,
1,Electric_Vehicle_1,1.0,71.1,,
1,Electric_Vehicle_1,0.0,71.1,,
3,,,,,
3,,,,,
3,,,,,
3,,,,,
3,,,,,
3,,,,,
3,,,,,
3,,,,,
2,Electric_Vehicle_1,,,0.0,46.9
1,Electric_Vehicle_1,13.0,83.8,,
1,Electric_Vehicle_1,12.0,83.8,,
1,Electric_Vehicle_1,11.0,83.8,,
1,Electric_Vehicle_1,10.0,83.8,,
1,Electric_Vehicle_1,9.0,83.8,,
1,Electric_Vehicle_1,8.0,83.8,,
1,Electric_Vehicle_1,7.0,83.8,,
1,Electric_Vehicle_1,6.0,83.8,,
1,Electric_Vehicle_1,5.0,83.8,,
1,Electric_Vehicle_1,4.0,83.8,,
1,Electric_Vehicle_1,3.0,83.8,,
1,Electric_Vehicle_1,2.0,83.8,,
1,Electric_Vehicle_1,1.0,83.8,,
1,Electric_Vehicle_1,0.0,83.8,,
3,,,,,
3,,,,,
3,,,,,
3,,,,,
3,,,,,
3,,,,,
3,,,,,
3,,,,,
2,Electric_Vehicle_1,,,0.0,33.6
1,Electric_Vehicle_1,39.0,83.8,,
1,Electric_Vehicle_1,38.0,83.8,,
1,Electric_Vehicle_1,37.0,83.8,,
1,Electric_Vehicle_1,36.0,83.8,,
1,Electric_Vehicle_1,35.0,83.8,,
1,Electric_Vehicle_1,34.0,83.8,,
1,Electric_Vehicle_1,33.0,83.8,,
1,Electric_Vehicle_1,32.0,83.8,,
1,Electric_Vehicle_1,31.0,83.8,,
1,Electric_Vehicle_1,30.0,83.8,,
1,Electric_Vehicle_1,29.0,83.8,,
1,Electric_Vehicle_1,28.0,83.8,,
1,Electric_Vehicle_1,27.0,83.8,,
1,Electric_Vehicle_1,26.0,83.8,,
1,Electric_Vehicle_1,25.0,83.8,,
1,Electric_Vehicle_1,24.0,83.8,,
1,Electric_Vehicle_1,23.0,83.8,,
1,Electric_Vehicle_1,22.0,83.8,,
1,Electric_Vehicle_1,21.0,83.8,,
1,Electric_Vehicle_1,20.0,83.8,,
1,Electric_Vehicle_1,19.0,83.8,,
1,Electric_Vehicle_1,18.0,83.8,,
1,Electric_Vehicle_1,17.0,83.8,,
1,Electric_Vehicle_1,16.0,83.8,,
1,Electric_Vehicle_1,15.0,83.8,,
1,Electric_Vehicle_1,14.0,83.8,,
1,Electric_Vehicle_1,13.0,83.8,,
1,Electric_Vehicle_1,12.0,83.8,,
1,Electric_Vehicle_1,11.0,83.8,,
1,Electric_Vehicle_1,10.0,83.8,,
1,Electric_Vehicle_1,9.0,83.8,,
1,Electric_Vehicle_1,8.0,83.8,,
1,Electric_Vehicle_1,7.0,83.8,,
1,Electric_Vehicle_1,6.0,83.8,,
1,Electric_Vehicle_1,5.0,83.8,,
1,Electric_Vehicle_1,4.0,83.8,,
1,Electric_Vehicle_1,3.0,83.8,,
1,Electric_Vehicle_1,2.0,83.8,,
1,Electric_Vehicle_1,1.0,83.8,,
1,Electric_Vehicle_1,0.0,83.8,,
3,,,,,
3,,,,,
3,,,,,
3,,,,,
3,,,,,
3,,,,,
3,,,,,
3,,,,,
3,,,,,
2,Electric_Vehicle_1,,,0.0,42.0
1,Electric_Vehicle_1,14.0,74.0,,
1,Electric_Vehicle_1,13.0,74.0,,
1,Electric_Vehicle_1,12.0,74.0,,
1,Electric_Vehicle_1,11.0,74.0,,
1,Electric_Vehicle_1,10.0,74.0,,
1,Electric_Vehicle_1,9.0,74.0,,
1,Electric_Vehicle_1,8.0,74.0,,
1,Electric_Vehicle_1,7.0,74.0,,
1,Electric_Vehicle_1,6.0,74.0,,
1,Electric_Vehicle_1,5.0,74.0,,
1,Electric_Vehicle_1,4.0,74.0,,
1,Electric_Vehicle_1,3.0,74.0,,
1,Electric_Vehicle_1,2.0,74.0,,
1,Electric_Vehicle_1,1.0,74.0,,
1,Electric_Vehicle_1,0.0,74.0,,
3,,,,,
3,,,,,
2,Electric_Vehicle_1,,,0.0,48.4
1,Electric_Vehicle_1,43.0,73.7,,
1,Electric_Vehicle_1,42.0,73.7,,
1,Electric_Vehicle_1,41.0,73.7,,
1,Electric_Vehicle_1,40.0,73.7,,
1,Electric_Vehicle_1,39.0,73.7,,
1,Electric_Vehicle_1,38.0,73.7,,
1,Electric_Vehicle_1,37.0,73.7,,
1,Electric_Vehicle_1,36.0,73.7,,
1,Electric_Vehicle_1,35.0,73.7,,
1,Electric_Vehicle_1,34.0,73.7,,
1,Electric_Vehicle_1,33.0,73.7,,
1,Electric_Vehicle_1,32.0,73.7,,
1,Electric_Vehicle_1,31.0,73.7,,
1,Electric_Vehicle_1,30.0,73.7,,
1,Electric_Vehicle_1,29.0,73.7,,
1,Electric_Vehicle_1,28.0,73.7,,
1,Electric_Vehicle_1,27.0,73.7,,
1,Electric_Vehicle_1,26.0,73.7,,
1,Electric_Vehicle_1,25.0,73.7,,
1,Electric_Vehicle_1,24.0,73.7,,
1,Electric_Vehicle_1,23.0,73.7,,
1,Electric_Vehicle_1,22.0,73.7,,
1,Electric_Vehicle_1,21.0,73.7,,
1,Electric_Vehicle_1,20.0,73.7,,
1,Electric_Vehicle_1,19.0,73.7,,
1,Electric_Vehicle_1,18.0,73.7,,
1,Electric_Vehicle_1,17.0,73.7,,
1,Electric_Vehicle_1,16.0,73.7,,
1,Electric_Vehicle_1,15.0,73.7,,
1,Electric_Vehicle_1,14.0,73.7,,
1,Electric_Vehicle_1,13.0,73.7,,
1,Electric_Vehicle_1,12.0,73.7,,
1,Electric_Vehicle_1,11.0,73.7,,
1,Electric_Vehicle_1,10.0,73.7,,
1,Electric_Vehicle_1,9.0,73.7,,
1,Electric_Vehicle_1,8.0,73.7,,
1,Electric_Vehicle_1,7.0,73.7,,
1,Electric_Vehicle_1,6.0,73.7,,
1,Electric_Vehicle_1,5.0,73.7,,
1,Electric_Vehicle_1,4.0,73.7,,
1,Electric_Vehicle_1,3.0,73.7,,
1,Electric_Vehicle_1,2.0,73.7,,
1,Electric_Vehicle_1,1.0,73.7,,
1,Electric_Vehicle_1,0.0,73.7,,
3,,,,,
3,,,,,
3,,,,,
3,,,,,
3,,,,,
3,,,,,
3,,,,,
3,,,,,
3,,,,,
2,Electric_Vehicle_1,,,0.0,40.0
1,Electric_Vehicle_1,13.0,88.4,,
1,Electric_Vehicle_1,12.0,88.4,,
1,Electric_Vehicle_1,11.0,88.4,,
1,Electric_Vehicle_1,10.0,88.4,,
1,Electric_Vehicle_1,9.0,88.4,,
1,Electric_Vehicle_1,8.0,88.4,,
1,Electric_Vehicle_1,7.0,88.4,,
1,Electric_Vehicle_1,6.0,88.4,,
1,Electric_Vehicle_1,5.0,88.4,,
1,Electric_Vehicle_1,4.0,88.4,,
1,Electric_Vehicle_1,3.0,88.4,,
1,Electric_Vehicle_1,2.0,88.4,,
1,Electric_Vehicle_1,1.0,88.4,,
1,Electric_Vehicle_1,0.0,88.4,,
3,,,,,
3,,,,,
3,,,,,
3,,,,,
3,,,,,
3,,,,,
3,,,,,
3,,,,,
3,,,,,
3,,,,,
2,Electric_Vehicle_1,,,0.0,47.9
1,Electric_Vehicle_1,10.0,86.9,,
1,Electric_Vehicle_1,9.0,86.9,,
1,Electric_Vehicle_1,8.0,86.9,,
1,Electric_Vehicle_1,7.0,86.9,,
1,Electric_Vehicle_1,6.0,86.9,,
1,Electric_Vehicle_1,5.0,86.9,,
1,Electric_Vehicle_1,4.0,86.9,,
1,Electric_Vehicle_1,3.0,86.9,,
1,Electric_Vehicle_1,2.0,86.9,,
1,Electric_Vehicle_1,1.0,86.9,,
1,Electric_Vehicle_1,0.0,86.9,,
3,,,,,
3,,,,,
3,,,,,
3,,,,,
3,,,,,
3,,,,,
3,,,,,
3,,,,,
3,,,,,
3,,,,,
2,Electric_Vehicle_1,,,0.0,46.2
1,Electric_Vehicle_1,12.0,76.6,,
1,Electric_Vehicle_1,11.0,76.6,,
1,Electric_Vehicle_1,10.0,76.6,,
1,Electric_Vehicle_1,9.0,76.6,,
1,Electric_Vehicle_1,8.0,76.6,,
1,Electric_Vehicle_1,7.0,76.6,,
1,Electric_Vehicle_1,6.0,76.6,,
1,Electric_Vehicle_1,5.0,76.6,,
1,Electric_Vehicle_1,4.0,76.6,,
1,Electric_Vehicle_1,3.0,76.6,,
1,Electric_Vehicle_1,2.0,76.6,,
1,Electric_Vehicle_1,1.0,76.6,,
1,Electric_Vehicle_1,0.0,76.6,,
3,,,,,
3,,,,,
3,,,,,
3,,,,,
3,,,,,
3,,,,,
3,,,,,
3,,,,,
3,,,,,
3,,,,,
3,,,,,
2,Electric_Vehicle_1,,,0.0,30.4
1,Electric_Vehicle_1,12.0,87.2,,
1,Electric_Vehicle_1,11.0,87.2,,
1,Electric_Vehicle_1,10.0,87.2,,
1,Electric_Vehicle_1,9.0,87.2,,
1,Electric_Vehicle_1,8.0,87.2,,
1,Electric_Vehicle_1,7.0,87.2,,
1,Electric_Vehicle_1,6.0,87.2,,
1,Electric_Vehicle_1,5.0,87.2,,
1,Electric_Vehicle_1,4.0,87.2,,
1,Electric_Vehicle_1,3.0,87.2,,
1,Electric_Vehicle_1,2.0,87.2,,
1,Electric_Vehicle_1,1.0,87.2,,
1,Electric_Vehicle_1,0.0,87.2,,
3,,,,,
3,,,,,
3,,,,,
3,,,,,
3,,,,,
3,,,,,
3,,,,,
3,,,,,
3,,,,,
2,Electric_Vehicle_1,,,0.0,35.5
1,Electric_Vehicle_1,16.0,79.2,,
1,Electric_Vehicle_1,15.0,79.2,,
1,Electric_Vehicle_1,14.0,79.2,,
1,Electric_Vehicle_1,13.0,79.2,,
1,Electric_Vehicle_1,12.0,79.2,,
1,Electric_Vehicle_1,11.0,79.2,,
1,Electric_Vehicle_1,10.0,79.2,,
1,Electric_Vehicle_1,9.0,79.2,,
1,Electric_Vehicle_1,8.0,79.2,,
1,Electric_Vehicle_1,7.0,79.2,,
1,Electric_Vehicle_1,6.0,79.2,,
1,Electric_Vehicle_1,5.0,79.2,,
1,Electric_Vehicle_1,4.0,79.2,,
1,Electric_Vehicle_1,3.0,79.2,,
1,Electric_Vehicle_1,2.0,79.2,,
1,Electric_Vehicle_1,1.0,79.2,,
1,Electric_Vehicle_1,0.0,79.2,,
3,,,,,
3,,,,,
3,,,,,
3,,,,,
3,,,,,
3,,,,,
3,,,,,
2,Electric_Vehicle_1,,,0.0,44.1
1,Electric_Vehicle_1,15.0,80.6,,
1,Electric_Vehicle_1,14.0,80.6,,
1,Electric_Vehicle_1,13.0,80.6,,
1,Electric_Vehicle_1,12.0,80.6,,
1,Electric_Vehicle_1,11.0,80.6,,
1,Electric_Vehicle_1,10.0,80.6,,
1,Electric_Vehicle_1,9.0,80.6,,
1,Electric_Vehicle_1,8.0,80.6,,
1,Electric_Vehicle_1,7.0,80.6,,
1,Electric_Vehicle_1,6.0,80.6,,
1,Electric_Vehicle_1,5.0,80.6,,
1,Electric_Vehicle_1,4.0,80.6,,
1,Electric_Vehicle_1,3.0,80.6,,
1,Electric_Vehicle_1,2.0,80.6,,
1,Electric_Vehicle_1,1.0,80.6,,
1,Electric_Vehicle_1,0.0,80.6,,
3,,,,,
3,,,,,
3,,,,,
2,Electric_Vehicle_1,,,0.0,49.0
1,Electric_Vehicle_1,17.0,76.8,,
1,Electric_Vehicle_1,16.0,76.8,,
1,Electric_Vehicle_1,15.0,76.8,,
1,Electric_Vehicle_1,14.0,76.8,,
1,Electric_Vehicle_1,13.0,76.8,,
1,Electric_Vehicle_1,12.0,76.8,,
1,Electric_Vehicle_1,11.0,76.8,,
1,Electric_Vehicle_1,10.0,76.8,,
1,Electric_Vehicle_1,9.0,76.8,,
1,Electric_Vehicle_1,8.0,76.8,,
1,Electric_Vehicle_1,7.0,76.8,,
1,Electric_Vehicle_1,6.0,76.8,,
1,Electric_Vehicle_1,5.0,76.8,,
1,Electric_Vehicle_1,4.0,76.8,,
1,Electric_Vehicle_1,3.0,76.8,,
1,Electric_Vehicle_1,2.0,76.8,,
1,Electric_Vehicle_1,1.0,76.8,,
1,Electric_Vehicle_1,0.0,76.8,,
3,,,,,
3,,,,,
3,,,,,
3,,,,,
3,,,,,
3,,,,,
3,,,,,
2,Electric_Vehicle_1,,,0.0,44.4
1,Electric_Vehicle_1,14.0,77.1,,
1,Electric_Vehicle_1,13.0,77.1,,
1,Electric_Vehicle_1,12.0,77.1,,
1,Electric_Vehicle_1,11.0,77.1,,
1,Electric_Vehicle_1,10.0,77.1,,
1,Electric_Vehicle_1,9.0,77.1,,
1,Electric_Vehicle_1,8.0,77.1,,
1,Electric_Vehicle_1,7.0,77.1,,
1,Electric_Vehicle_1,6.0,77.1,,
1,Electric_Vehicle_1,5.0,77.1,,
1,Electric_Vehicle_1,4.0,77.1,,
1,Electric_Vehicle_1,3.0,77.1,,
1,Electric_Vehicle_1,2.0,77.1,,
1,Electric_Vehicle_1,1.0,77.1,,
1,Electric_Vehicle_1,0.0,77.1,,
3,,,,,
3,,,,,
3,,,,,
3,,,,,
3,,,,,
3,,,,,
3,,,,,
3,,,,,
3,,,,,
3,,,,,
2,Electric_Vehicle_1,,,0.0,27.3
1,Electric_Vehicle_1,13.0,87.6,,
1,Electric_Vehicle_1,12.0,87.6,,
1,Electric_Vehicle_1,11.0,87.6,,
1,Electric_Vehicle_1,10.0,87.6,,
1,Electric_Vehicle_1,9.0,87.6,,
1,Electric_Vehicle_1,8.0,87.6,,
1,Electric_Vehicle_1,7.0,87.6,,
1,Electric_Vehicle_1,6.0,87.6,,
1,Electric_Vehicle_1,5.0,87.6,,
1,Electric_Vehicle_1,4.0,87.6,,
1,Electric_Vehicle_1,3.0,87.6,,
1,Electric_Vehicle_1,2.0,87.6,,
1,Electric_Vehicle_1,1.0,87.6,,
1,Electric_Vehicle_1,0.0,87.6,,
3,,,,,
3,,,,,
3,,,,,
3,,,,,
3,,,,,
3,,,,,
3,,,,,
3,,,,,
3,,,,,
2,Electric_Vehicle_1,,,0.0,33.4
1,Electric_Vehicle_1,13.0,83.8,,
1,Electric_Vehicle_1,12.0,83.8,,
1,Electric_Vehicle_1,11.0,83.8,,
1,Electric_Vehicle_1,10.0,83.8,,
1,Electric_Vehicle_1,9.0,83.8,,
1,Electric_Vehicle_1,8.0,83.8,,
1,Electric_Vehicle_1,7.0,83.8,,
1,Electric_Vehicle_1,6.0,83.8,,
1,Electric_Vehicle_1,5.0,83.8,,
1,Electric_Vehicle_1,4.0,83.8,,
1,Electric_Vehicle_1,3.0,83.8,,
1,Electric_Vehicle_1,2.0,83.8,,
1,Electric_Vehicle_1,1.0,83.8,,
1,Electric_Vehicle_1,0.0,83.8,,
3,,,,,
3,,,,,
3,,,,,
3,,,,,
3,,,,,
3,,,,,
3,,,,,
3,,,,,
2,Electric_Vehicle_1,,,0.0,29.0
1,Electric_Vehicle_1,13.0,89.8,,
1,Electric_Vehicle_1,12.0,89.8,,
1,Electric_Vehicle_1,11.0,89.8,,
1,Electric_Vehicle_1,10.0,89.8,,
1,Electric_Vehicle_1,9.0,89.8,,
1,Electric_Vehicle_1,8.0,89.8,,
1,Electric_Vehicle_1,7.0,89.8,,
1,Electric_Vehicle_1,6.0,89.8,,
1,Electric_Vehicle_1,5.0,89.8,,
1,Electric_Vehicle_1,4.0,89.8,,
1,Electric_Vehicle_1,3.0,89.8,,
1,Electric_Vehicle_1,2.0,89.8,,
1,Electric_Vehicle_1,1.0,89.8,,
1,Electric_Vehicle_1,0.0,89.8,,
3,,,,,
3,,,,,
3,,,,,
3,,,,,
3,,,,,
3,,,,,
3,,,,,
3,,,,,
2,Electric_Vehicle_1,,,0.0,39.5
1,Electric_Vehicle_1,17.0,81.7,,
1,Electric_Vehicle_1,16.0,81.7,,
1,Electric_Vehicle_1,15.0,81.7,,
1,Electric_Vehicle_1,14.0,81.7,,
1,Electric_Vehicle_1,13.0,81.7,,
1,Electric_Vehicle_1,12.0,81.7,,
1,Electric_Vehicle_1,11.0,81.7,,
1,Electric_Vehicle_1,10.0,81.7,,
1,Electric_Vehicle_1,9.0,81.7,,
1,Electric_Vehicle_1,8.0,81.7,,
1,Electric_Vehicle_1,7.0,81.7,,
1,Electric_Vehicle_1,6.0,81.7,,
1,Electric_Vehicle_1,5.0,81.7,,
1,Electric_Vehicle_1,4.0,81.7,,
1,Electric_Vehicle_1,3.0,81.7,,
1,Electric_Vehicle_1,2.0,81.7,,
1,Electric_Vehicle_1,1.0,81.7,,
1,Electric_Vehicle_1,0.0,81.7,,
3,,,,,
3,,,,,
3,,,,,
3,,,,,
3,,,,,
2,Electric_Vehicle_1,,,0.0,51.4
1,Electric_Vehicle_1,16.0,74.0,,
1,Electric_Vehicle_1,15.0,74.0,,
1,Electric_Vehicle_1,14.0,74.0,,
1,Electric_Vehicle_1,13.0,74.0,,
1,Electric_Vehicle_1,12.0,74.0,,
1,Electric_Vehicle_1,11.0,74.0,,
1,Electric_Vehicle_1,10.0,74.0,,
1,Electric_Vehicle_1,9.0,74.0,,
1,Electric_Vehicle_1,8.0,74.0,,
1,Electric_Vehicle_1,7.0,74.0,,
1,Electric_Vehicle_1,6.0,74.0,,
1,Electric_Vehicle_1,5.0,74.0,,
1,Electric_Vehicle_1,4.0,74.0,,
1,Electric_Vehicle_1,3.0,74.0,,
1,Electric_Vehicle_1,2.0,74.0,,
1,Electric_Vehicle_1,1.0,74.0,,
1,Electric_Vehicle_1,0.0,74.0,,
3,,,,,
3,,,,,
3,,,,,
3,,,,,
3,,,,,
3,,,,,
2,Electric_Vehicle_1,,,0.0,47.1
1,Electric_Vehicle_1,15.0,86.7,,
1,Electric_Vehicle_1,14.0,86.7,,
1,Electric_Vehicle_1,13.0,86.7,,
1,Electric_Vehicle_1,12.0,86.7,,
1,Electric_Vehicle_1,11.0,86.7,,
1,Electric_Vehicle_1,10.0,86.7,,
1,Electric_Vehicle_1,9.0,86.7,,
1,Electric_Vehicle_1,8.0,86.7,,
1,Electric_Vehicle_1,7.0,86.7,,
1,Electric_Vehicle_1,6.0,86.7,,
1,Electric_Vehicle_1,5.0,86.7,,
1,Electric_Vehicle_1,4.0,86.7,,
1,Electric_Vehicle_1,3.0,86.7,,
1,Electric_Vehicle_1,2.0,86.7,,
1,Electric_Vehicle_1,1.0,86.7,,
1,Electric_Vehicle_1,0.0,86.7,,
3,,,,,
3,,,,,
3,,,,,
3,,,,,
3,,,,,
3,,,,,
3,,,,,
3,,,,,
3,,,,,
2,Electric_Vehicle_1,,,0.0,40.8
1,Electric_Vehicle_1,36.0,72.6,,
1,Electric_Vehicle_1,35.0,72.6,,
1,Electric_Vehicle_1,34.0,72.6,,
1,Electric_Vehicle_1,33.0,72.6,,
1,Electric_Vehicle_1,32.0,72.6,,
1,Electric_Vehicle_1,31.0,72.6,,
1,Electric_Vehicle_1,30.0,72.6,,
1,Electric_Vehicle_1,29.0,72.6,,
1,Electric_Vehicle_1,28.0,72.6,,
1,Electric_Vehicle_1,27.0,72.6,,
1,Electric_Vehicle_1,26.0,72.6,,
1,Electric_Vehicle_1,25.0,72.6,,
1,Electric_Vehicle_1,24.0,72.6,,
1,Electric_Vehicle_1,23.0,72.6,,
1,Electric_Vehicle_1,22.0,72.6,,
1,Electric_Vehicle_1,21.0,72.6,,
1,Electric_Vehicle_1,20.0,72.6,,
1,Electric_Vehicle_1,19.0,72.6,,
1,Electric_Vehicle_1,18.0,72.6,,
1,Electric_Vehicle_1,17.0,72.6,,
1,Electric_Vehicle_1,16.0,72.6,,
1,Electric_Vehicle_1,15.0,72.6,,
1,Electric_Vehicle_1,14.0,72.6,,
1,Electric_Vehicle_1,13.0,72.6,,
1,Electric_Vehicle_1,12.0,72.6,,
1,Electric_Vehicle_1,11.0,72.6,,
1,Electric_Vehicle_1,10.0,72.6,,
1,Electric_Vehicle_1,9.0,72.6,,
1,Electric_Vehicle_1,8.0,72.6,,
1,Electric_Vehicle_1,7.0,72.6,,
1,Electric_Vehicle_1,6.0,72.6,,
1,Electric_Vehicle_1,5.0,72.6,,
1,Electric_Vehicle_1,4.0,72.6,,
1,Electric_Vehicle_1,3.0,72.6,,
1,Electric_Vehicle_1,2.0,72.6,,
1,Electric_Vehicle_1,1.0,72.6,,
1,Electric_Vehicle_1,0.0,72.6,,
3,,,,,
3,,,,,
3,,,,,
3,,,,,
3,,,,,
3,,,,,
3,,,,,
3,,,,,
3,,,,,
2,Electric_Vehicle_1,,,0.0,46.5
1,Electric_Vehicle_1,65.0,75.5,,
1,Electric_Vehicle_1,64.0,75.5,,
1,Electric_Vehicle_1,63.0,75.5,,
1,Electric_Vehicle_1,62.0,75.5,,
1,Electric_Vehicle_1,61.0,75.5,,
1,Electric_Vehicle_1,60.0,75.5,,
1,Electric_Vehicle_1,59.0,75.5,,
1,Electric_Vehicle_1,58.0,75.5,,
1,Electric_Vehicle_1,57.0,75.5,,
1,Electric_Vehicle_1,56.0,75.5,,
1,Electric_Vehicle_1,55.0,75.5,,
1,Electric_Vehicle_1,54.0,75.5,,
1,Electric_Vehicle_1,53.0,75.5,,
1,Electric_Vehicle_1,52.0,75.5,,
1,Electric_Vehicle_1,51.0,75.5,,
1,Electric_Vehicle_1,50.0,75.5,,
1,Electric_Vehicle_1,49.0,75.5,,
1,Electric_Vehicle_1,48.0,75.5,,
1,Electric_Vehicle_1,47.0,75.5,,
1,Electric_Vehicle_1,46.0,75.5,,
1,Electric_Vehicle_1,45.0,75.5,,
1,Electric_Vehicle_1,44.0,75.5,,
1,Electric_Vehicle_1,43.0,75.5,,
1,Electric_Vehicle_1,42.0,75.5,,
1,Electric_Vehicle_1,41.0,75.5,,
1,Electric_Vehicle_1,40.0,75.5,,
1,Electric_Vehicle_1,39.0,75.5,,
1,Electric_Vehicle_1,38.0,75.5,,
1,Electric_Vehicle_1,37.0,75.5,,
1,Electric_Vehicle_1,36.0,75.5,,
1,Electric_Vehicle_1,35.0,75.5,,
1,Electric_Vehicle_1,34.0,75.5,,
1,Electric_Vehicle_1,33.0,75.5,,
1,Electric_Vehicle_1,32.0,75.5,,
1,Electric_Vehicle_1,31.0,75.5,,
1,Electric_Vehicle_1,30.0,75.5,,
1,Electric_Vehicle_1,29.0,75.5,,
1,Electric_Vehicle_1,28.0,75.5,,
1,Electric_Vehicle_1,27.0,75.5,,
1,Electric_Vehicle_1,26.0,75.5,,
1,Electric_Vehicle_1,25.0,75.5,,
1,Electric_Vehicle_1,24.0,75.5,,
1,Electric_Vehicle_1,23.0,75.5,,
1,Electric_Vehicle_1,22.0,75.5,,
1,Electric_Vehicle_1,21.0,75.5,,
1,Electric_Vehicle_1,20.0,75.5,,
1,Electric_Vehicle_1,19.0,75.5,,
1,Electric_Vehicle_1,18.0,75.5,,
1,Electric_Vehicle_1,17.0,75.5,,
1,Electric_Vehicle_1,16.0,75.5,,
1,Electric_Vehicle_1,15.0,75.5,,
1,Electric_Vehicle_1,14.0,75.5,,
1,Electric_Vehicle_1,13.0,75.5,,
1,Electric_Vehicle_1,12.0,75.5,,
1,Electric_Vehicle_1,11.0,75.5,,
1,Electric_Vehicle_1,10.0,75.5,,
1,Electric_Vehicle_1,9.0,75.5,,
1,Electric_Vehicle_1,8.0,75.5,,
1,Electric_Vehicle_1,7.0,75.5,,
1,Electric_Vehicle_1,6.0,75.5,,
1,Electric_Vehicle_1,5.0,75.5,,
1,Electric_Vehicle_1,4.0,75.5,,
1,Electric_Vehicle_1,3.0,75.5,,
1,Electric_Vehicle_1,2.0,75.5,,
1,Electric_Vehicle_1,1.0,75.5,,
1,Electric_Vehicle_1,0.0,75.5,,
3,,,,,
3,,,,,
3,,,,,
3,,,,,
2,Electric_Vehicle_1,,,0.0,30.3
1,Electric_Vehicle_1,17.0,84.2,,
1,Electric_Vehicle_1,16.0,84.2,,
1,Electric_Vehicle_1,15.0,84.2,,
1,Electric_Vehicle_1,14.0,84.2,,
1,Electric_Vehicle_1,13.0,84.2,,
1,Electric_Vehicle_1,12.0,84.2,,
1,Electric_Vehicle_1,11.0,84.2,,
1,Electric_Vehicle_1,10.0,84.2,,
1,Electric_Vehicle_1,9.0,84.2,,
1,Electric_Vehicle_1,8.0,84.2,,
1,Electric_Vehicle_1,7.0,84.2,,
1,Electric_Vehicle_1,6.0,84.2,,
1,Electric_Vehicle_1,5.0,84.2,,
1,Electric_Vehicle_1,4.0,84.2,,
1,Electric_Vehicle_1,3.0,84.2,,
1,Electric_Vehicle_1,2.0,84.2,,
1,Electric_Vehicle_1,1.0,84.2,,
1,Electric_Vehicle_1,0.0,84.2,,
3,,,,,
3,,,,,
2,Electric_Vehicle_1,,,0.0,38.0
1,Electric_Vehicle_1,16.0,86.9,,
1,Electric_Vehicle_1,15.0,86.9,,
1,Electric_Vehicle_1,14.0,86.9,,
1,Electric_Vehicle_1,13.0,86.9,,
1,Electric_Vehicle_1,12.0,86.9,,
1,Electric_Vehicle_1,11.0,86.9,,
1,Electric_Vehicle_1,10.0,86.9,,
1,Electric_Vehicle_1,9.0,86.9,,
1,Electric_Vehicle_1,8.0,86.9,,
1,Electric_Vehicle_1,7.0,86.9,,
1,Electric_Vehicle_1,6.0,86.9,,
1,Electric_Vehicle_1,5.0,86.9,,
1,Electric_Vehicle_1,4.0,86.9,,
1,Electric_Vehicle_1,3.0,86.9,,
1,Electric_Vehicle_1,2.0,86.9,,
1,Electric_Vehicle_1,1.0,86.9,,
1,Electric_Vehicle_1,0.0,86.9,,
3,,,,,
3,,,,,
3,,,,,
3,,,,,
3,,,,,
3,,,,,
3,,,,,
3,,,,,
3,,,,,
3,,,,,
2,Electric_Vehicle_1,,,0.0,24.4
1,Electric_Vehicle_1,12.0,86.4,,
1,Electric_Vehicle_1,11.0,86.4,,
1,Electric_Vehicle_1,10.0,86.4,,
1,Electric_Vehicle_1,9.0,86.4,,
1,Electric_Vehicle_1,8.0,86.4,,
1,Electric_Vehicle_1,7.0,86.4,,
1,Electric_Vehicle_1,6.0,86.4,,
1,Electric_Vehicle_1,5.0,86.4,,
1,Electric_Vehicle_1,4.0,86.4,,
1,Electric_Vehicle_1,3.0,86.4,,
1,Electric_Vehicle_1,2.0,86.4,,
1,Electric_Vehicle_1,1.0,86.4,,
1,Electric_Vehicle_1,0.0,86.4,,
3,,,,,
3,,,,,
3,,,,,
3,,,,,
3,,,,,
3,,,,,
3,,,,,
3,,,,,
3,,,,,
3,,,,,
3,,,,,
2,Electric_Vehicle_1,,,0.0,30.9
1,Electric_Vehicle_1,13.0,84.2,,
1,Electric_Vehicle_1,12.0,84.2,,
1,Electric_Vehicle_1,11.0,84.2,,
1,Electric_Vehicle_1,10.0,84.2,,
1,Electric_Vehicle_1,9.0,84.2,,
1,Electric_Vehicle_1,8.0,84.2,,
1,Electric_Vehicle_1,7.0,84.2,,
1,Electric_Vehicle_1,6.0,84.2,,
1,Electric_Vehicle_1,5.0,84.2,,
1,Electric_Vehicle_1,4.0,84.2,,
1,Electric_Vehicle_1,3.0,84.2,,
1,Electric_Vehicle_1,2.0,84.2,,
1,Electric_Vehicle_1,1.0,84.2,,
1,Electric_Vehicle_1,0.0,84.2,,
3,,,,,
3,,,,,
3,,,,,
3,,,,,
3,,,,,
3,,,,,
3,,,,,
3,,,,,
2,Electric_Vehicle_1,,,0.0,34.8
1,Electric_Vehicle_1,38.0,77.1,,
1,Electric_Vehicle_1,37.0,77.1,,
1,Electric_Vehicle_1,36.0,77.1,,
1,Electric_Vehicle_1,35.0,77.1,,
1,Electric_Vehicle_1,34.0,77.1,,
1,Electric_Vehicle_1,33.0,77.1,,
1,Electric_Vehicle_1,32.0,77.1,,
1,Electric_Vehicle_1,31.0,77.1,,
1,Electric_Vehicle_1,30.0,77.1,,
1,Electric_Vehicle_1,29.0,77.1,,
1,Electric_Vehicle_1,28.0,77.1,,
1,Electric_Vehicle_1,27.0,77.1,,
1,Electric_Vehicle_1,26.0,77.1,,
1,Electric_Vehicle_1,25.0,77.1,,
1,Electric_Vehicle_1,24.0,77.1,,
1,Electric_Vehicle_1,23.0,77.1,,
1,Electric_Vehicle_1,22.0,77.1,,
1,Electric_Vehicle_1,21.0,77.1,,
1,Electric_Vehicle_1,20.0,77.1,,
1,Electric_Vehicle_1,19.0,77.1,,
1,Electric_Vehicle_1,18.0,77.1,,
1,Electric_Vehicle_1,17.0,77.1,,
1,Electric_Vehicle_1,16.0,77.1,,
1,Electric_Vehicle_1,15.0,77.1,,
1,Electric_Vehicle_1,14.0,77.1,,
1,Electric_Vehicle_1,13.0,77.1,,
1,Electric_Vehicle_1,12.0,77.1,,
1,Electric_Vehicle_1,11.0,77.1,,
1,Electric_Vehicle_1,10.0,77.1,,
1,Electric_Vehicle_1,9.0,77.1,,
1,Electric_Vehicle_1,8.0,77.1,,
1,Electric_Vehicle_1,7.0,77.1,,
1,Electric_Vehicle_1,6.0,77.1,,
1,Electric_Vehicle_1,5.0,77.1,,
1,Electric_Vehicle_1,4.0,77.1,,
1,Electric_Vehicle_1,3.0,77.1,,
1,Electric_Vehicle_1,2.0,77.1,,
1,Electric_Vehicle_1,1.0,77.1,,
1,Electric_Vehicle_1,0.0,77.1,,
3,,,,,
3,,,,,
3,,,,,
3,,,,,
3,,,,,
3,,,,,
3,,,,,
3,,,,,
3,,,,,
2,Electric_Vehicle_1,,,0.0,27.2
1,Electric_Vehicle_1,16.0,72.4,,
1,Electric_Vehicle_1,15.0,72.4,,
1,Electric_Vehicle_1,14.0,72.4,,
1,Electric_Vehicle_1,13.0,72.4,,
1,Electric_Vehicle_1,12.0,72.4,,
1,Electric_Vehicle_1,11.0,72.4,,
1,Electric_Vehicle_1,10.0,72.4,,
1,Electric_Vehicle_1,9.0,72.4,,
1,Electric_Vehicle_1,8.0,72.4,,
1,Electric_Vehicle_1,7.0,72.4,,
1,Electric_Vehicle_1,6.0,72.4,,
1,Electric_Vehicle_1,5.0,72.4,,
1,Electric_Vehicle_1,4.0,72.4,,
1,Electric_Vehicle_1,3.0,72.4,,
1,Electric_Vehicle_1,2.0,72.4,,
1,Electric_Vehicle_1,1.0,72.4,,
1,Electric_Vehicle_1,0.0,72.4,,
3,,,,,
3,,,,,
3,,,,,
3,,,,,
3,,,,,
3,,,,,
3,,,,,
2,Electric_Vehicle_1,,,0.0,42.2
1,Electric_Vehicle_1,12.0,76.7,,
1,Electric_Vehicle_1,11.0,76.7,,
1,Electric_Vehicle_1,10.0,76.7,,
1,Electric_Vehicle_1,9.0,76.7,,
1,Electric_Vehicle_1,8.0,76.7,,
1,Electric_Vehicle_1,7.0,76.7,,
1,Electric_Vehicle_1,6.0,76.7,,
1,Electric_Vehicle_1,5.0,76.7,,
1,Electric_Vehicle_1,4.0,76.7,,
1,Electric_Vehicle_1,3.0,76.7,,
1,Electric_Vehicle_1,2.0,76.7,,
1,Electric_Vehicle_1,1.0,76.7,,
1,Electric_Vehicle_1,0.0,76.7,,
3,,,,,
3,,,,,
3,,,,,
3,,,,,
3,,,,,
2,Electric_Vehicle_1,,,0.0,45.5
1,Electric_Vehicle_1,16.0,72.2,,
1,Electric_Vehicle_1,15.0,72.2,,
1,Electric_Vehicle_1,14.0,72.2,,
1,Electric_Vehicle_1,13.0,72.2,,
1,Electric_Vehicle_1,12.0,72.2,,
1,Electric_Vehicle_1,11.0,72.2,,
1,Electric_Vehicle_1,10.0,72.2,,
1,Electric_Vehicle_1,9.0,72.2,,
1,Electric_Vehicle_1,8.0,72.2,,
1,Electric_Vehicle_1,7.0,72.2,,
1,Electric_Vehicle_1,6.0,72.2,,
1,Electric_Vehicle_1,5.0,72.2,,
1,Electric_Vehicle_1,4.0,72.2,,
1,Electric_Vehicle_1,3.0,72.2,,
1,Electric_Vehicle_1,2.0,72.2,,
1,Electric_Vehicle_1,1.0,72.2,,
1,Electric_Vehicle_1,0.0,72.2,,
3,,,,,
3,,,,,
3,,,,,
3,,,,,
3,,,,,
3,,,,,
3,,,,,
3,,,,,
3,,,,,
2,Electric_Vehicle_1,,,0.0,46.8
1,Electric_Vehicle_1,13.0,71.3,,
1,Electric_Vehicle_1,12.0,71.3,,
1,Electric_Vehicle_1,11.0,71.3,,
1,Electric_Vehicle_1,10.0,71.3,,
1,Electric_Vehicle_1,9.0,71.3,,
1,Electric_Vehicle_1,8.0,71.3,,
1,Electric_Vehicle_1,7.0,71.3,,
1,Electric_Vehicle_1,6.0,71.3,,
1,Electric_Vehicle_1,5.0,71.3,,
1,Electric_Vehicle_1,4.0,71.3,,
1,Electric_Vehicle_1,3.0,71.3,,
1,Electric_Vehicle_1,2.0,71.3,,
1,Electric_Vehicle_1,1.0,71.3,,
1,Electric_Vehicle_1,0.0,71.3,,
3,,,,,
3,,,,,
3,,,,,
3,,,,,
3,,,,,
3,,,,,
3,,,,,
3,,,,,
2,Electric_Vehicle_1,,,0.0,47.7
1,Electric_Vehicle_1,15.0,84.9,,
1,Electric_Vehicle_1,14.0,84.9,,
1,Electric_Vehicle_1,13.0,84.9,,
1,Electric_Vehicle_1,12.0,84.9,,
1,Electric_Vehicle_1,11.0,84.9,,
1,Electric_Vehicle_1,10.0,84.9,,
1,Electric_Vehicle_1,9.0,84.9,,
1,Electric_Vehicle_1,8.0,84.9,,
1,Electric_Vehicle_1,7.0,84.9,,
1,Electric_Vehicle_1,6.0,84.9,,
1,Electric_Vehicle_1,5.0,84.9,,
1,Electric_Vehicle_1,4.0,84.9,,
1,Electric_Vehicle_1,3.0,84.9,,
1,Electric_Vehicle_1,2.0,84.9,,
1,Electric_Vehicle_1,1.0,84.9,,
1,Electric_Vehicle_1,0.0,84.9,,
3,,,,,
3,,,,,
3,,,,,
3,,,,,
3,,,,,
3,,,,,
3,,,,,
3,,,,,
3,,,,,
3,,,,,
2,Electric_Vehicle_1,,,0.0,39.2
1,Electric_Vehicle_1,12.0,72.5,,
1,Electric_Vehicle_1,11.0,72.5,,
1,Electric_Vehicle_1,10.0,72.5,,
1,Electric_Vehicle_1,9.0,72.5,,
1,Electric_Vehicle_1,8.0,72.5,,
1,Electric_Vehicle_1,7.0,72.5,,
1,Electric_Vehicle_1,6.0,72.5,,
1,Electric_Vehicle_1,5.0,72.5,,
1,Electric_Vehicle_1,4.0,72.5,,
1,Electric_Vehicle_1,3.0,72.5,,
1,Electric_Vehicle_1,2.0,72.5,,
1,Electric_Vehicle_1,1.0,72.5,,
1,Electric_Vehicle_1,0.0,72.5,,
3,,,,,
3,,,,,
3,,,,,
3,,,,,
3,,,,,
3,,,,,
3,,,,,
3,,,,,
3,,,,,
3,,,,,
3,,,,,
2,Electric_Vehicle_1,,,0.0,31.4
1,Electric_Vehicle_1,9.0,89.8,,
1,Electric_Vehicle_1,8.0,89.8,,
1,Electric_Vehicle_1,7.0,89.8,,
1,Electric_Vehicle_1,6.0,89.8,,
1,Electric_Vehicle_1,5.0,89.8,,
1,Electric_Vehicle_1,4.0,89.8,,
1,Electric_Vehicle_1,3.0,89.8,,
1,Electric_Vehicle_1,2.0,89.8,,
1,Electric_Vehicle_1,1.0,89.8,,
1,Electric_Vehicle_1,0.0,89.8,,
3,,,,,
3,,,,,
3,,,,,
3,,,,,
3,,,,,
3,,,,,
3,,,,,
3,,,,,
3,,,,,
3,,,,,
2,Electric_Vehicle_1,,,0.0,30.4
1,Electric_Vehicle_1,41.0,71.6,,
1,Electric_Vehicle_1,40.0,71.6,,
1,Electric_Vehicle_1,39.0,71.6,,
1,Electric_Vehicle_1,38.0,71.6,,
1,Electric_Vehicle_1,37.0,71.6,,
1,Electric_Vehicle_1,36.0,71.6,,
1,Electric_Vehicle_1,35.0,71.6,,
1,Electric_Vehicle_1,34.0,71.6,,
1,Electric_Vehicle_1,33.0,71.6,,
1,Electric_Vehicle_1,32.0,71.6,,
1,Electric_Vehicle_1,31.0,71.6,,
1,Electric_Vehicle_1,30.0,71.6,,
1,Electric_Vehicle_1,29.0,71.6,,
1,Electric_Vehicle_1,28.0,71.6,,
1,Electric_Vehicle_1,27.0,71.6,,
1,Electric_Vehicle_1,26.0,71.6,,
1,Electric_Vehicle_1,25.0,71.6,,
1,Electric_Vehicle_1,24.0,71.6,,
1,Electric_Vehicle_1,23.0,71.6,,
1,Electric_Vehicle_1,22.0,71.6,,
1,Electric_Vehicle_1,21.0,71.6,,
1,Electric_Vehicle_1,20.0,71.6,,
1,Electric_Vehicle_1,19.0,71.6,,
1,Electric_Vehicle_1,18.0,71.6,,
1,Electric_Vehicle_1,17.0,71.6,,
1,Electric_Vehicle_1,16.0,71.6,,
1,Electric_Vehicle_1,15.0,71.6,,
1,Electric_Vehicle_1,14.0,71.6,,
1,Electric_Vehicle_1,13.0,71.6,,
1,Electric_Vehicle_1,12.0,71.6,,
1,Electric_Vehicle_1,11.0,71.6,,
1,Electric_Vehicle_1,10.0,71.6,,
1,Electric_Vehicle_1,9.0,71.6,,
1,Electric_Vehicle_1,8.0,71.6,,
1,Electric_Vehicle_1,7.0,71.6,,
1,Electric_Vehicle_1,6.0,71.6,,
1,Electric_Vehicle_1,5.0,71.6,,
1,Electric_Vehicle_1,4.0,71.6,,
1,Electric_Vehicle_1,3.0,71.6,,
1,Electric_Vehicle_1,2.0,71.6,,
1,Electric_Vehicle_1,1.0,71.6,,
1,Electric_Vehicle_1,0.0,71.6,,
3,,,,,
3,,,,,
3,,,,,
3,,,,,
2,Electric_Vehicle_1,,,0.0,57.8
1,Electric_Vehicle_1,39.0,83.1,,
1,Electric_Vehicle_1,38.0,83.1,,
1,Electric_Vehicle_1,37.0,83.1,,
1,Electric_Vehicle_1,36.0,83.1,,
1,Electric_Vehicle_1,35.0,83.1,,
1,Electric_Vehicle_1,34.0,83.1,,
1,Electric_Vehicle_1,33.0,83.1,,
1,Electric_Vehicle_1,32.0,83.1,,
1,Electric_Vehicle_1,31.0,83.1,,
1,Electric_Vehicle_1,30.0,83.1,,
1,Electric_Vehicle_1,29.0,83.1,,
1,Electric_Vehicle_1,28.0,83.1,,
1,Electric_Vehicle_1,27.0,83.1,,
1,Electric_Vehicle_1,26.0,83.1,,
1,Electric_Vehicle_1,25.0,83.1,,
1,Electric_Vehicle_1,24.0,83.1,,
1,Electric_Vehicle_1,23.0,83.1,,
1,Electric_Vehicle_1,22.0,83.1,,
1,Electric_Vehicle_1,21.0,83.1,,
1,Electric_Vehicle_1,20.0,83.1,,
1,Electric_Vehicle_1,19.0,83.1,,
1,Electric_Vehicle_1,18.0,83.1,,
1,Electric_Vehicle_1,17.0,83.1,,
1,Electric_Vehicle_1,16.0,83.1,,
1,Electric_Vehicle_1,15.0,83.1,,
1,Electric_Vehicle_1,14.0,83.1,,
1,Electric_Vehicle_1,13.0,83.1,,
1,Electric_Vehicle_1,12.0,83.1,,
1,Electric_Vehicle_1,11.0,83.1,,
1,Electric_Vehicle_1,10.0,83.1,,
1,Electric_Vehicle_1,9.0,83.1,,
1,Electric_Vehicle_1,8.0,83.1,,
1,Electric_Vehicle_1,7.0,83.1,,
1,Electric_Vehicle_1,6.0,83.1,,
1,Electric_Vehicle_1,5.0,83.1,,
1,Electric_Vehicle_1,4.0,83.1,,
1,Electric_Vehicle_1,3.0,83.1,,
1,Electric_Vehicle_1,2.0,83.1,,
1,Electric_Vehicle_1,1.0,83.1,,
1,Electric_Vehicle_1,0.0,83.1,,
3,,,,,
3,,,,,
3,,,,,
3,,,,,
3,,,,,
3,,,,,
3,,,,,
3,,,,,
3,,,,,
2,Electric_Vehicle_1,,,0.0,37.9
1,Electric_Vehicle_1,13.0,82.5,,
1,Electric_Vehicle_1,12.0,82.5,,
1,Electric_Vehicle_1,11.0,82.5,,
1,Electric_Vehicle_1,10.0,82.5,,
1,Electric_Vehicle_1,9.0,82.5,,
1,Electric_Vehicle_1,8.0,82.5,,
1,Electric_Vehicle_1,7.0,82.5,,
1,Electric_Vehicle_1,6.0,82.5,,
1,Electric_Vehicle_1,5.0,82.5,,
1,Electric_Vehicle_1,4.0,82.5,,
1,Electric_Vehicle_1,3.0,82.5,,
1,Electric_Vehicle_1,2.0,82.5,,
1,Electric_Vehicle_1,1.0,82.5,,
1,Electric_Vehicle_1,0.0,82.5,,
3,,,,,
3,,,,,
3,,,,,
3,,,,,
3,,,,,
3,,,,,
3,,,,,
3,,,,,
3,,,,,
2,Electric_Vehicle_1,,,0.0,32.0
1,Electric_Vehicle_1,36.0,74.0,,
1,Electric_Vehicle_1,35.0,74.0,,
1,Electric_Vehicle_1,34.0,74.0,,
1,Electric_Vehicle_1,33.0,74.0,,
1,Electric_Vehicle_1,32.0,74.0,,
1,Electric_Vehicle_1,31.0,74.0,,
1,Electric_Vehicle_1,30.0,74.0,,
1,Electric_Vehicle_1,29.0,74.0,,
1,Electric_Vehicle_1,28.0,74.0,,
1,Electric_Vehicle_1,27.0,74.0,,
1,Electric_Vehicle_1,26.0,74.0,,
1,Electric_Vehicle_1,25.0,74.0,,
1,Electric_Vehicle_1,24.0,74.0,,
1,Electric_Vehicle_1,23.0,74.0,,
1,Electric_Vehicle_1,22.0,74.0,,
1,Electric_Vehicle_1,21.0,74.0,,
1,Electric_Vehicle_1,20.0,74.0,,
1,Electric_Vehicle_1,19.0,74.0,,
1,Electric_Vehicle_1,18.0,74.0,,
1,Electric_Vehicle_1,17.0,74.0,,
1,Electric_Vehicle_1,16.0,74.0,,
1,Electric_Vehicle_1,15.0,74.0,,
1,Electric_Vehicle_1,14.0,74.0,,
1,Electric_Vehicle_1,13.0,74.0,,
1,Electric_Vehicle_1,12.0,74.0,,
1,Electric_Vehicle_1,11.0,74.0,,
1,Electric_Vehicle_1,10.0,74.0,,
1,Electric_Vehicle_1,9.0,74.0,,
1,Electric_Vehicle_1,8.0,74.0,,
1,Electric_Vehicle_1,7.0,74.0,,
1,Electric_Vehicle_1,6.0,74.0,,
1,Electric_Vehicle_1,5.0,74.0,,
1,Electric_Vehicle_1,4.0,74.0,,
1,Electric_Vehicle_1,3.0,74.0,,
1,Electric_Vehicle_1,2.0,74.0,,
1,Electric_Vehicle_1,1.0,74.0,,
1,Electric_Vehicle_1,0.0,74.0,,
3,,,,,
3,,,,,
3,,,,,
3,,,,,
3,,,,,
3,,,,,
3,,,,,
3,,,,,
3,,,,,
3,,,,,
2,Electric_Vehicle_1,,,0.0,30.3
1,Electric_Vehicle_1,17.0,86.3,,
1,Electric_Vehicle_1,16.0,86.3,,
1,Electric_Vehicle_1,15.0,86.3,,
1,Electric_Vehicle_1,14.0,86.3,,
1,Electric_Vehicle_1,13.0,86.3,,
1,Electric_Vehicle_1,12.0,86.3,,
1,Electric_Vehicle_1,11.0,86.3,,
1,Electric_Vehicle_1,10.0,86.3,,
1,Electric_Vehicle_1,9.0,86.3,,
1,Electric_Vehicle_1,8.0,86.3,,
1,Electric_Vehicle_1,7.0,86.3,,
1,Electric_Vehicle_1,6.0,86.3,,
1,Electric_Vehicle_1,5.0,86.3,,
1,Electric_Vehicle_1,4.0,86.3,,
1,Electric_Vehicle_1,3.0,86.3,,
1,Electric_Vehicle_1,2.0,86.3,,
1,Electric_Vehicle_1,1.0,86.3,,
1,Electric_Vehicle_1,0.0,86.3,,
3,,,,,
3,,,,,
2,Electric_Vehicle_1,,,0.0,56.7
1,Electric_Vehicle_1,20.0,71.7,,
1,Electric_Vehicle_1,19.0,71.7,,
1,Electric_Vehicle_1,18.0,71.7,,
1,Electric_Vehicle_1,17.0,71.7,,
1,Electric_Vehicle_1,16.0,71.7,,
1,Electric_Vehicle_1,15.0,71.7,,
1,Electric_Vehicle_1,14.0,71.7,,
1,Electric_Vehicle_1,13.0,71.7,,
1,Electric_Vehicle_1,12.0,71.7,,
1,Electric_Vehicle_1,11.0,71.7,,
1,Electric_Vehicle_1,10.0,71.7,,
1,Electric_Vehicle_1,9.0,71.7,,
1,Electric_Vehicle_1,8.0,71.7,,
1,Electric_Vehicle_1,7.0,71.7,,
1,Electric_Vehicle_1,6.0,71.7,,
1,Electric_Vehicle_1,5.0,71.7,,
1,Electric_Vehicle_1,4.0,71.7,,
1,Electric_Vehicle_1,3.0,71.7,,
1,Electric_Vehicle_1,2.0,71.7,,
1,Electric_Vehicle_1,1.0,71.7,,
1,Electric_Vehicle_1,0.0,71.7,,
3,,,,,
2,Electric_Vehicle_1,,,0.0,37.8
1,Electric_Vehicle_1,41.0,76.2,,
1,Electric_Vehicle_1,40.0,76.2,,
1,Electric_Vehicle_1,39.0,76.2,,
1,Electric_Vehicle_1,38.0,76.2,,
1,Electric_Vehicle_1,37.0,76.2,,
1,Electric_Vehicle_1,36.0,76.2,,
1,Electric_Vehicle_1,35.0,76.2,,
1,Electric_Vehicle_1,34.0,76.2,,
1,Electric_Vehicle_1,33.0,76.2,,
1,Electric_Vehicle_1,32.0,76.2,,
1,Electric_Vehicle_1,31.0,76.2,,
1,Electric_Vehicle_1,30.0,76.2,,
1,Electric_Vehicle_1,29.0,76.2,,
1,Electric_Vehicle_1,28.0,76.2,,
1,Electric_Vehicle_1,27.0,76.2,,
1,Electric_Vehicle_1,26.0,76.2,,
1,Electric_Vehicle_1,25.0,76.2,,
1,Electric_Vehicle_1,24.0,76.2,,
1,Electric_Vehicle_1,23.0,76.2,,
1,Electric_Vehicle_1,22.0,76.2,,
1,Electric_Vehicle_1,21.0,76.2,,
1,Electric_Vehicle_1,20.0,76.2,,
1,Electric_Vehicle_1,19.0,76.2,,
1,Electric_Vehicle_1,18.0,76.2,,
1,Electric_Vehicle_1,17.0,76.2,,
1,Electric_Vehicle_1,16.0,76.2,,
1,Electric_Vehicle_1,15.0,76.2,,
1,Electric_Vehicle_1,14.0,76.2,,
1,Electric_Vehicle_1,13.0,76.2,,
1,Electric_Vehicle_1,12.0,76.2,,
1,Electric_Vehicle_1,11.0,76.2,,
1,Electric_Vehicle_1,10.0,76.2,,
1,Electric_Vehicle_1,9.0,76.2,,
1,Electric_Vehicle_1,8.0,76.2,,
1,Electric_Vehicle_1,7.0,76.2,,
1,Electric_Vehicle_1,6.0,76.2,,
1,Electric_Vehicle_1,5.0,76.2,,
1,Electric_Vehicle_1,4.0,76.2,,
1,Electric_Vehicle_1,3.0,76.2,,
1,Electric_Vehicle_1,2.0,76.2,,
1,Electric_Vehicle_1,1.0,76.2,,
1,Electric_Vehicle_1,0.0,76.2,,
3,,,,,
3,,,,,
3,,,,,
3,,,,,
3,,,,,
3,,,,,
2,Electric_Vehicle_1,,,0.0,32.3
1,Electric_Vehicle_1,16.0,70.4,,
1,Electric_Vehicle_1,15.0,70.4,,
1,Electric_Vehicle_1,14.0,70.4,,
1,Electric_Vehicle_1,13.0,70.4,,
1,Electric_Vehicle_1,12.0,70.4,,
1,Electric_Vehicle_1,11.0,70.4,,
1,Electric_Vehicle_1,10.0,70.4,,
1,Electric_Vehicle_1,9.0,70.4,,
1,Electric_Vehicle_1,8.0,70.4,,
1,Electric_Vehicle_1,7.0,70.4,,
1,Electric_Vehicle_1,6.0,70.4,,
1,Electric_Vehicle_1,5.0,70.4,,
1,Electric_Vehicle_1,4.0,70.4,,
1,Electric_Vehicle_1,3.0,70.4,,
1,Electric_Vehicle_1,2.0,70.4,,
1,Electric_Vehicle_1,1.0,70.4,,
1,Electric_Vehicle_1,0.0,70.4,,
3,,,,,
3,,,,,
3,,,,,
3,,,,,
3,,,,,
3,,,,,
3,,,,,
3,,,,,
3,,,,,
2,Electric_Vehicle_1,,,0.0,28.0
1,Electric_Vehicle_1,13.0,79.8,,
1,Electric_Vehicle_1,12.0,79.8,,
1,Electric_Vehicle_1,11.0,79.8,,
1,Electric_Vehicle_1,10.0,79.8,,
1,Electric_Vehicle_1,9.0,79.8,,
1,Electric_Vehicle_1,8.0,79.8,,
1,Electric_Vehicle_1,7.0,79.8,,
1,Electric_Vehicle_1,6.0,79.8,,
1,Electric_Vehicle_1,5.0,79.8,,
1,Electric_Vehicle_1,4.0,79.8,,
1,Electric_Vehicle_1,3.0,79.8,,
1,Electric_Vehicle_1,2.0,79.8,,
1,Electric_Vehicle_1,1.0,79.8,,
1,Electric_Vehicle_1,0.0,79.8,,
3,,,,,
3,,,,,
3,,,,,
3,,,,,
3,,,,,
3,,,,,
3,,,,,
3,,,,,
3,,,,,
3,,,,,
3,,,,,
2,Electric_Vehicle_1,,,0.0,35.0
1,Electric_Vehicle_1,10.0,79.1,,
1,Electric_Vehicle_1,9.0,79.1,,
1,Electric_Vehicle_1,8.0,79.1,,
1,Electric_Vehicle_1,7.0,79.1,,
1,Electric_Vehicle_1,6.0,79.1,,
1,Electric_Vehicle_1,5.0,79.1,,
1,Electric_Vehicle_1,4.0,79.1,,
1,Electric_Vehicle_1,3.0,79.1,,
1,Electric_Vehicle_1,2.0,79.1,,
1,Electric_Vehicle_1,1.0,79.1,,
1,Electric_Vehicle_1,0.0,79.1,,
3,,,,,
3,,,,,
3,,,,,
3,,,,,
3,,,,,
3,,,,,
3,,,,,
3,,,,,
3,,,,,
3,,,,,
2,Electric_Vehicle_1,,,0.0,49.6
1,Electric_Vehicle_1,84.0,72.6,,
1,Electric_Vehicle_1,83.0,72.6,,
1,Electric_Vehicle_1,82.0,72.6,,
1,Electric_Vehicle_1,81.0,72.6,,
1,Electric_Vehicle_1,80.0,72.6,,
1,Electric_Vehicle_1,79.0,72.6,,
1,Electric_Vehicle_1,78.0,72.6,,
1,Electric_Vehicle_1,77.0,72.6,,
1,Electric_Vehicle_1,76.0,72.6,,
1,Electric_Vehicle_1,75.0,72.6,,
1,Electric_Vehicle_1,74.0,72.6,,
1,Electric_Vehicle_1,73.0,72.6,,
1,Electric_Vehicle_1,72.0,72.6,,
1,Electric_Vehicle_1,71.0,72.6,,
1,Electric_Vehicle_1,70.0,72.6,,
1,Electric_Vehicle_1,69.0,72.6,,
1,Electric_Vehicle_1,68.0,72.6,,
1,Electric_Vehicle_1,67.0,72.6,,
1,Electric_Vehicle_1,66.0,72.6,,
1,Electric_Vehicle_1,65.0,72.6,,
1,Electric_Vehicle_1,64.0,72.6,,
1,Electric_Vehicle_1,63.0,72.6,,
1,Electric_Vehicle_1,62.0,72.6,,
1,Electric_Vehicle_1,61.0,72.6,,
1,Electric_Vehicle_1,60.0,72.6,,
1,Electric_Vehicle_1,59.0,72.6,,
1,Electric_Vehicle_1,58.0,72.6,,
1,Electric_Vehicle_1,57.0,72.6,,
1,Electric_Vehicle_1,56.0,72.6,,
1,Electric_Vehicle_1,55.0,72.6,,
1,Electric_Vehicle_1,54.0,72.6,,
1,Electric_Vehicle_1,53.0,72.6,,
1,Electric_Vehicle_1,52.0,72.6,,
1,Electric_Vehicle_1,51.0,72.6,,
1,Electric_Vehicle_1,50.0,72.6,,
1,Electric_Vehicle_1,49.0,72.6,,
1,Electric_Vehicle_1,48.0,72.6,,
1,Electric_Vehicle_1,47.0,72.6,,
1,Electric_Vehicle_1,46.0,72.6,,
1,Electric_Vehicle_1,45.0,72.6,,
1,Electric_Vehicle_1,44.0,72.6,,
1,Electric_Vehicle_1,43.0,72.6,,
1,Electric_Vehicle_1,42.0,72.6,,
1,Electric_Vehicle_1,41.0,72.6,,
1,Electric_Vehicle_1,40.0,72.6,,
1,Electric_Vehicle_1,39.0,72.6,,
1,Electric_Vehicle_1,38.0,72.6,,
1,Electric_Vehicle_1,37.0,72.6,,
1,Electric_Vehicle_1,36.0,72.6,,
1,Electric_Vehicle_1,35.0,72.6,,
1,Electric_Vehicle_1,34.0,72.6,,
1,Electric_Vehicle_1,33.0,72.6,,
1,Electric_Vehicle_1,32.0,72.6,,
1,Electric_Vehicle_1,31.0,72.6,,
1,Electric_Vehicle_1,30.0,72.6,,
1,Electric_Vehicle_1,29.0,72.6,,
1,Electric_Vehicle_1,28.0,72.6,,
1,Electric_Vehicle_1,27.0,72.6,,
1,Electric_Vehicle_1,26.0,72.6,,
1,Electric_Vehicle_1,25.0,72.6,,
1,Electric_Vehicle_1,24.0,72.6,,
1,Electric_Vehicle_1,23.0,72.6,,
1,Electric_Vehicle_1,22.0,72.6,,
1,Electric_Vehicle_1,21.0,72.6,,
1,Electric_Vehicle_1,20.0,72.6,,
1,Electric_Vehicle_1,19.0,72.6,,
1,Electric_Vehicle_1,18.0,72.6,,
1,Electric_Vehicle_1,17.0,72.6,,
1,Electric_Vehicle_1,16.0,72.6,,
1,Electric_Vehicle_1,15.0,72.6,,
1,Electric_Vehicle_1,14.0,72.6,,
1,Electric_Vehicle_1,13.0,72.6,,
1,Electric_Vehicle_1,12.0,72.6,,
1,Electric_Vehicle_1,11.0,72.6,,
1,Electric_Vehicle_1,10.0,72.6,,
1,Electric_Vehicle_1,9.0,72.6,,
1,Electric_Vehicle_1,8.0,72.6,,
1,Electric_Vehicle_1,7.0,72.6,,
1,Electric_Vehicle_1,6.0,72.6,,
1,Electric_Vehicle_1,5.0,72.6,,
1,Electric_Vehicle_1,4.0,72.6,,
1,Electric_Vehicle_1,3.0,72.6,,
1,Electric_Vehicle_1,2.0,72.6,,
1,Electric_Vehicle_1,1.0,72.6,,
1,Electric_Vehicle_1,0.0,72.6,,
3,,,,,
3,,,,,
3,,,,,
3,,,,,
3,,,,,
3,,,,,
3,,,,,
3,,,,,
3,,,,,
3,,,,,
2,Electric_Vehicle_1,,,0.0,27.5
1,Electric_Vehicle_1,13.0,79.9,,
1,Electric_Vehicle_1,12.0,79.9,,
1,Electric_Vehicle_1,11.0,79.9,,
1,Electric_Vehicle_1,10.0,79.9,,
1,Electric_Vehicle_1,9.0,79.9,,
1,Electric_Vehicle_1,8.0,79.9,,
1,Electric_Vehicle_1,7.0,79.9,,
1,Electric_Vehicle_1,6.0,79.9,,
1,Electric_Vehicle_1,5.0,79.9,,
1,Electric_Vehicle_1,4.0,79.9,,
1,Electric_Vehicle_1,3.0,79.9,,
1,Electric_Vehicle_1,2.0,79.9,,
1,Electric_Vehicle_1,1.0,79.9,,
1,Electric_Vehicle_1,0.0,79.9,,
3,,,,,
3,,,,,
3,,,,,
3,,,,,
3,,,,,
3,,,,,
3,,,,,
3,,,,,
3,,,,,
3,,,,,
3,,,,,
3,,,,,
2,Electric_Vehicle_1,,,0.0,41.9
1,Electric_Vehicle_1,9.0,88.1,,
1,Electric_Vehicle_1,8.0,88.1,,
1,Electric_Vehicle_1,7.0,88.1,,
1,Electric_Vehicle_1,6.0,88.1,,
1,Electric_Vehicle_1,5.0,88.1,,
1,Electric_Vehicle_1,4.0,88.1,,
1,Electric_Vehicle_1,3.0,88.1,,
1,Electric_Vehicle_1,2.0,88.1,,
1,Electric_Vehicle_1,1.0,88.1,,
1,Electric_Vehicle_1,0.0,88.1,,
3,,,,,
3,,,,,
3,,,,,
3,,,,,
3,,,,,
3,,,,,
3,,,,,
3,,,,,
3,,,,,
3,,,,,
2,Electric_Vehicle_1,,,0.0,45.9
1,Electric_Vehicle_1,12.0,90.0,,
1,Electric_Vehicle_1,11.0,90.0,,
1,Electric_Vehicle_1,10.0,90.0,,
1,Electric_Vehicle_1,9.0,90.0,,
1,Electric_Vehicle_1,8.0,90.0,,
1,Electric_Vehicle_1,7.0,90.0,,
1,Electric_Vehicle_1,6.0,90.0,,
1,Electric_Vehicle_1,5.0,90.0,,
1,Electric_Vehicle_1,4.0,90.0,,
1,Electric_Vehicle_1,3.0,90.0,,
1,Electric_Vehicle_1,2.0,90.0,,
1,Electric_Vehicle_1,1.0,90.0,,
1,Electric_Vehicle_1,0.0,90.0,,
3,,,,,
3,,,,,
3,,,,,
3,,,,,
3,,,,,
3,,,,,
3,,,,,
3,,,,,
3,,,,,
2,Electric_Vehicle_1,,,0.0,24.3
1,Electric_Vehicle_1,62.0,80.4,,
1,Electric_Vehicle_1,61.0,80.4,,
1,Electric_Vehicle_1,60.0,80.4,,
1,Electric_Vehicle_1,59.0,80.4,,
1,Electric_Vehicle_1,58.0,80.4,,
1,Electric_Vehicle_1,57.0,80.4,,
1,Electric_Vehicle_1,56.0,80.4,,
1,Electric_Vehicle_1,55.0,80.4,,
1,Electric_Vehicle_1,54.0,80.4,,
1,Electric_Vehicle_1,53.0,80.4,,
1,Electric_Vehicle_1,52.0,80.4,,
1,Electric_Vehicle_1,51.0,80.4,,
1,Electric_Vehicle_1,50.0,80.4,,
1,Electric_Vehicle_1,49.0,80.4,,
1,Electric_Vehicle_1,48.0,80.4,,
1,Electric_Vehicle_1,47.0,80.4,,
1,Electric_Vehicle_1,46.0,80.4,,
1,Electric_Vehicle_1,45.0,80.4,,
1,Electric_Vehicle_1,44.0,80.4,,
1,Electric_Vehicle_1,43.0,80.4,,
1,Electric_Vehicle_1,42.0,80.4,,
1,Electric_Vehicle_1,41.0,80.4,,
1,Electric_Vehicle_1,40.0,80.4,,
1,Electric_Vehicle_1,39.0,80.4,,
1,Electric_Vehicle_1,38.0,80.4,,
1,Electric_Vehicle_1,37.0,80.4,,
1,Electric_Vehicle_1,36.0,80.4,,
1,Electric_Vehicle_1,35.0,80.4,,
1,Electric_Vehicle_1,34.0,80.4,,
1,Electric_Vehicle_1,33.0,80.4,,
1,Electric_Vehicle_1,32.0,80.4,,
1,Electric_Vehicle_1,31.0,80.4,,
1,Electric_Vehicle_1,30.0,80.4,,
1,Electric_Vehicle_1,29.0,80.4,,
1,Electric_Vehicle_1,28.0,80.4,,
1,Electric_Vehicle_1,27.0,80.4,,
1,Electric_Vehicle_1,26.0,80.4,,
1,Electric_Vehicle_1,25.0,80.4,,
1,Electric_Vehicle_1,24.0,80.4,,
1,Electric_Vehicle_1,23.0,80.4,,
1,Electric_Vehicle_1,22.0,80.4,,
1,Electric_Vehicle_1,21.0,80.4,,
1,Electric_Vehicle_1,20.0,80.4,,
1,Electric_Vehicle_1,19.0,80.4,,
1,Electric_Vehicle_1,18.0,80.4,,
1,Electric_Vehicle_1,17.0,80.4,,
1,Electric_Vehicle_1,16.0,80.4,,
1,Electric_Vehicle_1,15.0,80.4,,
1,Electric_Vehicle_1,14.0,80.4,,
1,Electric_Vehicle_1,13.0,80.4,,
1,Electric_Vehicle_1,12.0,80.4,,
1,Electric_Vehicle_1,11.0,80.4,,
1,Electric_Vehicle_1,10.0,80.4,,
1,Electric_Vehicle_1,9.0,80.4,,
1,Electric_Vehicle_1,8.0,80.4,,
1,Electric_Vehicle_1,7.0,80.4,,
1,Electric_Vehicle_1,6.0,80.4,,
1,Electric_Vehicle_1,5.0,80.4,,
1,Electric_Vehicle_1,4.0,80.4,,
1,Electric_Vehicle_1,3.0,80.4,,
1,Electric_Vehicle_1,2.0,80.4,,
1,Electric_Vehicle_1,1.0,80.4,,
1,Electric_Vehicle_1,0.0,80.4,,
3,,,,,
3,,,,,
3,,,,,
3,,,,,
3,,,,,
3,,,,,
3,,,,,
3,,,,,
3,,,,,
3,,,,,
3,,,,,
2,Electric_Vehicle_1,,,0.0,40.5
1,Electric_Vehicle_1,10.0,86.7,,
1,Electric_Vehicle_1,9.0,86.7,,
1,Electric_Vehicle_1,8.0,86.7,,
1,Electric_Vehicle_1,7.0,86.7,,
1,Electric_Vehicle_1,6.0,86.7,,
1,Electric_Vehicle_1,5.0,86.7,,
1,Electric_Vehicle_1,4.0,86.7,,
1,Electric_Vehicle_1,3.0,86.7,,
1,Electric_Vehicle_1,2.0,86.7,,
1,Electric_Vehicle_1,1.0,86.7,,
1,Electric_Vehicle_1,0.0,86.7,,
3,,,,,
3,,,,,
3,,,,,
3,,,,,
3,,,,,
3,,,,,
3,,,,,
3,,,,,
3,,,,,
2,Electric_Vehicle_1,,,0.0,25.6
1,Electric_Vehicle_1,14.0,72.8,,
1,Electric_Vehicle_1,13.0,72.8,,
1,Electric_Vehicle_1,12.0,72.8,,
1,Electric_Vehicle_1,11.0,72.8,,
1,Electric_Vehicle_1,10.0,72.8,,
1,Electric_Vehicle_1,9.0,72.8,,
1,Electric_Vehicle_1,8.0,72.8,,
1,Electric_Vehicle_1,7.0,72.8,,
1,Electric_Vehicle_1,6.0,72.8,,
1,Electric_Vehicle_1,5.0,72.8,,
1,Electric_Vehicle_1,4.0,72.8,,
1,Electric_Vehicle_1,3.0,72.8,,
1,Electric_Vehicle_1,2.0,72.8,,
1,Electric_Vehicle_1,1.0,72.8,,
1,Electric_Vehicle_1,0.0,72.8,,
3,,,,,
3,,,,,
3,,,,,
3,,,,,
3,,,,,
3,,,,,
3,,,,,
2,Electric_Vehicle_1,,,0.0,34.9
1,Electric_Vehicle_1,14.0,74.9,,
1,Electric_Vehicle_1,13.0,74.9,,
1,Electric_Vehicle_1,12.0,74.9,,
1,Electric_Vehicle_1,11.0,74.9,,
1,Electric_Vehicle_1,10.0,74.9,,
1,Electric_Vehicle_1,9.0,74.9,,
1,Electric_Vehicle_1,8.0,74.9,,
1,Electric_Vehicle_1,7.0,74.9,,
1,Electric_Vehicle_1,6.0,74.9,,
1,Electric_Vehicle_1,5.0,74.9,,
1,Electric_Vehicle_1,4.0,74.9,,
1,Electric_Vehicle_1,3.0,74.9,,
1,Electric_Vehicle_1,2.0,74.9,,
1,Electric_Vehicle_1,1.0,74.9,,
1,Electric_Vehicle_1,0.0,74.9,,
3,,,,,
3,,,,,
3,,,,,
3,,,,,
3,,,,,
3,,,,,
3,,,,,
3,,,,,
3,,,,,
3,,,,,
2,Electric_Vehicle_1,,,0.0,31.5
1,Electric_Vehicle_1,38.0,73.8,,
1,Electric_Vehicle_1,37.0,73.8,,
1,Electric_Vehicle_1,36.0,73.8,,
1,Electric_Vehicle_1,35.0,73.8,,
1,Electric_Vehicle_1,34.0,73.8,,
1,Electric_Vehicle_1,33.0,73.8,,
1,Electric_Vehicle_1,32.0,73.8,,
1,Electric_Vehicle_1,31.0,73.8,,
1,Electric_Vehicle_1,30.0,73.8,,
1,Electric_Vehicle_1,29.0,73.8,,
1,Electric_Vehicle_1,28.0,73.8,,
1,Electric_Vehicle_1,27.0,73.8,,
1,Electric_Vehicle_1,26.0,73.8,,
1,Electric_Vehicle_1,25.0,73.8,,
1,Electric_Vehicle_1,24.0,73.8,,
1,Electric_Vehicle_1,23.0,73.8,,
1,Electric_Vehicle_1,22.0,73.8,,
1,Electric_Vehicle_1,21.0,73.8,,
1,Electric_Vehicle_1,20.0,73.8,,
1,Electric_Vehicle_1,19.0,73.8,,
1,Electric_Vehicle_1,18.0,73.8,,
1,Electric_Vehicle_1,17.0,73.8,,
1,Electric_Vehicle_1,16.0,73.8,,
1,Electric_Vehicle_1,15.0,73.8,,
1,Electric_Vehicle_1,14.0,73.8,,
1,Electric_Vehicle_1,13.0,73.8,,
1,Electric_Vehicle_1,12.0,73.8,,
1,Electric_Vehicle_1,11.0,73.8,,
1,Electric_Vehicle_1,10.0,73.8,,
1,Electric_Vehicle_1,9.0,73.8,,
1,Electric_Vehicle_1,8.0,73.8,,
1,Electric_Vehicle_1,7.0,73.8,,
1,Electric_Vehicle_1,6.0,73.8,,
1,Electric_Vehicle_1,5.0,73.8,,
1,Electric_Vehicle_1,4.0,73.8,,
1,Electric_Vehicle_1,3.0,73.8,,
1,Electric_Vehicle_1,2.0,73.8,,
1,Electric_Vehicle_1,1.0,73.8,,
1,Electric_Vehicle_1,0.0,73.8,,
3,,,,,
3,,,,,
3,,,,,
3,,,,,
3,,,,,
3,,,,,
3,,,,,
2,Electric_Vehicle_1,,,0.0,32.5
1,Electric_Vehicle_1,39.0,84.6,,
1,Electric_Vehicle_1,38.0,84.6,,
1,Electric_Vehicle_1,37.0,84.6,,
1,Electric_Vehicle_1,36.0,84.6,,
1,Electric_Vehicle_1,35.0,84.6,,
1,Electric_Vehicle_1,34.0,84.6,,
1,Electric_Vehicle_1,33.0,84.6,,
1,Electric_Vehicle_1,32.0,84.6,,
1,Electric_Vehicle_1,31.0,84.6,,
1,Electric_Vehicle_1,30.0,84.6,,
1,Electric_Vehicle_1,29.0,84.6,,
1,Electric_Vehicle_1,28.0,84.6,,
1,Electric_Vehicle_1,27.0,84.6,,
1,Electric_Vehicle_1,26.0,84.6,,
1,Electric_Vehicle_1,25.0,84.6,,
1,Electric_Vehicle_1,24.0,84.6,,
1,Electric_Vehicle_1,23.0,84.6,,
1,Electric_Vehicle_1,22.0,84.6,,
1,Electric_Vehicle_1,21.0,84.6,,
1,Electric_Vehicle_1,20.0,84.6,,
1,Electric_Vehicle_1,19.0,84.6,,
1,Electric_Vehicle_1,18.0,84.6,,
1,Electric_Vehicle_1,17.0,84.6,,
1,Electric_Vehicle_1,16.0,84.6,,
1,Electric_Vehicle_1,15.0,84.6,,
1,Electric_Vehicle_1,14.0,84.6,,
1,Electric_Vehicle_1,13.0,84.6,,
1,Electric_Vehicle_1,12.0,84.6,,
1,Electric_Vehicle_1,11.0,84.6,,
1,Electric_Vehicle_1,10.0,84.6,,
1,Electric_Vehicle_1,9.0,84.6,,
1,Electric_Vehicle_1,8.0,84.6,,
1,Electric_Vehicle_1,7.0,84.6,,
1,Electric_Vehicle_1,6.0,84.6,,
1,Electric_Vehicle_1,5.0,84.6,,
1,Electric_Vehicle_1,4.0,84.6,,
1,Electric_Vehicle_1,3.0,84.6,,
1,Electric_Vehicle_1,2.0,84.6,,
1,Electric_Vehicle_1,1.0,84.6,,
1,Electric_Vehicle_1,0.0,84.6,,
3,,,,,
3,,,,,
3,,,,,
3,,,,,
3,,,,,
3,,,,,
3,,,,,
3,,,,,
3,,,,,
2,Electric_Vehicle_1,,,0.0,31.0
1,Electric_Vehicle_1,11.0,81.3,,
1,Electric_Vehicle_1,10.0,81.3,,
1,Electric_Vehicle_1,9.0,81.3,,
1,Electric_Vehicle_1,8.0,81.3,,
1,Electric_Vehicle_1,7.0,81.3,,
1,Electric_Vehicle_1,6.0,81.3,,
1,Electric_Vehicle_1,5.0,81.3,,
1,Electric_Vehicle_1,4.0,81.3,,
1,Electric_Vehicle_1,3.0,81.3,,
1,Electric_Vehicle_1,2.0,81.3,,
1,Electric_Vehicle_1,1.0,81.3,,
1,Electric_Vehicle_1,0.0,81.3,,
3,,,,,
3,,,,,
3,,,,,
3,,,,,
3,,,,,
3,,,,,
3,,,,,
3,,,,,
3,,,,,
2,Electric_Vehicle_1,,,0.0,49.4
1,Electric_Vehicle_1,15.0,82.6,,
1,Electric_Vehicle_1,14.0,82.6,,
1,Electric_Vehicle_1,13.0,82.6,,
1,Electric_Vehicle_1,12.0,82.6,,
1,Electric_Vehicle_1,11.0,82.6,,
1,Electric_Vehicle_1,10.0,82.6,,
1,Electric_Vehicle_1,9.0,82.6,,
1,Electric_Vehicle_1,8.0,82.6,,
1,Electric_Vehicle_1,7.0,82.6,,
1,Electric_Vehicle_1,6.0,82.6,,
1,Electric_Vehicle_1,5.0,82.6,,
1,Electric_Vehicle_1,4.0,82.6,,
1,Electric_Vehicle_1,3.0,82.6,,
1,Electric_Vehicle_1,2.0,82.6,,
1,Electric_Vehicle_1,1.0,82.6,,
1,Electric_Vehicle_1,0.0,82.6,,
3,,,,,
3,,,,,
3,,,,,
3,,,,,
3,,,,,
3,,,,,
3,,,,,
3,,,,,
2,Electric_Vehicle_1,,,0.0,25.9
1,Electric_Vehicle_1,36.0,79.5,,
1,Electric_Vehicle_1,35.0,79.5,,
1,Electric_Vehicle_1,34.0,79.5,,
1,Electric_Vehicle_1,33.0,79.5,,
1,Electric_Vehicle_1,32.0,79.5,,
1,Electric_Vehicle_1,31.0,79.5,,
1,Electric_Vehicle_1,30.0,79.5,,
1,Electric_Vehicle_1,29.0,79.5,,
1,Electric_Vehicle_1,28.0,79.5,,
1,Electric_Vehicle_1,27.0,79.5,,
1,Electric_Vehicle_1,26.0,79.5,,
1,Electric_Vehicle_1,25.0,79.5,,
1,Electric_Vehicle_1,24.0,79.5,,
1,Electric_Vehicle_1,23.0,79.5,,
1,Electric_Vehicle_1,22.0,79.5,,
1,Electric_Vehicle_1,21.0,79.5,,
1,Electric_Vehicle_1,20.0,79.5,,
1,Electric_Vehicle_1,19.0,79.5,,
1,Electric_Vehicle_1,18.0,79.5,,
1,Electric_Vehicle_1,17.0,79.5,,
1,Electric_Vehicle_1,16.0,79.5,,
1,Electric_Vehicle_1,15.0,79.5,,
1,Electric_Vehicle_1,14.0,79.5,,
1,Electric_Vehicle_1,13.0,79.5,,
1,Electric_Vehicle_1,12.0,79.5,,
1,Electric_Vehicle_1,11.0,79.5,,
1,Electric_Vehicle_1,10.0,79.5,,
1,Electric_Vehicle_1,9.0,79.5,,
1,Electric_Vehicle_1,8.0,79.5,,
1,Electric_Vehicle_1,7.0,79.5,,
1,Electric_Vehicle_1,6.0,79.5,,
1,Electric_Vehicle_1,5.0,79.5,,
1,Electric_Vehicle_1,4.0,79.5,,
1,Electric_Vehicle_1,3.0,79.5,,
1,Electric_Vehicle_1,2.0,79.5,,
1,Electric_Vehicle_1,1.0,79.5,,
1,Electric_Vehicle_1,0.0,79.5,,
3,,,,,
3,,,,,
3,,,,,
3,,,,,
3,,,,,
3,,,,,
3,,,,,
3,,,,,
3,,,,,
2,Electric_Vehicle_1,,,0.0,30.4
1,Electric_Vehicle_1,40.0,83.8,,
1,Electric_Vehicle_1,39.0,83.8,,
1,Electric_Vehicle_1,38.0,83.8,,
1,Electric_Vehicle_1,37.0,83.8,,
1,Electric_Vehicle_1,36.0,83.8,,
1,Electric_Vehicle_1,35.0,83.8,,
1,Electric_Vehicle_1,34.0,83.8,,
1,Electric_Vehicle_1,33.0,83.8,,
1,Electric_Vehicle_1,32.0,83.8,,
1,Electric_Vehicle_1,31.0,83.8,,
1,Electric_Vehicle_1,30.0,83.8,,
1,Electric_Vehicle_1,29.0,83.8,,
1,Electric_Vehicle_1,28.0,83.8,,
1,Electric_Vehicle_1,27.0,83.8,,
1,Electric_Vehicle_1,26.0,83.8,,
1,Electric_Vehicle_1,25.0,83.8,,
1,Electric_Vehicle_1,24.0,83.8,,
1,Electric_Vehicle_1,23.0,83.8,,
1,Electric_Vehicle_1,22.0,83.8,,
1,Electric_Vehicle_1,21.0,83.8,,
1,Electric_Vehicle_1,20.0,83.8,,
1,Electric_Vehicle_1,19.0,83.8,,
1,Electric_Vehicle_1,18.0,83.8,,
1,Electric_Vehicle_1,17.0,83.8,,
1,Electric_Vehicle_1,16.0,83.8,,
1,Electric_Vehicle_1,15.0,83.8,,
1,Electric_Vehicle_1,14.0,83.8,,
1,Electric_Vehicle_1,13.0,83.8,,
1,Electric_Vehicle_1,12.0,83.8,,
1,Electric_Vehicle_1,11.0,83.8,,
1,Electric_Vehicle_1,10.0,83.8,,
1,Electric_Vehicle_1,9.0,83.8,,
1,Electric_Vehicle_1,8.0,83.8,,
1,Electric_Vehicle_1,7.0,83.8,,
1,Electric_Vehicle_1,6.0,83.8,,
1,Electric_Vehicle_1,5.0,83.8,,
1,Electric_Vehicle_1,4.0,83.8,,
1,Electric_Vehicle_1,3.0,83.8,,
1,Electric_Vehicle_1,2.0,83.8,,
1,Electric_Vehicle_1,1.0,83.8,,
1,Electric_Vehicle_1,0.0,83.8,,
3,,,,,
3,,,,,
3,,,,,
3,,,,,
3,,,,,
3,,,,,
2,Electric_Vehicle_1,,,0.0,45.7
1,Electric_Vehicle_1,13.0,76.8,,
1,Electric_Vehicle_1,12.0,76.8,,
1,Electric_Vehicle_1,11.0,76.8,,
1,Electric_Vehicle_1,10.0,76.8,,
1,Electric_Vehicle_1,9.0,76.8,,
1,Electric_Vehicle_1,8.0,76.8,,
1,Electric_Vehicle_1,7.0,76.8,,
1,Electric_Vehicle_1,6.0,76.8,,
1,Electric_Vehicle_1,5.0,76.8,,
1,Electric_Vehicle_1,4.0,76.8,,
1,Electric_Vehicle_1,3.0,76.8,,
1,Electric_Vehicle_1,2.0,76.8,,
1,Electric_Vehicle_1,1.0,76.8,,
1,Electric_Vehicle_1,0.0,76.8,,
3,,,,,
3,,,,,
3,,,,,
3,,,,,
3,,,,,
3,,,,,
3,,,,,
3,,,,,
3,,,,,
2,Electric_Vehicle_1,,,0.0,50.9
1,Electric_Vehicle_1,13.0,79.7,,
1,Electric_Vehicle_1,12.0,79.7,,
1,Electric_Vehicle_1,11.0,79.7,,
1,Electric_Vehicle_1,10.0,79.7,,
1,Electric_Vehicle_1,9.0,79.7,,
1,Electric_Vehicle_1,8.0,79.7,,
1,Electric_Vehicle_1,7.0,79.7,,
1,Electric_Vehicle_1,6.0,79.7,,
1,Electric_Vehicle_1,5.0,79.7,,
1,Electric_Vehicle_1,4.0,79.7,,
1,Electric_Vehicle_1,3.0,79.7,,
1,Electric_Vehicle_1,2.0,79.7,,
1,Electric_Vehicle_1,1.0,79.7,,
1,Electric_Vehicle_1,0.0,79.7,,
3,,,,,
3,,,,,
3,,,,,
3,,,,,
3,,,,,
3,,,,,
3,,,,,
3,,,,,
2,Electric_Vehicle_1,,,0.0,39.0
1,Electric_Vehicle_1,14.0,84.0,,
1,Electric_Vehicle_1,13.0,84.0,,
1,Electric_Vehicle_1,12.0,84.0,,
1,Electric_Vehicle_1,11.0,84.0,,
1,Electric_Vehicle_1,10.0,84.0,,
1,Electric_Vehicle_1,9.0,84.0,,
1,Electric_Vehicle_1,8.0,84.0,,
1,Electric_Vehicle_1,7.0,84.0,,
1,Electric_Vehicle_1,6.0,84.0,,
1,Electric_Vehicle_1,5.0,84.0,,
1,Electric_Vehicle_1,4.0,84.0,,
1,Electric_Vehicle_1,3.0,84.0,,
1,Electric_Vehicle_1,2.0,84.0,,
1,Electric_Vehicle_1,1.0,84.0,,
1,Electric_Vehicle_1,0.0,84.0,,
3,,,,,
3,,,,,
3,,,,,
3,,,,,
3,,,,,
3,,,,,
3,,,,,
3,,,,,
3,,,,,
3,,,,,
2,Electric_Vehicle_1,,,0.0,38.6
1,Electric_Vehicle_1,14.0,84.0,,
1,Electric_Vehicle_1,13.0,84.0,,
1,Electric_Vehicle_1,12.0,84.0,,
1,Electric_Vehicle_1,11.0,84.0,,
1,Electric_Vehicle_1,10.0,84.0,,
1,Electric_Vehicle_1,9.0,84.0,,
1,Electric_Vehicle_1,8.0,84.0,,
1,Electric_Vehicle_1,7.0,84.0,,
1,Electric_Vehicle_1,6.0,84.0,,
1,Electric_Vehicle_1,5.0,84.0,,
1,Electric_Vehicle_1,4.0,84.0,,
1,Electric_Vehicle_1,3.0,84.0,,
1,Electric_Vehicle_1,2.0,84.0,,
1,Electric_Vehicle_1,1.0,84.0,,
1,Electric_Vehicle_1,0.0,84.0,,
3,,,,,
3,,,,,
3,,,,,
3,,,,,
3,,,,,
3,,,,,
3,,,,,
3,,,,,
3,,,,,
2,Electric_Vehicle_1,,,0.0,47.5
1,Electric_Vehicle_1,36.0,84.4,,
1,Electric_Vehicle_1,35.0,84.4,,
1,Electric_Vehicle_1,34.0,84.4,,
1,Electric_Vehicle_1,33.0,84.4,,
1,Electric_Vehicle_1,32.0,84.4,,
1,Electric_Vehicle_1,31.0,84.4,,
1,Electric_Vehicle_1,30.0,84.4,,
1,Electric_Vehicle_1,29.0,84.4,,
1,Electric_Vehicle_1,28.0,84.4,,
1,Electric_Vehicle_1,27.0,84.4,,
1,Electric_Vehicle_1,26.0,84.4,,
1,Electric_Vehicle_1,25.0,84.4,,
1,Electric_Vehicle_1,24.0,84.4,,
1,Electric_Vehicle_1,23.0,84.4,,
1,Electric_Vehicle_1,22.0,84.4,,
1,Electric_Vehicle_1,21.0,84.4,,
1,Electric_Vehicle_1,20.0,84.4,,
1,Electric_Vehicle_1,19.0,84.4,,
1,Electric_Vehicle_1,18.0,84.4,,
1,Electric_Vehicle_1,17.0,84.4,,
1,Electric_Vehicle_1,16.0,84.4,,
1,Electric_Vehicle_1,15.0,84.4,,
1,Electric_Vehicle_1,14.0,84.4,,
1,Electric_Vehicle_1,13.0,84.4,,
1,Electric_Vehicle_1,12.0,84.4,,
1,Electric_Vehicle_1,11.0,84.4,,
1,Electric_Vehicle_1,10.0,84.4,,
1,Electric_Vehicle_1,9.0,84.4,,
1,Electric_Vehicle_1,8.0,84.4,,
1,Electric_Vehicle_1,7.0,84.4,,
1,Electric_Vehicle_1,6.0,84.4,,
1,Electric_Vehicle_1,5.0,84.4,,
1,Electric_Vehicle_1,4.0,84.4,,
1,Electric_Vehicle_1,3.0,84.4,,
1,Electric_Vehicle_1,2.0,84.4,,
1,Electric_Vehicle_1,1.0,84.4,,
1,Electric_Vehicle_1,0.0,84.4,,
3,,,,,
3,,,,,
3,,,,,
3,,,,,
3,,,,,
2,Electric_Vehicle_1,,,0.0,43.7
1,Electric_Vehicle_1,41.0,71.1,,
1,Electric_Vehicle_1,40.0,71.1,,
1,Electric_Vehicle_1,39.0,71.1,,
1,Electric_Vehicle_1,38.0,71.1,,
1,Electric_Vehicle_1,37.0,71.1,,
1,Electric_Vehicle_1,36.0,71.1,,
1,Electric_Vehicle_1,35.0,71.1,,
1,Electric_Vehicle_1,34.0,71.1,,
1,Electric_Vehicle_1,33.0,71.1,,
1,Electric_Vehicle_1,32.0,71.1,,
1,Electric_Vehicle_1,31.0,71.1,,
1,Electric_Vehicle_1,30.0,71.1,,
1,Electric_Vehicle_1,29.0,71.1,,
1,Electric_Vehicle_1,28.0,71.1,,
1,Electric_Vehicle_1,27.0,71.1,,
1,Electric_Vehicle_1,26.0,71.1,,
1,Electric_Vehicle_1,25.0,71.1,,
1,Electric_Vehicle_1,24.0,71.1,,
1,Electric_Vehicle_1,23.0,71.1,,
1,Electric_Vehicle_1,22.0,71.1,,
1,Electric_Vehicle_1,21.0,71.1,,
1,Electric_Vehicle_1,20.0,71.1,,
1,Electric_Vehicle_1,19.0,71.1,,
1,Electric_Vehicle_1,18.0,71.1,,
1,Electric_Vehicle_1,17.0,71.1,,
1,Electric_Vehicle_1,16.0,71.1,,
1,Electric_Vehicle_1,15.0,71.1,,
1,Electric_Vehicle_1,14.0,71.1,,
1,Electric_Vehicle_1,13.0,71.1,,
1,Electric_Vehicle_1,12.0,71.1,,
1,Electric_Vehicle_1,11.0,71.1,,
1,Electric_Vehicle_1,10.0,71.1,,
1,Electric_Vehicle_1,9.0,71.1,,
1,Electric_Vehicle_1,8.0,71.1,,
1,Electric_Vehicle_1,7.0,71.1,,
1,Electric_Vehicle_1,6.0,71.1,,
1,Electric_Vehicle_1,5.0,71.1,,
1,Electric_Vehicle_1,4.0,71.1,,
1,Electric_Vehicle_1,3.0,71.1,,
1,Electric_Vehicle_1,2.0,71.1,,
1,Electric_Vehicle_1,1.0,71.1,,
1,Electric_Vehicle_1,0.0,71.1,,
3,,,,,
3,,,,,
3,,,,,
3,,,,,
3,,,,,
3,,,,,
3,,,,,
2,Electric_Vehicle_1,,,0.0,36.2
1,Electric_Vehicle_1,38.0,86.0,,
1,Electric_Vehicle_1,37.0,86.0,,
1,Electric_Vehicle_1,36.0,86.0,,
1,Electric_Vehicle_1,35.0,86.0,,
1,Electric_Vehicle_1,34.0,86.0,,
1,Electric_Vehicle_1,33.0,86.0,,
1,Electric_Vehicle_1,32.0,86.0,,
1,Electric_Vehicle_1,31.0,86.0,,
1,Electric_Vehicle_1,30.0,86.0,,
1,Electric_Vehicle_1,29.0,86.0,,
1,Electric_Vehicle_1,28.0,86.0,,
1,Electric_Vehicle_1,27.0,86.0,,
1,Electric_Vehicle_1,26.0,86.0,,
1,Electric_Vehicle_1,25.0,86.0,,
1,Electric_Vehicle_1,24.0,86.0,,
1,Electric_Vehicle_1,23.0,86.0,,
1,Electric_Vehicle_1,22.0,86.0,,
1,Electric_Vehicle_1,21.0,86.0,,
1,Electric_Vehicle_1,20.0,86.0,,
1,Electric_Vehicle_1,19.0,86.0,,
1,Electric_Vehicle_1,18.0,86.0,,
1,Electric_Vehicle_1,17.0,86.0,,
1,Electric_Vehicle_1,16.0,86.0,,
1,Electric_Vehicle_1,15.0,86.0,,
1,Electric_Vehicle_1,14.0,86.0,,
1,Electric_Vehicle_1,13.0,86.0,,
1,Electric_Vehicle_1,12.0,86.0,,
1,Electric_Vehicle_1,11.0,86.0,,
1,Electric_Vehicle_1,10.0,86.0,,
1,Electric_Vehicle_1,9.0,86.0,,
1,Electric_Vehicle_1,8.0,86.0,,
1,Electric_Vehicle_1,7.0,86.0,,
1,Electric_Vehicle_1,6.0,86.0,,
1,Electric_Vehicle_1,5.0,86.0,,
1,Electric_Vehicle_1,4.0,86.0,,
1,Electric_Vehicle_1,3.0,86.0,,
1,Electric_Vehicle_1,2.0,86.0,,
1,Electric_Vehicle_1,1.0,86.0,,
1,Electric_Vehicle_1,0.0,86.0,,
3,,,,,
3,,,,,
3,,,,,
3,,,,,
3,,,,,
3,,,,,
3,,,,,
3,,,,,
3,,,,,
3,,,,,
3,,,,,
2,Electric_Vehicle_1,,,0.0,36.1
1,Electric_Vehicle_1,11.0,82.4,,
1,Electric_Vehicle_1,10.0,82.4,,
1,Electric_Vehicle_1,9.0,82.4,,
1,Electric_Vehicle_1,8.0,82.4,,
1,Electric_Vehicle_1,7.0,82.4,,
1,Electric_Vehicle_1,6.0,82.4,,
1,Electric_Vehicle_1,5.0,82.4,,
1,Electric_Vehicle_1,4.0,82.4,,
1,Electric_Vehicle_1,3.0,82.4,,
1,Electric_Vehicle_1,2.0,82.4,,
1,Electric_Vehicle_1,1.0,82.4,,
1,Electric_Vehicle_1,0.0,82.4,,
3,,,,,
3,,,,,
3,,,,,
3,,,,,
3,,,,,
3,,,,,
3,,,,,
3,,,,,
3,,,,,
3,,,,,
3,,,,,
2,Electric_Vehicle_1,,,0.0,43.2
1,Electric_Vehicle_1,12.0,70.1,,
1,Electric_Vehicle_1,11.0,70.1,,
1,Electric_Vehicle_1,10.0,70.1,,
1,Electric_Vehicle_1,9.0,70.1,,
1,Electric_Vehicle_1,8.0,70.1,,
1,Electric_Vehicle_1,7.0,70.1,,
1,Electric_Vehicle_1,6.0,70.1,,
1,Electric_Vehicle_1,5.0,70.1,,
1,Electric_Vehicle_1,4.0,70.1,,
1,Electric_Vehicle_1,3.0,70.1,,
1,Electric_Vehicle_1,2.0,70.1,,
1,Electric_Vehicle_1,1.0,70.1,,
1,Electric_Vehicle_1,0.0,70.1,,
3,,,,,
3,,,,,
3,,,,,
3,,,,,
3,,,,,
3,,,,,
2,Electric_Vehicle_1,,,0.0,44.8
1,Electric_Vehicle_1,16.0,86.1,,
1,Electric_Vehicle_1,15.0,86.1,,
1,Electric_Vehicle_1,14.0,86.1,,
1,Electric_Vehicle_1,13.0,86.1,,
1,Electric_Vehicle_1,12.0,86.1,,
1,Electric_Vehicle_1,11.0,86.1,,
1,Electric_Vehicle_1,10.0,86.1,,
1,Electric_Vehicle_1,9.0,86.1,,
1,Electric_Vehicle_1,8.0,86.1,,
1,Electric_Vehicle_1,7.0,86.1,,
1,Electric_Vehicle_1,6.0,86.1,,
1,Electric_Vehicle_1,5.0,86.1,,
1,Electric_Vehicle_1,4.0,86.1,,
1,Electric_Vehicle_1,3.0,86.1,,
1,Electric_Vehicle_1,2.0,86.1,,
1,Electric_Vehicle_1,1.0,86.1,,
1,Electric_Vehicle_1,0.0,86.1,,
3,,,,,
3,,,,,
3,,,,,
3,,,,,
3,,,,,
3,,,,,
3,,,,,
3,,,,,
3,,,,,
3,,,,,
2,Electric_Vehicle_1,,,0.0,22.7
1,Electric_Vehicle_1,16.0,87.8,,
1,Electric_Vehicle_1,15.0,87.8,,
1,Electric_Vehicle_1,14.0,87.8,,
1,Electric_Vehicle_1,13.0,87.8,,
1,Electric_Vehicle_1,12.0,87.8,,
1,Electric_Vehicle_1,11.0,87.8,,
1,Electric_Vehicle_1,10.0,87.8,,
1,Electric_Vehicle_1,9.0,87.8,,
1,Electric_Vehicle_1,8.0,87.8,,
1,Electric_Vehicle_1,7.0,87.8,,
1,Electric_Vehicle_1,6.0,87.8,,
1,Electric_Vehicle_1,5.0,87.8,,
1,Electric_Vehicle_1,4.0,87.8,,
1,Electric_Vehicle_1,3.0,87.8,,
1,Electric_Vehicle_1,2.0,87.8,,
1,Electric_Vehicle_1,1.0,87.8,,
1,Electric_Vehicle_1,0.0,87.8,,
3,,,,,
2,Electric_Vehicle_1,,,0.0,34.1
1,Electric_Vehicle_1,17.0,82.9,,
1,Electric_Vehicle_1,16.0,82.9,,
1,Electric_Vehicle_1,15.0,82.9,,
1,Electric_Vehicle_1,14.0,82.9,,
1,Electric_Vehicle_1,13.0,82.9,,
1,Electric_Vehicle_1,12.0,82.9,,
1,Electric_Vehicle_1,11.0,82.9,,
1,Electric_Vehicle_1,10.0,82.9,,
1,Electric_Vehicle_1,9.0,82.9,,
1,Electric_Vehicle_1,8.0,82.9,,
1,Electric_Vehicle_1,7.0,82.9,,
1,Electric_Vehicle_1,6.0,82.9,,
1,Electric_Vehicle_1,5.0,82.9,,
1,Electric_Vehicle_1,4.0,82.9,,
1,Electric_Vehicle_1,3.0,82.9,,
1,Electric_Vehicle_1,2.0,82.9,,
1,Electric_Vehicle_1,1.0,82.9,,
1,Electric_Vehicle_1,0.0,82.9,,
3,,,,,
3,,,,,
3,,,,,
3,,,,,
3,,,,,
3,,,,,
3,,,,,
3,,,,,
2,Electric_Vehicle_1,,,0.0,39.3
1,Electric_Vehicle_1,14.0,75.1,,
1,Electric_Vehicle_1,13.0,75.1,,
1,Electric_Vehicle_1,12.0,75.1,,
1,Electric_Vehicle_1,11.0,75.1,,
1,Electric_Vehicle_1,10.0,75.1,,
1,Electric_Vehicle_1,9.0,75.1,,
1,Electric_Vehicle_1,8.0,75.1,,
1,Electric_Vehicle_1,7.0,75.1,,
1,Electric_Vehicle_1,6.0,75.1,,
1,Electric_Vehicle_1,5.0,75.1,,
1,Electric_Vehicle_1,4.0,75.1,,
1,Electric_Vehicle_1,3.0,75.1,,
1,Electric_Vehicle_1,2.0,75.1,,
1,Electric_Vehicle_1,1.0,75.1,,
1,Electric_Vehicle_1,0.0,75.1,,
3,,,,,
3,,,,,
3,,,,,
3,,,,,
3,,,,,
3,,,,,
3,,,,,
2,Electric_Vehicle_1,,,0.0,46.0
1,Electric_Vehicle_1,15.0,79.9,,
1,Electric_Vehicle_1,14.0,79.9,,
1,Electric_Vehicle_1,13.0,79.9,,
1,Electric_Vehicle_1,12.0,79.9,,
1,Electric_Vehicle_1,11.0,79.9,,
1,Electric_Vehicle_1,10.0,79.9,,
1,Electric_Vehicle_1,9.0,79.9,,
1,Electric_Vehicle_1,8.0,79.9,,
1,Electric_Vehicle_1,7.0,79.9,,
1,Electric_Vehicle_1,6.0,79.9,,
1,Electric_Vehicle_1,5.0,79.9,,
1,Electric_Vehicle_1,4.0,79.9,,
1,Electric_Vehicle_1,3.0,79.9,,
1,Electric_Vehicle_1,2.0,79.9,,
1,Electric_Vehicle_1,1.0,79.9,,
1,Electric_Vehicle_1,0.0,79.9,,
3,,,,,
3,,,,,
3,,,,,
3,,,,,
3,,,,,
3,,,,,
3,,,,,
3,,,,,
3,,,,,
3,,,,,
2,Electric_Vehicle_1,,,0.0,38.5
1,Electric_Vehicle_1,13.0,79.4,,
1,Electric_Vehicle_1,12.0,79.4,,
1,Electric_Vehicle_1,11.0,79.4,,
1,Electric_Vehicle_1,10.0,79.4,,
1,Electric_Vehicle_1,9.0,79.4,,
1,Electric_Vehicle_1,8.0,79.4,,
1,Electric_Vehicle_1,7.0,79.4,,
1,Electric_Vehicle_1,6.0,79.4,,
1,Electric_Vehicle_1,5.0,79.4,,
1,Electric_Vehicle_1,4.0,79.4,,
1,Electric_Vehicle_1,3.0,79.4,,
1,Electric_Vehicle_1,2.0,79.4,,
1,Electric_Vehicle_1,1.0,79.4,,
1,Electric_Vehicle_1,0.0,79.4,,
3,,,,,
3,,,,,
3,,,,,
3,,,,,
3,,,,,
3,,,,,
3,,,,,
3,,,,,
3,,,,,
2,Electric_Vehicle_1,,,0.0,43.9
1,Electric_Vehicle_1,11.0,88.7,,
1,Electric_Vehicle_1,10.0,88.7,,
1,Electric_Vehicle_1,9.0,88.7,,
1,Electric_Vehicle_1,8.0,88.7,,
1,Electric_Vehicle_1,7.0,88.7,,
1,Electric_Vehicle_1,6.0,88.7,,
1,Electric_Vehicle_1,5.0,88.7,,
1,Electric_Vehicle_1,4.0,88.7,,
1,Electric_Vehicle_1,3.0,88.7,,
1,Electric_Vehicle_1,2.0,88.7,,
1,Electric_Vehicle_1,1.0,88.7,,
1,Electric_Vehicle_1,0.0,88.7,,
3,,,,,
3,,,,,
3,,,,,
3,,,,,
3,,,,,
3,,,,,
3,,,,,
3,,,,,
3,,,,,
2,Electric_Vehicle_1,,,0.0,40.1
1,Electric_Vehicle_1,62.0,81.1,,
1,Electric_Vehicle_1,61.0,81.1,,
1,Electric_Vehicle_1,60.0,81.1,,
1,Electric_Vehicle_1,59.0,81.1,,
1,Electric_Vehicle_1,58.0,81.1,,
1,Electric_Vehicle_1,57.0,81.1,,
1,Electric_Vehicle_1,56.0,81.1,,
1,Electric_Vehicle_1,55.0,81.1,,
1,Electric_Vehicle_1,54.0,81.1,,
1,Electric_Vehicle_1,53.0,81.1,,
1,Electric_Vehicle_1,52.0,81.1,,
1,Electric_Vehicle_1,51.0,81.1,,
1,Electric_Vehicle_1,50.0,81.1,,
1,Electric_Vehicle_1,49.0,81.1,,
1,Electric_Vehicle_1,48.0,81.1,,
1,Electric_Vehicle_1,47.0,81.1,,
1,Electric_Vehicle_1,46.0,81.1,,
1,Electric_Vehicle_1,45.0,81.1,,
1,Electric_Vehicle_1,44.0,81.1,,
1,Electric_Vehicle_1,43.0,81.1,,
1,Electric_Vehicle_1,42.0,81.1,,
1,Electric_Vehicle_1,41.0,81.1,,
1,Electric_Vehicle_1,40.0,81.1,,
1,Electric_Vehicle_1,39.0,81.1,,
1,Electric_Vehicle_1,38.0,81.1,,
1,Electric_Vehicle_1,37.0,81.1,,
1,Electric_Vehicle_1,36.0,81.1,,
1,Electric_Vehicle_1,35.0,81.1,,
1,Electric_Vehicle_1,34.0,81.1,,
1,Electric_Vehicle_1,33.0,81.1,,
1,Electric_Vehicle_1,32.0,81.1,,
1,Electric_Vehicle_1,31.0,81.1,,
1,Electric_Vehicle_1,30.0,81.1,,
1,Electric_Vehicle_1,29.0,81.1,,
1,Electric_Vehicle_1,28.0,81.1,,
1,Electric_Vehicle_1,27.0,81.1,,
1,Electric_Vehicle_1,26.0,81.1,,
1,Electric_Vehicle_1,25.0,81.1,,
1,Electric_Vehicle_1,24.0,81.1,,
1,Electric_Vehicle_1,23.0,81.1,,
1,Electric_Vehicle_1,22.0,81.1,,
1,Electric_Vehicle_1,21.0,81.1,,
1,Electric_Vehicle_1,20.0,81.1,,
1,Electric_Vehicle_1,19.0,81.1,,
1,Electric_Vehicle_1,18.0,81.1,,
1,Electric_Vehicle_1,17.0,81.1,,
1,Electric_Vehicle_1,16.0,81.1,,
1,Electric_Vehicle_1,15.0,81.1,,
1,Electric_Vehicle_1,14.0,81.1,,
1,Electric_Vehicle_1,13.0,81.1,,
1,Electric_Vehicle_1,12.0,81.1,,
1,Electric_Vehicle_1,11.0,81.1,,
1,Electric_Vehicle_1,10.0,81.1,,
1,Electric_Vehicle_1,9.0,81.1,,
1,Electric_Vehicle_1,8.0,81.1,,
1,Electric_Vehicle_1,7.0,81.1,,
1,Electric_Vehicle_1,6.0,81.1,,
1,Electric_Vehicle_1,5.0,81.1,,
1,Electric_Vehicle_1,4.0,81.1,,
1,Electric_Vehicle_1,3.0,81.1,,
1,Electric_Vehicle_1,2.0,81.1,,
1,Electric_Vehicle_1,1.0,81.1,,
1,Electric_Vehicle_1,0.0,81.1,,
3,,,,,
3,,,,,
3,,,,,
3,,,,,
3,,,,,
3,,,,,
3,,,,,
3,,,,,
2,Electric_Vehicle_1,,,0.0,36.2
1,Electric_Vehicle_1,14.0,80.5,,
1,Electric_Vehicle_1,13.0,80.5,,
1,Electric_Vehicle_1,12.0,80.5,,
1,Electric_Vehicle_1,11.0,80.5,,
1,Electric_Vehicle_1,10.0,80.5,,
1,Electric_Vehicle_1,9.0,80.5,,
1,Electric_Vehicle_1,8.0,80.5,,
1,Electric_Vehicle_1,7.0,80.5,,
1,Electric_Vehicle_1,6.0,80.5,,
1,Electric_Vehicle_1,5.0,80.5,,
1,Electric_Vehicle_1,4.0,80.5,,
1,Electric_Vehicle_1,3.0,80.5,,
1,Electric_Vehicle_1,2.0,80.5,,
1,Electric_Vehicle_1,1.0,80.5,,
1,Electric_Vehicle_1,0.0,80.5,,
3,,,,,
3,,,,,
3,,,,,
3,,,,,
3,,,,,
3,,,,,
3,,,,,
3,,,,,
3,,,,,
2,Electric_Vehicle_1,,,0.0,51.6
1,Electric_Vehicle_1,15.0,90.0,,
1,Electric_Vehicle_1,14.0,90.0,,
1,Electric_Vehicle_1,13.0,90.0,,
1,Electric_Vehicle_1,12.0,90.0,,
1,Electric_Vehicle_1,11.0,90.0,,
1,Electric_Vehicle_1,10.0,90.0,,
1,Electric_Vehicle_1,9.0,90.0,,
1,Electric_Vehicle_1,8.0,90.0,,
1,Electric_Vehicle_1,7.0,90.0,,
1,Electric_Vehicle_1,6.0,90.0,,
1,Electric_Vehicle_1,5.0,90.0,,
1,Electric_Vehicle_1,4.0,90.0,,
1,Electric_Vehicle_1,3.0,90.0,,
1,Electric_Vehicle_1,2.0,90.0,,
1,Electric_Vehicle_1,1.0,90.0,,
1,Electric_Vehicle_1,0.0,90.0,,
3,,,,,
3,,,,,
3,,,,,
3,,,,,
3,,,,,
3,,,,,
2,Electric_Vehicle_1,,,0.0,31.6
1,Electric_Vehicle_1,15.0,79.6,,
1,Electric_Vehicle_1,14.0,79.6,,
1,Electric_Vehicle_1,13.0,79.6,,
1,Electric_Vehicle_1,12.0,79.6,,
1,Electric_Vehicle_1,11.0,79.6,,
1,Electric_Vehicle_1,10.0,79.6,,
1,Electric_Vehicle_1,9.0,79.6,,
1,Electric_Vehicle_1,8.0,79.6,,
1,Electric_Vehicle_1,7.0,79.6,,
1,Electric_Vehicle_1,6.0,79.6,,
1,Electric_Vehicle_1,5.0,79.6,,
1,Electric_Vehicle_1,4.0,79.6,,
1,Electric_Vehicle_1,3.0,79.6,,
1,Electric_Vehicle_1,2.0,79.6,,
1,Electric_Vehicle_1,1.0,79.6,,
1,Electric_Vehicle_1,0.0,79.6,,
3,,,,,
3,,,,,
3,,,,,
3,,,,,
3,,,,,
3,,,,,
3,,,,,
3,,,,,
2,Electric_Vehicle_1,,,0.0,45.5
1,Electric_Vehicle_1,15.0,82.0,,
1,Electric_Vehicle_1,14.0,82.0,,
1,Electric_Vehicle_1,13.0,82.0,,
1,Electric_Vehicle_1,12.0,82.0,,
1,Electric_Vehicle_1,11.0,82.0,,
1,Electric_Vehicle_1,10.0,82.0,,
1,Electric_Vehicle_1,9.0,82.0,,
1,Electric_Vehicle_1,8.0,82.0,,
1,Electric_Vehicle_1,7.0,82.0,,
1,Electric_Vehicle_1,6.0,82.0,,
1,Electric_Vehicle_1,5.0,82.0,,
1,Electric_Vehicle_1,4.0,82.0,,
1,Electric_Vehicle_1,3.0,82.0,,
1,Electric_Vehicle_1,2.0,82.0,,
1,Electric_Vehicle_1,1.0,82.0,,
1,Electric_Vehicle_1,0.0,82.0,,
3,,,,,
3,,,,,
3,,,,,
3,,,,,
2,Electric_Vehicle_1,,,0.0,42.7
1,Electric_Vehicle_1,63.0,82.1,,
1,Electric_Vehicle_1,62.0,82.1,,
1,Electric_Vehicle_1,61.0,82.1,,
1,Electric_Vehicle_1,60.0,82.1,,
1,Electric_Vehicle_1,59.0,82.1,,
1,Electric_Vehicle_1,58.0,82.1,,
1,Electric_Vehicle_1,57.0,82.1,,
1,Electric_Vehicle_1,56.0,82.1,,
1,Electric_Vehicle_1,55.0,82.1,,
1,Electric_Vehicle_1,54.0,82.1,,
1,Electric_Vehicle_1,53.0,82.1,,
1,Electric_Vehicle_1,52.0,82.1,,
1,Electric_Vehicle_1,51.0,82.1,,
1,Electric_Vehicle_1,50.0,82.1,,
1,Electric_Vehicle_1,49.0,82.1,,
1,Electric_Vehicle_1,48.0,82.1,,
1,Electric_Vehicle_1,47.0,82.1,,
1,Electric_Vehicle_1,46.0,82.1,,
1,Electric_Vehicle_1,45.0,82.1,,
1,Electric_Vehicle_1,44.0,82.1,,
1,Electric_Vehicle_1,43.0,82.1,,
1,Electric_Vehicle_1,42.0,82.1,,
1,Electric_Vehicle_1,41.0,82.1,,
1,Electric_Vehicle_1,40.0,82.1,,
1,Electric_Vehicle_1,39.0,82.1,,
1,Electric_Vehicle_1,38.0,82.1,,
1,Electric_Vehicle_1,37.0,82.1,,
1,Electric_Vehicle_1,36.0,82.1,,
1,Electric_Vehicle_1,35.0,82.1,,
1,Electric_Vehicle_1,34.0,82.1,,
1,Electric_Vehicle_1,33.0,82.1,,
1,Electric_Vehicle_1,32.0,82.1,,
1,Electric_Vehicle_1,31.0,82.1,,
1,Electric_Vehicle_1,30.0,82.1,,
1,Electric_Vehicle_1,29.0,82.1,,
1,Electric_Vehicle_1,28.0,82.1,,
1,Electric_Vehicle_1,27.0,82.1,,
1,Electric_Vehicle_1,26.0,82.1,,
1,Electric_Vehicle_1,25.0,82.1,,
1,Electric_Vehicle_1,24.0,82.1,,
1,Electric_Vehicle_1,23.0,82.1,,
1,Electric_Vehicle_1,22.0,82.1,,
1,Electric_Vehicle_1,21.0,82.1,,
1,Electric_Vehicle_1,20.0,82.1,,
1,Electric_Vehicle_1,19.0,82.1,,
1,Electric_Vehicle_1,18.0,82.1,,
1,Electric_Vehicle_1,17.0,82.1,,
1,Electric_Vehicle_1,16.0,82.1,,
1,Electric_Vehicle_1,15.0,82.1,,
1,Electric_Vehicle_1,14.0,82.1,,
1,Electric_Vehicle_1,13.0,82.1,,
1,Electric_Vehicle_1,12.0,82.1,,
1,Electric_Vehicle_1,11.0,82.1,,
1,Electric_Vehicle_1,10.0,82.1,,
1,Electric_Vehicle_1,9.0,82.1,,
1,Electric_Vehicle_1,8.0,82.1,,
1,Electric_Vehicle_1,7.0,82.1,,
1,Electric_Vehicle_1,6.0,82.1,,
1,Electric_Vehicle_1,5.0,82.1,,
1,Electric_Vehicle_1,4.0,82.1,,
1,Electric_Vehicle_1,3.0,82.1,,
1,Electric_Vehicle_1,2.0,82.1,,
1,Electric_Vehicle_1,1.0,82.1,,
1,Electric_Vehicle_1,0.0,82.1,,
3,,,,,
3,,,,,
3,,,,,
3,,,,,
3,,,,,
3,,,,,
3,,,,,
3,,,,,
3,,,,,
3,,,,,
3,,,,,
3,,,,,
2,Electric_Vehicle_1,,,0.0,40.4
1,Electric_Vehicle_1,10.0,74.7,,
1,Electric_Vehicle_1,9.0,74.7,,
1,Electric_Vehicle_1,8.0,74.7,,
1,Electric_Vehicle_1,7.0,74.7,,
1,Electric_Vehicle_1,6.0,74.7,,
1,Electric_Vehicle_1,5.0,74.7,,
1,Electric_Vehicle_1,4.0,74.7,,
1,Electric_Vehicle_1,3.0,74.7,,
1,Electric_Vehicle_1,2.0,74.7,,
1,Electric_Vehicle_1,1.0,74.7,,
1,Electric_Vehicle_1,0.0,74.7,,
3,,,,,
3,,,,,
3,,,,,
3,,,,,
3,,,,,
3,,,,,
3,,,,,
2,Electric_Vehicle_1,,,0.0,38.2
1,Electric_Vehicle_1,14.0,73.8,,
1,Electric_Vehicle_1,13.0,73.8,,
1,Electric_Vehicle_1,12.0,73.8,,
1,Electric_Vehicle_1,11.0,73.8,,
1,Electric_Vehicle_1,10.0,73.8,,
1,Electric_Vehicle_1,9.0,73.8,,
1,Electric_Vehicle_1,8.0,73.8,,
1,Electric_Vehicle_1,7.0,73.8,,
1,Electric_Vehicle_1,6.0,73.8,,
1,Electric_Vehicle_1,5.0,73.8,,
1,Electric_Vehicle_1,4.0,73.8,,
1,Electric_Vehicle_1,3.0,73.8,,
1,Electric_Vehicle_1,2.0,73.8,,
1,Electric_Vehicle_1,1.0,73.8,,
1,Electric_Vehicle_1,0.0,73.8,,
3,,,,,
3,,,,,
3,,,,,
3,,,,,
3,,,,,
3,,,,,
3,,,,,
3,,,,,
3,,,,,
2,Electric_Vehicle_1,,,0.0,50.9
1,Electric_Vehicle_1,14.0,88.0,,
1,Electric_Vehicle_1,13.0,88.0,,
1,Electric_Vehicle_1,12.0,88.0,,
1,Electric_Vehicle_1,11.0,88.0,,
1,Electric_Vehicle_1,10.0,88.0,,
1,Electric_Vehicle_1,9.0,88.0,,
1,Electric_Vehicle_1,8.0,88.0,,
1,Electric_Vehicle_1,7.0,88.0,,
1,Electric_Vehicle_1,6.0,88.0,,
1,Electric_Vehicle_1,5.0,88.0,,
1,Electric_Vehicle_1,4.0,88.0,,
1,Electric_Vehicle_1,3.0,88.0,,
1,Electric_Vehicle_1,2.0,88.0,,
1,Electric_Vehicle_1,1.0,88.0,,
1,Electric_Vehicle_1,0.0,88.0,,
3,,,,,
3,,,,,
3,,,,,
3,,,,,
3,,,,,
3,,,,,
3,,,,,
3,,,,,
2,Electric_Vehicle_1,,,0.0,28.1
1,Electric_Vehicle_1,13.0,87.6,,
1,Electric_Vehicle_1,12.0,87.6,,
1,Electric_Vehicle_1,11.0,87.6,,
1,Electric_Vehicle_1,10.0,87.6,,
1,Electric_Vehicle_1,9.0,87.6,,
1,Electric_Vehicle_1,8.0,87.6,,
1,Electric_Vehicle_1,7.0,87.6,,
1,Electric_Vehicle_1,6.0,87.6,,
1,Electric_Vehicle_1,5.0,87.6,,
1,Electric_Vehicle_1,4.0,87.6,,
1,Electric_Vehicle_1,3.0,87.6,,
1,Electric_Vehicle_1,2.0,87.6,,
1,Electric_Vehicle_1,1.0,87.6,,
1,Electric_Vehicle_1,0.0,87.6,,
3,,,,,
3,,,,,
3,,,,,
3,,,,,
3,,,,,
3,,,,,
3,,,,,
3,,,,,
3,,,,,
3,,,,,
3,,,,,
3,,,,,
2,Electric_Vehicle_1,,,0.0,21.5
1,Electric_Vehicle_1,12.0,87.0,,
1,Electric_Vehicle_1,11.0,87.0,,
1,Electric_Vehicle_1,10.0,87.0,,
1,Electric_Vehicle_1,9.0,87.0,,
1,Electric_Vehicle_1,8.0,87.0,,
1,Electric_Vehicle_1,7.0,87.0,,
1,Electric_Vehicle_1,6.0,87.0,,
1,Electric_Vehicle_1,5.0,87.0,,
1,Electric_Vehicle_1,4.0,87.0,,
1,Electric_Vehicle_1,3.0,87.0,,
1,Electric_Vehicle_1,2.0,87.0,,
1,Electric_Vehicle_1,1.0,87.0,,
1,Electric_Vehicle_1,0.0,87.0,,
3,,,,,
3,,,,,
3,,,,,
3,,,,,
3,,,,,
3,,,,,
3,,,,,
3,,,,,
3,,,,,
2,Electric_Vehicle_1,,,0.0,36.1
1,Electric_Vehicle_1,14.0,85.4,,
1,Electric_Vehicle_1,13.0,85.4,,
1,Electric_Vehicle_1,12.0,85.4,,
1,Electric_Vehicle_1,11.0,85.4,,
1,Electric_Vehicle_1,10.0,85.4,,
1,Electric_Vehicle_1,9.0,85.4,,
1,Electric_Vehicle_1,8.0,85.4,,
1,Electric_Vehicle_1,7.0,85.4,,
1,Electric_Vehicle_1,6.0,85.4,,
1,Electric_Vehicle_1,5.0,85.4,,
1,Electric_Vehicle_1,4.0,85.4,,
1,Electric_Vehicle_1,3.0,85.4,,
1,Electric_Vehicle_1,2.0,85.4,,
1,Electric_Vehicle_1,1.0,85.4,,
1,Electric_Vehicle_1,0.0,85.4,,
3,,,,,
3,,,,,
3,,,,,
3,,,,,
3,,,,,
3,,,,,
2,Electric_Vehicle_1,,,0.0,47.5
1,Electric_Vehicle_1,38.0,77.6,,
1,Electric_Vehicle_1,37.0,77.6,,
1,Electric_Vehicle_1,36.0,77.6,,
1,Electric_Vehicle_1,35.0,77.6,,
1,Electric_Vehicle_1,34.0,77.6,,
1,Electric_Vehicle_1,33.0,77.6,,
1,Electric_Vehicle_1,32.0,77.6,,
1,Electric_Vehicle_1,31.0,77.6,,
1,Electric_Vehicle_1,30.0,77.6,,
1,Electric_Vehicle_1,29.0,77.6,,
1,Electric_Vehicle_1,28.0,77.6,,
1,Electric_Vehicle_1,27.0,77.6,,
1,Electric_Vehicle_1,26.0,77.6,,
1,Electric_Vehicle_1,25.0,77.6,,
1,Electric_Vehicle_1,24.0,77.6,,
1,Electric_Vehicle_1,23.0,77.6,,
1,Electric_Vehicle_1,22.0,77.6,,
1,Electric_Vehicle_1,21.0,77.6,,
1,Electric_Vehicle_1,20.0,77.6,,
1,Electric_Vehicle_1,19.0,77.6,,
1,Electric_Vehicle_1,18.0,77.6,,
1,Electric_Vehicle_1,17.0,77.6,,
1,Electric_Vehicle_1,16.0,77.6,,
1,Electric_Vehicle_1,15.0,77.6,,
1,Electric_Vehicle_1,14.0,77.6,,
1,Electric_Vehicle_1,13.0,77.6,,
1,Electric_Vehicle_1,12.0,77.6,,
1,Electric_Vehicle_1,11.0,77.6,,
1,Electric_Vehicle_1,10.0,77.6,,
1,Electric_Vehicle_1,9.0,77.6,,
1,Electric_Vehicle_1,8.0,77.6,,
1,Electric_Vehicle_1,7.0,77.6,,
1,Electric_Vehicle_1,6.0,77.6,,
1,Electric_Vehicle_1,5.0,77.6,,
1,Electric_Vehicle_1,4.0,77.6,,
1,Electric_Vehicle_1,3.0,77.6,,
1,Electric_Vehicle_1,2.0,77.6,,
1,Electric_Vehicle_1,1.0,77.6,,
1,Electric_Vehicle_1,0.0,77.6,,
3,,,,,
3,,,,,
3,,,,,
3,,,,,
3,,,,,
3,,,,,
3,,,,,
3,,,,,
3,,,,,
3,,,,,
2,Electric_Vehicle_1,,,0.0,37.3
1,Electric_Vehicle_1,12.0,81.8,,
1,Electric_Vehicle_1,11.0,81.8,,
1,Electric_Vehicle_1,10.0,81.8,,
1,Electric_Vehicle_1,9.0,81.8,,
1,Electric_Vehicle_1,8.0,81.8,,
1,Electric_Vehicle_1,7.0,81.8,,
1,Electric_Vehicle_1,6.0,81.8,,
1,Electric_Vehicle_1,5.0,81.8,,
1,Electric_Vehicle_1,4.0,81.8,,
1,Electric_Vehicle_1,3.0,81.8,,
1,Electric_Vehicle_1,2.0,81.8,,
1,Electric_Vehicle_1,1.0,81.8,,
1,Electric_Vehicle_1,0.0,81.8,,
3,,,,,
3,,,,,
3,,,,,
3,,,,,
3,,,,,
3,,,,,
3,,,,,
3,,,,,
3,,,,,
3,,,,,
2,Electric_Vehicle_1,,,0.0,29.9
1,Electric_Vehicle_1,13.0,83.7,,
1,Electric_Vehicle_1,12.0,83.7,,
1,Electric_Vehicle_1,11.0,83.7,,
1,Electric_Vehicle_1,10.0,83.7,,
1,Electric_Vehicle_1,9.0,83.7,,
1,Electric_Vehicle_1,8.0,83.7,,
1,Electric_Vehicle_1,7.0,83.7,,
1,Electric_Vehicle_1,6.0,83.7,,
1,Electric_Vehicle_1,5.0,83.7,,
1,Electric_Vehicle_1,4.0,83.7,,
1,Electric_Vehicle_1,3.0,83.7,,
1,Electric_Vehicle_1,2.0,83.7,,
1,Electric_Vehicle_1,1.0,83.7,,
1,Electric_Vehicle_1,0.0,83.7,,
3,,,,,
3,,,,,
3,,,,,
3,,,,,
3,,,,,
3,,,,,
3,,,,,
3,,,,,
3,,,,,
2,Electric_Vehicle_1,,,0.0,49.5
1,Electric_Vehicle_1,12.0,81.0,,
1,Electric_Vehicle_1,11.0,81.0,,
1,Electric_Vehicle_1,10.0,81.0,,
1,Electric_Vehicle_1,9.0,81.0,,
1,Electric_Vehicle_1,8.0,81.0,,
1,Electric_Vehicle_1,7.0,81.0,,
1,Electric_Vehicle_1,6.0,81.0,,
1,Electric_Vehicle_1,5.0,81.0,,
1,Electric_Vehicle_1,4.0,81.0,,
1,Electric_Vehicle_1,3.0,81.0,,
1,Electric_Vehicle_1,2.0,81.0,,
1,Electric_Vehicle_1,1.0,81.0,,
1,Electric_Vehicle_1,0.0,81.0,,
3,,,,,
3,,,,,
3,,,,,
3,,,,,
3,,,,,
3,,,,,
3,,,,,
3,,,,,
3,,,,,
3,,,,,
3,,,,,
2,Electric_Vehicle_1,,,0.0,35.7
1,Electric_Vehicle_1,14.0,86.5,,
1,Electric_Vehicle_1,13.0,86.5,,
1,Electric_Vehicle_1,12.0,86.5,,
1,Electric_Vehicle_1,11.0,86.5,,
1,Electric_Vehicle_1,10.0,86.5,,
1,Electric_Vehicle_1,9.0,86.5,,
1,Electric_Vehicle_1,8.0,86.5,,
1,Electric_Vehicle_1,7.0,86.5,,
1,Electric_Vehicle_1,6.0,86.5,,
1,Electric_Vehicle_1,5.0,86.5,,
1,Electric_Vehicle_1,4.0,86.5,,
1,Electric_Vehicle_1,3.0,86.5,,
1,Electric_Vehicle_1,2.0,86.5,,
1,Electric_Vehicle_1,1.0,86.5,,
1,Electric_Vehicle_1,0.0,86.5,,
3,,,,,
3,,,,,
3,,,,,
3,,,,,
3,,,,,
3,,,,,
2,Electric_Vehicle_1,,,0.0,30.9
1,Electric_Vehicle_1,14.0,71.1,,
1,Electric_Vehicle_1,13.0,71.1,,
1,Electric_Vehicle_1,12.0,71.1,,
1,Electric_Vehicle_1,11.0,71.1,,
1,Electric_Vehicle_1,10.0,71.1,,
1,Electric_Vehicle_1,9.0,71.1,,
1,Electric_Vehicle_1,8.0,71.1,,
1,Electric_Vehicle_1,7.0,71.1,,
1,Electric_Vehicle_1,6.0,71.1,,
1,Electric_Vehicle_1,5.0,71.1,,
1,Electric_Vehicle_1,4.0,71.1,,
1,Electric_Vehicle_1,3.0,71.1,,
1,Electric_Vehicle_1,2.0,71.1,,
1,Electric_Vehicle_1,1.0,71.1,,
1,Electric_Vehicle_1,0.0,71.1,,
3,,,,,
3,,,,,
3,,,,,
3,,,,,
3,,,,,
2,Electric_Vehicle_1,,,0.0,43.3
1,Electric_Vehicle_1,39.0,74.1,,
1,Electric_Vehicle_1,38.0,74.1,,
1,Electric_Vehicle_1,37.0,74.1,,
1,Electric_Vehicle_1,36.0,74.1,,
1,Electric_Vehicle_1,35.0,74.1,,
1,Electric_Vehicle_1,34.0,74.1,,
1,Electric_Vehicle_1,33.0,74.1,,
1,Electric_Vehicle_1,32.0,74.1,,
1,Electric_Vehicle_1,31.0,74.1,,
1,Electric_Vehicle_1,30.0,74.1,,
1,Electric_Vehicle_1,29.0,74.1,,
1,Electric_Vehicle_1,28.0,74.1,,
1,Electric_Vehicle_1,27.0,74.1,,
1,Electric_Vehicle_1,26.0,74.1,,
1,Electric_Vehicle_1,25.0,74.1,,
1,Electric_Vehicle_1,24.0,74.1,,
1,Electric_Vehicle_1,23.0,74.1,,
1,Electric_Vehicle_1,22.0,74.1,,
1,Electric_Vehicle_1,21.0,74.1,,
1,Electric_Vehicle_1,20.0,74.1,,
1,Electric_Vehicle_1,19.0,74.1,,
1,Electric_Vehicle_1,18.0,74.1,,
1,Electric_Vehicle_1,17.0,74.1,,
1,Electric_Vehicle_1,16.0,74.1,,
1,Electric_Vehicle_1,15.0,74.1,,
1,Electric_Vehicle_1,14.0,74.1,,
1,Electric_Vehicle_1,13.0,74.1,,
1,Electric_Vehicle_1,12.0,74.1,,
1,Electric_Vehicle_1,11.0,74.1,,
1,Electric_Vehicle_1,10.0,74.1,,
1,Electric_Vehicle_1,9.0,74.1,,
1,Electric_Vehicle_1,8.0,74.1,,
1,Electric_Vehicle_1,7.0,74.1,,
1,Electric_Vehicle_1,6.0,74.1,,
1,Electric_Vehicle_1,5.0,74.1,,
1,Electric_Vehicle_1,4.0,74.1,,
1,Electric_Vehicle_1,3.0,74.1,,
1,Electric_Vehicle_1,2.0,74.1,,
1,Electric_Vehicle_1,1.0,74.1,,
1,Electric_Vehicle_1,0.0,74.1,,
3,,,,,
3,,,,,
3,,,,,
3,,,,,
3,,,,,
3,,,,,
3,,,,,
3,,,,,
3,,,,,
3,,,,,
2,Electric_Vehicle_1,,,0.0,27.4
1,Electric_Vehicle_1,14.0,89.7,,
1,Electric_Vehicle_1,13.0,89.7,,
1,Electric_Vehicle_1,12.0,89.7,,
1,Electric_Vehicle_1,11.0,89.7,,
1,Electric_Vehicle_1,10.0,89.7,,
1,Electric_Vehicle_1,9.0,89.7,,
1,Electric_Vehicle_1,8.0,89.7,,
1,Electric_Vehicle_1,7.0,89.7,,
1,Electric_Vehicle_1,6.0,89.7,,
1,Electric_Vehicle_1,5.0,89.7,,
1,Electric_Vehicle_1,4.0,89.7,,
1,Electric_Vehicle_1,3.0,89.7,,
1,Electric_Vehicle_1,2.0,89.7,,
1,Electric_Vehicle_1,1.0,89.7,,
1,Electric_Vehicle_1,0.0,89.7,,
3,,,,,
3,,,,,
3,,,,,
3,,,,,
3,,,,,
3,,,,,
2,Electric_Vehicle_1,,,0.0,37.1
1,Electric_Vehicle_1,16.0,88.9,,
1,Electric_Vehicle_1,15.0,88.9,,
1,Electric_Vehicle_1,14.0,88.9,,
1,Electric_Vehicle_1,13.0,88.9,,
1,Electric_Vehicle_1,12.0,88.9,,
1,Electric_Vehicle_1,11.0,88.9,,
1,Electric_Vehicle_1,10.0,88.9,,
1,Electric_Vehicle_1,9.0,88.9,,
1,Electric_Vehicle_1,8.0,88.9,,
1,Electric_Vehicle_1,7.0,88.9,,
1,Electric_Vehicle_1,6.0,88.9,,
1,Electric_Vehicle_1,5.0,88.9,,
1,Electric_Vehicle_1,4.0,88.9,,
1,Electric_Vehicle_1,3.0,88.9,,
1,Electric_Vehicle_1,2.0,88.9,,
1,Electric_Vehicle_1,1.0,88.9,,
1,Electric_Vehicle_1,0.0,88.9,,
3,,,,,
3,,,,,
3,,,,,
3,,,,,
3,,,,,
3,,,,,
3,,,,,
3,,,,,
2,Electric_Vehicle_1,,,0.0,47.0
1,Electric_Vehicle_1,12.0,86.1,,
1,Electric_Vehicle_1,11.0,86.1,,
1,Electric_Vehicle_1,10.0,86.1,,
1,Electric_Vehicle_1,9.0,86.1,,
1,Electric_Vehicle_1,8.0,86.1,,
1,Electric_Vehicle_1,7.0,86.1,,
1,Electric_Vehicle_1,6.0,86.1,,
1,Electric_Vehicle_1,5.0,86.1,,
1,Electric_Vehicle_1,4.0,86.1,,
1,Electric_Vehicle_1,3.0,86.1,,
1,Electric_Vehicle_1,2.0,86.1,,
1,Electric_Vehicle_1,1.0,86.1,,
1,Electric_Vehicle_1,0.0,86.1,,
3,,,,,
3,,,,,
3,,,,,
3,,,,,
3,,,,,
3,,,,,
3,,,,,
3,,,,,
3,,,,,
2,Electric_Vehicle_1,,,0.0,51.7
1,Electric_Vehicle_1,18.0,71.8,,
1,Electric_Vehicle_1,17.0,71.8,,
1,Electric_Vehicle_1,16.0,71.8,,
1,Electric_Vehicle_1,15.0,71.8,,
1,Electric_Vehicle_1,14.0,71.8,,
1,Electric_Vehicle_1,13.0,71.8,,
1,Electric_Vehicle_1,12.0,71.8,,
1,Electric_Vehicle_1,11.0,71.8,,
1,Electric_Vehicle_1,10.0,71.8,,
1,Electric_Vehicle_1,9.0,71.8,,
1,Electric_Vehicle_1,8.0,71.8,,
1,Electric_Vehicle_1,7.0,71.8,,
1,Electric_Vehicle_1,6.0,71.8,,
1,Electric_Vehicle_1,5.0,71.8,,
1,Electric_Vehicle_1,4.0,71.8,,
1,Electric_Vehicle_1,3.0,71.8,,
1,Electric_Vehicle_1,2.0,71.8,,
1,Electric_Vehicle_1,1.0,71.8,,
1,Electric_Vehicle_1,0.0,71.8,,
3,,,,,
3,,,,,
3,,,,,
3,,,,,
3,,,,,
3,,,,,
2,Electric_Vehicle_1,,,0.0,47.0
1,Electric_Vehicle_1,38.0,85.9,,
1,Electric_Vehicle_1,37.0,85.9,,
1,Electric_Vehicle_1,36.0,85.9,,
1,Electric_Vehicle_1,35.0,85.9,,
1,Electric_Vehicle_1,34.0,85.9,,
1,Electric_Vehicle_1,33.0,85.9,,
1,Electric_Vehicle_1,32.0,85.9,,
1,Electric_Vehicle_1,31.0,85.9,,
1,Electric_Vehicle_1,30.0,85.9,,
1,Electric_Vehicle_1,29.0,85.9,,
1,Electric_Vehicle_1,28.0,85.9,,
1,Electric_Vehicle_1,27.0,85.9,,
1,Electric_Vehicle_1,26.0,85.9,,
1,Electric_Vehicle_1,25.0,85.9,,
1,Electric_Vehicle_1,24.0,85.9,,
1,Electric_Vehicle_1,23.0,85.9,,
1,Electric_Vehicle_1,22.0,85.9,,
1,Electric_Vehicle_1,21.0,85.9,,
1,Electric_Vehicle_1,20.0,85.9,,
1,Electric_Vehicle_1,19.0,85.9,,
1,Electric_Vehicle_1,18.0,85.9,,
1,Electric_Vehicle_1,17.0,85.9,,
1,Electric_Vehicle_1,16.0,85.9,,
1,Electric_Vehicle_1,15.0,85.9,,
1,Electric_Vehicle_1,14.0,85.9,,
1,Electric_Vehicle_1,13.0,85.9,,
1,Electric_Vehicle_1,12.0,85.9,,
1,Electric_Vehicle_1,11.0,85.9,,
1,Electric_Vehicle_1,10.0,85.9,,
1,Electric_Vehicle_1,9.0,85.9,,
1,Electric_Vehicle_1,8.0,85.9,,
1,Electric_Vehicle_1,7.0,85.9,,
1,Electric_Vehicle_1,6.0,85.9,,
1,Electric_Vehicle_1,5.0,85.9,,
1,Electric_Vehicle_1,4.0,85.9,,
1,Electric_Vehicle_1,3.0,85.9,,
1,Electric_Vehicle_1,2.0,85.9,,
1,Electric_Vehicle_1,1.0,85.9,,
1,Electric_Vehicle_1,0.0,85.9,,
3,,,,,
3,,,,,
3,,,,,
3,,,,,
3,,,,,
3,,,,,
3,,,,,
3,,,,,
2,Electric_Vehicle_1,,,0.0,30.4
1,Electric_Vehicle_1,13.0,84.2,,
1,Electric_Vehicle_1,12.0,84.2,,
1,Electric_Vehicle_1,11.0,84.2,,
1,Electric_Vehicle_1,10.0,84.2,,
1,Electric_Vehicle_1,9.0,84.2,,
1,Electric_Vehicle_1,8.0,84.2,,
1,Electric_Vehicle_1,7.0,84.2,,
1,Electric_Vehicle_1,6.0,84.2,,
1,Electric_Vehicle_1,5.0,84.2,,
1,Electric_Vehicle_1,4.0,84.2,,
1,Electric_Vehicle_1,3.0,84.2,,
1,Electric_Vehicle_1,2.0,84.2,,
1,Electric_Vehicle_1,1.0,84.2,,
1,Electric_Vehicle_1,0.0,84.2,,
3,,,,,
3,,,,,
3,,,,,
3,,,,,
3,,,,,
3,,,,,
3,,,,,
3,,,,,
3,,,,,
2,Electric_Vehicle_1,,,0.0,23.7
1,Electric_Vehicle_1,13.0,83.5,,
1,Electric_Vehicle_1,12.0,83.5,,
1,Electric_Vehicle_1,11.0,83.5,,
1,Electric_Vehicle_1,10.0,83.5,,
1,Electric_Vehicle_1,9.0,83.5,,
1,Electric_Vehicle_1,8.0,83.5,,
1,Electric_Vehicle_1,7.0,83.5,,
1,Electric_Vehicle_1,6.0,83.5,,
1,Electric_Vehicle_1,5.0,83.5,,
1,Electric_Vehicle_1,4.0,83.5,,
1,Electric_Vehicle_1,3.0,83.5,,
1,Electric_Vehicle_1,2.0,83.5,,
1,Electric_Vehicle_1,1.0,83.5,,
1,Electric_Vehicle_1,0.0,83.5,,
3,,,,,
3,,,,,
3,,,,,
3,,,,,
3,,,,,
3,,,,,
3,,,,,
3,,,,,
3,,,,,
2,Electric_Vehicle_1,,,0.0,24.7
1,Electric_Vehicle_1,13.0,84.6,,
1,Electric_Vehicle_1,12.0,84.6,,
1,Electric_Vehicle_1,11.0,84.6,,
1,Electric_Vehicle_1,10.0,84.6,,
1,Electric_Vehicle_1,9.0,84.6,,
1,Electric_Vehicle_1,8.0,84.6,,
1,Electric_Vehicle_1,7.0,84.6,,
1,Electric_Vehicle_1,6.0,84.6,,
1,Electric_Vehicle_1,5.0,84.6,,
1,Electric_Vehicle_1,4.0,84.6,,
1,Electric_Vehicle_1,3.0,84.6,,
1,Electric_Vehicle_1,2.0,84.6,,
1,Electric_Vehicle_1,1.0,84.6,,
1,Electric_Vehicle_1,0.0,84.6,,
3,,,,,
3,,,,,
3,,,,,
3,,,,,
3,,,,,
3,,,,,
3,,,,,
3,,,,,
3,,,,,
2,Electric_Vehicle_1,,,0.0,43.2
1,Electric_Vehicle_1,13.0,88.9,,
1,Electric_Vehicle_1,12.0,88.9,,
1,Electric_Vehicle_1,11.0,88.9,,
1,Electric_Vehicle_1,10.0,88.9,,
1,Electric_Vehicle_1,9.0,88.9,,
1,Electric_Vehicle_1,8.0,88.9,,
1,Electric_Vehicle_1,7.0,88.9,,
1,Electric_Vehicle_1,6.0,88.9,,
1,Electric_Vehicle_1,5.0,88.9,,
1,Electric_Vehicle_1,4.0,88.9,,
1,Electric_Vehicle_1,3.0,88.9,,
1,Electric_Vehicle_1,2.0,88.9,,
1,Electric_Vehicle_1,1.0,88.9,,
1,Electric_Vehicle_1,0.0,88.9,,
3,,,,,
3,,,,,
3,,,,,
3,,,,,
3,,,,,
3,,,,,
3,,,,,
3,,,,,
3,,,,,
3,,,,,
2,Electric_Vehicle_1,,,0.0,39.9
1,Electric_Vehicle_1,12.0,89.8,,
1,Electric_Vehicle_1,11.0,89.8,,
1,Electric_Vehicle_1,10.0,89.8,,
1,Electric_Vehicle_1,9.0,89.8,,
1,Electric_Vehicle_1,8.0,89.8,,
1,Electric_Vehicle_1,7.0,89.8,,
1,Electric_Vehicle_1,6.0,89.8,,
1,Electric_Vehicle_1,5.0,89.8,,
1,Electric_Vehicle_1,4.0,89.8,,
1,Electric_Vehicle_1,3.0,89.8,,
1,Electric_Vehicle_1,2.0,89.8,,
1,Electric_Vehicle_1,1.0,89.8,,
1,Electric_Vehicle_1,0.0,89.8,,
3,,,,,
3,,,,,
3,,,,,
3,,,,,
3,,,,,
3,,,,,
3,,,,,
3,,,,,
2,Electric_Vehicle_1,,,0.0,36.8
1,Electric_Vehicle_1,39.0,81.1,,
1,Electric_Vehicle_1,38.0,81.1,,
1,Electric_Vehicle_1,37.0,81.1,,
1,Electric_Vehicle_1,36.0,81.1,,
1,Electric_Vehicle_1,35.0,81.1,,
1,Electric_Vehicle_1,34.0,81.1,,
1,Electric_Vehicle_1,33.0,81.1,,
1,Electric_Vehicle_1,32.0,81.1,,
1,Electric_Vehicle_1,31.0,81.1,,
1,Electric_Vehicle_1,30.0,81.1,,
1,Electric_Vehicle_1,29.0,81.1,,
1,Electric_Vehicle_1,28.0,81.1,,
1,Electric_Vehicle_1,27.0,81.1,,
1,Electric_Vehicle_1,26.0,81.1,,
1,Electric_Vehicle_1,25.0,81.1,,
1,Electric_Vehicle_1,24.0,81.1,,
1,Electric_Vehicle_1,23.0,81.1,,
1,Electric_Vehicle_1,22.0,81.1,,
1,Electric_Vehicle_1,21.0,81.1,,
1,Electric_Vehicle_1,20.0,81.1,,
1,Electric_Vehicle_1,19.0,81.1,,
1,Electric_Vehicle_1,18.0,81.1,,
1,Electric_Vehicle_1,17.0,81.1,,
1,Electric_Vehicle_1,16.0,81.1,,
1,Electric_Vehicle_1,15.0,81.1,,
1,Electric_Vehicle_1,14.0,81.1,,
1,Electric_Vehicle_1,13.0,81.1,,
1,Electric_Vehicle_1,12.0,81.1,,
1,Electric_Vehicle_1,11.0,81.1,,
1,Electric_Vehicle_1,10.0,81.1,,
1,Electric_Vehicle_1,9.0,81.1,,
1,Electric_Vehicle_1,8.0,81.1,,
1,Electric_Vehicle_1,7.0,81.1,,
1,Electric_Vehicle_1,6.0,81.1,,
1,Electric_Vehicle_1,5.0,81.1,,
1,Electric_Vehicle_1,4.0,81.1,,
1,Electric_Vehicle_1,3.0,81.1,,
1,Electric_Vehicle_1,2.0,81.1,,
1,Electric_Vehicle_1,1.0,81.1,,
1,Electric_Vehicle_1,0.0,81.1,,
3,,,,,
3,,,,,
3,,,,,
3,,,,,
3,,,,,
3,,,,,
3,,,,,
3,,,,,
2,Electric_Vehicle_1,,,0.0,53.5
1,Electric_Vehicle_1,12.0,89.7,,
1,Electric_Vehicle_1,11.0,89.7,,
1,Electric_Vehicle_1,10.0,89.7,,
1,Electric_Vehicle_1,9.0,89.7,,
1,Electric_Vehicle_1,8.0,89.7,,
1,Electric_Vehicle_1,7.0,89.7,,
1,Electric_Vehicle_1,6.0,89.7,,
1,Electric_Vehicle_1,5.0,89.7,,
1,Electric_Vehicle_1,4.0,89.7,,
1,Electric_Vehicle_1,3.0,89.7,,
1,Electric_Vehicle_1,2.0,89.7,,
1,Electric_Vehicle_1,1.0,89.7,,
1,Electric_Vehicle_1,0.0,89.7,,
3,,,,,
3,,,,,
3,,,,,
3,,,,,
3,,,,,
3,,,,,
3,,,,,
3,,,,,
3,,,,,
2,Electric_Vehicle_1,,,0.0,37.1
1,Electric_Vehicle_1,37.0,82.4,,
1,Electric_Vehicle_1,36.0,82.4,,
1,Electric_Vehicle_1,35.0,82.4,,
1,Electric_Vehicle_1,34.0,82.4,,
1,Electric_Vehicle_1,33.0,82.4,,
1,Electric_Vehicle_1,32.0,82.4,,
1,Electric_Vehicle_1,31.0,82.4,,
1,Electric_Vehicle_1,30.0,82.4,,
1,Electric_Vehicle_1,29.0,82.4,,
1,Electric_Vehicle_1,28.0,82.4,,
1,Electric_Vehicle_1,27.0,82.4,,
1,Electric_Vehicle_1,26.0,82.4,,
1,Electric_Vehicle_1,25.0,82.4,,
1,Electric_Vehicle_1,24.0,82.4,,
1,Electric_Vehicle_1,23.0,82.4,,
1,Electric_Vehicle_1,22.0,82.4,,
1,Electric_Vehicle_1,21.0,82.4,,
1,Electric_Vehicle_1,20.0,82.4,,
1,Electric_Vehicle_1,19.0,82.4,,
1,Electric_Vehicle_1,18.0,82.4,,
1,Electric_Vehicle_1,17.0,82.4,,
1,Electric_Vehicle_1,16.0,82.4,,
1,Electric_Vehicle_1,15.0,82.4,,
1,Electric_Vehicle_1,14.0,82.4,,
1,Electric_Vehicle_1,13.0,82.4,,
1,Electric_Vehicle_1,12.0,82.4,,
1,Electric_Vehicle_1,11.0,82.4,,
1,Electric_Vehicle_1,10.0,82.4,,
1,Electric_Vehicle_1,9.0,82.4,,
1,Electric_Vehicle_1,8.0,82.4,,
1,Electric_Vehicle_1,7.0,82.4,,
1,Electric_Vehicle_1,6.0,82.4,,
1,Electric_Vehicle_1,5.0,82.4,,
1,Electric_Vehicle_1,4.0,82.4,,
1,Electric_Vehicle_1,3.0,82.4,,
1,Electric_Vehicle_1,2.0,82.4,,
1,Electric_Vehicle_1,1.0,82.4,,
1,Electric_Vehicle_1,0.0,82.4,,
3,,,,,
3,,,,,
3,,,,,
3,,,,,
3,,,,,
3,,,,,
3,,,,,
3,,,,,
3,,,,,
3,,,,,
2,Electric_Vehicle_1,,,0.0,43.5
1,Electric_Vehicle_1,12.0,84.8,,
1,Electric_Vehicle_1,11.0,84.8,,
1,Electric_Vehicle_1,10.0,84.8,,
1,Electric_Vehicle_1,9.0,84.8,,
1,Electric_Vehicle_1,8.0,84.8,,
1,Electric_Vehicle_1,7.0,84.8,,
1,Electric_Vehicle_1,6.0,84.8,,
1,Electric_Vehicle_1,5.0,84.8,,
1,Electric_Vehicle_1,4.0,84.8,,
1,Electric_Vehicle_1,3.0,84.8,,
1,Electric_Vehicle_1,2.0,84.8,,
1,Electric_Vehicle_1,1.0,84.8,,
1,Electric_Vehicle_1,0.0,84.8,,
3,,,,,
3,,,,,
3,,,,,
3,,,,,
3,,,,,
3,,,,,
3,,,,,
3,,,,,
3,,,,,
3,,,,,
2,Electric_Vehicle_1,,,0.0,51.3
1,Electric_Vehicle_1,41.0,71.3,,
1,Electric_Vehicle_1,40.0,71.3,,
1,Electric_Vehicle_1,39.0,71.3,,
1,Electric_Vehicle_1,38.0,71.3,,
1,Electric_Vehicle_1,37.0,71.3,,
1,Electric_Vehicle_1,36.0,71.3,,
1,Electric_Vehicle_1,35.0,71.3,,
1,Electric_Vehicle_1,34.0,71.3,,
1,Electric_Vehicle_1,33.0,71.3,,
1,Electric_Vehicle_1,32.0,71.3,,
1,Electric_Vehicle_1,31.0,71.3,,
1,Electric_Vehicle_1,30.0,71.3,,
1,Electric_Vehicle_1,29.0,71.3,,
1,Electric_Vehicle_1,28.0,71.3,,
1,Electric_Vehicle_1,27.0,71.3,,
1,Electric_Vehicle_1,26.0,71.3,,
1,Electric_Vehicle_1,25.0,71.3,,
1,Electric_Vehicle_1,24.0,71.3,,
1,Electric_Vehicle_1,23.0,71.3,,
1,Electric_Vehicle_1,22.0,71.3,,
1,Electric_Vehicle_1,21.0,71.3,,
1,Electric_Vehicle_1,20.0,71.3,,
1,Electric_Vehicle_1,19.0,71.3,,
1,Electric_Vehicle_1,18.0,71.3,,
1,Electric_Vehicle_1,17.0,71.3,,
1,Electric_Vehicle_1,16.0,71.3,,
1,Electric_Vehicle_1,15.0,71.3,,
1,Electric_Vehicle_1,14.0,71.3,,
1,Electric_Vehicle_1,13.0,71.3,,
1,Electric_Vehicle_1,12.0,71.3,,
1,Electric_Vehicle_1,11.0,71.3,,
1,Electric_Vehicle_1,10.0,71.3,,
1,Electric_Vehicle_1,9.0,71.3,,
1,Electric_Vehicle_1,8.0,71.3,,
1,Electric_Vehicle_1,7.0,71.3,,
1,Electric_Vehicle_1,6.0,71.3,,
1,Electric_Vehicle_1,5.0,71.3,,
1,Electric_Vehicle_1,4.0,71.3,,
1,Electric_Vehicle_1,3.0,71.3,,
1,Electric_Vehicle_1,2.0,71.3,,
1,Electric_Vehicle_1,1.0,71.3,,
1,Electric_Vehicle_1,0.0,71.3,,
3,,,,,
3,,,,,
3,,,,,
3,,,,,
2,Electric_Vehicle_1,,,0.0,43.5
1,Electric_Vehicle_1,14.0,77.2,,
1,Electric_Vehicle_1,13.0,77.2,,
1,Electric_Vehicle_1,12.0,77.2,,
1,Electric_Vehicle_1,11.0,77.2,,
1,Electric_Vehicle_1,10.0,77.2,,
1,Electric_Vehicle_1,9.0,77.2,,
1,Electric_Vehicle_1,8.0,77.2,,
1,Electric_Vehicle_1,7.0,77.2,,
1,Electric_Vehicle_1,6.0,77.2,,
1,Electric_Vehicle_1,5.0,77.2,,
1,Electric_Vehicle_1,4.0,77.2,,
1,Electric_Vehicle_1,3.0,77.2,,
1,Electric_Vehicle_1,2.0,77.2,,
1,Electric_Vehicle_1,1.0,77.2,,
1,Electric_Vehicle_1,0.0,77.2,,
3,,,,,
3,,,,,
3,,,,,
3,,,,,
3,,,,,
3,,,,,
3,,,,,
2,Electric_Vehicle_1,,,0.0,28.6
1,Electric_Vehicle_1,15.0,73.4,,
1,Electric_Vehicle_1,14.0,73.4,,
1,Electric_Vehicle_1,13.0,73.4,,
1,Electric_Vehicle_1,12.0,73.4,,
1,Electric_Vehicle_1,11.0,73.4,,
1,Electric_Vehicle_1,10.0,73.4,,
1,Electric_Vehicle_1,9.0,73.4,,
1,Electric_Vehicle_1,8.0,73.4,,
1,Electric_Vehicle_1,7.0,73.4,,
1,Electric_Vehicle_1,6.0,73.4,,
1,Electric_Vehicle_1,5.0,73.4,,
1,Electric_Vehicle_1,4.0,73.4,,
1,Electric_Vehicle_1,3.0,73.4,,
1,Electric_Vehicle_1,2.0,73.4,,
1,Electric_Vehicle_1,1.0,73.4,,
1,Electric_Vehicle_1,0.0,73.4,,
3,,,,,
3,,,,,
3,,,,,
3,,,,,
3,,,,,
3,,,,,
3,,,,,
3,,,,,
3,,,,,
2,Electric_Vehicle_1,,,0.0,40.4
1,Electric_Vehicle_1,11.0,75.8,,
1,Electric_Vehicle_1,10.0,75.8,,
1,Electric_Vehicle_1,9.0,75.8,,
1,Electric_Vehicle_1,8.0,75.8,,
1,Electric_Vehicle_1,7.0,75.8,,
1,Electric_Vehicle_1,6.0,75.8,,
1,Electric_Vehicle_1,5.0,75.8,,
1,Electric_Vehicle_1,4.0,75.8,,
1,Electric_Vehicle_1,3.0,75.8,,
1,Electric_Vehicle_1,2.0,75.8,,
1,Electric_Vehicle_1,1.0,75.8,,
1,Electric_Vehicle_1,0.0,75.8,,
3,,,,,
3,,,,,
3,,,,,
3,,,,,
3,,,,,
3,,,,,
3,,,,,
3,,,,,
3,,,,,
2,Electric_Vehicle_1,,,0.0,25.1
1,Electric_Vehicle_1,15.0,83.7,,
1,Electric_Vehicle_1,14.0,83.7,,
1,Electric_Vehicle_1,13.0,83.7,,
1,Electric_Vehicle_1,12.0,83.7,,
1,Electric_Vehicle_1,11.0,83.7,,
1,Electric_Vehicle_1,10.0,83.7,,
1,Electric_Vehicle_1,9.0,83.7,,
1,Electric_Vehicle_1,8.0,83.7,,
1,Electric_Vehicle_1,7.0,83.7,,
1,Electric_Vehicle_1,6.0,83.7,,
1,Electric_Vehicle_1,5.0,83.7,,
1,Electric_Vehicle_1,4.0,83.7,,
1,Electric_Vehicle_1,3.0,83.7,,
1,Electric_Vehicle_1,2.0,83.7,,
1,Electric_Vehicle_1,1.0,83.7,,
1,Electric_Vehicle_1,0.0,83.7,,
3,,,,,
3,,,,,
3,,,,,
3,,,,,
3,,,,,
3,,,,,
2,Electric_Vehicle_1,,,0.0,40.1
1,Electric_Vehicle_1,16.0,79.5,,
1,Electric_Vehicle_1,15.0,79.5,,
1,Electric_Vehicle_1,14.0,79.5,,
1,Electric_Vehicle_1,13.0,79.5,,
1,Electric_Vehicle_1,12.0,79.5,,
1,Electric_Vehicle_1,11.0,79.5,,
1,Electric_Vehicle_1,10.0,79.5,,
1,Electric_Vehicle_1,9.0,79.5,,
1,Electric_Vehicle_1,8.0,79.5,,
1,Electric_Vehicle_1,7.0,79.5,,
1,Electric_Vehicle_1,6.0,79.5,,
1,Electric_Vehicle_1,5.0,79.5,,
1,Electric_Vehicle_1,4.0,79.5,,
1,Electric_Vehicle_1,3.0,79.5,,
1,Electric_Vehicle_1,2.0,79.5,,
1,Electric_Vehicle_1,1.0,79.5,,
1,Electric_Vehicle_1,0.0,79.5,,
3,,,,,
3,,,,,
3,,,,,
3,,,,,
3,,,,,
3,,,,,
3,,,,,
3,,,,,
3,,,,,
2,Electric_Vehicle_1,,,0.0,28.5
1,Electric_Vehicle_1,15.0,73.7,,
1,Electric_Vehicle_1,14.0,73.7,,
1,Electric_Vehicle_1,13.0,73.7,,
1,Electric_Vehicle_1,12.0,73.7,,
1,Electric_Vehicle_1,11.0,73.7,,
1,Electric_Vehicle_1,10.0,73.7,,
1,Electric_Vehicle_1,9.0,73.7,,
1,Electric_Vehicle_1,8.0,73.7,,
1,Electric_Vehicle_1,7.0,73.7,,
1,Electric_Vehicle_1,6.0,73.7,,
1,Electric_Vehicle_1,5.0,73.7,,
1,Electric_Vehicle_1,4.0,73.7,,
1,Electric_Vehicle_1,3.0,73.7,,
1,Electric_Vehicle_1,2.0,73.7,,
1,Electric_Vehicle_1,1.0,73.7,,
1,Electric_Vehicle_1,0.0,73.7,,
3,,,,,
3,,,,,
3,,,,,
3,,,,,
3,,,,,
3,,,,,
3,,,,,
2,Electric_Vehicle_1,,,0.0,43.1
1,Electric_Vehicle_1,36.0,89.9,,
1,Electric_Vehicle_1,35.0,89.9,,
1,Electric_Vehicle_1,34.0,89.9,,
1,Electric_Vehicle_1,33.0,89.9,,
1,Electric_Vehicle_1,32.0,89.9,,
1,Electric_Vehicle_1,31.0,89.9,,
1,Electric_Vehicle_1,30.0,89.9,,
1,Electric_Vehicle_1,29.0,89.9,,
1,Electric_Vehicle_1,28.0,89.9,,
1,Electric_Vehicle_1,27.0,89.9,,
1,Electric_Vehicle_1,26.0,89.9,,
1,Electric_Vehicle_1,25.0,89.9,,
1,Electric_Vehicle_1,24.0,89.9,,
1,Electric_Vehicle_1,23.0,89.9,,
1,Electric_Vehicle_1,22.0,89.9,,
1,Electric_Vehicle_1,21.0,89.9,,
1,Electric_Vehicle_1,20.0,89.9,,
1,Electric_Vehicle_1,19.0,89.9,,
1,Electric_Vehicle_1,18.0,89.9,,
1,Electric_Vehicle_1,17.0,89.9,,
1,Electric_Vehicle_1,16.0,89.9,,
1,Electric_Vehicle_1,15.0,89.9,,
1,Electric_Vehicle_1,14.0,89.9,,
1,Electric_Vehicle_1,13.0,89.9,,
1,Electric_Vehicle_1,12.0,89.9,,
1,Electric_Vehicle_1,11.0,89.9,,
1,Electric_Vehicle_1,10.0,89.9,,
1,Electric_Vehicle_1,9.0,89.9,,
1,Electric_Vehicle_1,8.0,89.9,,
1,Electric_Vehicle_1,7.0,89.9,,
1,Electric_Vehicle_1,6.0,89.9,,
1,Electric_Vehicle_1,5.0,89.9,,
1,Electric_Vehicle_1,4.0,89.9,,
1,Electric_Vehicle_1,3.0,89.9,,
1,Electric_Vehicle_1,2.0,89.9,,
1,Electric_Vehicle_1,1.0,89.9,,
1,Electric_Vehicle_1,0.0,89.9,,
3,,,,,
3,,,,,
3,,,,,
3,,,,,
3,,,,,
3,,,,,
3,,,,,
3,,,,,
2,Electric_Vehicle_1,,,0.0,39.3
1,Electric_Vehicle_1,37.0,86.4,,
1,Electric_Vehicle_1,36.0,86.4,,
1,Electric_Vehicle_1,35.0,86.4,,
1,Electric_Vehicle_1,34.0,86.4,,
1,Electric_Vehicle_1,33.0,86.4,,
1,Electric_Vehicle_1,32.0,86.4,,
1,Electric_Vehicle_1,31.0,86.4,,
1,Electric_Vehicle_1,30.0,86.4,,
1,Electric_Vehicle_1,29.0,86.4,,
1,Electric_Vehicle_1,28.0,86.4,,
1,Electric_Vehicle_1,27.0,86.4,,
1,Electric_Vehicle_1,26.0,86.4,,
1,Electric_Vehicle_1,25.0,86.4,,
1,Electric_Vehicle_1,24.0,86.4,,
1,Electric_Vehicle_1,23.0,86.4,,
1,Electric_Vehicle_1,22.0,86.4,,
1,Electric_Vehicle_1,21.0,86.4,,
1,Electric_Vehicle_1,20.0,86.4,,
1,Electric_Vehicle_1,19.0,86.4,,
1,Electric_Vehicle_1,18.0,86.4,,
1,Electric_Vehicle_1,17.0,86.4,,
1,Electric_Vehicle_1,16.0,86.4,,
1,Electric_Vehicle_1,15.0,86.4,,
1,Electric_Vehicle_1,14.0,86.4,,
1,Electric_Vehicle_1,13.0,86.4,,
1,Electric_Vehicle_1,12.0,86.4,,
1,Electric_Vehicle_1,11.0,86.4,,
1,Electric_Vehicle_1,10.0,86.4,,
1,Electric_Vehicle_1,9.0,86.4,,
1,Electric_Vehicle_1,8.0,86.4,,
1,Electric_Vehicle_1,7.0,86.4,,
1,Electric_Vehicle_1,6.0,86.4,,
1,Electric_Vehicle_1,5.0,86.4,,
1,Electric_Vehicle_1,4.0,86.4,,
1,Electric_Vehicle_1,3.0,86.4,,
1,Electric_Vehicle_1,2.0,86.4,,
1,Electric_Vehicle_1,1.0,86.4,,
1,Electric_Vehicle_1,0.0,86.4,,
3,,,,,
3,,,,,
3,,,,,
3,,,,,
3,,,,,
3,,,,,
3,,,,,
3,,,,,
3,,,,,
3,,,,,
3,,,,,
3,,,,,
2,Electric_Vehicle_1,,,0.0,24.0
1,Electric_Vehicle_1,12.0,71.3,,
1,Electric_Vehicle_1,11.0,71.3,,
1,Electric_Vehicle_1,10.0,71.3,,
1,Electric_Vehicle_1,9.0,71.3,,
1,Electric_Vehicle_1,8.0,71.3,,
1,Electric_Vehicle_1,7.0,71.3,,
1,Electric_Vehicle_1,6.0,71.3,,
1,Electric_Vehicle_1,5.0,71.3,,
1,Electric_Vehicle_1,4.0,71.3,,
1,Electric_Vehicle_1,3.0,71.3,,
1,Electric_Vehicle_1,2.0,71.3,,
1,Electric_Vehicle_1,1.0,71.3,,
1,Electric_Vehicle_1,0.0,71.3,,
3,,,,,
3,,,,,
3,,,,,
3,,,,,
3,,,,,
3,,,,,
3,,,,,
3,,,,,
3,,,,,
3,,,,,
2,Electric_Vehicle_1,,,0.0,38.8
1,Electric_Vehicle_1,10.0,77.8,,
1,Electric_Vehicle_1,9.0,77.8,,
1,Electric_Vehicle_1,8.0,77.8,,
1,Electric_Vehicle_1,7.0,77.8,,
1,Electric_Vehicle_1,6.0,77.8,,
1,Electric_Vehicle_1,5.0,77.8,,
1,Electric_Vehicle_1,4.0,77.8,,
1,Electric_Vehicle_1,3.0,77.8,,
1,Electric_Vehicle_1,2.0,77.8,,
1,Electric_Vehicle_1,1.0,77.8,,
1,Electric_Vehicle_1,0.0,77.8,,
3,,,,,
3,,,,,
3,,,,,
3,,,,,
3,,,,,
3,,,,,
3,,,,,
3,,,,,
3,,,,,
3,,,,,
2,Electric_Vehicle_1,,,0.0,25.5
1,Electric_Vehicle_1,62.0,81.0,,
1,Electric_Vehicle_1,61.0,81.0,,
1,Electric_Vehicle_1,60.0,81.0,,
1,Electric_Vehicle_1,59.0,81.0,,
1,Electric_Vehicle_1,58.0,81.0,,
1,Electric_Vehicle_1,57.0,81.0,,
1,Electric_Vehicle_1,56.0,81.0,,
1,Electric_Vehicle_1,55.0,81.0,,
1,Electric_Vehicle_1,54.0,81.0,,
1,Electric_Vehicle_1,53.0,81.0,,
1,Electric_Vehicle_1,52.0,81.0,,
1,Electric_Vehicle_1,51.0,81.0,,
1,Electric_Vehicle_1,50.0,81.0,,
1,Electric_Vehicle_1,49.0,81.0,,
1,Electric_Vehicle_1,48.0,81.0,,
1,Electric_Vehicle_1,47.0,81.0,,
1,Electric_Vehicle_1,46.0,81.0,,
1,Electric_Vehicle_1,45.0,81.0,,
1,Electric_Vehicle_1,44.0,81.0,,
1,Electric_Vehicle_1,43.0,81.0,,
1,Electric_Vehicle_1,42.0,81.0,,
1,Electric_Vehicle_1,41.0,81.0,,
1,Electric_Vehicle_1,40.0,81.0,,
1,Electric_Vehicle_1,39.0,81.0,,
1,Electric_Vehicle_1,38.0,81.0,,
1,Electric_Vehicle_1,37.0,81.0,,
1,Electric_Vehicle_1,36.0,81.0,,
1,Electric_Vehicle_1,35.0,81.0,,
1,Electric_Vehicle_1,34.0,81.0,,
1,Electric_Vehicle_1,33.0,81.0,,
1,Electric_Vehicle_1,32.0,81.0,,
1,Electric_Vehicle_1,31.0,81.0,,
1,Electric_Vehicle_1,30.0,81.0,,
1,Electric_Vehicle_1,29.0,81.0,,
1,Electric_Vehicle_1,28.0,81.0,,
1,Electric_Vehicle_1,27.0,81.0,,
1,Electric_Vehicle_1,26.0,81.0,,
1,Electric_Vehicle_1,25.0,81.0,,
1,Electric_Vehicle_1,24.0,81.0,,
1,Electric_Vehicle_1,23.0,81.0,,
1,Electric_Vehicle_1,22.0,81.0,,
1,Electric_Vehicle_1,21.0,81.0,,
1,Electric_Vehicle_1,20.0,81.0,,
1,Electric_Vehicle_1,19.0,81.0,,
1,Electric_Vehicle_1,18.0,81.0,,
1,Electric_Vehicle_1,17.0,81.0,,
1,Electric_Vehicle_1,16.0,81.0,,
1,Electric_Vehicle_1,15.0,81.0,,
1,Electric_Vehicle_1,14.0,81.0,,
1,Electric_Vehicle_1,13.0,81.0,,
1,Electric_Vehicle_1,12.0,81.0,,
1,Electric_Vehicle_1,11.0,81.0,,
1,Electric_Vehicle_1,10.0,81.0,,
1,Electric_Vehicle_1,9.0,81.0,,
1,Electric_Vehicle_1,8.0,81.0,,
1,Electric_Vehicle_1,7.0,81.0,,
1,Electric_Vehicle_1,6.0,81.0,,
1,Electric_Vehicle_1,5.0,81.0,,
1,Electric_Vehicle_1,4.0,81.0,,
1,Electric_Vehicle_1,3.0,81.0,,
1,Electric_Vehicle_1,2.0,81.0,,
1,Electric_Vehicle_1,1.0,81.0,,
1,Electric_Vehicle_1,0.0,81.0,,
3,,,,,
3,,,,,
3,,,,,
3,,,,,
3,,,,,
3,,,,,
3,,,,,
3,,,,,
2,Electric_Vehicle_1,,,0.0,33.5
1,Electric_Vehicle_1,14.0,88.0,,
1,Electric_Vehicle_1,13.0,88.0,,
1,Electric_Vehicle_1,12.0,88.0,,
1,Electric_Vehicle_1,11.0,88.0,,
1,Electric_Vehicle_1,10.0,88.0,,
1,Electric_Vehicle_1,9.0,88.0,,
1,Electric_Vehicle_1,8.0,88.0,,
1,Electric_Vehicle_1,7.0,88.0,,
1,Electric_Vehicle_1,6.0,88.0,,
1,Electric_Vehicle_1,5.0,88.0,,
1,Electric_Vehicle_1,4.0,88.0,,
1,Electric_Vehicle_1,3.0,88.0,,
1,Electric_Vehicle_1,2.0,88.0,,
1,Electric_Vehicle_1,1.0,88.0,,
1,Electric_Vehicle_1,0.0,88.0,,
3,,,,,
3,,,,,
3,,,,,
3,,,,,
3,,,,,
3,,,,,
3,,,,,
3,,,,,
3,,,,,
2,Electric_Vehicle_1,,,0.0,30.8
1,Electric_Vehicle_1,38.0,80.6,,
1,Electric_Vehicle_1,37.0,80.6,,
1,Electric_Vehicle_1,36.0,80.6,,
1,Electric_Vehicle_1,35.0,80.6,,
1,Electric_Vehicle_1,34.0,80.6,,
1,Electric_Vehicle_1,33.0,80.6,,
1,Electric_Vehicle_1,32.0,80.6,,
1,Electric_Vehicle_1,31.0,80.6,,
1,Electric_Vehicle_1,30.0,80.6,,
1,Electric_Vehicle_1,29.0,80.6,,
1,Electric_Vehicle_1,28.0,80.6,,
1,Electric_Vehicle_1,27.0,80.6,,
1,Electric_Vehicle_1,26.0,80.6,,
1,Electric_Vehicle_1,25.0,80.6,,
1,Electric_Vehicle_1,24.0,80.6,,
1,Electric_Vehicle_1,23.0,80.6,,
1,Electric_Vehicle_1,22.0,80.6,,
1,Electric_Vehicle_1,21.0,80.6,,
1,Electric_Vehicle_1,20.0,80.6,,
1,Electric_Vehicle_1,19.0,80.6,,
1,Electric_Vehicle_1,18.0,80.6,,
1,Electric_Vehicle_1,17.0,80.6,,
1,Electric_Vehicle_1,16.0,80.6,,
1,Electric_Vehicle_1,15.0,80.6,,
1,Electric_Vehicle_1,14.0,80.6,,
1,Electric_Vehicle_1,13.0,80.6,,
1,Electric_Vehicle_1,12.0,80.6,,
1,Electric_Vehicle_1,11.0,80.6,,
1,Electric_Vehicle_1,10.0,80.6,,
1,Electric_Vehicle_1,9.0,80.6,,
1,Electric_Vehicle_1,8.0,80.6,,
1,Electric_Vehicle_1,7.0,80.6,,
1,Electric_Vehicle_1,6.0,80.6,,
1,Electric_Vehicle_1,5.0,80.6,,
1,Electric_Vehicle_1,4.0,80.6,,
1,Electric_Vehicle_1,3.0,80.6,,
1,Electric_Vehicle_1,2.0,80.6,,
1,Electric_Vehicle_1,1.0,80.6,,
1,Electric_Vehicle_1,0.0,80.6,,
3,,,,,
3,,,,,
3,,,,,
3,,,,,
3,,,,,
3,,,,,
3,,,,,
2,Electric_Vehicle_1,,,0.0,44.3
1,Electric_Vehicle_1,14.0,73.9,,
1,Electric_Vehicle_1,13.0,73.9,,
1,Electric_Vehicle_1,12.0,73.9,,
1,Electric_Vehicle_1,11.0,73.9,,
1,Electric_Vehicle_1,10.0,73.9,,
1,Electric_Vehicle_1,9.0,73.9,,
1,Electric_Vehicle_1,8.0,73.9,,
1,Electric_Vehicle_1,7.0,73.9,,
1,Electric_Vehicle_1,6.0,73.9,,
1,Electric_Vehicle_1,5.0,73.9,,
1,Electric_Vehicle_1,4.0,73.9,,
1,Electric_Vehicle_1,3.0,73.9,,
1,Electric_Vehicle_1,2.0,73.9,,
1,Electric_Vehicle_1,1.0,73.9,,
1,Electric_Vehicle_1,0.0,73.9,,
3,,,,,
3,,,,,
3,,,,,
3,,,,,
3,,,,,
3,,,,,
3,,,,,
3,,,,,
3,,,,,
2,Electric_Vehicle_1,,,0.0,28.3
1,Electric_Vehicle_1,61.0,79.6,,
1,Electric_Vehicle_1,60.0,79.6,,
1,Electric_Vehicle_1,59.0,79.6,,
1,Electric_Vehicle_1,58.0,79.6,,
1,Electric_Vehicle_1,57.0,79.6,,
1,Electric_Vehicle_1,56.0,79.6,,
1,Electric_Vehicle_1,55.0,79.6,,
1,Electric_Vehicle_1,54.0,79.6,,
1,Electric_Vehicle_1,53.0,79.6,,
1,Electric_Vehicle_1,52.0,79.6,,
1,Electric_Vehicle_1,51.0,79.6,,
1,Electric_Vehicle_1,50.0,79.6,,
1,Electric_Vehicle_1,49.0,79.6,,
1,Electric_Vehicle_1,48.0,79.6,,
1,Electric_Vehicle_1,47.0,79.6,,
1,Electric_Vehicle_1,46.0,79.6,,
1,Electric_Vehicle_1,45.0,79.6,,
1,Electric_Vehicle_1,44.0,79.6,,
1,Electric_Vehicle_1,43.0,79.6,,
1,Electric_Vehicle_1,42.0,79.6,,
1,Electric_Vehicle_1,41.0,79.6,,
1,Electric_Vehicle_1,40.0,79.6,,
1,Electric_Vehicle_1,39.0,79.6,,
1,Electric_Vehicle_1,38.0,79.6,,
1,Electric_Vehicle_1,37.0,79.6,,
1,Electric_Vehicle_1,36.0,79.6,,
1,Electric_Vehicle_1,35.0,79.6,,
1,Electric_Vehicle_1,34.0,79.6,,
1,Electric_Vehicle_1,33.0,79.6,,
1,Electric_Vehicle_1,32.0,79.6,,
1,Electric_Vehicle_1,31.0,79.6,,
1,Electric_Vehicle_1,30.0,79.6,,
1,Electric_Vehicle_1,29.0,79.6,,
1,Electric_Vehicle_1,28.0,79.6,,
1,Electric_Vehicle_1,27.0,79.6,,
1,Electric_Vehicle_1,26.0,79.6,,
1,Electric_Vehicle_1,25.0,79.6,,
1,Electric_Vehicle_1,24.0,79.6,,
1,Electric_Vehicle_1,23.0,79.6,,
1,Electric_Vehicle_1,22.0,79.6,,
1,Electric_Vehicle_1,21.0,79.6,,
1,Electric_Vehicle_1,20.0,79.6,,
1,Electric_Vehicle_1,19.0,79.6,,
1,Electric_Vehicle_1,18.0,79.6,,
1,Electric_Vehicle_1,17.0,79.6,,
1,Electric_Vehicle_1,16.0,79.6,,
1,Electric_Vehicle_1,15.0,79.6,,
1,Electric_Vehicle_1,14.0,79.6,,
1,Electric_Vehicle_1,13.0,79.6,,
1,Electric_Vehicle_1,12.0,79.6,,
1,Electric_Vehicle_1,11.0,79.6,,
1,Electric_Vehicle_1,10.0,79.6,,
1,Electric_Vehicle_1,9.0,79.6,,
1,Electric_Vehicle_1,8.0,79.6,,
1,Electric_Vehicle_1,7.0,79.6,,
1,Electric_Vehicle_1,6.0,79.6,,
1,Electric_Vehicle_1,5.0,79.6,,
1,Electric_Vehicle_1,4.0,79.6,,
1,Electric_Vehicle_1,3.0,79.6,,
1,Electric_Vehicle_1,2.0,79.6,,
1,Electric_Vehicle_1,1.0,79.6,,
1,Electric_Vehicle_1,0.0,79.6,,
3,,,,,
3,,,,,
3,,,,,
3,,,,,
3,,,,,
3,,,,,
3,,,,,
3,,,,,
3,,,,,
2,Electric_Vehicle_1,,,0.0,41.1
1,Electric_Vehicle_1,36.0,80.2,,
1,Electric_Vehicle_1,35.0,80.2,,
1,Electric_Vehicle_1,34.0,80.2,,
1,Electric_Vehicle_1,33.0,80.2,,
1,Electric_Vehicle_1,32.0,80.2,,
1,Electric_Vehicle_1,31.0,80.2,,
1,Electric_Vehicle_1,30.0,80.2,,
1,Electric_Vehicle_1,29.0,80.2,,
1,Electric_Vehicle_1,28.0,80.2,,
1,Electric_Vehicle_1,27.0,80.2,,
1,Electric_Vehicle_1,26.0,80.2,,
1,Electric_Vehicle_1,25.0,80.2,,
1,Electric_Vehicle_1,24.0,80.2,,
1,Electric_Vehicle_1,23.0,80.2,,
1,Electric_Vehicle_1,22.0,80.2,,
1,Electric_Vehicle_1,21.0,80.2,,
1,Electric_Vehicle_1,20.0,80.2,,
1,Electric_Vehicle_1,19.0,80.2,,
1,Electric_Vehicle_1,18.0,80.2,,
1,Electric_Vehicle_1,17.0,80.2,,
1,Electric_Vehicle_1,16.0,80.2,,
1,Electric_Vehicle_1,15.0,80.2,,
1,Electric_Vehicle_1,14.0,80.2,,
1,Electric_Vehicle_1,13.0,80.2,,
1,Electric_Vehicle_1,12.0,80.2,,
1,Electric_Vehicle_1,11.0,80.2,,
1,Electric_Vehicle_1,10.0,80.2,,
1,Electric_Vehicle_1,9.0,80.2,,
1,Electric_Vehicle_1,8.0,80.2,,
1,Electric_Vehicle_1,7.0,80.2,,
1,Electric_Vehicle_1,6.0,80.2,,
1,Electric_Vehicle_1,5.0,80.2,,
1,Electric_Vehicle_1,4.0,80.2,,
1,Electric_Vehicle_1,3.0,80.2,,
1,Electric_Vehicle_1,2.0,80.2,,
1,Electric_Vehicle_1,1.0,80.2,,
1,Electric_Vehicle_1,0.0,80.2,,
3,,,,,
3,,,,,
3,,,,,
3,,,,,
3,,,,,
3,,,,,
3,,,,,
3,,,,,
3,,,,,
2,Electric_Vehicle_1,,,0.0,28.7
1,Electric_Vehicle_1,13.0,86.9,,
1,Electric_Vehicle_1,12.0,86.9,,
1,Electric_Vehicle_1,11.0,86.9,,
1,Electric_Vehicle_1,10.0,86.9,,
1,Electric_Vehicle_1,9.0,86.9,,
1,Electric_Vehicle_1,8.0,86.9,,
1,Electric_Vehicle_1,7.0,86.9,,
1,Electric_Vehicle_1,6.0,86.9,,
1,Electric_Vehicle_1,5.0,86.9,,
1,Electric_Vehicle_1,4.0,86.9,,
1,Electric_Vehicle_1,3.0,86.9,,
1,Electric_Vehicle_1,2.0,86.9,,
1,Electric_Vehicle_1,1.0,86.9,,
1,Electric_Vehicle_1,0.0,86.9,,
3,,,,,
3,,,,,
3,,,,,
3,,,,,
3,,,,,
3,,,,,
3,,,,,
3,,,,,
3,,,,,
3,,,,,
2,Electric_Vehicle_1,,,0.0,44.6
1,Electric_Vehicle_1,13.0,83.9,,
1,Electric_Vehicle_1,12.0,83.9,,
1,Electric_Vehicle_1,11.0,83.9,,
1,Electric_Vehicle_1,10.0,83.9,,
1,Electric_Vehicle_1,9.0,83.9,,
1,Electric_Vehicle_1,8.0,83.9,,
1,Electric_Vehicle_1,7.0,83.9,,
1,Electric_Vehicle_1,6.0,83.9,,
1,Electric_Vehicle_1,5.0,83.9,,
1,Electric_Vehicle_1,4.0,83.9,,
1,Electric_Vehicle_1,3.0,83.9,,
1,Electric_Vehicle_1,2.0,83.9,,
1,Electric_Vehicle_1,1.0,83.9,,
1,Electric_Vehicle_1,0.0,83.9,,
3,,,,,
3,,,,,
3,,,,,
3,,,,,
3,,,,,
3,,,,,
3,,,,,
3,,,,,
2,Electric_Vehicle_1,,,0.0,24.6
1,Electric_Vehicle_1,15.0,83.7,,
1,Electric_Vehicle_1,14.0,83.7,,
1,Electric_Vehicle_1,13.0,83.7,,
1,Electric_Vehicle_1,12.0,83.7,,
1,Electric_Vehicle_1,11.0,83.7,,
1,Electric_Vehicle_1,10.0,83.7,,
1,Electric_Vehicle_1,9.0,83.7,,
1,Electric_Vehicle_1,8.0,83.7,,
1,Electric_Vehicle_1,7.0,83.7,,
1,Electric_Vehicle_1,6.0,83.7,,
1,Electric_Vehicle_1,5.0,83.7,,
1,Electric_Vehicle_1,4.0,83.7,,
1,Electric_Vehicle_1,3.0,83.7,,
1,Electric_Vehicle_1,2.0,83.7,,
1,Electric_Vehicle_1,1.0,83.7,,
1,Electric_Vehicle_1,0.0,83.7,,
3,,,,,
3,,,,,
3,,,,,
3,,,,,
3,,,,,
3,,,,,
2,Electric_Vehicle_1,,,0.0,39.1
1,Electric_Vehicle_1,38.0,74.7,,
1,Electric_Vehicle_1,37.0,74.7,,
1,Electric_Vehicle_1,36.0,74.7,,
1,Electric_Vehicle_1,35.0,74.7,,
1,Electric_Vehicle_1,34.0,74.7,,
1,Electric_Vehicle_1,33.0,74.7,,
1,Electric_Vehicle_1,32.0,74.7,,
1,Electric_Vehicle_1,31.0,74.7,,
1,Electric_Vehicle_1,30.0,74.7,,
1,Electric_Vehicle_1,29.0,74.7,,
1,Electric_Vehicle_1,28.0,74.7,,
1,Electric_Vehicle_1,27.0,74.7,,
1,Electric_Vehicle_1,26.0,74.7,,
1,Electric_Vehicle_1,25.0,74.7,,
1,Electric_Vehicle_1,24.0,74.7,,
1,Electric_Vehicle_1,23.0,74.7,,
1,Electric_Vehicle_1,22.0,74.7,,
1,Electric_Vehicle_1,21.0,74.7,,
1,Electric_Vehicle_1,20.0,74.7,,
1,Electric_Vehicle_1,19.0,74.7,,
1,Electric_Vehicle_1,18.0,74.7,,
1,Electric_Vehicle_1,17.0,74.7,,
1,Electric_Vehicle_1,16.0,74.7,,
1,Electric_Vehicle_1,15.0,74.7,,
1,Electric_Vehicle_1,14.0,74.7,,
1,Electric_Vehicle_1,13.0,74.7,,
1,Electric_Vehicle_1,12.0,74.7,,
1,Electric_Vehicle_1,11.0,74.7,,
1,Electric_Vehicle_1,10.0,74.7,,
1,Electric_Vehicle_1,9.0,74.7,,
1,Electric_Vehicle_1,8.0,74.7,,
1,Electric_Vehicle_1,7.0,74.7,,
1,Electric_Vehicle_1,6.0,74.7,,
1,Electric_Vehicle_1,5.0,74.7,,
1,Electric_Vehicle_1,4.0,74.7,,
1,Electric_Vehicle_1,3.0,74.7,,
1,Electric_Vehicle_1,2.0,74.7,,
1,Electric_Vehicle_1,1.0,74.7,,
1,Electric_Vehicle_1,0.0,74.7,,
3,,,,,
3,,,,,
3,,,,,
3,,,,,
3,,,,,
3,,,,,
3,,,,,
3,,,,,
3,,,,,
3,,,,,
2,Electric_Vehicle_1,,,0.0,45.1
1,Electric_Vehicle_1,12.0,86.8,,
1,Electric_Vehicle_1,11.0,86.8,,
1,Electric_Vehicle_1,10.0,86.8,,
1,Electric_Vehicle_1,9.0,86.8,,
1,Electric_Vehicle_1,8.0,86.8,,
1,Electric_Vehicle_1,7.0,86.8,,
1,Electric_Vehicle_1,6.0,86.8,,
1,Electric_Vehicle_1,5.0,86.8,,
1,Electric_Vehicle_1,4.0,86.8,,
1,Electric_Vehicle_1,3.0,86.8,,
1,Electric_Vehicle_1,2.0,86.8,,
1,Electric_Vehicle_1,1.0,86.8,,
1,Electric_Vehicle_1,0.0,86.8,,
3,,,,,
3,,,,,
3,,,,,
3,,,,,
3,,,,,
3,,,,,
3,,,,,
3,,,,,
3,,,,,
3,,,,,
2,Electric_Vehicle_1,,,0.0,37.8
1,Electric_Vehicle_1,13.0,72.3,,
1,Electric_Vehicle_1,12.0,72.3,,
1,Electric_Vehicle_1,11.0,72.3,,
1,Electric_Vehicle_1,10.0,72.3,,
1,Electric_Vehicle_1,9.0,72.3,,
1,Electric_Vehicle_1,8.0,72.3,,
1,Electric_Vehicle_1,7.0,72.3,,
1,Electric_Vehicle_1,6.0,72.3,,
1,Electric_Vehicle_1,5.0,72.3,,
1,Electric_Vehicle_1,4.0,72.3,,
1,Electric_Vehicle_1,3.0,72.3,,
1,Electric_Vehicle_1,2.0,72.3,,
1,Electric_Vehicle_1,1.0,72.3,,
1,Electric_Vehicle_1,0.0,72.3,,
3,,,,,
3,,,,,
3,,,,,
3,,,,,
3,,,,,
3,,,,,
3,,,,,
3,,,,,
3,,,,,
3,,,,,
2,Electric_Vehicle_1,,,0.0,29.1
1,Electric_Vehicle_1,36.0,82.6,,
1,Electric_Vehicle_1,35.0,82.6,,
1,Electric_Vehicle_1,34.0,82.6,,
1,Electric_Vehicle_1,33.0,82.6,,
1,Electric_Vehicle_1,32.0,82.6,,
1,Electric_Vehicle_1,31.0,82.6,,
1,Electric_Vehicle_1,30.0,82.6,,
1,Electric_Vehicle_1,29.0,82.6,,
1,Electric_Vehicle_1,28.0,82.6,,
1,Electric_Vehicle_1,27.0,82.6,,
1,Electric_Vehicle_1,26.0,82.6,,
1,Electric_Vehicle_1,25.0,82.6,,
1,Electric_Vehicle_1,24.0,82.6,,
1,Electric_Vehicle_1,23.0,82.6,,
1,Electric_Vehicle_1,22.0,82.6,,
1,Electric_Vehicle_1,21.0,82.6,,
1,Electric_Vehicle_1,20.0,82.6,,
1,Electric_Vehicle_1,19.0,82.6,,
1,Electric_Vehicle_1,18.0,82.6,,
1,Electric_Vehicle_1,17.0,82.6,,
1,Electric_Vehicle_1,16.0,82.6,,
1,Electric_Vehicle_1,15.0,82.6,,
1,Electric_Vehicle_1,14.0,82.6,,
1,Electric_Vehicle_1,13.0,82.6,,
1,Electric_Vehicle_1,12.0,82.6,,
1,Electric_Vehicle_1,11.0,82.6,,
1,Electric_Vehicle_1,10.0,82.6,,
1,Electric_Vehicle_1,9.0,82.6,,
1,Electric_Vehicle_1,8.0,82.6,,
1,Electric_Vehicle_1,7.0,82.6,,
1,Electric_Vehicle_1,6.0,82.6,,
1,Electric_Vehicle_1,5.0,82.6,,
1,Electric_Vehicle_1,4.0,82.6,,
1,Electric_Vehicle_1,3.0,82.6,,
1,Electric_Vehicle_1,2.0,82.6,,
1,Electric_Vehicle_1,1.0,82.6,,
1,Electric_Vehicle_1,0.0,82.6,,
3,,,,,
3,,,,,
3,,,,,
3,,,,,
3,,,,,
3,,,,,
3,,,,,
3,,,,,
3,,,,,
3,,,,,
3,,,,,
3,,,,,
2,Electric_Vehicle_1,,,0.0,37.8
1,Electric_Vehicle_1,12.0,74.8,,
1,Electric_Vehicle_1,11.0,74.8,,
1,Electric_Vehicle_1,10.0,74.8,,
1,Electric_Vehicle_1,9.0,74.8,,
1,Electric_Vehicle_1,8.0,74.8,,
1,Electric_Vehicle_1,7.0,74.8,,
1,Electric_Vehicle_1,6.0,74.8,,
1,Electric_Vehicle_1,5.0,74.8,,
1,Electric_Vehicle_1,4.0,74.8,,
1,Electric_Vehicle_1,3.0,74.8,,
1,Electric_Vehicle_1,2.0,74.8,,
1,Electric_Vehicle_1,1.0,74.8,,
1,Electric_Vehicle_1,0.0,74.8,,
3,,,,,
3,,,,,
3,,,,,
3,,,,,
3,,,,,
3,,,,,
3,,,,,
3,,,,,
2,Electric_Vehicle_1,,,0.0,39.0
1,Electric_Vehicle_1,12.0,79.0,,
1,Electric_Vehicle_1,11.0,79.0,,
1,Electric_Vehicle_1,10.0,79.0,,
1,Electric_Vehicle_1,9.0,79.0,,
1,Electric_Vehicle_1,8.0,79.0,,
1,Electric_Vehicle_1,7.0,79.0,,
1,Electric_Vehicle_1,6.0,79.0,,
1,Electric_Vehicle_1,5.0,79.0,,
1,Electric_Vehicle_1,4.0,79.0,,
1,Electric_Vehicle_1,3.0,79.0,,
1,Electric_Vehicle_1,2.0,79.0,,
1,Electric_Vehicle_1,1.0,79.0,,
1,Electric_Vehicle_1,0.0,79.0,,
3,,,,,
3,,,,,
3,,,,,
3,,,,,
2,Electric_Vehicle_1,,,0.0,33.5
1,Electric_Vehicle_1,17.0,72.4,,
1,Electric_Vehicle_1,16.0,72.4,,
1,Electric_Vehicle_1,15.0,72.4,,
1,Electric_Vehicle_1,14.0,72.4,,
1,Electric_Vehicle_1,13.0,72.4,,
1,Electric_Vehicle_1,12.0,72.4,,
1,Electric_Vehicle_1,11.0,72.4,,
1,Electric_Vehicle_1,10.0,72.4,,
1,Electric_Vehicle_1,9.0,72.4,,
1,Electric_Vehicle_1,8.0,72.4,,
1,Electric_Vehicle_1,7.0,72.4,,
1,Electric_Vehicle_1,6.0,72.4,,
1,Electric_Vehicle_1,5.0,72.4,,
1,Electric_Vehicle_1,4.0,72.4,,
1,Electric_Vehicle_1,3.0,72.4,,
1,Electric_Vehicle_1,2.0,72.4,,
1,Electric_Vehicle_1,1.0,72.4,,
1,Electric_Vehicle_1,0.0,72.4,,
3,,,,,
3,,,,,
3,,,,,
3,,,,,
3,,,,,
3,,,,,
3,,,,,
3,,,,,
3,,,,,
2,Electric_Vehicle_1,,,0.0,33.7
1,Electric_Vehicle_1,14.0,85.9,,
1,Electric_Vehicle_1,13.0,85.9,,
1,Electric_Vehicle_1,12.0,85.9,,
1,Electric_Vehicle_1,11.0,85.9,,
1,Electric_Vehicle_1,10.0,85.9,,
1,Electric_Vehicle_1,9.0,85.9,,
1,Electric_Vehicle_1,8.0,85.9,,
1,Electric_Vehicle_1,7.0,85.9,,
1,Electric_Vehicle_1,6.0,85.9,,
1,Electric_Vehicle_1,5.0,85.9,,
1,Electric_Vehicle_1,4.0,85.9,,
1,Electric_Vehicle_1,3.0,85.9,,
1,Electric_Vehicle_1,2.0,85.9,,
1,Electric_Vehicle_1,1.0,85.9,,
1,Electric_Vehicle_1,0.0,85.9,,
3,,,,,
3,,,,,
3,,,,,
3,,,,,
3,,,,,
3,,,,,
3,,,,,
3,,,,,
2,Electric_Vehicle_1,,,0.0,51.3
1,Electric_Vehicle_1,37.0,74.1,,
1,Electric_Vehicle_1,36.0,74.1,,
1,Electric_Vehicle_1,35.0,74.1,,
1,Electric_Vehicle_1,34.0,74.1,,
1,Electric_Vehicle_1,33.0,74.1,,
1,Electric_Vehicle_1,32.0,74.1,,
1,Electric_Vehicle_1,31.0,74.1,,
1,Electric_Vehicle_1,30.0,74.1,,
1,Electric_Vehicle_1,29.0,74.1,,
1,Electric_Vehicle_1,28.0,74.1,,
1,Electric_Vehicle_1,27.0,74.1,,
1,Electric_Vehicle_1,26.0,74.1,,
1,Electric_Vehicle_1,25.0,74.1,,
1,Electric_Vehicle_1,24.0,74.1,,
1,Electric_Vehicle_1,23.0,74.1,,
1,Electric_Vehicle_1,22.0,74.1,,
1,Electric_Vehicle_1,21.0,74.1,,
1,Electric_Vehicle_1,20.0,74.1,,
1,Electric_Vehicle_1,19.0,74.1,,
1,Electric_Vehicle_1,18.0,74.1,,
1,Electric_Vehicle_1,17.0,74.1,,
1,Electric_Vehicle_1,16.0,74.1,,
1,Electric_Vehicle_1,15.0,74.1,,
1,Electric_Vehicle_1,14.0,74.1,,
1,Electric_Vehicle_1,13.0,74.1,,
1,Electric_Vehicle_1,12.0,74.1,,
1,Electric_Vehicle_1,11.0,74.1,,
1,Electric_Vehicle_1,10.0,74.1,,
1,Electric_Vehicle_1,9.0,74.1,,
1,Electric_Vehicle_1,8.0,74.1,,
1,Electric_Vehicle_1,7.0,74.1,,
1,Electric_Vehicle_1,6.0,74.1,,
1,Electric_Vehicle_1,5.0,74.1,,
1,Electric_Vehicle_1,4.0,74.1,,
1,Electric_Vehicle_1,3.0,74.1,,
1,Electric_Vehicle_1,2.0,74.1,,
1,Electric_Vehicle_1,1.0,74.1,,
1,Electric_Vehicle_1,0.0,74.1,,
3,,,,,
3,,,,,
3,,,,,
3,,,,,
3,,,,,
3,,,,,
3,,,,,
3,,,,,
3,,,,,
3,,,,,
2,Electric_Vehicle_1,,,0.0,36.1
1,Electric_Vehicle_1,39.0,70.2,,
1,Electric_Vehicle_1,38.0,70.2,,
1,Electric_Vehicle_1,37.0,70.2,,
1,Electric_Vehicle_1,36.0,70.2,,
1,Electric_Vehicle_1,35.0,70.2,,
1,Electric_Vehicle_1,34.0,70.2,,
1,Electric_Vehicle_1,33.0,70.2,,
1,Electric_Vehicle_1,32.0,70.2,,
1,Electric_Vehicle_1,31.0,70.2,,
1,Electric_Vehicle_1,30.0,70.2,,
1,Electric_Vehicle_1,29.0,70.2,,
1,Electric_Vehicle_1,28.0,70.2,,
1,Electric_Vehicle_1,27.0,70.2,,
1,Electric_Vehicle_1,26.0,70.2,,
1,Electric_Vehicle_1,25.0,70.2,,
1,Electric_Vehicle_1,24.0,70.2,,
1,Electric_Vehicle_1,23.0,70.2,,
1,Electric_Vehicle_1,22.0,70.2,,
1,Electric_Vehicle_1,21.0,70.2,,
1,Electric_Vehicle_1,20.0,70.2,,
1,Electric_Vehicle_1,19.0,70.2,,
1,Electric_Vehicle_1,18.0,70.2,,
1,Electric_Vehicle_1,17.0,70.2,,
1,Electric_Vehicle_1,16.0,70.2,,
1,Electric_Vehicle_1,15.0,70.2,,
1,Electric_Vehicle_1,14.0,70.2,,
1,Electric_Vehicle_1,13.0,70.2,,
1,Electric_Vehicle_1,12.0,70.2,,
1,Electric_Vehicle_1,11.0,70.2,,
1,Electric_Vehicle_1,10.0,70.2,,
1,Electric_Vehicle_1,9.0,70.2,,
1,Electric_Vehicle_1,8.0,70.2,,
1,Electric_Vehicle_1,7.0,70.2,,
1,Electric_Vehicle_1,6.0,70.2,,
1,Electric_Vehicle_1,5.0,70.2,,
1,Electric_Vehicle_1,4.0,70.2,,
1,Electric_Vehicle_1,3.0,70.2,,
1,Electric_Vehicle_1,2.0,70.2,,
1,Electric_Vehicle_1,1.0,70.2,,
1,Electric_Vehicle_1,0.0,70.2,,
3,,,,,
3,,,,,
3,,,,,
2,Electric_Vehicle_1,,,0.0,40.3
1,Electric_Vehicle_1,19.0,78.1,,
1,Electric_Vehicle_1,18.0,78.1,,
1,Electric_Vehicle_1,17.0,78.1,,
1,Electric_Vehicle_1,16.0,78.1,,
1,Electric_Vehicle_1,15.0,78.1,,
1,Electric_Vehicle_1,14.0,78.1,,
1,Electric_Vehicle_1,13.0,78.1,,
1,Electric_Vehicle_1,12.0,78.1,,
1,Electric_Vehicle_1,11.0,78.1,,
1,Electric_Vehicle_1,10.0,78.1,,
1,Electric_Vehicle_1,9.0,78.1,,
1,Electric_Vehicle_1,8.0,78.1,,
1,Electric_Vehicle_1,7.0,78.1,,
1,Electric_Vehicle_1,6.0,78.1,,
1,Electric_Vehicle_1,5.0,78.1,,
1,Electric_Vehicle_1,4.0,78.1,,
1,Electric_Vehicle_1,3.0,78.1,,
1,Electric_Vehicle_1,2.0,78.1,,
1,Electric_Vehicle_1,1.0,78.1,,
1,Electric_Vehicle_1,0.0,78.1,,
3,,,,,
3,,,,,
3,,,,,
3,,,,,
3,,,,,
3,,,,,
3,,,,,
2,Electric_Vehicle_1,,,0.0,34.0
1,Electric_Vehicle_1,12.0,73.8,,
1,Electric_Vehicle_1,11.0,73.8,,
1,Electric_Vehicle_1,10.0,73.8,,
1,Electric_Vehicle_1,9.0,73.8,,
1,Electric_Vehicle_1,8.0,73.8,,
1,Electric_Vehicle_1,7.0,73.8,,
1,Electric_Vehicle_1,6.0,73.8,,
1,Electric_Vehicle_1,5.0,73.8,,
1,Electric_Vehicle_1,4.0,73.8,,
1,Electric_Vehicle_1,3.0,73.8,,
1,Electric_Vehicle_1,2.0,73.8,,
1,Electric_Vehicle_1,1.0,73.8,,
1,Electric_Vehicle_1,0.0,73.8,,
3,,,,,
3,,,,,
3,,,,,
3,,,,,
3,,,,,
3,,,,,
3,,,,,
3,,,,,
3,,,,,
3,,,,,
2,Electric_Vehicle_1,,,0.0,26.5
1,Electric_Vehicle_1,14.0,86.5,,
1,Electric_Vehicle_1,13.0,86.5,,
1,Electric_Vehicle_1,12.0,86.5,,
1,Electric_Vehicle_1,11.0,86.5,,
1,Electric_Vehicle_1,10.0,86.5,,
1,Electric_Vehicle_1,9.0,86.5,,
1,Electric_Vehicle_1,8.0,86.5,,
1,Electric_Vehicle_1,7.0,86.5,,
1,Electric_Vehicle_1,6.0,86.5,,
1,Electric_Vehicle_1,5.0,86.5,,
1,Electric_Vehicle_1,4.0,86.5,,
1,Electric_Vehicle_1,3.0,86.5,,
1,Electric_Vehicle_1,2.0,86.5,,
1,Electric_Vehicle_1,1.0,86.5,,
1,Electric_Vehicle_1,0.0,86.5,,
3,,,,,
3,,,,,
3,,,,,
3,,,,,
3,,,,,
3,,,,,
2,Electric_Vehicle_1,,,0.0,46.3
1,Electric_Vehicle_1,15.0,74.1,,
1,Electric_Vehicle_1,14.0,74.1,,
1,Electric_Vehicle_1,13.0,74.1,,
1,Electric_Vehicle_1,12.0,74.1,,
1,Electric_Vehicle_1,11.0,74.1,,
1,Electric_Vehicle_1,10.0,74.1,,
1,Electric_Vehicle_1,9.0,74.1,,
1,Electric_Vehicle_1,8.0,74.1,,
1,Electric_Vehicle_1,7.0,74.1,,
1,Electric_Vehicle_1,6.0,74.1,,
1,Electric_Vehicle_1,5.0,74.1,,
1,Electric_Vehicle_1,4.0,74.1,,
1,Electric_Vehicle_1,3.0,74.1,,
1,Electric_Vehicle_1,2.0,74.1,,
1,Electric_Vehicle_1,1.0,74.1,,
1,Electric_Vehicle_1,0.0,74.1,,
3,,,,,
3,,,,,
3,,,,,
3,,,,,
3,,,,,
3,,,,,
3,,,,,
3,,,,,
3,,,,,
3,,,,,
2,Electric_Vehicle_1,,,0.0,23.1
1,Electric_Vehicle_1,12.0,78.1,,
1,Electric_Vehicle_1,11.0,78.1,,
1,Electric_Vehicle_1,10.0,78.1,,
1,Electric_Vehicle_1,9.0,78.1,,
1,Electric_Vehicle_1,8.0,78.1,,
1,Electric_Vehicle_1,7.0,78.1,,
1,Electric_Vehicle_1,6.0,78.1,,
1,Electric_Vehicle_1,5.0,78.1,,
1,Electric_Vehicle_1,4.0,78.1,,
1,Electric_Vehicle_1,3.0,78.1,,
1,Electric_Vehicle_1,2.0,78.1,,
1,Electric_Vehicle_1,1.0,78.1,,
1,Electric_Vehicle_1,0.0,78.1,,
3,,,,,
3,,,,,
3,,,,,
3,,,,,
3,,,,,
3,,,,,
3,,,,,
2,Electric_Vehicle_1,,,0.0,26.9
1,Electric_Vehicle_1,15.0,80.0,,
1,Electric_Vehicle_1,14.0,80.0,,
1,Electric_Vehicle_1,13.0,80.0,,
1,Electric_Vehicle_1,12.0,80.0,,
1,Electric_Vehicle_1,11.0,80.0,,
1,Electric_Vehicle_1,10.0,80.0,,
1,Electric_Vehicle_1,9.0,80.0,,
1,Electric_Vehicle_1,8.0,80.0,,
1,Electric_Vehicle_1,7.0,80.0,,
1,Electric_Vehicle_1,6.0,80.0,,
1,Electric_Vehicle_1,5.0,80.0,,
1,Electric_Vehicle_1,4.0,80.0,,
1,Electric_Vehicle_1,3.0,80.0,,
1,Electric_Vehicle_1,2.0,80.0,,
1,Electric_Vehicle_1,1.0,80.0,,
1,Electric_Vehicle_1,0.0,80.0,,
3,,,,,
3,,,,,
3,,,,,
3,,,,,
3,,,,,
3,,,,,
3,,,,,
3,,,,,
3,,,,,
3,,,,,
2,Electric_Vehicle_1,,,0.0,43.0
1,Electric_Vehicle_1,38.0,81.5,,
1,Electric_Vehicle_1,37.0,81.5,,
1,Electric_Vehicle_1,36.0,81.5,,
1,Electric_Vehicle_1,35.0,81.5,,
1,Electric_Vehicle_1,34.0,81.5,,
1,Electric_Vehicle_1,33.0,81.5,,
1,Electric_Vehicle_1,32.0,81.5,,
1,Electric_Vehicle_1,31.0,81.5,,
1,Electric_Vehicle_1,30.0,81.5,,
1,Electric_Vehicle_1,29.0,81.5,,
1,Electric_Vehicle_1,28.0,81.5,,
1,Electric_Vehicle_1,27.0,81.5,,
1,Electric_Vehicle_1,26.0,81.5,,
1,Electric_Vehicle_1,25.0,81.5,,
1,Electric_Vehicle_1,24.0,81.5,,
1,Electric_Vehicle_1,23.0,81.5,,
1,Electric_Vehicle_1,22.0,81.5,,
1,Electric_Vehicle_1,21.0,81.5,,
1,Electric_Vehicle_1,20.0,81.5,,
1,Electric_Vehicle_1,19.0,81.5,,
1,Electric_Vehicle_1,18.0,81.5,,
1,Electric_Vehicle_1,17.0,81.5,,
1,Electric_Vehicle_1,16.0,81.5,,
1,Electric_Vehicle_1,15.0,81.5,,
1,Electric_Vehicle_1,14.0,81.5,,
1,Electric_Vehicle_1,13.0,81.5,,
1,Electric_Vehicle_1,12.0,81.5,,
1,Electric_Vehicle_1,11.0,81.5,,
1,Electric_Vehicle_1,10.0,81.5,,
1,Electric_Vehicle_1,9.0,81.5,,
1,Electric_Vehicle_1,8.0,81.5,,
1,Electric_Vehicle_1,7.0,81.5,,
1,Electric_Vehicle_1,6.0,81.5,,
1,Electric_Vehicle_1,5.0,81.5,,
1,Electric_Vehicle_1,4.0,81.5,,
1,Electric_Vehicle_1,3.0,81.5,,
1,Electric_Vehicle_1,2.0,81.5,,
1,Electric_Vehicle_1,1.0,81.5,,
1,Electric_Vehicle_1,0.0,81.5,,
3,,,,,
3,,,,,
3,,,,,
3,,,,,
3,,,,,
3,,,,,
2,Electric_Vehicle_1,,,0.0,53.4
1,Electric_Vehicle_1,37.0,75.8,,
1,Electric_Vehicle_1,36.0,75.8,,
1,Electric_Vehicle_1,35.0,75.8,,
1,Electric_Vehicle_1,34.0,75.8,,
1,Electric_Vehicle_1,33.0,75.8,,
1,Electric_Vehicle_1,32.0,75.8,,
1,Electric_Vehicle_1,31.0,75.8,,
1,Electric_Vehicle_1,30.0,75.8,,
1,Electric_Vehicle_1,29.0,75.8,,
1,Electric_Vehicle_1,28.0,75.8,,
1,Electric_Vehicle_1,27.0,75.8,,
1,Electric_Vehicle_1,26.0,75.8,,
1,Electric_Vehicle_1,25.0,75.8,,
1,Electric_Vehicle_1,24.0,75.8,,
1,Electric_Vehicle_1,23.0,75.8,,
1,Electric_Vehicle_1,22.0,75.8,,
1,Electric_Vehicle_1,21.0,75.8,,
1,Electric_Vehicle_1,20.0,75.8,,
1,Electric_Vehicle_1,19.0,75.8,,
1,Electric_Vehicle_1,18.0,75.8,,
1,Electric_Vehicle_1,17.0,75.8,,
1,Electric_Vehicle_1,16.0,75.8,,
1,Electric_Vehicle_1,15.0,75.8,,
1,Electric_Vehicle_1,14.0,75.8,,
1,Electric_Vehicle_1,13.0,75.8,,
1,Electric_Vehicle_1,12.0,75.8,,
1,Electric_Vehicle_1,11.0,75.8,,
1,Electric_Vehicle_1,10.0,75.8,,
1,Electric_Vehicle_1,9.0,75.8,,
1,Electric_Vehicle_1,8.0,75.8,,
1,Electric_Vehicle_1,7.0,75.8,,
1,Electric_Vehicle_1,6.0,75.8,,
1,Electric_Vehicle_1,5.0,75.8,,
1,Electric_Vehicle_1,4.0,75.8,,
1,Electric_Vehicle_1,3.0,75.8,,
1,Electric_Vehicle_1,2.0,75.8,,
1,Electric_Vehicle_1,1.0,75.8,,
1,Electric_Vehicle_1,0.0,75.8,,
3,,,,,
3,,,,,
3,,,,,
3,,,,,
3,,,,,
3,,,,,
3,,,,,
3,,,,,
3,,,,,
3,,,,,
2,Electric_Vehicle_1,,,0.0,36.1
1,Electric_Vehicle_1,13.0,83.0,,
1,Electric_Vehicle_1,12.0,83.0,,
1,Electric_Vehicle_1,11.0,83.0,,
1,Electric_Vehicle_1,10.0,83.0,,
1,Electric_Vehicle_1,9.0,83.0,,
1,Electric_Vehicle_1,8.0,83.0,,
1,Electric_Vehicle_1,7.0,83.0,,
1,Electric_Vehicle_1,6.0,83.0,,
1,Electric_Vehicle_1,5.0,83.0,,
1,Electric_Vehicle_1,4.0,83.0,,
1,Electric_Vehicle_1,3.0,83.0,,
1,Electric_Vehicle_1,2.0,83.0,,
1,Electric_Vehicle_1,1.0,83.0,,
1,Electric_Vehicle_1,0.0,83.0,,
3,,,,,
3,,,,,
3,,,,,
3,,,,,
3,,,,,
3,,,,,
3,,,,,
3,,,,,
3,,,,,
2,Electric_Vehicle_1,,,0.0,33.3
1,Electric_Vehicle_1,12.0,76.1,,
1,Electric_Vehicle_1,11.0,76.1,,
1,Electric_Vehicle_1,10.0,76.1,,
1,Electric_Vehicle_1,9.0,76.1,,
1,Electric_Vehicle_1,8.0,76.1,,
1,Electric_Vehicle_1,7.0,76.1,,
1,Electric_Vehicle_1,6.0,76.1,,
1,Electric_Vehicle_1,5.0,76.1,,
1,Electric_Vehicle_1,4.0,76.1,,
1,Electric_Vehicle_1,3.0,76.1,,
1,Electric_Vehicle_1,2.0,76.1,,
1,Electric_Vehicle_1,1.0,76.1,,
1,Electric_Vehicle_1,0.0,76.1,,
3,,,,,
3,,,,,
3,,,,,
3,,,,,
3,,,,,
3,,,,,
3,,,,,
3,,,,,
3,,,,,
3,,,,,
3,,,,,
2,Electric_Vehicle_1,,,0.0,23.1
1,Electric_Vehicle_1,14.0,78.2,,
1,Electric_Vehicle_1,13.0,78.2,,
1,Electric_Vehicle_1,12.0,78.2,,
1,Electric_Vehicle_1,11.0,78.2,,
1,Electric_Vehicle_1,10.0,78.2,,
1,Electric_Vehicle_1,9.0,78.2,,
1,Electric_Vehicle_1,8.0,78.2,,
1,Electric_Vehicle_1,7.0,78.2,,
1,Electric_Vehicle_1,6.0,78.2,,
1,Electric_Vehicle_1,5.0,78.2,,
1,Electric_Vehicle_1,4.0,78.2,,
1,Electric_Vehicle_1,3.0,78.2,,
1,Electric_Vehicle_1,2.0,78.2,,
1,Electric_Vehicle_1,1.0,78.2,,
1,Electric_Vehicle_1,0.0,78.2,,
3,,,,,
3,,,,,
3,,,,,
3,,,,,
3,,,,,
3,,,,,
2,Electric_Vehicle_1,,,0.0,31.9
1,Electric_Vehicle_1,39.0,70.9,,
1,Electric_Vehicle_1,38.0,70.9,,
1,Electric_Vehicle_1,37.0,70.9,,
1,Electric_Vehicle_1,36.0,70.9,,
1,Electric_Vehicle_1,35.0,70.9,,
1,Electric_Vehicle_1,34.0,70.9,,
1,Electric_Vehicle_1,33.0,70.9,,
1,Electric_Vehicle_1,32.0,70.9,,
1,Electric_Vehicle_1,31.0,70.9,,
1,Electric_Vehicle_1,30.0,70.9,,
1,Electric_Vehicle_1,29.0,70.9,,
1,Electric_Vehicle_1,28.0,70.9,,
1,Electric_Vehicle_1,27.0,70.9,,
1,Electric_Vehicle_1,26.0,70.9,,
1,Electric_Vehicle_1,25.0,70.9,,
1,Electric_Vehicle_1,24.0,70.9,,
1,Electric_Vehicle_1,23.0,70.9,,
1,Electric_Vehicle_1,22.0,70.9,,
1,Electric_Vehicle_1,21.0,70.9,,
1,Electric_Vehicle_1,20.0,70.9,,
1,Electric_Vehicle_1,19.0,70.9,,
1,Electric_Vehicle_1,18.0,70.9,,
1,Electric_Vehicle_1,17.0,70.9,,
1,Electric_Vehicle_1,16.0,70.9,,
1,Electric_Vehicle_1,15.0,70.9,,
1,Electric_Vehicle_1,14.0,70.9,,
1,Electric_Vehicle_1,13.0,70.9,,
1,Electric_Vehicle_1,12.0,70.9,,
1,Electric_Vehicle_1,11.0,70.9,,
1,Electric_Vehicle_1,10.0,70.9,,
1,Electric_Vehicle_1,9.0,70.9,,
1,Electric_Vehicle_1,8.0,70.9,,
1,Electric_Vehicle_1,7.0,70.9,,
1,Electric_Vehicle_1,6.0,70.9,,
1,Electric_Vehicle_1,5.0,70.9,,
1,Electric_Vehicle_1,4.0,70.9,,
1,Electric_Vehicle_1,3.0,70.9,,
1,Electric_Vehicle_1,2.0,70.9,,
1,Electric_Vehicle_1,1.0,70.9,,
1,Electric_Vehicle_1,0.0,70.9,,
3,,,,,
3,,,,,
3,,,,,
3,,,,,
2,Electric_Vehicle_1,,,0.0,53.4
1,Electric_Vehicle_1,17.0,87.6,,
1,Electric_Vehicle_1,16.0,87.6,,
1,Electric_Vehicle_1,15.0,87.6,,
1,Electric_Vehicle_1,14.0,87.6,,
1,Electric_Vehicle_1,13.0,87.6,,
1,Electric_Vehicle_1,12.0,87.6,,
1,Electric_Vehicle_1,11.0,87.6,,
1,Electric_Vehicle_1,10.0,87.6,,
1,Electric_Vehicle_1,9.0,87.6,,
1,Electric_Vehicle_1,8.0,87.6,,
1,Electric_Vehicle_1,7.0,87.6,,
1,Electric_Vehicle_1,6.0,87.6,,
1,Electric_Vehicle_1,5.0,87.6,,
1,Electric_Vehicle_1,4.0,87.6,,
1,Electric_Vehicle_1,3.0,87.6,,
1,Electric_Vehicle_1,2.0,87.6,,
1,Electric_Vehicle_1,1.0,87.6,,
1,Electric_Vehicle_1,0.0,87.6,,
3,,,,,
3,,,,,
3,,,,,
3,,,,,
3,,,,,
3,,,,,
3,,,,,
2,Electric_Vehicle_1,,,0.0,33.9
1,Electric_Vehicle_1,14.0,86.6,,
1,Electric_Vehicle_1,13.0,86.6,,
1,Electric_Vehicle_1,12.0,86.6,,
1,Electric_Vehicle_1,11.0,86.6,,
1,Electric_Vehicle_1,10.0,86.6,,
1,Electric_Vehicle_1,9.0,86.6,,
1,Electric_Vehicle_1,8.0,86.6,,
1,Electric_Vehicle_1,7.0,86.6,,
1,Electric_Vehicle_1,6.0,86.6,,
1,Electric_Vehicle_1,5.0,86.6,,
1,Electric_Vehicle_1,4.0,86.6,,
1,Electric_Vehicle_1,3.0,86.6,,
1,Electric_Vehicle_1,2.0,86.6,,
1,Electric_Vehicle_1,1.0,86.6,,
1,Electric_Vehicle_1,0.0,86.6,,
3,,,,,
3,,,,,
3,,,,,
3,,,,,
3,,,,,
3,,,,,
3,,,,,
3,,,,,
3,,,,,
3,,,,,
2,Electric_Vehicle_1,,,0.0,37.5
1,Electric_Vehicle_1,12.0,77.1,,
1,Electric_Vehicle_1,11.0,77.1,,
1,Electric_Vehicle_1,10.0,77.1,,
1,Electric_Vehicle_1,9.0,77.1,,
1,Electric_Vehicle_1,8.0,77.1,,
1,Electric_Vehicle_1,7.0,77.1,,
1,Electric_Vehicle_1,6.0,77.1,,
1,Electric_Vehicle_1,5.0,77.1,,
1,Electric_Vehicle_1,4.0,77.1,,
1,Electric_Vehicle_1,3.0,77.1,,
1,Electric_Vehicle_1,2.0,77.1,,
1,Electric_Vehicle_1,1.0,77.1,,
1,Electric_Vehicle_1,0.0,77.1,,
3,,,,,
3,,,,,
3,,,,,
3,,,,,
3,,,,,
3,,,,,
3,,,,,
3,,,,,
3,,,,,
3,,,,,
2,Electric_Vehicle_1,,,0.0,26.7
1,Electric_Vehicle_1,13.0,88.2,,
1,Electric_Vehicle_1,12.0,88.2,,
1,Electric_Vehicle_1,11.0,88.2,,
1,Electric_Vehicle_1,10.0,88.2,,
1,Electric_Vehicle_1,9.0,88.2,,
1,Electric_Vehicle_1,8.0,88.2,,
1,Electric_Vehicle_1,7.0,88.2,,
1,Electric_Vehicle_1,6.0,88.2,,
1,Electric_Vehicle_1,5.0,88.2,,
1,Electric_Vehicle_1,4.0,88.2,,
1,Electric_Vehicle_1,3.0,88.2,,
1,Electric_Vehicle_1,2.0,88.2,,
1,Electric_Vehicle_1,1.0,88.2,,
1,Electric_Vehicle_1,0.0,88.2,,
3,,,,,
3,,,,,
3,,,,,
3,,,,,
3,,,,,
3,,,,,
3,,,,,
3,,,,,
2,Electric_Vehicle_1,,,0.0,34.4
1,Electric_Vehicle_1,15.0,78.2,,
1,Electric_Vehicle_1,14.0,78.2,,
1,Electric_Vehicle_1,13.0,78.2,,
1,Electric_Vehicle_1,12.0,78.2,,
1,Electric_Vehicle_1,11.0,78.2,,
1,Electric_Vehicle_1,10.0,78.2,,
1,Electric_Vehicle_1,9.0,78.2,,
1,Electric_Vehicle_1,8.0,78.2,,
1,Electric_Vehicle_1,7.0,78.2,,
1,Electric_Vehicle_1,6.0,78.2,,
1,Electric_Vehicle_1,5.0,78.2,,
1,Electric_Vehicle_1,4.0,78.2,,
1,Electric_Vehicle_1,3.0,78.2,,
1,Electric_Vehicle_1,2.0,78.2,,
1,Electric_Vehicle_1,1.0,78.2,,
1,Electric_Vehicle_1,0.0,78.2,,
3,,,,,
3,,,,,
3,,,,,
3,,,,,
3,,,,,
3,,,,,
3,,,,,
3,,,,,
2,Electric_Vehicle_1,,,0.0,35.0
1,Electric_Vehicle_1,61.0,88.4,,
1,Electric_Vehicle_1,60.0,88.4,,
1,Electric_Vehicle_1,59.0,88.4,,
1,Electric_Vehicle_1,58.0,88.4,,
1,Electric_Vehicle_1,57.0,88.4,,
1,Electric_Vehicle_1,56.0,88.4,,
1,Electric_Vehicle_1,55.0,88.4,,
1,Electric_Vehicle_1,54.0,88.4,,
1,Electric_Vehicle_1,53.0,88.4,,
1,Electric_Vehicle_1,52.0,88.4,,
1,Electric_Vehicle_1,51.0,88.4,,
1,Electric_Vehicle_1,50.0,88.4,,
1,Electric_Vehicle_1,49.0,88.4,,
1,Electric_Vehicle_1,48.0,88.4,,
1,Electric_Vehicle_1,47.0,88.4,,
1,Electric_Vehicle_1,46.0,88.4,,
1,Electric_Vehicle_1,45.0,88.4,,
1,Electric_Vehicle_1,44.0,88.4,,
1,Electric_Vehicle_1,43.0,88.4,,
1,Electric_Vehicle_1,42.0,88.4,,
1,Electric_Vehicle_1,41.0,88.4,,
1,Electric_Vehicle_1,40.0,88.4,,
1,Electric_Vehicle_1,39.0,88.4,,
1,Electric_Vehicle_1,38.0,88.4,,
1,Electric_Vehicle_1,37.0,88.4,,
1,Electric_Vehicle_1,36.0,88.4,,
1,Electric_Vehicle_1,35.0,88.4,,
1,Electric_Vehicle_1,34.0,88.4,,
1,Electric_Vehicle_1,33.0,88.4,,
1,Electric_Vehicle_1,32.0,88.4,,
1,Electric_Vehicle_1,31.0,88.4,,
1,Electric_Vehicle_1,30.0,88.4,,
1,Electric_Vehicle_1,29.0,88.4,,
1,Electric_Vehicle_1,28.0,88.4,,
1,Electric_Vehicle_1,27.0,88.4,,
1,Electric_Vehicle_1,26.0,88.4,,
1,Electric_Vehicle_1,25.0,88.4,,
1,Electric_Vehicle_1,24.0,88.4,,
1,Electric_Vehicle_1,23.0,88.4,,
1,Electric_Vehicle_1,22.0,88.4,,
1,Electric_Vehicle_1,21.0,88.4,,
1,Electric_Vehicle_1,20.0,88.4,,
1,Electric_Vehicle_1,19.0,88.4,,
1,Electric_Vehicle_1,18.0,88.4,,
1,Electric_Vehicle_1,17.0,88.4,,
1,Electric_Vehicle_1,16.0,88.4,,
1,Electric_Vehicle_1,15.0,88.4,,
1,Electric_Vehicle_1,14.0,88.4,,
1,Electric_Vehicle_1,13.0,88.4,,
1,Electric_Vehicle_1,12.0,88.4,,
1,Electric_Vehicle_1,11.0,88.4,,
1,Electric_Vehicle_1,10.0,88.4,,
1,Electric_Vehicle_1,9.0,88.4,,
1,Electric_Vehicle_1,8.0,88.4,,
1,Electric_Vehicle_1,7.0,88.4,,
1,Electric_Vehicle_1,6.0,88.4,,
1,Electric_Vehicle_1,5.0,88.4,,
1,Electric_Vehicle_1,4.0,88.4,,
1,Electric_Vehicle_1,3.0,88.4,,
1,Electric_Vehicle_1,2.0,88.4,,
1,Electric_Vehicle_1,1.0,88.4,,
1,Electric_Vehicle_1,0.0,88.4,,
3,,,,,
3,,,,,
3,,,,,
3,,,,,
3,,,,,
3,,,,,
3,,,,,
3,,,,,
2,Electric_Vehicle_1,,,0.0,27.4
1,Electric_Vehicle_1,13.0,70.1,,
1,Electric_Vehicle_1,12.0,70.1,,
1,Electric_Vehicle_1,11.0,70.1,,
1,Electric_Vehicle_1,10.0,70.1,,
1,Electric_Vehicle_1,9.0,70.1,,
1,Electric_Vehicle_1,8.0,70.1,,
1,Electric_Vehicle_1,7.0,70.1,,
1,Electric_Vehicle_1,6.0,70.1,,
1,Electric_Vehicle_1,5.0,70.1,,
1,Electric_Vehicle_1,4.0,70.1,,
1,Electric_Vehicle_1,3.0,70.1,,
1,Electric_Vehicle_1,2.0,70.1,,
1,Electric_Vehicle_1,1.0,70.1,,
1,Electric_Vehicle_1,0.0,70.1,,
3,,,,,
3,,,,,
3,,,,,
3,,,,,
3,,,,,
3,,,,,
3,,,,,
3,,,,,
3,,,,,
3,,,,,
2,Electric_Vehicle_1,,,0.0,24.4
1,Electric_Vehicle_1,13.0,89.4,,
1,Electric_Vehicle_1,12.0,89.4,,
1,Electric_Vehicle_1,11.0,89.4,,
1,Electric_Vehicle_1,10.0,89.4,,
1,Electric_Vehicle_1,9.0,89.4,,
1,Electric_Vehicle_1,8.0,89.4,,
1,Electric_Vehicle_1,7.0,89.4,,
1,Electric_Vehicle_1,6.0,89.4,,
1,Electric_Vehicle_1,5.0,89.4,,
1,Electric_Vehicle_1,4.0,89.4,,
1,Electric_Vehicle_1,3.0,89.4,,
1,Electric_Vehicle_1,2.0,89.4,,
1,Electric_Vehicle_1,1.0,89.4,,
1,Electric_Vehicle_1,0.0,89.4,,
3,,,,,
3,,,,,
3,,,,,
3,,,,,
3,,,,,
3,,,,,
3,,,,,
3,,,,,
3,,,,,
2,Electric_Vehicle_1,,,0.0,33.9
1,Electric_Vehicle_1,12.0,83.7,,
1,Electric_Vehicle_1,11.0,83.7,,
1,Electric_Vehicle_1,10.0,83.7,,
1,Electric_Vehicle_1,9.0,83.7,,
1,Electric_Vehicle_1,8.0,83.7,,
1,Electric_Vehicle_1,7.0,83.7,,
1,Electric_Vehicle_1,6.0,83.7,,
1,Electric_Vehicle_1,5.0,83.7,,
1,Electric_Vehicle_1,4.0,83.7,,
1,Electric_Vehicle_1,3.0,83.7,,
1,Electric_Vehicle_1,2.0,83.7,,
1,Electric_Vehicle_1,1.0,83.7,,
1,Electric_Vehicle_1,0.0,83.7,,
3,,,,,
3,,,,,
3,,,,,
3,,,,,
3,,,,,
3,,,,,
3,,,,,
3,,,,,
3,,,,,
3,,,,,
2,Electric_Vehicle_1,,,0.0,37.7
1,Electric_Vehicle_1,13.0,79.8,,
1,Electric_Vehicle_1,12.0,79.8,,
1,Electric_Vehicle_1,11.0,79.8,,
1,Electric_Vehicle_1,10.0,79.8,,
1,Electric_Vehicle_1,9.0,79.8,,
1,Electric_Vehicle_1,8.0,79.8,,
1,Electric_Vehicle_1,7.0,79.8,,
1,Electric_Vehicle_1,6.0,79.8,,
1,Electric_Vehicle_1,5.0,79.8,,
1,Electric_Vehicle_1,4.0,79.8,,
1,Electric_Vehicle_1,3.0,79.8,,
1,Electric_Vehicle_1,2.0,79.8,,
1,Electric_Vehicle_1,1.0,79.8,,
1,Electric_Vehicle_1,0.0,79.8,,
3,,,,,
3,,,,,
3,,,,,
3,,,,,
3,,,,,
3,,,,,
3,,,,,
2,Electric_Vehicle_1,,,0.0,39.4
1,Electric_Vehicle_1,14.0,74.4,,
1,Electric_Vehicle_1,13.0,74.4,,
1,Electric_Vehicle_1,12.0,74.4,,
1,Electric_Vehicle_1,11.0,74.4,,
1,Electric_Vehicle_1,10.0,74.4,,
1,Electric_Vehicle_1,9.0,74.4,,
1,Electric_Vehicle_1,8.0,74.4,,
1,Electric_Vehicle_1,7.0,74.4,,
1,Electric_Vehicle_1,6.0,74.4,,
1,Electric_Vehicle_1,5.0,74.4,,
1,Electric_Vehicle_1,4.0,74.4,,
1,Electric_Vehicle_1,3.0,74.4,,
1,Electric_Vehicle_1,2.0,74.4,,
1,Electric_Vehicle_1,1.0,74.4,,
1,Electric_Vehicle_1,0.0,74.4,,
3,,,,,
3,,,,,
3,,,,,
3,,,,,
3,,,,,
2,Electric_Vehicle_1,,,0.0,50.4
1,Electric_Vehicle_1,20.0,74.1,,
1,Electric_Vehicle_1,19.0,74.1,,
1,Electric_Vehicle_1,18.0,74.1,,
1,Electric_Vehicle_1,17.0,74.1,,
1,Electric_Vehicle_1,16.0,74.1,,
1,Electric_Vehicle_1,15.0,74.1,,
1,Electric_Vehicle_1,14.0,74.1,,
1,Electric_Vehicle_1,13.0,74.1,,
1,Electric_Vehicle_1,12.0,74.1,,
1,Electric_Vehicle_1,11.0,74.1,,
1,Electric_Vehicle_1,10.0,74.1,,
1,Electric_Vehicle_1,9.0,74.1,,
1,Electric_Vehicle_1,8.0,74.1,,
1,Electric_Vehicle_1,7.0,74.1,,
1,Electric_Vehicle_1,6.0,74.1,,
1,Electric_Vehicle_1,5.0,74.1,,
1,Electric_Vehicle_1,4.0,74.1,,
1,Electric_Vehicle_1,3.0,74.1,,
1,Electric_Vehicle_1,2.0,74.1,,
1,Electric_Vehicle_1,1.0,74.1,,
1,Electric_Vehicle_1,0.0,74.1,,
3,,,,,
3,,,,,
3,,,,,
3,,,,,
3,,,,,
3,,,,,
2,Electric_Vehicle_1,,,0.0,29.0
1,Electric_Vehicle_1,13.0,88.8,,
1,Electric_Vehicle_1,12.0,88.8,,
1,Electric_Vehicle_1,11.0,88.8,,
1,Electric_Vehicle_1,10.0,88.8,,
1,Electric_Vehicle_1,9.0,88.8,,
1,Electric_Vehicle_1,8.0,88.8,,
1,Electric_Vehicle_1,7.0,88.8,,
1,Electric_Vehicle_1,6.0,88.8,,
1,Electric_Vehicle_1,5.0,88.8,,
1,Electric_Vehicle_1,4.0,88.8,,
1,Electric_Vehicle_1,3.0,88.8,,
1,Electric_Vehicle_1,2.0,88.8,,
1,Electric_Vehicle_1,1.0,88.8,,
1,Electric_Vehicle_1,0.0,88.8,,
3,,,,,
3,,,,,
3,,,,,
3,,,,,
3,,,,,
3,,,,,
3,,,,,
3,,,,,
3,,,,,
3,,,,,
2,Electric_Vehicle_1,,,0.0,30.7
1,Electric_Vehicle_1,12.0,72.5,,
1,Electric_Vehicle_1,11.0,72.5,,
1,Electric_Vehicle_1,10.0,72.5,,
1,Electric_Vehicle_1,9.0,72.5,,
1,Electric_Vehicle_1,8.0,72.5,,
1,Electric_Vehicle_1,7.0,72.5,,
1,Electric_Vehicle_1,6.0,72.5,,
1,Electric_Vehicle_1,5.0,72.5,,
1,Electric_Vehicle_1,4.0,72.5,,
1,Electric_Vehicle_1,3.0,72.5,,
1,Electric_Vehicle_1,2.0,72.5,,
1,Electric_Vehicle_1,1.0,72.5,,
1,Electric_Vehicle_1,0.0,72.5,,
3,,,,,
3,,,,,
3,,,,,
3,,,,,
3,,,,,
3,,,,,
3,,,,,
3,,,,,
3,,,,,
3,,,,,
3,,,,,
3,,,,,
2,Electric_Vehicle_1,,,0.0,41.0
1,Electric_Vehicle_1,10.0,89.5,,
1,Electric_Vehicle_1,9.0,89.5,,
1,Electric_Vehicle_1,8.0,89.5,,
1,Electric_Vehicle_1,7.0,89.5,,
1,Electric_Vehicle_1,6.0,89.5,,
1,Electric_Vehicle_1,5.0,89.5,,
1,Electric_Vehicle_1,4.0,89.5,,
1,Electric_Vehicle_1,3.0,89.5,,
1,Electric_Vehicle_1,2.0,89.5,,
1,Electric_Vehicle_1,1.0,89.5,,
1,Electric_Vehicle_1,0.0,89.5,,
3,,,,,
3,,,,,
3,,,,,
3,,,,,
3,,,,,
3,,,,,
3,,,,,
3,,,,,
2,Electric_Vehicle_1,,,0.0,30.3
1,Electric_Vehicle_1,15.0,79.4,,
1,Electric_Vehicle_1,14.0,79.4,,
1,Electric_Vehicle_1,13.0,79.4,,
1,Electric_Vehicle_1,12.0,79.4,,
1,Electric_Vehicle_1,11.0,79.4,,
1,Electric_Vehicle_1,10.0,79.4,,
1,Electric_Vehicle_1,9.0,79.4,,
1,Electric_Vehicle_1,8.0,79.4,,
1,Electric_Vehicle_1,7.0,79.4,,
1,Electric_Vehicle_1,6.0,79.4,,
1,Electric_Vehicle_1,5.0,79.4,,
1,Electric_Vehicle_1,4.0,79.4,,
1,Electric_Vehicle_1,3.0,79.4,,
1,Electric_Vehicle_1,2.0,79.4,,
1,Electric_Vehicle_1,1.0,79.4,,
1,Electric_Vehicle_1,0.0,79.4,,
3,,,,,
3,,,,,
3,,,,,
3,,,,,
3,,,,,
3,,,,,
3,,,,,
3,,,,,
3,,,,,
2,Electric_Vehicle_1,,,0.0,37.1
1,Electric_Vehicle_1,12.0,78.9,,
1,Electric_Vehicle_1,11.0,78.9,,
1,Electric_Vehicle_1,10.0,78.9,,
1,Electric_Vehicle_1,9.0,78.9,,
1,Electric_Vehicle_1,8.0,78.9,,
1,Electric_Vehicle_1,7.0,78.9,,
1,Electric_Vehicle_1,6.0,78.9,,
1,Electric_Vehicle_1,5.0,78.9,,
1,Electric_Vehicle_1,4.0,78.9,,
1,Electric_Vehicle_1,3.0,78.9,,
1,Electric_Vehicle_1,2.0,78.9,,
1,Electric_Vehicle_1,1.0,78.9,,
1,Electric_Vehicle_1,0.0,78.9,,
3,,,,,
3,,,,,
3,,,,,
3,,,,,
3,,,,,
3,,,,,
3,,,,,
3,,,,,
3,,,,,
2,Electric_Vehicle_1,,,0.0,44.4
1,Electric_Vehicle_1,62.0,87.0,,
1,Electric_Vehicle_1,61.0,87.0,,
1,Electric_Vehicle_1,60.0,87.0,,
1,Electric_Vehicle_1,59.0,87.0,,
1,Electric_Vehicle_1,58.0,87.0,,
1,Electric_Vehicle_1,57.0,87.0,,
1,Electric_Vehicle_1,56.0,87.0,,
1,Electric_Vehicle_1,55.0,87.0,,
1,Electric_Vehicle_1,54.0,87.0,,
1,Electric_Vehicle_1,53.0,87.0,,
1,Electric_Vehicle_1,52.0,87.0,,
1,Electric_Vehicle_1,51.0,87.0,,
1,Electric_Vehicle_1,50.0,87.0,,
1,Electric_Vehicle_1,49.0,87.0,,
1,Electric_Vehicle_1,48.0,87.0,,
1,Electric_Vehicle_1,47.0,87.0,,
1,Electric_Vehicle_1,46.0,87.0,,
1,Electric_Vehicle_1,45.0,87.0,,
1,Electric_Vehicle_1,44.0,87.0,,
1,Electric_Vehicle_1,43.0,87.0,,
1,Electric_Vehicle_1,42.0,87.0,,
1,Electric_Vehicle_1,41.0,87.0,,
1,Electric_Vehicle_1,40.0,87.0,,
1,Electric_Vehicle_1,39.0,87.0,,
1,Electric_Vehicle_1,38.0,87.0,,
1,Electric_Vehicle_1,37.0,87.0,,
1,Electric_Vehicle_1,36.0,87.0,,
1,Electric_Vehicle_1,35.0,87.0,,
1,Electric_Vehicle_1,34.0,87.0,,
1,Electric_Vehicle_1,33.0,87.0,,
1,Electric_Vehicle_1,32.0,87.0,,
1,Electric_Vehicle_1,31.0,87.0,,
1,Electric_Vehicle_1,30.0,87.0,,
1,Electric_Vehicle_1,29.0,87.0,,
1,Electric_Vehicle_1,28.0,87.0,,
1,Electric_Vehicle_1,27.0,87.0,,
1,Electric_Vehicle_1,26.0,87.0,,
1,Electric_Vehicle_1,25.0,87.0,,
1,Electric_Vehicle_1,24.0,87.0,,
1,Electric_Vehicle_1,23.0,87.0,,
1,Electric_Vehicle_1,22.0,87.0,,
1,Electric_Vehicle_1,21.0,87.0,,
1,Electric_Vehicle_1,20.0,87.0,,
1,Electric_Vehicle_1,19.0,87.0,,
1,Electric_Vehicle_1,18.0,87.0,,
1,Electric_Vehicle_1,17.0,87.0,,
1,Electric_Vehicle_1,16.0,87.0,,
1,Electric_Vehicle_1,15.0,87.0,,
1,Electric_Vehicle_1,14.0,87.0,,
1,Electric_Vehicle_1,13.0,87.0,,
1,Electric_Vehicle_1,12.0,87.0,,
1,Electric_Vehicle_1,11.0,87.0,,
1,Electric_Vehicle_1,10.0,87.0,,
1,Electric_Vehicle_1,9.0,87.0,,
1,Electric_Vehicle_1,8.0,87.0,,
1,Electric_Vehicle_1,7.0,87.0,,
1,Electric_Vehicle_1,6.0,87.0,,
1,Electric_Vehicle_1,5.0,87.0,,
1,Electric_Vehicle_1,4.0,87.0,,
1,Electric_Vehicle_1,3.0,87.0,,
1,Electric_Vehicle_1,2.0,87.0,,
1,Electric_Vehicle_1,1.0,87.0,,
1,Electric_Vehicle_1,0.0,87.0,,
3,,,,,
3,,,,,
3,,,,,
3,,,,,
3,,,,,
3,,,,,
3,,,,,
3,,,,,
2,Electric_Vehicle_1,,,0.0,33.6
1,Electric_Vehicle_1,37.0,78.3,,
1,Electric_Vehicle_1,36.0,78.3,,
1,Electric_Vehicle_1,35.0,78.3,,
1,Electric_Vehicle_1,34.0,78.3,,
1,Electric_Vehicle_1,33.0,78.3,,
1,Electric_Vehicle_1,32.0,78.3,,
1,Electric_Vehicle_1,31.0,78.3,,
1,Electric_Vehicle_1,30.0,78.3,,
1,Electric_Vehicle_1,29.0,78.3,,
1,Electric_Vehicle_1,28.0,78.3,,
1,Electric_Vehicle_1,27.0,78.3,,
1,Electric_Vehicle_1,26.0,78.3,,
1,Electric_Vehicle_1,25.0,78.3,,
1,Electric_Vehicle_1,24.0,78.3,,
1,Electric_Vehicle_1,23.0,78.3,,
1,Electric_Vehicle_1,22.0,78.3,,
1,Electric_Vehicle_1,21.0,78.3,,
1,Electric_Vehicle_1,20.0,78.3,,
1,Electric_Vehicle_1,19.0,78.3,,
1,Electric_Vehicle_1,18.0,78.3,,
1,Electric_Vehicle_1,17.0,78.3,,
1,Electric_Vehicle_1,16.0,78.3,,
1,Electric_Vehicle_1,15.0,78.3,,
1,Electric_Vehicle_1,14.0,78.3,,
1,Electric_Vehicle_1,13.0,78.3,,
1,Electric_Vehicle_1,12.0,78.3,,
1,Electric_Vehicle_1,11.0,78.3,,
1,Electric_Vehicle_1,10.0,78.3,,
1,Electric_Vehicle_1,9.0,78.3,,
1,Electric_Vehicle_1,8.0,78.3,,
1,Electric_Vehicle_1,7.0,78.3,,
1,Electric_Vehicle_1,6.0,78.3,,
1,Electric_Vehicle_1,5.0,78.3,,
1,Electric_Vehicle_1,4.0,78.3,,
1,Electric_Vehicle_1,3.0,78.3,,
1,Electric_Vehicle_1,2.0,78.3,,
1,Electric_Vehicle_1,1.0,78.3,,
1,Electric_Vehicle_1,0.0,78.3,,
3,,,,,
3,,,,,
3,,,,,
3,,,,,
3,,,,,
3,,,,,
3,,,,,
3,,,,,
3,,,,,
3,,,,,
2,Electric_Vehicle_1,,,0.0,32.9
1,Electric_Vehicle_1,13.0,85.2,,
1,Electric_Vehicle_1,12.0,85.2,,
1,Electric_Vehicle_1,11.0,85.2,,
1,Electric_Vehicle_1,10.0,85.2,,
1,Electric_Vehicle_1,9.0,85.2,,
1,Electric_Vehicle_1,8.0,85.2,,
1,Electric_Vehicle_1,7.0,85.2,,
1,Electric_Vehicle_1,6.0,85.2,,
1,Electric_Vehicle_1,5.0,85.2,,
1,Electric_Vehicle_1,4.0,85.2,,
1,Electric_Vehicle_1,3.0,85.2,,
1,Electric_Vehicle_1,2.0,85.2,,
1,Electric_Vehicle_1,1.0,85.2,,
1,Electric_Vehicle_1,0.0,85.2,,
3,,,,,
3,,,,,
3,,,,,
3,,,,,
3,,,,,
3,,,,,
3,,,,,
3,,,,,
3,,,,,
2,Electric_Vehicle_1,,,0.0,41.9
1,Electric_Vehicle_1,12.0,71.0,,
1,Electric_Vehicle_1,11.0,71.0,,
1,Electric_Vehicle_1,10.0,71.0,,
1,Electric_Vehicle_1,9.0,71.0,,
1,Electric_Vehicle_1,8.0,71.0,,
1,Electric_Vehicle_1,7.0,71.0,,
1,Electric_Vehicle_1,6.0,71.0,,
1,Electric_Vehicle_1,5.0,71.0,,
1,Electric_Vehicle_1,4.0,71.0,,
1,Electric_Vehicle_1,3.0,71.0,,
1,Electric_Vehicle_1,2.0,71.0,,
1,Electric_Vehicle_1,1.0,71.0,,
1,Electric_Vehicle_1,0.0,71.0,,
3,,,,,
3,,,,,
3,,,,,
3,,,,,
3,,,,,
3,,,,,
3,,,,,
3,,,,,
3,,,,,
2,Electric_Vehicle_1,,,0.0,28.0
1,Electric_Vehicle_1,15.0,82.2,,
1,Electric_Vehicle_1,14.0,82.2,,
1,Electric_Vehicle_1,13.0,82.2,,
1,Electric_Vehicle_1,12.0,82.2,,
1,Electric_Vehicle_1,11.0,82.2,,
1,Electric_Vehicle_1,10.0,82.2,,
1,Electric_Vehicle_1,9.0,82.2,,
1,Electric_Vehicle_1,8.0,82.2,,
1,Electric_Vehicle_1,7.0,82.2,,
1,Electric_Vehicle_1,6.0,82.2,,
1,Electric_Vehicle_1,5.0,82.2,,
1,Electric_Vehicle_1,4.0,82.2,,
1,Electric_Vehicle_1,3.0,82.2,,
1,Electric_Vehicle_1,2.0,82.2,,
1,Electric_Vehicle_1,1.0,82.2,,
1,Electric_Vehicle_1,0.0,82.2,,
3,,,,,
3,,,,,
3,,,,,
3,,,,,
3,,,,,
2,Electric_Vehicle_1,,,0.0,27.7
1,Electric_Vehicle_1,18.0,80.8,,
1,Electric_Vehicle_1,17.0,80.8,,
1,Electric_Vehicle_1,16.0,80.8,,
1,Electric_Vehicle_1,15.0,80.8,,
1,Electric_Vehicle_1,14.0,80.8,,
1,Electric_Vehicle_1,13.0,80.8,,
1,Electric_Vehicle_1,12.0,80.8,,
1,Electric_Vehicle_1,11.0,80.8,,
1,Electric_Vehicle_1,10.0,80.8,,
1,Electric_Vehicle_1,9.0,80.8,,
1,Electric_Vehicle_1,8.0,80.8,,
1,Electric_Vehicle_1,7.0,80.8,,
1,Electric_Vehicle_1,6.0,80.8,,
1,Electric_Vehicle_1,5.0,80.8,,
1,Electric_Vehicle_1,4.0,80.8,,
1,Electric_Vehicle_1,3.0,80.8,,
1,Electric_Vehicle_1,2.0,80.8,,
1,Electric_Vehicle_1,1.0,80.8,,
1,Electric_Vehicle_1,0.0,80.8,,
3,,,,,
3,,,,,
3,,,,,
3,,,,,
3,,,,,
2,Electric_Vehicle_1,,,0.0,37.4
1,Electric_Vehicle_1,14.0,71.1,,
1,Electric_Vehicle_1,13.0,71.1,,
1,Electric_Vehicle_1,12.0,71.1,,
1,Electric_Vehicle_1,11.0,71.1,,
1,Electric_Vehicle_1,10.0,71.1,,
1,Electric_Vehicle_1,9.0,71.1,,
1,Electric_Vehicle_1,8.0,71.1,,
1,Electric_Vehicle_1,7.0,71.1,,
1,Electric_Vehicle_1,6.0,71.1,,
1,Electric_Vehicle_1,5.0,71.1,,
1,Electric_Vehicle_1,4.0,71.1,,
1,Electric_Vehicle_1,3.0,71.1,,
1,Electric_Vehicle_1,2.0,71.1,,
1,Electric_Vehicle_1,1.0,71.1,,
1,Electric_Vehicle_1,0.0,71.1,,
3,,,,,
3,,,,,
3,,,,,
3,,,,,
3,,,,,
3,,,,,
3,,,,,
3,,,,,
3,,,,,
3,,,,,
3,,,,,
2,Electric_Vehicle_1,,,0.0,33.0
1,Electric_Vehicle_1,12.0,86.2,,
1,Electric_Vehicle_1,11.0,86.2,,
1,Electric_Vehicle_1,10.0,86.2,,
1,Electric_Vehicle_1,9.0,86.2,,
1,Electric_Vehicle_1,8.0,86.2,,
1,Electric_Vehicle_1,7.0,86.2,,
1,Electric_Vehicle_1,6.0,86.2,,
1,Electric_Vehicle_1,5.0,86.2,,
1,Electric_Vehicle_1,4.0,86.2,,
1,Electric_Vehicle_1,3.0,86.2,,
1,Electric_Vehicle_1,2.0,86.2,,
1,Electric_Vehicle_1,1.0,86.2,,
1,Electric_Vehicle_1,0.0,86.2,,
3,,,,,
3,,,,,
3,,,,,
3,,,,,
3,,,,,
3,,,,,
3,,,,,
3,,,,,
2,Electric_Vehicle_1,,,0.0,28.2
1,Electric_Vehicle_1,15.0,86.4,,
1,Electric_Vehicle_1,14.0,86.4,,
1,Electric_Vehicle_1,13.0,86.4,,
1,Electric_Vehicle_1,12.0,86.4,,
1,Electric_Vehicle_1,11.0,86.4,,
1,Electric_Vehicle_1,10.0,86.4,,
1,Electric_Vehicle_1,9.0,86.4,,
1,Electric_Vehicle_1,8.0,86.4,,
1,Electric_Vehicle_1,7.0,86.4,,
1,Electric_Vehicle_1,6.0,86.4,,
1,Electric_Vehicle_1,5.0,86.4,,
1,Electric_Vehicle_1,4.0,86.4,,
1,Electric_Vehicle_1,3.0,86.4,,
1,Electric_Vehicle_1,2.0,86.4,,
1,Electric_Vehicle_1,1.0,86.4,,
1,Electric_Vehicle_1,0.0,86.4,,
3,,,,,
3,,,,,
3,,,,,
3,,,,,
3,,,,,
3,,,,,
3,,,,,
3,,,,,
3,,,,,
2,Electric_Vehicle_1,,,0.0,28.5
1,Electric_Vehicle_1,13.0,81.6,,
1,Electric_Vehicle_1,12.0,81.6,,
1,Electric_Vehicle_1,11.0,81.6,,
1,Electric_Vehicle_1,10.0,81.6,,
1,Electric_Vehicle_1,9.0,81.6,,
1,Electric_Vehicle_1,8.0,81.6,,
1,Electric_Vehicle_1,7.0,81.6,,
1,Electric_Vehicle_1,6.0,81.6,,
1,Electric_Vehicle_1,5.0,81.6,,
1,Electric_Vehicle_1,4.0,81.6,,
1,Electric_Vehicle_1,3.0,81.6,,
1,Electric_Vehicle_1,2.0,81.6,,
1,Electric_Vehicle_1,1.0,81.6,,
1,Electric_Vehicle_1,0.0,81.6,,
3,,,,,
3,,,,,
3,,,,,
3,,,,,
3,,,,,
3,,,,,
3,,,,,
3,,,,,
3,,,,,
2,Electric_Vehicle_1,,,0.0,42.5
1,Electric_Vehicle_1,12.0,78.5,,
1,Electric_Vehicle_1,11.0,78.5,,
1,Electric_Vehicle_1,10.0,78.5,,
1,Electric_Vehicle_1,9.0,78.5,,
1,Electric_Vehicle_1,8.0,78.5,,
1,Electric_Vehicle_1,7.0,78.5,,
1,Electric_Vehicle_1,6.0,78.5,,
1,Electric_Vehicle_1,5.0,78.5,,
1,Electric_Vehicle_1,4.0,78.5,,
1,Electric_Vehicle_1,3.0,78.5,,
1,Electric_Vehicle_1,2.0,78.5,,
1,Electric_Vehicle_1,1.0,78.5,,
1,Electric_Vehicle_1,0.0,78.5,,
3,,,,,
3,,,,,
3,,,,,
3,,,,,
3,,,,,
3,,,,,
3,,,,,
2,Electric_Vehicle_1,,,0.0,51.1
1,Electric_Vehicle_1,61.0,71.0,,
1,Electric_Vehicle_1,60.0,71.0,,
1,Electric_Vehicle_1,59.0,71.0,,
1,Electric_Vehicle_1,58.0,71.0,,
1,Electric_Vehicle_1,57.0,71.0,,
1,Electric_Vehicle_1,56.0,71.0,,
1,Electric_Vehicle_1,55.0,71.0,,
1,Electric_Vehicle_1,54.0,71.0,,
1,Electric_Vehicle_1,53.0,71.0,,
1,Electric_Vehicle_1,52.0,71.0,,
1,Electric_Vehicle_1,51.0,71.0,,
1,Electric_Vehicle_1,50.0,71.0,,
1,Electric_Vehicle_1,49.0,71.0,,
1,Electric_Vehicle_1,48.0,71.0,,
1,Electric_Vehicle_1,47.0,71.0,,
1,Electric_Vehicle_1,46.0,71.0,,
1,Electric_Vehicle_1,45.0,71.0,,
1,Electric_Vehicle_1,44.0,71.0,,
1,Electric_Vehicle_1,43.0,71.0,,
1,Electric_Vehicle_1,42.0,71.0,,
1,Electric_Vehicle_1,41.0,71.0,,
1,Electric_Vehicle_1,40.0,71.0,,
1,Electric_Vehicle_1,39.0,71.0,,
1,Electric_Vehicle_1,38.0,71.0,,
1,Electric_Vehicle_1,37.0,71.0,,
1,Electric_Vehicle_1,36.0,71.0,,
1,Electric_Vehicle_1,35.0,71.0,,
1,Electric_Vehicle_1,34.0,71.0,,
1,Electric_Vehicle_1,33.0,71.0,,
1,Electric_Vehicle_1,32.0,71.0,,
1,Electric_Vehicle_1,31.0,71.0,,
1,Electric_Vehicle_1,30.0,71.0,,
1,Electric_Vehicle_1,29.0,71.0,,
1,Electric_Vehicle_1,28.0,71.0,,
1,Electric_Vehicle_1,27.0,71.0,,
1,Electric_Vehicle_1,26.0,71.0,,
1,Electric_Vehicle_1,25.0,71.0,,
1,Electric_Vehicle_1,24.0,71.0,,
1,Electric_Vehicle_1,23.0,71.0,,
1,Electric_Vehicle_1,22.0,71.0,,
1,Electric_Vehicle_1,21.0,71.0,,
1,Electric_Vehicle_1,20.0,71.0,,
1,Electric_Vehicle_1,19.0,71.0,,
1,Electric_Vehicle_1,18.0,71.0,,
1,Electric_Vehicle_1,17.0,71.0,,
1,Electric_Vehicle_1,16.0,71.0,,
1,Electric_Vehicle_1,15.0,71.0,,
1,Electric_Vehicle_1,14.0,71.0,,
1,Electric_Vehicle_1,13.0,71.0,,
1,Electric_Vehicle_1,12.0,71.0,,
1,Electric_Vehicle_1,11.0,71.0,,
1,Electric_Vehicle_1,10.0,71.0,,
1,Electric_Vehicle_1,9.0,71.0,,
1,Electric_Vehicle_1,8.0,71.0,,
1,Electric_Vehicle_1,7.0,71.0,,
1,Electric_Vehicle_1,6.0,71.0,,
1,Electric_Vehicle_1,5.0,71.0,,
1,Electric_Vehicle_1,4.0,71.0,,
1,Electric_Vehicle_1,3.0,71.0,,
1,Electric_Vehicle_1,2.0,71.0,,
1,Electric_Vehicle_1,1.0,71.0,,
1,Electric_Vehicle_1,0.0,71.0,,
3,,,,,
3,,,,,
3,,,,,
3,,,,,
3,,,,,
3,,,,,
3,,,,,
3,,,,,
3,,,,,
2,Electric_Vehicle_1,,,0.0,30.1
1,Electric_Vehicle_1,0.0,80.0,,
1,Electric_Vehicle_1,0.0,80.0,,
1,Electric_Vehicle_1,0.0,80.0,,
1,Electric_Vehicle_1,0.0,80.0,,
1,Electric_Vehicle_1,0.0,80.0,,
1,Electric_Vehicle_1,0.0,80.0,,
1,Electric_Vehicle_1,0.0,80.0,,
