electric_vehicle_charger_state,electric_vehicle_id,electric_vehicle_departure_time,electric_vehicle_required_soc_departure,electric_vehicle_estimated_arrival_time,electric_vehicle_estimated_soc_arrival
1,Electric_Vehicle_3,7.0,74.1,,
1,Electric_Vehicle_3,6.0,74.1,,
1,Electric_Vehicle_3,5.0,74.1,,
1,Electric_Vehicle_3,4.0,74.1,,
1,Electric_Vehicle_3,3.0,74.1,,
1,Electric_Vehicle_3,2.0,74.1,,
1,Electric_Vehicle_3,1.0,74.1,,
1,Electric_Vehicle_3,0.0,74.1,,
3,,,,,
3,,,,,
3,,,,,
3,,,,,
3,,,,,
3,,,,,
3,,,,,
3,,,,,
2,Electric_Vehicle_3,,,0.0,38.9
1,Electric_Vehicle_3,15.0,89.3,,
1,Electric_Vehicle_3,14.0,89.3,,
1,Electric_Vehicle_3,13.0,89.3,,
1,Electric_Vehicle_3,12.0,89.3,,
1,Electric_Vehicle_3,11.0,89.3,,
1,Electric_Vehicle_3,10.0,89.3,,
1,Electric_Vehicle_3,9.0,89.3,,
1,Electric_Vehicle_3,8.0,89.3,,
1,Electric_Vehicle_3,7.0,89.3,,
1,Electric_Vehicle_3,6.0,89.3,,
1,Electric_Vehicle_3,5.0,89.3,,
1,Electric_Vehicle_3,4.0,89.3,,
1,Electric_Vehicle_3,3.0,89.3,,
1,Electric_Vehicle_3,2.0,89.3,,
1,Electric_Vehicle_3,1.0,89.3,,
1,Electric_Vehicle_3,0.0,89.3,,
3,,,,,
3,,,,,
3,,,,,
3,,,,,
3,,,,,
3,,,,,
3,,,,,
3,,,,,
3,,,,,
2,Electric_Vehicle_3,,,0.0,24.2
1,Electric_Vehicle_3,11.0,84.4,,
1,Electric_Vehicle_3,10.0,84.4,,
1,Electric_Vehicle_3,9.0,84.4,,
1,Electric_Vehicle_3,8.0,84.4,,
1,Electric_Vehicle_3,7.0,84.4,,
1,Electric_Vehicle_3,6.0,84.4,,
1,Electric_Vehicle_3,5.0,84.4,,
1,Electric_Vehicle_3,4.0,84.4,,
1,Electric_Vehicle_3,3.0,84.4,,
1,Electric_Vehicle_3,2.0,84.4,,
1,Electric_Vehicle_3,1.0,84.4,,
1,Electric_Vehicle_3,0.0,84.4,,
3,,,,,
3,,,,,
3,,,,,
3,,,,,
3,,,,,
3,,,,,
3,,,,,
3,,,,,
3,,,,,
3,,,,,
3,,,,,
2,Electric_Vehicle_3,,,0.0,30.2
1,Electric_Vehicle_3,13.0,82.3,,
1,Electric_Vehicle_3,12.0,82.3,,
1,Electric_Vehicle_3,11.0,82.3,,
1,Electric_Vehicle_3,10.0,82.3,,
1,Electric_Vehicle_3,9.0,82.3,,
1,Electric_Vehicle_3,8.0,82.3,,
1,Electric_Vehicle_3,7.0,82.3,,
1,Electric_Vehicle_3,6.0,82.3,,
1,Electric_Vehicle_3,5.0,82.3,,
1,Electric_Vehicle_3,4.0,82.3,,
1,Electric_Vehicle_3,3.0,82.3,,
1,Electric_Vehicle_3,2.0,82.3,,
1,Electric_Vehicle_3,1.0,82.3,,
1,Electric_Vehicle_3,0.0,82.3,,
3,,,,,
3,,,,,
3,,,,,
3,,,,,
3,,,,,
3,,,,,
3,,,,,
3,,,,,
2,Electric_Vehicle_3,,,0.0,52.0
1,Electric_Vehicle_3,14.0,87.5,,
1,Electric_Vehicle_3,13.0,87.5,,
1,Electric_Vehicle_3,12.0,87.5,,
1,Electric_Vehicle_3,11.0,87.5,,
1,Electric_Vehicle_3,10.0,87.5,,
1,Electric_Vehicle_3,9.0,87.5,,
1,Electric_Vehicle_3,8.0,87.5,,
1,Electric_Vehicle_3,7.0,87.5,,
1,Electric_Vehicle_3,6.0,87.5,,
1,Electric_Vehicle_3,5.0,87.5,,
1,Electric_Vehicle_3,4.0,87.5,,
1,Electric_Vehicle_3,3.0,87.5,,
1,Electric_Vehicle_3,2.0,87.5,,
1,Electric_Vehicle_3,1.0,87.5,,
1,Electric_Vehicle_3,0.0,87.5,,
3,,,,,
3,,,,,
3,,,,,
3,,,,,
3,,,,,
3,,,,,
3,,,,,
3,,,,,
3,,,,,
2,Electric_Vehicle_3,,,0.0,30.0
1,Electric_Vehicle_3,15.0,78.7,,
1,Electric_Vehicle_3,14.0,78.7,,
1,Electric_Vehicle_3,13.0,78.7,,
1,Electric_Vehicle_3,12.0,78.7,,
1,Electric_Vehicle_3,11.0,78.7,,
1,Electric_Vehicle_3,10.0,78.7,,
1,Electric_Vehicle_3,9.0,78.7,,
1,Electric_Vehicle_3,8.0,78.7,,
1,Electric_Vehicle_3,7.0,78.7,,
1,Electric_Vehicle_3,6.0,78.7,,
1,Electric_Vehicle_3,5.0,78.7,,
1,Electric_Vehicle_3,4.0,78.7,,
1,Electric_Vehicle_3,3.0,78.7,,
1,Electric_Vehicle_3,2.0,78.7,,
1,Electric_Vehicle_3,1.0,78.7,,
1,Electric_Vehicle_3,0.0,78.7,,
3,,,,,
3,,,,,
3,,,,,
3,,,,,
2,Electric_Vehicle_3,,,0.0,30.2
1,Electric_Vehicle_3,39.0,84.5,,
1,Electric_Vehicle_3,38.0,84.5,,
1,Electric_Vehicle_3,37.0,84.5,,
1,Electric_Vehicle_3,36.0,84.5,,
1,Electric_Vehicle_3,35.0,84.5,,
1,Electric_Vehicle_3,34.0,84.5,,
1,Electric_Vehicle_3,33.0,84.5,,
1,Electric_Vehicle_3,32.0,84.5,,
1,Electric_Vehicle_3,31.0,84.5,,
1,Electric_Vehicle_3,30.0,84.5,,
1,Electric_Vehicle_3,29.0,84.5,,
1,Electric_Vehicle_3,28.0,84.5,,
1,Electric_Vehicle_3,27.0,84.5,,
1,Electric_Vehicle_3,26.0,84.5,,
1,Electric_Vehicle_3,25.0,84.5,,
1,Electric_Vehicle_3,24.0,84.5,,
1,Electric_Vehicle_3,23.0,84.5,,
1,Electric_Vehicle_3,22.0,84.5,,
1,Electric_Vehicle_3,21.0,84.5,,
1,Electric_Vehicle_3,20.0,84.5,,
1,Electric_Vehicle_3,19.0,84.5,,
1,Electric_Vehicle_3,18.0,84.5,,
1,Electric_Vehicle_3,17.0,84.5,,
1,Electric_Vehicle_3,16.0,84.5,,
1,Electric_Vehicle_3,15.0,84.5,,
1,Electric_Vehicle_3,14.0,84.5,,
1,Electric_Vehicle_3,13.0,84.5,,
1,Electric_Vehicle_3,12.0,84.5,,
1,Electric_Vehicle_3,11.0,84.5,,
1,Electric_Vehicle_3,10.0,84.5,,
1,Electric_Vehicle_3,9.0,84.5,,
1,Electric_Vehicle_3,8.0,84.5,,
1,Electric_Vehicle_3,7.0,84.5,,
1,Electric_Vehicle_3,6.0,84.5,,
1,Electric_Vehicle_3,5.0,84.5,,
1,Electric_Vehicle_3,4.0,84.5,,
1,Electric_Vehicle_3,3.0,84.5,,
1,Electric_Vehicle_3,2.0,84.5,,
1,Electric_Vehicle_3,1.0,84.5,,
1,Electric_Vehicle_3,0.0,84.5,,
3,,,,,
3,,,,,
3,,,,,
3,,,,,
3,,,,,
3,,,,,
3,,,,,
3,,,,,
3,,,,,
2,Electric_Vehicle_3,,,0.0,31.2
1,Electric_Vehicle_3,14.0,84.0,,
1,Electric_Vehicle_3,13.0,84.0,,
1,Electric_Vehicle_3,12.0,84.0,,
1,Electric_Vehicle_3,11.0,84.0,,
1,Electric_Vehicle_3,10.0,84.0,,
1,Electric_Vehicle_3,9.0,84.0,,
1,Electric_Vehicle_3,8.0,84.0,,
1,Electric_Vehicle_3,7.0,84.0,,
1,Electric_Vehicle_3,6.0,84.0,,
1,Electric_Vehicle_3,5.0,84.0,,
1,Electric_Vehicle_3,4.0,84.0,,
1,Electric_Vehicle_3,3.0,84.0,,
1,Electric_Vehicle_3,2.0,84.0,,
1,Electric_Vehicle_3,1.0,84.0,,
1,Electric_Vehicle_3,0.0,84.0,,
3,,,,,
3,,,,,
3,,,,,
3,,,,,
3,,,,,
3,,,,,
3,,,,,
3,,,,,
3,,,,,
2,Electric_Vehicle_3,,,0.0,45.0
1,Electric_Vehicle_3,12.0,75.4,,
1,Electric_Vehicle_3,11.0,75.4,,
1,Electric_Vehicle_3,10.0,75.4,,
1,Electric_Vehicle_3,9.0,75.4,,
1,Electric_Vehicle_3,8.0,75.4,,
1,Electric_Vehicle_3,7.0,75.4,,
1,Electric_Vehicle_3,6.0,75.4,,
1,Electric_Vehicle_3,5.0,75.4,,
1,Electric_Vehicle_3,4.0,75.4,,
1,Electric_Vehicle_3,3.0,75.4,,
1,Electric_Vehicle_3,2.0,75.4,,
1,Electric_Vehicle_3,1.0,75.4,,
1,Electric_Vehicle_3,0.0,75.4,,
3,,,,,
3,,,,,
3,,,,,
3,,,,,
3,,,,,
3,,,,,
3,,,,,
3,,,,,
2,Electric_Vehicle_3,,,0.0,50.4
1,Electric_Vehicle_3,16.0,73.7,,
1,Electric_Vehicle_3,15.0,73.7,,
1,Electric_Vehicle_3,14.0,73.7,,
1,Electric_Vehicle_3,13.0,73.7,,
1,Electric_Vehicle_3,12.0,73.7,,
1,Electric_Vehicle_3,11.0,73.7,,
1,Electric_Vehicle_3,10.0,73.7,,
1,Electric_Vehicle_3,9.0,73.7,,
1,Electric_Vehicle_3,8.0,73.7,,
1,Electric_Vehicle_3,7.0,73.7,,
1,Electric_Vehicle_3,6.0,73.7,,
1,Electric_Vehicle_3,5.0,73.7,,
1,Electric_Vehicle_3,4.0,73.7,,
1,Electric_Vehicle_3,3.0,73.7,,
1,Electric_Vehicle_3,2.0,73.7,,
1,Electric_Vehicle_3,1.0,73.7,,
1,Electric_Vehicle_3,0.0,73.7,,
3,,,,,
3,,,,,
3,,,,,
3,,,,,
3,,,,,
3,,,,,
3,,,,,
3,,,,,
3,,,,,
2,Electric_Vehicle_3,,,0.0,39.6
1,Electric_Vehicle_3,11.0,85.0,,
1,Electric_Vehicle_3,10.0,85.0,,
1,Electric_Vehicle_3,9.0,85.0,,
1,Electric_Vehicle_3,8.0,85.0,,
1,Electric_Vehicle_3,7.0,85.0,,
1,Electric_Vehicle_3,6.0,85.0,,
1,Electric_Vehicle_3,5.0,85.0,,
1,Electric_Vehicle_3,4.0,85.0,,
1,Electric_Vehicle_3,3.0,85.0,,
1,Electric_Vehicle_3,2.0,85.0,,
1,Electric_Vehicle_3,1.0,85.0,,
1,Electric_Vehicle_3,0.0,85.0,,
3,,,,,
3,,,,,
3,,,,,
3,,,,,
3,,,,,
3,,,,,
3,,,,,
3,,,,,
3,,,,,
3,,,,,
3,,,,,
2,Electric_Vehicle_3,,,0.0,36.3
1,Electric_Vehicle_3,36.0,74.8,,
1,Electric_Vehicle_3,35.0,74.8,,
1,Electric_Vehicle_3,34.0,74.8,,
1,Electric_Vehicle_3,33.0,74.8,,
1,Electric_Vehicle_3,32.0,74.8,,
1,Electric_Vehicle_3,31.0,74.8,,
1,Electric_Vehicle_3,30.0,74.8,,
1,Electric_Vehicle_3,29.0,74.8,,
1,Electric_Vehicle_3,28.0,74.8,,
1,Electric_Vehicle_3,27.0,74.8,,
1,Electric_Vehicle_3,26.0,74.8,,
1,Electric_Vehicle_3,25.0,74.8,,
1,Electric_Vehicle_3,24.0,74.8,,
1,Electric_Vehicle_3,23.0,74.8,,
1,Electric_Vehicle_3,22.0,74.8,,
1,Electric_Vehicle_3,21.0,74.8,,
1,Electric_Vehicle_3,20.0,74.8,,
1,Electric_Vehicle_3,19.0,74.8,,
1,Electric_Vehicle_3,18.0,74.8,,
1,Electric_Vehicle_3,17.0,74.8,,
1,Electric_Vehicle_3,16.0,74.8,,
1,Electric_Vehicle_3,15.0,74.8,,
1,Electric_Vehicle_3,14.0,74.8,,
1,Electric_Vehicle_3,13.0,74.8,,
1,Electric_Vehicle_3,12.0,74.8,,
1,Electric_Vehicle_3,11.0,74.8,,
1,Electric_Vehicle_3,10.0,74.8,,
1,Electric_Vehicle_3,9.0,74.8,,
1,Electric_Vehicle_3,8.0,74.8,,
1,Electric_Vehicle_3,7.0,74.8,,
1,Electric_Vehicle_3,6.0,74.8,,
1,Electric_Vehicle_3,5.0,74.8,,
1,Electric_Vehicle_3,4.0,74.8,,
1,Electric_Vehicle_3,3.0,74.8,,
1,Electric_Vehicle_3,2.0,74.8,,
1,Electric_Vehicle_3,1.0,74.8,,
1,Electric_Vehicle_3,0.0,74.8,,
3,,,,,
3,,,,,
3,,,,,
3,,,,,
3,,,,,
3,,,,,
3,,,,,
3,,,,,
2,Electric_Vehicle_3,,,0.0,44.3
1,Electric_Vehicle_3,14.0,88.1,,
1,Electric_Vehicle_3,13.0,88.1,,
1,Electric_Vehicle_3,12.0,88.1,,
1,Electric_Vehicle_3,11.0,88.1,,
1,Electric_Vehicle_3,10.0,88.1,,
1,Electric_Vehicle_3,9.0,88.1,,
1,Electric_Vehicle_3,8.0,88.1,,
1,Electric_Vehicle_3,7.0,88.1,,
1,Electric_Vehicle_3,6.0,88.1,,
1,Electric_Vehicle_3,5.0,88.1,,
1,Electric_Vehicle_3,4.0,88.1,,
1,Electric_Vehicle_3,3.0,88.1,,
1,Electric_Vehicle_3,2.0,88.1,,
1,Electric_Vehicle_3,1.0,88.1,,
1,Electric_Vehicle_3,0.0,88.1,,
3,,,,,
3,,,,,
3,,,,,
3,,,,,
3,,,,,
3,,,,,
3,,,,,
3,,,,,
3,,,,,
3,,,,,
2,Electric_Vehicle_3,,,0.0,39.1
1,Electric_Vehicle_3,11.0,88.8,,
1,Electric_Vehicle_3,10.0,88.8,,
1,Electric_Vehicle_3,9.0,88.8,,
1,Electric_Vehicle_3,8.0,88.8,,
1,Electric_Vehicle_3,7.0,88.8,,
1,Electric_Vehicle_3,6.0,88.8,,
1,Electric_Vehicle_3,5.0,88.8,,
1,Electric_Vehicle_3,4.0,88.8,,
1,Electric_Vehicle_3,3.0,88.8,,
1,Electric_Vehicle_3,2.0,88.8,,
1,Electric_Vehicle_3,1.0,88.8,,
1,Electric_Vehicle_3,0.0,88.8,,
3,,,,,
3,,,,,
3,,,,,
3,,,,,
3,,,,,
3,,,,,
3,,,,,
3,,,,,
3,,,,,
3,,,,,
2,Electric_Vehicle_3,,,0.0,23.5
1,Electric_Vehicle_3,12.0,86.7,,
1,Electric_Vehicle_3,11.0,86.7,,
1,Electric_Vehicle_3,10.0,86.7,,
1,Electric_Vehicle_3,9.0,86.7,,
1,Electric_Vehicle_3,8.0,86.7,,
1,Electric_Vehicle_3,7.0,86.7,,
1,Electric_Vehicle_3,6.0,86.7,,
1,Electric_Vehicle_3,5.0,86.7,,
1,Electric_Vehicle_3,4.0,86.7,,
1,Electric_Vehicle_3,3.0,86.7,,
1,Electric_Vehicle_3,2.0,86.7,,
1,Electric_Vehicle_3,1.0,86.7,,
1,Electric_Vehicle_3,0.0,86.7,,
3,,,,,
3,,,,,
3,,,,,
3,,,,,
3,,,,,
3,,,,,
3,,,,,
3,,,,,
3,,,,,
3,,,,,
3,,,,,
2,Electric_Vehicle_3,,,0.0,39.2
1,Electric_Vehicle_3,12.0,77.0,,
1,Electric_Vehicle_3,11.0,77.0,,
1,Electric_Vehicle_3,10.0,77.0,,
1,Electric_Vehicle_3,9.0,77.0,,
1,Electric_Vehicle_3,8.0,77.0,,
1,Electric_Vehicle_3,7.0,77.0,,
1,Electric_Vehicle_3,6.0,77.0,,
1,Electric_Vehicle_3,5.0,77.0,,
1,Electric_Vehicle_3,4.0,77.0,,
1,Electric_Vehicle_3,3.0,77.0,,
1,Electric_Vehicle_3,2.0,77.0,,
1,Electric_Vehicle_3,1.0,77.0,,
1,Electric_Vehicle_3,0.0,77.0,,
3,,,,,
3,,,,,
3,,,,,
3,,,,,
3,,,,,
3,,,,,
3,,,,,
3,,,,,
3,,,,,
2,Electric_Vehicle_3,,,0.0,44.8
1,Electric_Vehicle_3,13.0,77.8,,
1,Electric_Vehicle_3,12.0,77.8,,
1,Electric_Vehicle_3,11.0,77.8,,
1,Electric_Vehicle_3,10.0,77.8,,
1,Electric_Vehicle_3,9.0,77.8,,
1,Electric_Vehicle_3,8.0,77.8,,
1,Electric_Vehicle_3,7.0,77.8,,
1,Electric_Vehicle_3,6.0,77.8,,
1,Electric_Vehicle_3,5.0,77.8,,
1,Electric_Vehicle_3,4.0,77.8,,
1,Electric_Vehicle_3,3.0,77.8,,
1,Electric_Vehicle_3,2.0,77.8,,
1,Electric_Vehicle_3,1.0,77.8,,
1,Electric_Vehicle_3,0.0,77.8,,
3,,,,,
3,,,,,
3,,,,,
3,,,,,
3,,,,,
3,,,,,
3,,,,,
3,,,,,
3,,,,,
2,Electric_Vehicle_3,,,0.0,29.4
1,Electric_Vehicle_3,16.0,89.2,,
1,Electric_Vehicle_3,15.0,89.2,,
1,Electric_Vehicle_3,14.0,89.2,,
1,Electric_Vehicle_3,13.0,89.2,,
1,Electric_Vehicle_3,12.0,89.2,,
1,Electric_Vehicle_3,11.0,89.2,,
1,Electric_Vehicle_3,10.0,89.2,,
1,Electric_Vehicle_3,9.0,89.2,,
1,Electric_Vehicle_3,8.0,89.2,,
1,Electric_Vehicle_3,7.0,89.2,,
1,Electric_Vehicle_3,6.0,89.2,,
1,Electric_Vehicle_3,5.0,89.2,,
1,Electric_Vehicle_3,4.0,89.2,,
1,Electric_Vehicle_3,3.0,89.2,,
1,Electric_Vehicle_3,2.0,89.2,,
1,Electric_Vehicle_3,1.0,89.2,,
1,Electric_Vehicle_3,0.0,89.2,,
3,,,,,
3,,,,,
2,Electric_Vehicle_3,,,0.0,31.7
1,Electric_Vehicle_3,17.0,71.6,,
1,Electric_Vehicle_3,16.0,71.6,,
1,Electric_Vehicle_3,15.0,71.6,,
1,Electric_Vehicle_3,14.0,71.6,,
1,Electric_Vehicle_3,13.0,71.6,,
1,Electric_Vehicle_3,12.0,71.6,,
1,Electric_Vehicle_3,11.0,71.6,,
1,Electric_Vehicle_3,10.0,71.6,,
1,Electric_Vehicle_3,9.0,71.6,,
1,Electric_Vehicle_3,8.0,71.6,,
1,Electric_Vehicle_3,7.0,71.6,,
1,Electric_Vehicle_3,6.0,71.6,,
1,Electric_Vehicle_3,5.0,71.6,,
1,Electric_Vehicle_3,4.0,71.6,,
1,Electric_Vehicle_3,3.0,71.6,,
1,Electric_Vehicle_3,2.0,71.6,,
1,Electric_Vehicle_3,1.0,71.6,,
1,Electric_Vehicle_3,0.0,71.6,,
3,,,,,
3,,,,,
3,,,,,
3,,,,,
3,,,,,
3,,,,,
3,,,,,
2,Electric_Vehicle_3,,,0.0,27.6
1,Electric_Vehicle_3,40.0,89.4,,
1,Electric_Vehicle_3,39.0,89.4,,
1,Electric_Vehicle_3,38.0,89.4,,
1,Electric_Vehicle_3,37.0,89.4,,
1,Electric_Vehicle_3,36.0,89.4,,
1,Electric_Vehicle_3,35.0,89.4,,
1,Electric_Vehicle_3,34.0,89.4,,
1,Electric_Vehicle_3,33.0,89.4,,
1,Electric_Vehicle_3,32.0,89.4,,
1,Electric_Vehicle_3,31.0,89.4,,
1,Electric_Vehicle_3,30.0,89.4,,
1,Electric_Vehicle_3,29.0,89.4,,
1,Electric_Vehicle_3,28.0,89.4,,
1,Electric_Vehicle_3,27.0,89.4,,
1,Electric_Vehicle_3,26.0,89.4,,
1,Electric_Vehicle_3,25.0,89.4,,
1,Electric_Vehicle_3,24.0,89.4,,
1,Electric_Vehicle_3,23.0,89.4,,
1,Electric_Vehicle_3,22.0,89.4,,
1,Electric_Vehicle_3,21.0,89.4,,
1,Electric_Vehicle_3,20.0,89.4,,
1,Electric_Vehicle_3,19.0,89.4,,
1,Electric_Vehicle_3,18.0,89.4,,
1,Electric_Vehicle_3,17.0,89.4,,
1,Electric_Vehicle_3,16.0,89.4,,
1,Electric_Vehicle_3,15.0,89.4,,
1,Electric_Vehicle_3,14.0,89.4,,
1,Electric_Vehicle_3,13.0,89.4,,
1,Electric_Vehicle_3,12.0,89.4,,
1,Electric_Vehicle_3,11.0,89.4,,
1,Electric_Vehicle_3,10.0,89.4,,
1,Electric_Vehicle_3,9.0,89.4,,
1,Electric_Vehicle_3,8.0,89.4,,
1,Electric_Vehicle_3,7.0,89.4,,
1,Electric_Vehicle_3,6.0,89.4,,
1,Electric_Vehicle_3,5.0,89.4,,
1,Electric_Vehicle_3,4.0,89.4,,
1,Electric_Vehicle_3,3.0,89.4,,
1,Electric_Vehicle_3,2.0,89.4,,
1,Electric_Vehicle_3,1.0,89.4,,
1,Electric_Vehicle_3,0.0,89.4,,
3,,,,,
3,,,,,
3,,,,,
3,,,,,
3,,,,,
3,,,,,
3,,,,,
3,,,,,
2,Electric_Vehicle_3,,,0.0,50.7
1,Electric_Vehicle_3,13.0,76.4,,
1,Electric_Vehicle_3,12.0,76.4,,
1,Electric_Vehicle_3,11.0,76.4,,
1,Electric_Vehicle_3,10.0,76.4,,
1,Electric_Vehicle_3,9.0,76.4,,
1,Electric_Vehicle_3,8.0,76.4,,
1,Electric_Vehicle_3,7.0,76.4,,
1,Electric_Vehicle_3,6.0,76.4,,
1,Electric_Vehicle_3,5.0,76.4,,
1,Electric_Vehicle_3,4.0,76.4,,
1,Electric_Vehicle_3,3.0,76.4,,
1,Electric_Vehicle_3,2.0,76.4,,
1,Electric_Vehicle_3,1.0,76.4,,
1,Electric_Vehicle_3,0.0,76.4,,
3,,,,,
3,,,,,
3,,,,,
3,,,,,
3,,,,,
3,,,,,
3,,,,,
3,,,,,
2,Electric_Vehicle_3,,,0.0,37.9
1,Electric_Vehicle_3,13.0,74.3,,
1,Electric_Vehicle_3,12.0,74.3,,
1,Electric_Vehicle_3,11.0,74.3,,
1,Electric_Vehicle_3,10.0,74.3,,
1,Electric_Vehicle_3,9.0,74.3,,
1,Electric_Vehicle_3,8.0,74.3,,
1,Electric_Vehicle_3,7.0,74.3,,
1,Electric_Vehicle_3,6.0,74.3,,
1,Electric_Vehicle_3,5.0,74.3,,
1,Electric_Vehicle_3,4.0,74.3,,
1,Electric_Vehicle_3,3.0,74.3,,
1,Electric_Vehicle_3,2.0,74.3,,
1,Electric_Vehicle_3,1.0,74.3,,
1,Electric_Vehicle_3,0.0,74.3,,
3,,,,,
3,,,,,
3,,,,,
3,,,,,
3,,,,,
3,,,,,
3,,,,,
3,,,,,
3,,,,,
3,,,,,
3,,,,,
3,,,,,
3,,,,,
2,Electric_Vehicle_3,,,0.0,40.5
1,Electric_Vehicle_3,12.0,71.3,,
1,Electric_Vehicle_3,11.0,71.3,,
1,Electric_Vehicle_3,10.0,71.3,,
1,Electric_Vehicle_3,9.0,71.3,,
1,Electric_Vehicle_3,8.0,71.3,,
1,Electric_Vehicle_3,7.0,71.3,,
1,Electric_Vehicle_3,6.0,71.3,,
1,Electric_Vehicle_3,5.0,71.3,,
1,Electric_Vehicle_3,4.0,71.3,,
1,Electric_Vehicle_3,3.0,71.3,,
1,Electric_Vehicle_3,2.0,71.3,,
1,Electric_Vehicle_3,1.0,71.3,,
1,Electric_Vehicle_3,0.0,71.3,,
3,,,,,
3,,,,,
3,,,,,
3,,,,,
3,,,,,
3,,,,,
2,Electric_Vehicle_3,,,0.0,55.6
1,Electric_Vehicle_3,38.0,72.5,,
1,Electric_Vehicle_3,37.0,72.5,,
1,Electric_Vehicle_3,36.0,72.5,,
1,Electric_Vehicle_3,35.0,72.5,,
1,Electric_Vehicle_3,34.0,72.5,,
1,Electric_Vehicle_3,33.0,72.5,,
1,Electric_Vehicle_3,32.0,72.5,,
1,Electric_Vehicle_3,31.0,72.5,,
1,Electric_Vehicle_3,30.0,72.5,,
1,Electric_Vehicle_3,29.0,72.5,,
1,Electric_Vehicle_3,28.0,72.5,,
1,Electric_Vehicle_3,27.0,72.5,,
1,Electric_Vehicle_3,26.0,72.5,,
1,Electric_Vehicle_3,25.0,72.5,,
1,Electric_Vehicle_3,24.0,72.5,,
1,Electric_Vehicle_3,23.0,72.5,,
1,Electric_Vehicle_3,22.0,72.5,,
1,Electric_Vehicle_3,21.0,72.5,,
1,Electric_Vehicle_3,20.0,72.5,,
1,Electric_Vehicle_3,19.0,72.5,,
1,Electric_Vehicle_3,18.0,72.5,,
1,Electric_Vehicle_3,17.0,72.5,,
1,Electric_Vehicle_3,16.0,72.5,,
1,Electric_Vehicle_3,15.0,72.5,,
1,Electric_Vehicle_3,14.0,72.5,,
1,Electric_Vehicle_3,13.0,72.5,,
1,Electric_Vehicle_3,12.0,72.5,,
1,Electric_Vehicle_3,11.0,72.5,,
1,Electric_Vehicle_3,10.0,72.5,,
1,Electric_Vehicle_3,9.0,72.5,,
1,Electric_Vehicle_3,8.0,72.5,,
1,Electric_Vehicle_3,7.0,72.5,,
1,Electric_Vehicle_3,6.0,72.5,,
1,Electric_Vehicle_3,5.0,72.5,,
1,Electric_Vehicle_3,4.0,72.5,,
1,Electric_Vehicle_3,3.0,72.5,,
1,Electric_Vehicle_3,2.0,72.5,,
1,Electric_Vehicle_3,1.0,72.5,,
1,Electric_Vehicle_3,0.0,72.5,,
3,,,,,
3,,,,,
3,,,,,
3,,,,,
3,,,,,
3,,,,,
3,,,,,
2,Electric_Vehicle_3,,,0.0,25.0
1,Electric_Vehicle_3,15.0,87.3,,
1,Electric_Vehicle_3,14.0,87.3,,
1,Electric_Vehicle_3,13.0,87.3,,
1,Electric_Vehicle_3,12.0,87.3,,
1,Electric_Vehicle_3,11.0,87.3,,
1,Electric_Vehicle_3,10.0,87.3,,
1,Electric_Vehicle_3,9.0,87.3,,
1,Electric_Vehicle_3,8.0,87.3,,
1,Electric_Vehicle_3,7.0,87.3,,
1,Electric_Vehicle_3,6.0,87.3,,
1,Electric_Vehicle_3,5.0,87.3,,
1,Electric_Vehicle_3,4.0,87.3,,
1,Electric_Vehicle_3,3.0,87.3,,
1,Electric_Vehicle_3,2.0,87.3,,
1,Electric_Vehicle_3,1.0,87.3,,
1,Electric_Vehicle_3,0.0,87.3,,
3,,,,,
3,,,,,
3,,,,,
3,,,,,
3,,,,,
3,,,,,
3,,,,,
3,,,,,
2,Electric_Vehicle_3,,,0.0,43.5
1,Electric_Vehicle_3,13.0,88.4,,
1,Electric_Vehicle_3,12.0,88.4,,
1,Electric_Vehicle_3,11.0,88.4,,
1,Electric_Vehicle_3,10.0,88.4,,
1,Electric_Vehicle_3,9.0,88.4,,
1,Electric_Vehicle_3,8.0,88.4,,
1,Electric_Vehicle_3,7.0,88.4,,
1,Electric_Vehicle_3,6.0,88.4,,
1,Electric_Vehicle_3,5.0,88.4,,
1,Electric_Vehicle_3,4.0,88.4,,
1,Electric_Vehicle_3,3.0,88.4,,
1,Electric_Vehicle_3,2.0,88.4,,
1,Electric_Vehicle_3,1.0,88.4,,
1,Electric_Vehicle_3,0.0,88.4,,
3,,,,,
3,,,,,
3,,,,,
3,,,,,
3,,,,,
3,,,,,
3,,,,,
3,,,,,
3,,,,,
3,,,,,
2,Electric_Vehicle_3,,,0.0,48.9
1,Electric_Vehicle_3,13.0,76.2,,
1,Electric_Vehicle_3,12.0,76.2,,
1,Electric_Vehicle_3,11.0,76.2,,
1,Electric_Vehicle_3,10.0,76.2,,
1,Electric_Vehicle_3,9.0,76.2,,
1,Electric_Vehicle_3,8.0,76.2,,
1,Electric_Vehicle_3,7.0,76.2,,
1,Electric_Vehicle_3,6.0,76.2,,
1,Electric_Vehicle_3,5.0,76.2,,
1,Electric_Vehicle_3,4.0,76.2,,
1,Electric_Vehicle_3,3.0,76.2,,
1,Electric_Vehicle_3,2.0,76.2,,
1,Electric_Vehicle_3,1.0,76.2,,
1,Electric_Vehicle_3,0.0,76.2,,
3,,,,,
3,,,,,
3,,,,,
3,,,,,
3,,,,,
3,,,,,
3,,,,,
3,,,,,
3,,,,,
2,Electric_Vehicle_3,,,0.0,40.3
1,Electric_Vehicle_3,37.0,74.2,,
1,Electric_Vehicle_3,36.0,74.2,,
1,Electric_Vehicle_3,35.0,74.2,,
1,Electric_Vehicle_3,34.0,74.2,,
1,Electric_Vehicle_3,33.0,74.2,,
1,Electric_Vehicle_3,32.0,74.2,,
1,Electric_Vehicle_3,31.0,74.2,,
1,Electric_Vehicle_3,30.0,74.2,,
1,Electric_Vehicle_3,29.0,74.2,,
1,Electric_Vehicle_3,28.0,74.2,,
1,Electric_Vehicle_3,27.0,74.2,,
1,Electric_Vehicle_3,26.0,74.2,,
1,Electric_Vehicle_3,25.0,74.2,,
1,Electric_Vehicle_3,24.0,74.2,,
1,Electric_Vehicle_3,23.0,74.2,,
1,Electric_Vehicle_3,22.0,74.2,,
1,Electric_Vehicle_3,21.0,74.2,,
1,Electric_Vehicle_3,20.0,74.2,,
1,Electric_Vehicle_3,19.0,74.2,,
1,Electric_Vehicle_3,18.0,74.2,,
1,Electric_Vehicle_3,17.0,74.2,,
1,Electric_Vehicle_3,16.0,74.2,,
1,Electric_Vehicle_3,15.0,74.2,,
1,Electric_Vehicle_3,14.0,74.2,,
1,Electric_Vehicle_3,13.0,74.2,,
1,Electric_Vehicle_3,12.0,74.2,,
1,Electric_Vehicle_3,11.0,74.2,,
1,Electric_Vehicle_3,10.0,74.2,,
1,Electric_Vehicle_3,9.0,74.2,,
1,Electric_Vehicle_3,8.0,74.2,,
1,Electric_Vehicle_3,7.0,74.2,,
1,Electric_Vehicle_3,6.0,74.2,,
1,Electric_Vehicle_3,5.0,74.2,,
1,Electric_Vehicle_3,4.0,74.2,,
1,Electric_Vehicle_3,3.0,74.2,,
1,Electric_Vehicle_3,2.0,74.2,,
1,Electric_Vehicle_3,1.0,74.2,,
1,Electric_Vehicle_3,0.0,74.2,,
3,,,,,
3,,,,,
3,,,,,
3,,,,,
3,,,,,
3,,,,,
3,,,,,
3,,,,,
2,Electric_Vehicle_3,,,0.0,46.3
1,Electric_Vehicle_3,14.0,87.3,,
1,Electric_Vehicle_3,13.0,87.3,,
1,Electric_Vehicle_3,12.0,87.3,,
1,Electric_Vehicle_3,11.0,87.3,,
1,Electric_Vehicle_3,10.0,87.3,,
1,Electric_Vehicle_3,9.0,87.3,,
1,Electric_Vehicle_3,8.0,87.3,,
1,Electric_Vehicle_3,7.0,87.3,,
1,Electric_Vehicle_3,6.0,87.3,,
1,Electric_Vehicle_3,5.0,87.3,,
1,Electric_Vehicle_3,4.0,87.3,,
1,Electric_Vehicle_3,3.0,87.3,,
1,Electric_Vehicle_3,2.0,87.3,,
1,Electric_Vehicle_3,1.0,87.3,,
1,Electric_Vehicle_3,0.0,87.3,,
3,,,,,
3,,,,,
3,,,,,
3,,,,,
3,,,,,
3,,,,,
3,,,,,
3,,,,,
3,,,,,
2,Electric_Vehicle_3,,,0.0,42.2
1,Electric_Vehicle_3,12.0,72.9,,
1,Electric_Vehicle_3,11.0,72.9,,
1,Electric_Vehicle_3,10.0,72.9,,
1,Electric_Vehicle_3,9.0,72.9,,
1,Electric_Vehicle_3,8.0,72.9,,
1,Electric_Vehicle_3,7.0,72.9,,
1,Electric_Vehicle_3,6.0,72.9,,
1,Electric_Vehicle_3,5.0,72.9,,
1,Electric_Vehicle_3,4.0,72.9,,
1,Electric_Vehicle_3,3.0,72.9,,
1,Electric_Vehicle_3,2.0,72.9,,
1,Electric_Vehicle_3,1.0,72.9,,
1,Electric_Vehicle_3,0.0,72.9,,
3,,,,,
3,,,,,
3,,,,,
3,,,,,
2,Electric_Vehicle_3,,,0.0,52.3
1,Electric_Vehicle_3,19.0,76.9,,
1,Electric_Vehicle_3,18.0,76.9,,
1,Electric_Vehicle_3,17.0,76.9,,
1,Electric_Vehicle_3,16.0,76.9,,
1,Electric_Vehicle_3,15.0,76.9,,
1,Electric_Vehicle_3,14.0,76.9,,
1,Electric_Vehicle_3,13.0,76.9,,
1,Electric_Vehicle_3,12.0,76.9,,
1,Electric_Vehicle_3,11.0,76.9,,
1,Electric_Vehicle_3,10.0,76.9,,
1,Electric_Vehicle_3,9.0,76.9,,
1,Electric_Vehicle_3,8.0,76.9,,
1,Electric_Vehicle_3,7.0,76.9,,
1,Electric_Vehicle_3,6.0,76.9,,
1,Electric_Vehicle_3,5.0,76.9,,
1,Electric_Vehicle_3,4.0,76.9,,
1,Electric_Vehicle_3,3.0,76.9,,
1,Electric_Vehicle_3,2.0,76.9,,
1,Electric_Vehicle_3,1.0,76.9,,
1,Electric_Vehicle_3,0.0,76.9,,
3,,,,,
3,,,,,
3,,,,,
3,,,,,
3,,,,,
3,,,,,
3,,,,,
2,Electric_Vehicle_3,,,0.0,49.2
1,Electric_Vehicle_3,14.0,76.3,,
1,Electric_Vehicle_3,13.0,76.3,,
1,Electric_Vehicle_3,12.0,76.3,,
1,Electric_Vehicle_3,11.0,76.3,,
1,Electric_Vehicle_3,10.0,76.3,,
1,Electric_Vehicle_3,9.0,76.3,,
1,Electric_Vehicle_3,8.0,76.3,,
1,Electric_Vehicle_3,7.0,76.3,,
1,Electric_Vehicle_3,6.0,76.3,,
1,Electric_Vehicle_3,5.0,76.3,,
1,Electric_Vehicle_3,4.0,76.3,,
1,Electric_Vehicle_3,3.0,76.3,,
1,Electric_Vehicle_3,2.0,76.3,,
1,Electric_Vehicle_3,1.0,76.3,,
1,Electric_Vehicle_3,0.0,76.3,,
3,,,,,
3,,,,,
3,,,,,
3,,,,,
3,,,,,
3,,,,,
3,,,,,
3,,,,,
3,,,,,
3,,,,,
2,Electric_Vehicle_3,,,0.0,25.4
1,Electric_Vehicle_3,13.0,82.3,,
1,Electric_Vehicle_3,12.0,82.3,,
1,Electric_Vehicle_3,11.0,82.3,,
1,Electric_Vehicle_3,10.0,82.3,,
1,Electric_Vehicle_3,9.0,82.3,,
1,Electric_Vehicle_3,8.0,82.3,,
1,Electric_Vehicle_3,7.0,82.3,,
1,Electric_Vehicle_3,6.0,82.3,,
1,Electric_Vehicle_3,5.0,82.3,,
1,Electric_Vehicle_3,4.0,82.3,,
1,Electric_Vehicle_3,3.0,82.3,,
1,Electric_Vehicle_3,2.0,82.3,,
1,Electric_Vehicle_3,1.0,82.3,,
1,Electric_Vehicle_3,0.0,82.3,,
3,,,,,
3,,,,,
3,,,,,
3,,,,,
3,,,,,
3,,,,,
3,,,,,
2,Electric_Vehicle_3,,,0.0,26.5
1,Electric_Vehicle_3,15.0,84.5,,
1,Electric_Vehicle_3,14.0,84.5,,
1,Electric_Vehicle_3,13.0,84.5,,
1,Electric_Vehicle_3,12.0,84.5,,
1,Electric_Vehicle_3,11.0,84.5,,
1,Electric_Vehicle_3,10.0,84.5,,
1,Electric_Vehicle_3,9.0,84.5,,
1,Electric_Vehicle_3,8.0,84.5,,
1,Electric_Vehicle_3,7.0,84.5,,
1,Electric_Vehicle_3,6.0,84.5,,
1,Electric_Vehicle_3,5.0,84.5,,
1,Electric_Vehicle_3,4.0,84.5,,
1,Electric_Vehicle_3,3.0,84.5,,
1,Electric_Vehicle_3,2.0,84.5,,
1,Electric_Vehicle_3,1.0,84.5,,
1,Electric_Vehicle_3,0.0,84.5,,
3,,,,,
3,,,,,
3,,,,,
3,,,,,
3,,,,,
3,,,,,
3,,,,,
2,Electric_Vehicle_3,,,0.0,37.8
1,Electric_Vehicle_3,14.0,71.0,,
1,Electric_Vehicle_3,13.0,71.0,,
1,Electric_Vehicle_3,12.0,71.0,,
1,Electric_Vehicle_3,11.0,71.0,,
1,Electric_Vehicle_3,10.0,71.0,,
1,Electric_Vehicle_3,9.0,71.0,,
1,Electric_Vehicle_3,8.0,71.0,,
1,Electric_Vehicle_3,7.0,71.0,,
1,Electric_Vehicle_3,6.0,71.0,,
1,Electric_Vehicle_3,5.0,71.0,,
1,Electric_Vehicle_3,4.0,71.0,,
1,Electric_Vehicle_3,3.0,71.0,,
1,Electric_Vehicle_3,2.0,71.0,,
1,Electric_Vehicle_3,1.0,71.0,,
1,Electric_Vehicle_3,0.0,71.0,,
3,,,,,
3,,,,,
3,,,,,
3,,,,,
3,,,,,
3,,,,,
3,,,,,
3,,,,,
2,Electric_Vehicle_3,,,0.0,39.6
1,Electric_Vehicle_3,19.0,85.6,,
1,Electric_Vehicle_3,18.0,85.6,,
1,Electric_Vehicle_3,17.0,85.6,,
1,Electric_Vehicle_3,16.0,85.6,,
1,Electric_Vehicle_3,15.0,85.6,,
1,Electric_Vehicle_3,14.0,85.6,,
1,Electric_Vehicle_3,13.0,85.6,,
1,Electric_Vehicle_3,12.0,85.6,,
1,Electric_Vehicle_3,11.0,85.6,,
1,Electric_Vehicle_3,10.0,85.6,,
1,Electric_Vehicle_3,9.0,85.6,,
1,Electric_Vehicle_3,8.0,85.6,,
1,Electric_Vehicle_3,7.0,85.6,,
1,Electric_Vehicle_3,6.0,85.6,,
1,Electric_Vehicle_3,5.0,85.6,,
1,Electric_Vehicle_3,4.0,85.6,,
1,Electric_Vehicle_3,3.0,85.6,,
1,Electric_Vehicle_3,2.0,85.6,,
1,Electric_Vehicle_3,1.0,85.6,,
1,Electric_Vehicle_3,0.0,85.6,,
3,,,,,
3,,,,,
2,Electric_Vehicle_3,,,0.0,36.2
1,Electric_Vehicle_3,40.0,86.8,,
1,Electric_Vehicle_3,39.0,86.8,,
1,Electric_Vehicle_3,38.0,86.8,,
1,Electric_Vehicle_3,37.0,86.8,,
1,Electric_Vehicle_3,36.0,86.8,,
1,Electric_Vehicle_3,35.0,86.8,,
1,Electric_Vehicle_3,34.0,86.8,,
1,Electric_Vehicle_3,33.0,86.8,,
1,Electric_Vehicle_3,32.0,86.8,,
1,Electric_Vehicle_3,31.0,86.8,,
1,Electric_Vehicle_3,30.0,86.8,,
1,Electric_Vehicle_3,29.0,86.8,,
1,Electric_Vehicle_3,28.0,86.8,,
1,Electric_Vehicle_3,27.0,86.8,,
1,Electric_Vehicle_3,26.0,86.8,,
1,Electric_Vehicle_3,25.0,86.8,,
1,Electric_Vehicle_3,24.0,86.8,,
1,Electric_Vehicle_3,23.0,86.8,,
1,Electric_Vehicle_3,22.0,86.8,,
1,Electric_Vehicle_3,21.0,86.8,,
1,Electric_Vehicle_3,20.0,86.8,,
1,Electric_Vehicle_3,19.0,86.8,,
1,Electric_Vehicle_3,18.0,86.8,,
1,Electric_Vehicle_3,17.0,86.8,,
1,Electric_Vehicle_3,16.0,86.8,,
1,Electric_Vehicle_3,15.0,86.8,,
1,Electric_Vehicle_3,14.0,86.8,,
1,Electric_Vehicle_3,13.0,86.8,,
1,Electric_Vehicle_3,12.0,86.8,,
1,Electric_Vehicle_3,11.0,86.8,,
1,Electric_Vehicle_3,10.0,86.8,,
1,Electric_Vehicle_3,9.0,86.8,,
1,Electric_Vehicle_3,8.0,86.8,,
1,Electric_Vehicle_3,7.0,86.8,,
1,Electric_Vehicle_3,6.0,86.8,,
1,Electric_Vehicle_3,5.0,86.8,,
1,Electric_Vehicle_3,4.0,86.8,,
1,Electric_Vehicle_3,3.0,86.8,,
1,Electric_Vehicle_3,2.0,86.8,,
1,Electric_Vehicle_3,1.0,86.8,,
1,Electric_Vehicle_3,0.0,86.8,,
3,,,,,
3,,,,,
3,,,,,
3,,,,,
3,,,,,
3,,,,,
3,,,,,
3,,,,,
3,,,,,
2,Electric_Vehicle_3,,,0.0,46.6
1,Electric_Vehicle_3,12.0,86.0,,
1,Electric_Vehicle_3,11.0,86.0,,
1,Electric_Vehicle_3,10.0,86.0,,
1,Electric_Vehicle_3,9.0,86.0,,
1,Electric_Vehicle_3,8.0,86.0,,
1,Electric_Vehicle_3,7.0,86.0,,
1,Electric_Vehicle_3,6.0,86.0,,
1,Electric_Vehicle_3,5.0,86.0,,
1,Electric_Vehicle_3,4.0,86.0,,
1,Electric_Vehicle_3,3.0,86.0,,
1,Electric_Vehicle_3,2.0,86.0,,
1,Electric_Vehicle_3,1.0,86.0,,
1,Electric_Vehicle_3,0.0,86.0,,
3,,,,,
3,,,,,
3,,,,,
3,,,,,
3,,,,,
3,,,,,
3,,,,,
3,,,,,
3,,,,,
3,,,,,
2,Electric_Vehicle_3,,,0.0,27.3
1,Electric_Vehicle_3,13.0,84.4,,
1,Electric_Vehicle_3,12.0,84.4,,
1,Electric_Vehicle_3,11.0,84.4,,
1,Electric_Vehicle_3,10.0,84.4,,
1,Electric_Vehicle_3,9.0,84.4,,
1,Electric_Vehicle_3,8.0,84.4,,
1,Electric_Vehicle_3,7.0,84.4,,
1,Electric_Vehicle_3,6.0,84.4,,
1,Electric_Vehicle_3,5.0,84.4,,
1,Electric_Vehicle_3,4.0,84.4,,
1,Electric_Vehicle_3,3.0,84.4,,
1,Electric_Vehicle_3,2.0,84.4,,
1,Electric_Vehicle_3,1.0,84.4,,
1,Electric_Vehicle_3,0.0,84.4,,
3,,,,,
3,,,,,
3,,,,,
3,,,,,
3,,,,,
3,,,,,
3,,,,,
3,,,,,
3,,,,,
3,,,,,
2,Electric_Vehicle_3,,,0.0,33.2
1,Electric_Vehicle_3,11.0,83.5,,
1,Electric_Vehicle_3,10.0,83.5,,
1,Electric_Vehicle_3,9.0,83.5,,
1,Electric_Vehicle_3,8.0,83.5,,
1,Electric_Vehicle_3,7.0,83.5,,
1,Electric_Vehicle_3,6.0,83.5,,
1,Electric_Vehicle_3,5.0,83.5,,
1,Electric_Vehicle_3,4.0,83.5,,
1,Electric_Vehicle_3,3.0,83.5,,
1,Electric_Vehicle_3,2.0,83.5,,
1,Electric_Vehicle_3,1.0,83.5,,
1,Electric_Vehicle_3,0.0,83.5,,
3,,,,,
3,,,,,
3,,,,,
3,,,,,
3,,,,,
3,,,,,
3,,,,,
3,,,,,
3,,,,,
3,,,,,
3,,,,,
2,Electric_Vehicle_3,,,0.0,48.7
1,Electric_Vehicle_3,12.0,72.7,,
1,Electric_Vehicle_3,11.0,72.7,,
1,Electric_Vehicle_3,10.0,72.7,,
1,Electric_Vehicle_3,9.0,72.7,,
1,Electric_Vehicle_3,8.0,72.7,,
1,Electric_Vehicle_3,7.0,72.7,,
1,Electric_Vehicle_3,6.0,72.7,,
1,Electric_Vehicle_3,5.0,72.7,,
1,Electric_Vehicle_3,4.0,72.7,,
1,Electric_Vehicle_3,3.0,72.7,,
1,Electric_Vehicle_3,2.0,72.7,,
1,Electric_Vehicle_3,1.0,72.7,,
1,Electric_Vehicle_3,0.0,72.7,,
3,,,,,
3,,,,,
3,,,,,
3,,,,,
3,,,,,
3,,,,,
3,,,,,
3,,,,,
2,Electric_Vehicle_3,,,0.0,53.1
1,Electric_Vehicle_3,18.0,78.3,,
1,Electric_Vehicle_3,17.0,78.3,,
1,Electric_Vehicle_3,16.0,78.3,,
1,Electric_Vehicle_3,15.0,78.3,,
1,Electric_Vehicle_3,14.0,78.3,,
1,Electric_Vehicle_3,13.0,78.3,,
1,Electric_Vehicle_3,12.0,78.3,,
1,Electric_Vehicle_3,11.0,78.3,,
1,Electric_Vehicle_3,10.0,78.3,,
1,Electric_Vehicle_3,9.0,78.3,,
1,Electric_Vehicle_3,8.0,78.3,,
1,Electric_Vehicle_3,7.0,78.3,,
1,Electric_Vehicle_3,6.0,78.3,,
1,Electric_Vehicle_3,5.0,78.3,,
1,Electric_Vehicle_3,4.0,78.3,,
1,Electric_Vehicle_3,3.0,78.3,,
1,Electric_Vehicle_3,2.0,78.3,,
1,Electric_Vehicle_3,1.0,78.3,,
1,Electric_Vehicle_3,0.0,78.3,,
3,,,,,
3,,,,,
3,,,,,
2,Electric_Vehicle_3,,,0.0,36.8
1,Electric_Vehicle_3,17.0,76.2,,
1,Electric_Vehicle_3,16.0,76.2,,
1,Electric_Vehicle_3,15.0,76.2,,
1,Electric_Vehicle_3,14.0,76.2,,
1,Electric_Vehicle_3,13.0,76.2,,
1,Electric_Vehicle_3,12.0,76.2,,
1,Electric_Vehicle_3,11.0,76.2,,
1,Electric_Vehicle_3,10.0,76.2,,
1,Electric_Vehicle_3,9.0,76.2,,
1,Electric_Vehicle_3,8.0,76.2,,
1,Electric_Vehicle_3,7.0,76.2,,
1,Electric_Vehicle_3,6.0,76.2,,
1,Electric_Vehicle_3,5.0,76.2,,
1,Electric_Vehicle_3,4.0,76.2,,
1,Electric_Vehicle_3,3.0,76.2,,
1,Electric_Vehicle_3,2.0,76.2,,
1,Electric_Vehicle_3,1.0,76.2,,
1,Electric_Vehicle_3,0.0,76.2,,
3,,,,,
3,,,,,
3,,,,,
3,,,,,
2,Electric_Vehicle_3,,,0.0,36.3
1,Electric_Vehicle_3,15.0,77.7,,
1,Electric_Vehicle_3,14.0,77.7,,
1,Electric_Vehicle_3,13.0,77.7,,
1,Electric_Vehicle_3,12.0,77.7,,
1,Electric_Vehicle_3,11.0,77.7,,
1,Electric_Vehicle_3,10.0,77.7,,
1,Electric_Vehicle_3,9.0,77.7,,
1,Electric_Vehicle_3,8.0,77.7,,
1,Electric_Vehicle_3,7.0,77.7,,
1,Electric_Vehicle_3,6.0,77.7,,
1,Electric_Vehicle_3,5.0,77.7,,
1,Electric_Vehicle_3,4.0,77.7,,
1,Electric_Vehicle_3,3.0,77.7,,
1,Electric_Vehicle_3,2.0,77.7,,
1,Electric_Vehicle_3,1.0,77.7,,
1,Electric_Vehicle_3,0.0,77.7,,
3,,,,,
3,,,,,
3,,,,,
3,,,,,
3,,,,,
3,,,,,
3,,,,,
3,,,,,
3,,,,,
3,,,,,
3,,,,,
2,Electric_Vehicle_3,,,0.0,39.7
1,Electric_Vehicle_3,11.0,73.6,,
1,Electric_Vehicle_3,10.0,73.6,,
1,Electric_Vehicle_3,9.0,73.6,,
1,Electric_Vehicle_3,8.0,73.6,,
1,Electric_Vehicle_3,7.0,73.6,,
1,Electric_Vehicle_3,6.0,73.6,,
1,Electric_Vehicle_3,5.0,73.6,,
1,Electric_Vehicle_3,4.0,73.6,,
1,Electric_Vehicle_3,3.0,73.6,,
1,Electric_Vehicle_3,2.0,73.6,,
1,Electric_Vehicle_3,1.0,73.6,,
1,Electric_Vehicle_3,0.0,73.6,,
3,,,,,
3,,,,,
3,,,,,
3,,,,,
3,,,,,
3,,,,,
3,,,,,
3,,,,,
3,,,,,
3,,,,,
2,Electric_Vehicle_3,,,0.0,31.9
1,Electric_Vehicle_3,13.0,73.3,,
1,Electric_Vehicle_3,12.0,73.3,,
1,Electric_Vehicle_3,11.0,73.3,,
1,Electric_Vehicle_3,10.0,73.3,,
1,Electric_Vehicle_3,9.0,73.3,,
1,Electric_Vehicle_3,8.0,73.3,,
1,Electric_Vehicle_3,7.0,73.3,,
1,Electric_Vehicle_3,6.0,73.3,,
1,Electric_Vehicle_3,5.0,73.3,,
1,Electric_Vehicle_3,4.0,73.3,,
1,Electric_Vehicle_3,3.0,73.3,,
1,Electric_Vehicle_3,2.0,73.3,,
1,Electric_Vehicle_3,1.0,73.3,,
1,Electric_Vehicle_3,0.0,73.3,,
3,,,,,
3,,,,,
3,,,,,
3,,,,,
3,,,,,
3,,,,,
3,,,,,
3,,,,,
2,Electric_Vehicle_3,,,0.0,38.5
1,Electric_Vehicle_3,14.0,82.7,,
1,Electric_Vehicle_3,13.0,82.7,,
1,Electric_Vehicle_3,12.0,82.7,,
1,Electric_Vehicle_3,11.0,82.7,,
1,Electric_Vehicle_3,10.0,82.7,,
1,Electric_Vehicle_3,9.0,82.7,,
1,Electric_Vehicle_3,8.0,82.7,,
1,Electric_Vehicle_3,7.0,82.7,,
1,Electric_Vehicle_3,6.0,82.7,,
1,Electric_Vehicle_3,5.0,82.7,,
1,Electric_Vehicle_3,4.0,82.7,,
1,Electric_Vehicle_3,3.0,82.7,,
1,Electric_Vehicle_3,2.0,82.7,,
1,Electric_Vehicle_3,1.0,82.7,,
1,Electric_Vehicle_3,0.0,82.7,,
3,,,,,
3,,,,,
3,,,,,
3,,,,,
3,,,,,
3,,,,,
3,,,,,
3,,,,,
3,,,,,
3,,,,,
2,Electric_Vehicle_3,,,0.0,22.9
1,Electric_Vehicle_3,11.0,73.7,,
1,Electric_Vehicle_3,10.0,73.7,,
1,Electric_Vehicle_3,9.0,73.7,,
1,Electric_Vehicle_3,8.0,73.7,,
1,Electric_Vehicle_3,7.0,73.7,,
1,Electric_Vehicle_3,6.0,73.7,,
1,Electric_Vehicle_3,5.0,73.7,,
1,Electric_Vehicle_3,4.0,73.7,,
1,Electric_Vehicle_3,3.0,73.7,,
1,Electric_Vehicle_3,2.0,73.7,,
1,Electric_Vehicle_3,1.0,73.7,,
1,Electric_Vehicle_3,0.0,73.7,,
3,,,,,
3,,,,,
3,,,,,
3,,,,,
3,,,,,
3,,,,,
3,,,,,
3,,,,,
3,,,,,
3,,,,,
3,,,,,
2,Electric_Vehicle_3,,,0.0,24.8
1,Electric_Vehicle_3,14.0,88.5,,
1,Electric_Vehicle_3,13.0,88.5,,
1,Electric_Vehicle_3,12.0,88.5,,
1,Electric_Vehicle_3,11.0,88.5,,
1,Electric_Vehicle_3,10.0,88.5,,
1,Electric_Vehicle_3,9.0,88.5,,
1,Electric_Vehicle_3,8.0,88.5,,
1,Electric_Vehicle_3,7.0,88.5,,
1,Electric_Vehicle_3,6.0,88.5,,
1,Electric_Vehicle_3,5.0,88.5,,
1,Electric_Vehicle_3,4.0,88.5,,
1,Electric_Vehicle_3,3.0,88.5,,
1,Electric_Vehicle_3,2.0,88.5,,
1,Electric_Vehicle_3,1.0,88.5,,
1,Electric_Vehicle_3,0.0,88.5,,
3,,,,,
3,,,,,
3,,,,,
3,,,,,
3,,,,,
2,Electric_Vehicle_3,,,0.0,46.6
1,Electric_Vehicle_3,39.0,84.3,,
1,Electric_Vehicle_3,38.0,84.3,,
1,Electric_Vehicle_3,37.0,84.3,,
1,Electric_Vehicle_3,36.0,84.3,,
1,Electric_Vehicle_3,35.0,84.3,,
1,Electric_Vehicle_3,34.0,84.3,,
1,Electric_Vehicle_3,33.0,84.3,,
1,Electric_Vehicle_3,32.0,84.3,,
1,Electric_Vehicle_3,31.0,84.3,,
1,Electric_Vehicle_3,30.0,84.3,,
1,Electric_Vehicle_3,29.0,84.3,,
1,Electric_Vehicle_3,28.0,84.3,,
1,Electric_Vehicle_3,27.0,84.3,,
1,Electric_Vehicle_3,26.0,84.3,,
1,Electric_Vehicle_3,25.0,84.3,,
1,Electric_Vehicle_3,24.0,84.3,,
1,Electric_Vehicle_3,23.0,84.3,,
1,Electric_Vehicle_3,22.0,84.3,,
1,Electric_Vehicle_3,21.0,84.3,,
1,Electric_Vehicle_3,20.0,84.3,,
1,Electric_Vehicle_3,19.0,84.3,,
1,Electric_Vehicle_3,18.0,84.3,,
1,Electric_Vehicle_3,17.0,84.3,,
1,Electric_Vehicle_3,16.0,84.3,,
1,Electric_Vehicle_3,15.0,84.3,,
1,Electric_Vehicle_3,14.0,84.3,,
1,Electric_Vehicle_3,13.0,84.3,,
1,Electric_Vehicle_3,12.0,84.3,,
1,Electric_Vehicle_3,11.0,84.3,,
1,Electric_Vehicle_3,10.0,84.3,,
1,Electric_Vehicle_3,9.0,84.3,,
1,Electric_Vehicle_3,8.0,84.3,,
1,Electric_Vehicle_3,7.0,84.3,,
1,Electric_Vehicle_3,6.0,84.3,,
1,Electric_Vehicle_3,5.0,84.3,,
1,Electric_Vehicle_3,4.0,84.3,,
1,Electric_Vehicle_3,3.0,84.3,,
1,Electric_Vehicle_3,2.0,84.3,,
1,Electric_Vehicle_3,1.0,84.3,,
1,Electric_Vehicle_3,0.0,84.3,,
3,,,,,
3,,,,,
3,,,,,
3,,,,,
3,,,,,
3,,,,,
3,,,,,
3,,,,,
3,,,,,
2,Electric_Vehicle_3,,,0.0,38.4
1,Electric_Vehicle_3,36.0,77.7,,
1,Electric_Vehicle_3,35.0,77.7,,
1,Electric_Vehicle_3,34.0,77.7,,
1,Electric_Vehicle_3,33.0,77.7,,
1,Electric_Vehicle_3,32.0,77.7,,
1,Electric_Vehicle_3,31.0,77.7,,
1,Electric_Vehicle_3,30.0,77.7,,
1,Electric_Vehicle_3,29.0,77.7,,
1,Electric_Vehicle_3,28.0,77.7,,
1,Electric_Vehicle_3,27.0,77.7,,
1,Electric_Vehicle_3,26.0,77.7,,
1,Electric_Vehicle_3,25.0,77.7,,
1,Electric_Vehicle_3,24.0,77.7,,
1,Electric_Vehicle_3,23.0,77.7,,
1,Electric_Vehicle_3,22.0,77.7,,
1,Electric_Vehicle_3,21.0,77.7,,
1,Electric_Vehicle_3,20.0,77.7,,
1,Electric_Vehicle_3,19.0,77.7,,
1,Electric_Vehicle_3,18.0,77.7,,
1,Electric_Vehicle_3,17.0,77.7,,
1,Electric_Vehicle_3,16.0,77.7,,
1,Electric_Vehicle_3,15.0,77.7,,
1,Electric_Vehicle_3,14.0,77.7,,
1,Electric_Vehicle_3,13.0,77.7,,
1,Electric_Vehicle_3,12.0,77.7,,
1,Electric_Vehicle_3,11.0,77.7,,
1,Electric_Vehicle_3,10.0,77.7,,
1,Electric_Vehicle_3,9.0,77.7,,
1,Electric_Vehicle_3,8.0,77.7,,
1,Electric_Vehicle_3,7.0,77.7,,
1,Electric_Vehicle_3,6.0,77.7,,
1,Electric_Vehicle_3,5.0,77.7,,
1,Electric_Vehicle_3,4.0,77.7,,
1,Electric_Vehicle_3,3.0,77.7,,
1,Electric_Vehicle_3,2.0,77.7,,
1,Electric_Vehicle_3,1.0,77.7,,
1,Electric_Vehicle_3,0.0,77.7,,
3,,,,,
3,,,,,
3,,,,,
3,,,,,
3,,,,,
3,,,,,
3,,,,,
3,,,,,
3,,,,,
3,,,,,
3,,,,,
2,Electric_Vehicle_3,,,0.0,23.4
1,Electric_Vehicle_3,13.0,85.6,,
1,Electric_Vehicle_3,12.0,85.6,,
1,Electric_Vehicle_3,11.0,85.6,,
1,Electric_Vehicle_3,10.0,85.6,,
1,Electric_Vehicle_3,9.0,85.6,,
1,Electric_Vehicle_3,8.0,85.6,,
1,Electric_Vehicle_3,7.0,85.6,,
1,Electric_Vehicle_3,6.0,85.6,,
1,Electric_Vehicle_3,5.0,85.6,,
1,Electric_Vehicle_3,4.0,85.6,,
1,Electric_Vehicle_3,3.0,85.6,,
1,Electric_Vehicle_3,2.0,85.6,,
1,Electric_Vehicle_3,1.0,85.6,,
1,Electric_Vehicle_3,0.0,85.6,,
3,,,,,
3,,,,,
3,,,,,
3,,,,,
3,,,,,
3,,,,,
2,Electric_Vehicle_3,,,0.0,47.9
1,Electric_Vehicle_3,16.0,73.7,,
1,Electric_Vehicle_3,15.0,73.7,,
1,Electric_Vehicle_3,14.0,73.7,,
1,Electric_Vehicle_3,13.0,73.7,,
1,Electric_Vehicle_3,12.0,73.7,,
1,Electric_Vehicle_3,11.0,73.7,,
1,Electric_Vehicle_3,10.0,73.7,,
1,Electric_Vehicle_3,9.0,73.7,,
1,Electric_Vehicle_3,8.0,73.7,,
1,Electric_Vehicle_3,7.0,73.7,,
1,Electric_Vehicle_3,6.0,73.7,,
1,Electric_Vehicle_3,5.0,73.7,,
1,Electric_Vehicle_3,4.0,73.7,,
1,Electric_Vehicle_3,3.0,73.7,,
1,Electric_Vehicle_3,2.0,73.7,,
1,Electric_Vehicle_3,1.0,73.7,,
1,Electric_Vehicle_3,0.0,73.7,,
3,,,,,
3,,,,,
3,,,,,
3,,,,,
3,,,,,
3,,,,,
3,,,,,
3,,,,,
2,Electric_Vehicle_3,,,0.0,31.8
1,Electric_Vehicle_3,12.0,80.6,,
1,Electric_Vehicle_3,11.0,80.6,,
1,Electric_Vehicle_3,10.0,80.6,,
1,Electric_Vehicle_3,9.0,80.6,,
1,Electric_Vehicle_3,8.0,80.6,,
1,Electric_Vehicle_3,7.0,80.6,,
1,Electric_Vehicle_3,6.0,80.6,,
1,Electric_Vehicle_3,5.0,80.6,,
1,Electric_Vehicle_3,4.0,80.6,,
1,Electric_Vehicle_3,3.0,80.6,,
1,Electric_Vehicle_3,2.0,80.6,,
1,Electric_Vehicle_3,1.0,80.6,,
1,Electric_Vehicle_3,0.0,80.6,,
3,,,,,
3,,,,,
3,,,,,
3,,,,,
3,,,,,
3,,,,,
3,,,,,
2,Electric_Vehicle_3,,,0.0,39.9
1,Electric_Vehicle_3,15.0,84.9,,
1,Electric_Vehicle_3,14.0,84.9,,
1,Electric_Vehicle_3,13.0,84.9,,
1,Electric_Vehicle_3,12.0,84.9,,
1,Electric_Vehicle_3,11.0,84.9,,
1,Electric_Vehicle_3,10.0,84.9,,
1,Electric_Vehicle_3,9.0,84.9,,
1,Electric_Vehicle_3,8.0,84.9,,
1,Electric_Vehicle_3,7.0,84.9,,
1,Electric_Vehicle_3,6.0,84.9,,
1,Electric_Vehicle_3,5.0,84.9,,
1,Electric_Vehicle_3,4.0,84.9,,
1,Electric_Vehicle_3,3.0,84.9,,
1,Electric_Vehicle_3,2.0,84.9,,
1,Electric_Vehicle_3,1.0,84.9,,
1,Electric_Vehicle_3,0.0,84.9,,
3,,,,,
3,,,,,
3,,,,,
3,,,,,
3,,,,,
3,,,,,
3,,,,,
3,,,,,
3,,,,,
3,,,,,
2,Electric_Vehicle_3,,,0.0,31.2
1,Electric_Vehicle_3,12.0,83.5,,
1,Electric_Vehicle_3,11.0,83.5,,
1,Electric_Vehicle_3,10.0,83.5,,
1,Electric_Vehicle_3,9.0,83.5,,
1,Electric_Vehicle_3,8.0,83.5,,
1,Electric_Vehicle_3,7.0,83.5,,
1,Electric_Vehicle_3,6.0,83.5,,
1,Electric_Vehicle_3,5.0,83.5,,
1,Electric_Vehicle_3,4.0,83.5,,
1,Electric_Vehicle_3,3.0,83.5,,
1,Electric_Vehicle_3,2.0,83.5,,
1,Electric_Vehicle_3,1.0,83.5,,
1,Electric_Vehicle_3,0.0,83.5,,
3,,,,,
3,,,,,
3,,,,,
3,,,,,
3,,,,,
3,,,,,
3,,,,,
3,,,,,
3,,,,,
3,,,,,
3,,,,,
2,Electric_Vehicle_3,,,0.0,46.0
1,Electric_Vehicle_3,11.0,74.7,,
1,Electric_Vehicle_3,10.0,74.7,,
1,Electric_Vehicle_3,9.0,74.7,,
1,Electric_Vehicle_3,8.0,74.7,,
1,Electric_Vehicle_3,7.0,74.7,,
1,Electric_Vehicle_3,6.0,74.7,,
1,Electric_Vehicle_3,5.0,74.7,,
1,Electric_Vehicle_3,4.0,74.7,,
1,Electric_Vehicle_3,3.0,74.7,,
1,Electric_Vehicle_3,2.0,74.7,,
1,Electric_Vehicle_3,1.0,74.7,,
1,Electric_Vehicle_3,0.0,74.7,,
3,,,,,
3,,,,,
3,,,,,
3,,,,,
3,,,,,
3,,,,,
3,,,,,
2,Electric_Vehicle_3,,,0.0,46.7
1,Electric_Vehicle_3,15.0,72.1,,
1,Electric_Vehicle_3,14.0,72.1,,
1,Electric_Vehicle_3,13.0,72.1,,
1,Electric_Vehicle_3,12.0,72.1,,
1,Electric_Vehicle_3,11.0,72.1,,
1,Electric_Vehicle_3,10.0,72.1,,
1,Electric_Vehicle_3,9.0,72.1,,
1,Electric_Vehicle_3,8.0,72.1,,
1,Electric_Vehicle_3,7.0,72.1,,
1,Electric_Vehicle_3,6.0,72.1,,
1,Electric_Vehicle_3,5.0,72.1,,
1,Electric_Vehicle_3,4.0,72.1,,
1,Electric_Vehicle_3,3.0,72.1,,
1,Electric_Vehicle_3,2.0,72.1,,
1,Electric_Vehicle_3,1.0,72.1,,
1,Electric_Vehicle_3,0.0,72.1,,
3,,,,,
3,,,,,
3,,,,,
3,,,,,
3,,,,,
3,,,,,
3,,,,,
3,,,,,
3,,,,,
3,,,,,
2,Electric_Vehicle_3,,,0.0,28.8
1,Electric_Vehicle_3,13.0,87.7,,
1,Electric_Vehicle_3,12.0,87.7,,
1,Electric_Vehicle_3,11.0,87.7,,
1,Electric_Vehicle_3,10.0,87.7,,
1,Electric_Vehicle_3,9.0,87.7,,
1,Electric_Vehicle_3,8.0,87.7,,
1,Electric_Vehicle_3,7.0,87.7,,
1,Electric_Vehicle_3,6.0,87.7,,
1,Electric_Vehicle_3,5.0,87.7,,
1,Electric_Vehicle_3,4.0,87.7,,
1,Electric_Vehicle_3,3.0,87.7,,
1,Electric_Vehicle_3,2.0,87.7,,
1,Electric_Vehicle_3,1.0,87.7,,
1,Electric_Vehicle_3,0.0,87.7,,
3,,,,,
3,,,,,
3,,,,,
3,,,,,
3,,,,,
3,,,,,
3,,,,,
3,,,,,
3,,,,,
2,Electric_Vehicle_3,,,0.0,27.9
1,Electric_Vehicle_3,12.0,81.7,,
1,Electric_Vehicle_3,11.0,81.7,,
1,Electric_Vehicle_3,10.0,81.7,,
1,Electric_Vehicle_3,9.0,81.7,,
1,Electric_Vehicle_3,8.0,81.7,,
1,Electric_Vehicle_3,7.0,81.7,,
1,Electric_Vehicle_3,6.0,81.7,,
1,Electric_Vehicle_3,5.0,81.7,,
1,Electric_Vehicle_3,4.0,81.7,,
1,Electric_Vehicle_3,3.0,81.7,,
1,Electric_Vehicle_3,2.0,81.7,,
1,Electric_Vehicle_3,1.0,81.7,,
1,Electric_Vehicle_3,0.0,81.7,,
3,,,,,
3,,,,,
3,,,,,
3,,,,,
3,,,,,
3,,,,,
3,,,,,
3,,,,,
3,,,,,
3,,,,,
3,,,,,
2,Electric_Vehicle_3,,,0.0,21.9
1,Electric_Vehicle_3,37.0,75.2,,
1,Electric_Vehicle_3,36.0,75.2,,
1,Electric_Vehicle_3,35.0,75.2,,
1,Electric_Vehicle_3,34.0,75.2,,
1,Electric_Vehicle_3,33.0,75.2,,
1,Electric_Vehicle_3,32.0,75.2,,
1,Electric_Vehicle_3,31.0,75.2,,
1,Electric_Vehicle_3,30.0,75.2,,
1,Electric_Vehicle_3,29.0,75.2,,
1,Electric_Vehicle_3,28.0,75.2,,
1,Electric_Vehicle_3,27.0,75.2,,
1,Electric_Vehicle_3,26.0,75.2,,
1,Electric_Vehicle_3,25.0,75.2,,
1,Electric_Vehicle_3,24.0,75.2,,
1,Electric_Vehicle_3,23.0,75.2,,
1,Electric_Vehicle_3,22.0,75.2,,
1,Electric_Vehicle_3,21.0,75.2,,
1,Electric_Vehicle_3,20.0,75.2,,
1,Electric_Vehicle_3,19.0,75.2,,
1,Electric_Vehicle_3,18.0,75.2,,
1,Electric_Vehicle_3,17.0,75.2,,
1,Electric_Vehicle_3,16.0,75.2,,
1,Electric_Vehicle_3,15.0,75.2,,
1,Electric_Vehicle_3,14.0,75.2,,
1,Electric_Vehicle_3,13.0,75.2,,
1,Electric_Vehicle_3,12.0,75.2,,
1,Electric_Vehicle_3,11.0,75.2,,
1,Electric_Vehicle_3,10.0,75.2,,
1,Electric_Vehicle_3,9.0,75.2,,
1,Electric_Vehicle_3,8.0,75.2,,
1,Electric_Vehicle_3,7.0,75.2,,
1,Electric_Vehicle_3,6.0,75.2,,
1,Electric_Vehicle_3,5.0,75.2,,
1,Electric_Vehicle_3,4.0,75.2,,
1,Electric_Vehicle_3,3.0,75.2,,
1,Electric_Vehicle_3,2.0,75.2,,
1,Electric_Vehicle_3,1.0,75.2,,
1,Electric_Vehicle_3,0.0,75.2,,
3,,,,,
3,,,,,
3,,,,,
3,,,,,
2,Electric_Vehicle_3,,,0.0,43.9
1,Electric_Vehicle_3,18.0,85.1,,
1,Electric_Vehicle_3,17.0,85.1,,
1,Electric_Vehicle_3,16.0,85.1,,
1,Electric_Vehicle_3,15.0,85.1,,
1,Electric_Vehicle_3,14.0,85.1,,
1,Electric_Vehicle_3,13.0,85.1,,
1,Electric_Vehicle_3,12.0,85.1,,
1,Electric_Vehicle_3,11.0,85.1,,
1,Electric_Vehicle_3,10.0,85.1,,
1,Electric_Vehicle_3,9.0,85.1,,
1,Electric_Vehicle_3,8.0,85.1,,
1,Electric_Vehicle_3,7.0,85.1,,
1,Electric_Vehicle_3,6.0,85.1,,
1,Electric_Vehicle_3,5.0,85.1,,
1,Electric_Vehicle_3,4.0,85.1,,
1,Electric_Vehicle_3,3.0,85.1,,
1,Electric_Vehicle_3,2.0,85.1,,
1,Electric_Vehicle_3,1.0,85.1,,
1,Electric_Vehicle_3,0.0,85.1,,
3,,,,,
3,,,,,
3,,,,,
3,,,,,
3,,,,,
3,,,,,
2,Electric_Vehicle_3,,,0.0,35.5
1,Electric_Vehicle_3,15.0,88.1,,
1,Electric_Vehicle_3,14.0,88.1,,
1,Electric_Vehicle_3,13.0,88.1,,
1,Electric_Vehicle_3,12.0,88.1,,
1,Electric_Vehicle_3,11.0,88.1,,
1,Electric_Vehicle_3,10.0,88.1,,
1,Electric_Vehicle_3,9.0,88.1,,
1,Electric_Vehicle_3,8.0,88.1,,
1,Electric_Vehicle_3,7.0,88.1,,
1,Electric_Vehicle_3,6.0,88.1,,
1,Electric_Vehicle_3,5.0,88.1,,
1,Electric_Vehicle_3,4.0,88.1,,
1,Electric_Vehicle_3,3.0,88.1,,
1,Electric_Vehicle_3,2.0,88.1,,
1,Electric_Vehicle_3,1.0,88.1,,
1,Electric_Vehicle_3,0.0,88.1,,
3,,,,,
3,,,,,
3,,,,,
3,,,,,
3,,,,,
3,,,,,
3,,,,,
3,,,,,
3,,,,,
2,Electric_Vehicle_3,,,0.0,37.8
1,Electric_Vehicle_3,13.0,82.6,,
1,Electric_Vehicle_3,12.0,82.6,,
1,Electric_Vehicle_3,11.0,82.6,,
1,Electric_Vehicle_3,10.0,82.6,,
1,Electric_Vehicle_3,9.0,82.6,,
1,Electric_Vehicle_3,8.0,82.6,,
1,Electric_Vehicle_3,7.0,82.6,,
1,Electric_Vehicle_3,6.0,82.6,,
1,Electric_Vehicle_3,5.0,82.6,,
1,Electric_Vehicle_3,4.0,82.6,,
1,Electric_Vehicle_3,3.0,82.6,,
1,Electric_Vehicle_3,2.0,82.6,,
1,Electric_Vehicle_3,1.0,82.6,,
1,Electric_Vehicle_3,0.0,82.6,,
3,,,,,
3,,,,,
3,,,,,
3,,,,,
3,,,,,
3,,,,,
3,,,,,
3,,,,,
3,,,,,
3,,,,,
2,Electric_Vehicle_3,,,0.0,49.4
1,Electric_Vehicle_3,12.0,70.7,,
1,Electric_Vehicle_3,11.0,70.7,,
1,Electric_Vehicle_3,10.0,70.7,,
1,Electric_Vehicle_3,9.0,70.7,,
1,Electric_Vehicle_3,8.0,70.7,,
1,Electric_Vehicle_3,7.0,70.7,,
1,Electric_Vehicle_3,6.0,70.7,,
1,Electric_Vehicle_3,5.0,70.7,,
1,Electric_Vehicle_3,4.0,70.7,,
1,Electric_Vehicle_3,3.0,70.7,,
1,Electric_Vehicle_3,2.0,70.7,,
1,Electric_Vehicle_3,1.0,70.7,,
1,Electric_Vehicle_3,0.0,70.7,,
3,,,,,
3,,,,,
3,,,,,
3,,,,,
3,,,,,
3,,,,,
3,,,,,
3,,,,,
3,,,,,
2,Electric_Vehicle_3,,,0.0,25.3
1,Electric_Vehicle_3,14.0,85.4,,
1,Electric_Vehicle_3,13.0,85.4,,
1,Electric_Vehicle_3,12.0,85.4,,
1,Electric_Vehicle_3,11.0,85.4,,
1,Electric_Vehicle_3,10.0,85.4,,
1,Electric_Vehicle_3,9.0,85.4,,
1,Electric_Vehicle_3,8.0,85.4,,
1,Electric_Vehicle_3,7.0,85.4,,
1,Electric_Vehicle_3,6.0,85.4,,
1,Electric_Vehicle_3,5.0,85.4,,
1,Electric_Vehicle_3,4.0,85.4,,
1,Electric_Vehicle_3,3.0,85.4,,
1,Electric_Vehicle_3,2.0,85.4,,
1,Electric_Vehicle_3,1.0,85.4,,
1,Electric_Vehicle_3,0.0,85.4,,
3,,,,,
3,,,,,
3,,,,,
3,,,,,
3,,,,,
3,,,,,
3,,,,,
3,,,,,
3,,,,,
3,,,,,
2,Electric_Vehicle_3,,,0.0,37.2
1,Electric_Vehicle_3,36.0,73.7,,
1,Electric_Vehicle_3,35.0,73.7,,
1,Electric_Vehicle_3,34.0,73.7,,
1,Electric_Vehicle_3,33.0,73.7,,
1,Electric_Vehicle_3,32.0,73.7,,
1,Electric_Vehicle_3,31.0,73.7,,
1,Electric_Vehicle_3,30.0,73.7,,
1,Electric_Vehicle_3,29.0,73.7,,
1,Electric_Vehicle_3,28.0,73.7,,
1,Electric_Vehicle_3,27.0,73.7,,
1,Electric_Vehicle_3,26.0,73.7,,
1,Electric_Vehicle_3,25.0,73.7,,
1,Electric_Vehicle_3,24.0,73.7,,
1,Electric_Vehicle_3,23.0,73.7,,
1,Electric_Vehicle_3,22.0,73.7,,
1,Electric_Vehicle_3,21.0,73.7,,
1,Electric_Vehicle_3,20.0,73.7,,
1,Electric_Vehicle_3,19.0,73.7,,
1,Electric_Vehicle_3,18.0,73.7,,
1,Electric_Vehicle_3,17.0,73.7,,
1,Electric_Vehicle_3,16.0,73.7,,
1,Electric_Vehicle_3,15.0,73.7,,
1,Electric_Vehicle_3,14.0,73.7,,
1,Electric_Vehicle_3,13.0,73.7,,
1,Electric_Vehicle_3,12.0,73.7,,
1,Electric_Vehicle_3,11.0,73.7,,
1,Electric_Vehicle_3,10.0,73.7,,
1,Electric_Vehicle_3,9.0,73.7,,
1,Electric_Vehicle_3,8.0,73.7,,
1,Electric_Vehicle_3,7.0,73.7,,
1,Electric_Vehicle_3,6.0,73.7,,
1,Electric_Vehicle_3,5.0,73.7,,
1,Electric_Vehicle_3,4.0,73.7,,
1,Electric_Vehicle_3,3.0,73.7,,
1,Electric_Vehicle_3,2.0,73.7,,
1,Electric_Vehicle_3,1.0,73.7,,
1,Electric_Vehicle_3,0.0,73.7,,
3,,,,,
3,,,,,
3,,,,,
3,,,,,
2,Electric_Vehicle_3,,,0.0,36.9
1,Electric_Vehicle_3,17.0,77.4,,
1,Electric_Vehicle_3,16.0,77.4,,
1,Electric_Vehicle_3,15.0,77.4,,
1,Electric_Vehicle_3,14.0,77.4,,
1,Electric_Vehicle_3,13.0,77.4,,
1,Electric_Vehicle_3,12.0,77.4,,
1,Electric_Vehicle_3,11.0,77.4,,
1,Electric_Vehicle_3,10.0,77.4,,
1,Electric_Vehicle_3,9.0,77.4,,
1,Electric_Vehicle_3,8.0,77.4,,
1,Electric_Vehicle_3,7.0,77.4,,
1,Electric_Vehicle_3,6.0,77.4,,
1,Electric_Vehicle_3,5.0,77.4,,
1,Electric_Vehicle_3,4.0,77.4,,
1,Electric_Vehicle_3,3.0,77.4,,
1,Electric_Vehicle_3,2.0,77.4,,
1,Electric_Vehicle_3,1.0,77.4,,
1,Electric_Vehicle_3,0.0,77.4,,
3,,,,,
3,,,,,
3,,,,,
3,,,,,
3,,,,,
3,,,,,
3,,,,,
3,,,,,
2,Electric_Vehicle_3,,,0.0,39.3
1,Electric_Vehicle_3,14.0,84.8,,
1,Electric_Vehicle_3,13.0,84.8,,
1,Electric_Vehicle_3,12.0,84.8,,
1,Electric_Vehicle_3,11.0,84.8,,
1,Electric_Vehicle_3,10.0,84.8,,
1,Electric_Vehicle_3,9.0,84.8,,
1,Electric_Vehicle_3,8.0,84.8,,
1,Electric_Vehicle_3,7.0,84.8,,
1,Electric_Vehicle_3,6.0,84.8,,
1,Electric_Vehicle_3,5.0,84.8,,
1,Electric_Vehicle_3,4.0,84.8,,
1,Electric_Vehicle_3,3.0,84.8,,
1,Electric_Vehicle_3,2.0,84.8,,
1,Electric_Vehicle_3,1.0,84.8,,
1,Electric_Vehicle_3,0.0,84.8,,
3,,,,,
3,,,,,
3,,,,,
3,,,,,
3,,,,,
3,,,,,
3,,,,,
3,,,,,
3,,,,,
2,Electric_Vehicle_3,,,0.0,29.5
1,Electric_Vehicle_3,14.0,79.0,,
1,Electric_Vehicle_3,13.0,79.0,,
1,Electric_Vehicle_3,12.0,79.0,,
1,Electric_Vehicle_3,11.0,79.0,,
1,Electric_Vehicle_3,10.0,79.0,,
1,Electric_Vehicle_3,9.0,79.0,,
1,Electric_Vehicle_3,8.0,79.0,,
1,Electric_Vehicle_3,7.0,79.0,,
1,Electric_Vehicle_3,6.0,79.0,,
1,Electric_Vehicle_3,5.0,79.0,,
1,Electric_Vehicle_3,4.0,79.0,,
1,Electric_Vehicle_3,3.0,79.0,,
1,Electric_Vehicle_3,2.0,79.0,,
1,Electric_Vehicle_3,1.0,79.0,,
1,Electric_Vehicle_3,0.0,79.0,,
3,,,,,
3,,,,,
3,,,,,
3,,,,,
3,,,,,
3,,,,,
3,,,,,
3,,,,,
3,,,,,
2,Electric_Vehicle_3,,,0.0,46.3
1,Electric_Vehicle_3,11.0,79.8,,
1,Electric_Vehicle_3,10.0,79.8,,
1,Electric_Vehicle_3,9.0,79.8,,
1,Electric_Vehicle_3,8.0,79.8,,
1,Electric_Vehicle_3,7.0,79.8,,
1,Electric_Vehicle_3,6.0,79.8,,
1,Electric_Vehicle_3,5.0,79.8,,
1,Electric_Vehicle_3,4.0,79.8,,
1,Electric_Vehicle_3,3.0,79.8,,
1,Electric_Vehicle_3,2.0,79.8,,
1,Electric_Vehicle_3,1.0,79.8,,
1,Electric_Vehicle_3,0.0,79.8,,
3,,,,,
3,,,,,
3,,,,,
3,,,,,
3,,,,,
3,,,,,
3,,,,,
3,,,,,
3,,,,,
2,Electric_Vehicle_3,,,0.0,27.4
1,Electric_Vehicle_3,14.0,82.6,,
1,Electric_Vehicle_3,13.0,82.6,,
1,Electric_Vehicle_3,12.0,82.6,,
1,Electric_Vehicle_3,11.0,82.6,,
1,Electric_Vehicle_3,10.0,82.6,,
1,Electric_Vehicle_3,9.0,82.6,,
1,Electric_Vehicle_3,8.0,82.6,,
1,Electric_Vehicle_3,7.0,82.6,,
1,Electric_Vehicle_3,6.0,82.6,,
1,Electric_Vehicle_3,5.0,82.6,,
1,Electric_Vehicle_3,4.0,82.6,,
1,Electric_Vehicle_3,3.0,82.6,,
1,Electric_Vehicle_3,2.0,82.6,,
1,Electric_Vehicle_3,1.0,82.6,,
1,Electric_Vehicle_3,0.0,82.6,,
3,,,,,
3,,,,,
3,,,,,
3,,,,,
3,,,,,
3,,,,,
3,,,,,
2,Electric_Vehicle_3,,,0.0,42.3
1,Electric_Vehicle_3,39.0,71.1,,
1,Electric_Vehicle_3,38.0,71.1,,
1,Electric_Vehicle_3,37.0,71.1,,
1,Electric_Vehicle_3,36.0,71.1,,
1,Electric_Vehicle_3,35.0,71.1,,
1,Electric_Vehicle_3,34.0,71.1,,
1,Electric_Vehicle_3,33.0,71.1,,
1,Electric_Vehicle_3,32.0,71.1,,
1,Electric_Vehicle_3,31.0,71.1,,
1,Electric_Vehicle_3,30.0,71.1,,
1,Electric_Vehicle_3,29.0,71.1,,
1,Electric_Vehicle_3,28.0,71.1,,
1,Electric_Vehicle_3,27.0,71.1,,
1,Electric_Vehicle_3,26.0,71.1,,
1,Electric_Vehicle_3,25.0,71.1,,
1,Electric_Vehicle_3,24.0,71.1,,
1,Electric_Vehicle_3,23.0,71.1,,
1,Electric_Vehicle_3,22.0,71.1,,
1,Electric_Vehicle_3,21.0,71.1,,
1,Electric_Vehicle_3,20.0,71.1,,
1,Electric_Vehicle_3,19.0,71.1,,
1,Electric_Vehicle_3,18.0,71.1,,
1,Electric_Vehicle_3,17.0,71.1,,
1,Electric_Vehicle_3,16.0,71.1,,
1,Electric_Vehicle_3,15.0,71.1,,
1,Electric_Vehicle_3,14.0,71.1,,
1,Electric_Vehicle_3,13.0,71.1,,
1,Electric_Vehicle_3,12.0,71.1,,
1,Electric_Vehicle_3,11.0,71.1,,
1,Electric_Vehicle_3,10.0,71.1,,
1,Electric_Vehicle_3,9.0,71.1,,
1,Electric_Vehicle_3,8.0,71.1,,
1,Electric_Vehicle_3,7.0,71.1,,
1,Electric_Vehicle_3,6.0,71.1,,
1,Electric_Vehicle_3,5.0,71.1,,
1,Electric_Vehicle_3,4.0,71.1,,
1,Electric_Vehicle_3,3.0,71.1,,
1,Electric_Vehicle_3,2.0,71.1,,
1,Electric_Vehicle_3,1.0,71.1,,
1,Electric_Vehicle_3,0.0,71.1,,
3,,,,,
3,,,,,
3,,,,,
3,,,,,
3,,,,,
2,Electric_Vehicle_3,,,0.0,29.8
1,Electric_Vehicle_3,16.0,79.0,,
1,Electric_Vehicle_3,15.0,79.0,,
1,Electric_Vehicle_3,14.0,79.0,,
1,Electric_Vehicle_3,13.0,79.0,,
1,Electric_Vehicle_3,12.0,79.0,,
1,Electric_Vehicle_3,11.0,79.0,,
1,Electric_Vehicle_3,10.0,79.0,,
1,Electric_Vehicle_3,9.0,79.0,,
1,Electric_Vehicle_3,8.0,79.0,,
1,Electric_Vehicle_3,7.0,79.0,,
1,Electric_Vehicle_3,6.0,79.0,,
1,Electric_Vehicle_3,5.0,79.0,,
1,Electric_Vehicle_3,4.0,79.0,,
1,Electric_Vehicle_3,3.0,79.0,,
1,Electric_Vehicle_3,2.0,79.0,,
1,Electric_Vehicle_3,1.0,79.0,,
1,Electric_Vehicle_3,0.0,79.0,,
3,,,,,
3,,,,,
3,,,,,
3,,,,,
3,,,,,
3,,,,,
3,,,,,
3,,,,,
3,,,,,
3,,,,,
3,,,,,
2,Electric_Vehicle_3,,,0.0,23.9
1,Electric_Vehicle_3,11.0,81.9,,
1,Electric_Vehicle_3,10.0,81.9,,
1,Electric_Vehicle_3,9.0,81.9,,
1,Electric_Vehicle_3,8.0,81.9,,
1,Electric_Vehicle_3,7.0,81.9,,
1,Electric_Vehicle_3,6.0,81.9,,
1,Electric_Vehicle_3,5.0,81.9,,
1,Electric_Vehicle_3,4.0,81.9,,
1,Electric_Vehicle_3,3.0,81.9,,
1,Electric_Vehicle_3,2.0,81.9,,
1,Electric_Vehicle_3,1.0,81.9,,
1,Electric_Vehicle_3,0.0,81.9,,
3,,,,,
3,,,,,
3,,,,,
3,,,,,
3,,,,,
3,,,,,
3,,,,,
3,,,,,
3,,,,,
3,,,,,
2,Electric_Vehicle_3,,,0.0,32.2
1,Electric_Vehicle_3,14.0,80.2,,
1,Electric_Vehicle_3,13.0,80.2,,
1,Electric_Vehicle_3,12.0,80.2,,
1,Electric_Vehicle_3,11.0,80.2,,
1,Electric_Vehicle_3,10.0,80.2,,
1,Electric_Vehicle_3,9.0,80.2,,
1,Electric_Vehicle_3,8.0,80.2,,
1,Electric_Vehicle_3,7.0,80.2,,
1,Electric_Vehicle_3,6.0,80.2,,
1,Electric_Vehicle_3,5.0,80.2,,
1,Electric_Vehicle_3,4.0,80.2,,
1,Electric_Vehicle_3,3.0,80.2,,
1,Electric_Vehicle_3,2.0,80.2,,
1,Electric_Vehicle_3,1.0,80.2,,
1,Electric_Vehicle_3,0.0,80.2,,
3,,,,,
3,,,,,
3,,,,,
3,,,,,
3,,,,,
3,,,,,
3,,,,,
3,,,,,
2,Electric_Vehicle_3,,,0.0,25.3
1,Electric_Vehicle_3,12.0,84.4,,
1,Electric_Vehicle_3,11.0,84.4,,
1,Electric_Vehicle_3,10.0,84.4,,
1,Electric_Vehicle_3,9.0,84.4,,
1,Electric_Vehicle_3,8.0,84.4,,
1,Electric_Vehicle_3,7.0,84.4,,
1,Electric_Vehicle_3,6.0,84.4,,
1,Electric_Vehicle_3,5.0,84.4,,
1,Electric_Vehicle_3,4.0,84.4,,
1,Electric_Vehicle_3,3.0,84.4,,
1,Electric_Vehicle_3,2.0,84.4,,
1,Electric_Vehicle_3,1.0,84.4,,
1,Electric_Vehicle_3,0.0,84.4,,
3,,,,,
3,,,,,
3,,,,,
3,,,,,
3,,,,,
3,,,,,
3,,,,,
2,Electric_Vehicle_3,,,0.0,43.3
1,Electric_Vehicle_3,15.0,80.6,,
1,Electric_Vehicle_3,14.0,80.6,,
1,Electric_Vehicle_3,13.0,80.6,,
1,Electric_Vehicle_3,12.0,80.6,,
1,Electric_Vehicle_3,11.0,80.6,,
1,Electric_Vehicle_3,10.0,80.6,,
1,Electric_Vehicle_3,9.0,80.6,,
1,Electric_Vehicle_3,8.0,80.6,,
1,Electric_Vehicle_3,7.0,80.6,,
1,Electric_Vehicle_3,6.0,80.6,,
1,Electric_Vehicle_3,5.0,80.6,,
1,Electric_Vehicle_3,4.0,80.6,,
1,Electric_Vehicle_3,3.0,80.6,,
1,Electric_Vehicle_3,2.0,80.6,,
1,Electric_Vehicle_3,1.0,80.6,,
1,Electric_Vehicle_3,0.0,80.6,,
3,,,,,
3,,,,,
3,,,,,
3,,,,,
3,,,,,
3,,,,,
3,,,,,
3,,,,,
3,,,,,
3,,,,,
3,,,,,
2,Electric_Vehicle_3,,,0.0,43.0
1,Electric_Vehicle_3,59.0,78.9,,
1,Electric_Vehicle_3,58.0,78.9,,
1,Electric_Vehicle_3,57.0,78.9,,
1,Electric_Vehicle_3,56.0,78.9,,
1,Electric_Vehicle_3,55.0,78.9,,
1,Electric_Vehicle_3,54.0,78.9,,
1,Electric_Vehicle_3,53.0,78.9,,
1,Electric_Vehicle_3,52.0,78.9,,
1,Electric_Vehicle_3,51.0,78.9,,
1,Electric_Vehicle_3,50.0,78.9,,
1,Electric_Vehicle_3,49.0,78.9,,
1,Electric_Vehicle_3,48.0,78.9,,
1,Electric_Vehicle_3,47.0,78.9,,
1,Electric_Vehicle_3,46.0,78.9,,
1,Electric_Vehicle_3,45.0,78.9,,
1,Electric_Vehicle_3,44.0,78.9,,
1,Electric_Vehicle_3,43.0,78.9,,
1,Electric_Vehicle_3,42.0,78.9,,
1,Electric_Vehicle_3,41.0,78.9,,
1,Electric_Vehicle_3,40.0,78.9,,
1,Electric_Vehicle_3,39.0,78.9,,
1,Electric_Vehicle_3,38.0,78.9,,
1,Electric_Vehicle_3,37.0,78.9,,
1,Electric_Vehicle_3,36.0,78.9,,
1,Electric_Vehicle_3,35.0,78.9,,
1,Electric_Vehicle_3,34.0,78.9,,
1,Electric_Vehicle_3,33.0,78.9,,
1,Electric_Vehicle_3,32.0,78.9,,
1,Electric_Vehicle_3,31.0,78.9,,
1,Electric_Vehicle_3,30.0,78.9,,
1,Electric_Vehicle_3,29.0,78.9,,
1,Electric_Vehicle_3,28.0,78.9,,
1,Electric_Vehicle_3,27.0,78.9,,
1,Electric_Vehicle_3,26.0,78.9,,
1,Electric_Vehicle_3,25.0,78.9,,
1,Electric_Vehicle_3,24.0,78.9,,
1,Electric_Vehicle_3,23.0,78.9,,
1,Electric_Vehicle_3,22.0,78.9,,
1,Electric_Vehicle_3,21.0,78.9,,
1,Electric_Vehicle_3,20.0,78.9,,
1,Electric_Vehicle_3,19.0,78.9,,
1,Electric_Vehicle_3,18.0,78.9,,
1,Electric_Vehicle_3,17.0,78.9,,
1,Electric_Vehicle_3,16.0,78.9,,
1,Electric_Vehicle_3,15.0,78.9,,
1,Electric_Vehicle_3,14.0,78.9,,
1,Electric_Vehicle_3,13.0,78.9,,
1,Electric_Vehicle_3,12.0,78.9,,
1,Electric_Vehicle_3,11.0,78.9,,
1,Electric_Vehicle_3,10.0,78.9,,
1,Electric_Vehicle_3,9.0,78.9,,
1,Electric_Vehicle_3,8.0,78.9,,
1,Electric_Vehicle_3,7.0,78.9,,
1,Electric_Vehicle_3,6.0,78.9,,
1,Electric_Vehicle_3,5.0,78.9,,
1,Electric_Vehicle_3,4.0,78.9,,
1,Electric_Vehicle_3,3.0,78.9,,
1,Electric_Vehicle_3,2.0,78.9,,
1,Electric_Vehicle_3,1.0,78.9,,
1,Electric_Vehicle_3,0.0,78.9,,
3,,,,,
3,,,,,
3,,,,,
3,,,,,
3,,,,,
3,,,,,
3,,,,,
3,,,,,
2,Electric_Vehicle_3,,,0.0,33.8
1,Electric_Vehicle_3,38.0,83.9,,
1,Electric_Vehicle_3,37.0,83.9,,
1,Electric_Vehicle_3,36.0,83.9,,
1,Electric_Vehicle_3,35.0,83.9,,
1,Electric_Vehicle_3,34.0,83.9,,
1,Electric_Vehicle_3,33.0,83.9,,
1,Electric_Vehicle_3,32.0,83.9,,
1,Electric_Vehicle_3,31.0,83.9,,
1,Electric_Vehicle_3,30.0,83.9,,
1,Electric_Vehicle_3,29.0,83.9,,
1,Electric_Vehicle_3,28.0,83.9,,
1,Electric_Vehicle_3,27.0,83.9,,
1,Electric_Vehicle_3,26.0,83.9,,
1,Electric_Vehicle_3,25.0,83.9,,
1,Electric_Vehicle_3,24.0,83.9,,
1,Electric_Vehicle_3,23.0,83.9,,
1,Electric_Vehicle_3,22.0,83.9,,
1,Electric_Vehicle_3,21.0,83.9,,
1,Electric_Vehicle_3,20.0,83.9,,
1,Electric_Vehicle_3,19.0,83.9,,
1,Electric_Vehicle_3,18.0,83.9,,
1,Electric_Vehicle_3,17.0,83.9,,
1,Electric_Vehicle_3,16.0,83.9,,
1,Electric_Vehicle_3,15.0,83.9,,
1,Electric_Vehicle_3,14.0,83.9,,
1,Electric_Vehicle_3,13.0,83.9,,
1,Electric_Vehicle_3,12.0,83.9,,
1,Electric_Vehicle_3,11.0,83.9,,
1,Electric_Vehicle_3,10.0,83.9,,
1,Electric_Vehicle_3,9.0,83.9,,
1,Electric_Vehicle_3,8.0,83.9,,
1,Electric_Vehicle_3,7.0,83.9,,
1,Electric_Vehicle_3,6.0,83.9,,
1,Electric_Vehicle_3,5.0,83.9,,
1,Electric_Vehicle_3,4.0,83.9,,
1,Electric_Vehicle_3,3.0,83.9,,
1,Electric_Vehicle_3,2.0,83.9,,
1,Electric_Vehicle_3,1.0,83.9,,
1,Electric_Vehicle_3,0.0,83.9,,
3,,,,,
3,,,,,
3,,,,,
3,,,,,
3,,,,,
3,,,,,
3,,,,,
2,Electric_Vehicle_3,,,0.0,35.1
1,Electric_Vehicle_3,15.0,77.5,,
1,Electric_Vehicle_3,14.0,77.5,,
1,Electric_Vehicle_3,13.0,77.5,,
1,Electric_Vehicle_3,12.0,77.5,,
1,Electric_Vehicle_3,11.0,77.5,,
1,Electric_Vehicle_3,10.0,77.5,,
1,Electric_Vehicle_3,9.0,77.5,,
1,Electric_Vehicle_3,8.0,77.5,,
1,Electric_Vehicle_3,7.0,77.5,,
1,Electric_Vehicle_3,6.0,77.5,,
1,Electric_Vehicle_3,5.0,77.5,,
1,Electric_Vehicle_3,4.0,77.5,,
1,Electric_Vehicle_3,3.0,77.5,,
1,Electric_Vehicle_3,2.0,77.5,,
1,Electric_Vehicle_3,1.0,77.5,,
1,Electric_Vehicle_3,0.0,77.5,,
3,,,,,
3,,,,,
3,,,,,
3,,,,,
3,,,,,
3,,,,,
3,,,,,
3,,,,,
3,,,,,
2,Electric_Vehicle_3,,,0.0,51.4
1,Electric_Vehicle_3,14.0,75.7,,
1,Electric_Vehicle_3,13.0,75.7,,
1,Electric_Vehicle_3,12.0,75.7,,
1,Electric_Vehicle_3,11.0,75.7,,
1,Electric_Vehicle_3,10.0,75.7,,
1,Electric_Vehicle_3,9.0,75.7,,
1,Electric_Vehicle_3,8.0,75.7,,
1,Electric_Vehicle_3,7.0,75.7,,
1,Electric_Vehicle_3,6.0,75.7,,
1,Electric_Vehicle_3,5.0,75.7,,
1,Electric_Vehicle_3,4.0,75.7,,
1,Electric_Vehicle_3,3.0,75.7,,
1,Electric_Vehicle_3,2.0,75.7,,
1,Electric_Vehicle_3,1.0,75.7,,
1,Electric_Vehicle_3,0.0,75.7,,
3,,,,,
3,,,,,
3,,,,,
3,,,,,
3,,,,,
3,,,,,
3,,,,,
3,,,,,
3,,,,,
3,,,,,
2,Electric_Vehicle_3,,,0.0,44.0
1,Electric_Vehicle_3,13.0,70.1,,
1,Electric_Vehicle_3,12.0,70.1,,
1,Electric_Vehicle_3,11.0,70.1,,
1,Electric_Vehicle_3,10.0,70.1,,
1,Electric_Vehicle_3,9.0,70.1,,
1,Electric_Vehicle_3,8.0,70.1,,
1,Electric_Vehicle_3,7.0,70.1,,
1,Electric_Vehicle_3,6.0,70.1,,
1,Electric_Vehicle_3,5.0,70.1,,
1,Electric_Vehicle_3,4.0,70.1,,
1,Electric_Vehicle_3,3.0,70.1,,
1,Electric_Vehicle_3,2.0,70.1,,
1,Electric_Vehicle_3,1.0,70.1,,
1,Electric_Vehicle_3,0.0,70.1,,
3,,,,,
3,,,,,
3,,,,,
3,,,,,
2,Electric_Vehicle_3,,,0.0,30.4
1,Electric_Vehicle_3,41.0,88.4,,
1,Electric_Vehicle_3,40.0,88.4,,
1,Electric_Vehicle_3,39.0,88.4,,
1,Electric_Vehicle_3,38.0,88.4,,
1,Electric_Vehicle_3,37.0,88.4,,
1,Electric_Vehicle_3,36.0,88.4,,
1,Electric_Vehicle_3,35.0,88.4,,
1,Electric_Vehicle_3,34.0,88.4,,
1,Electric_Vehicle_3,33.0,88.4,,
1,Electric_Vehicle_3,32.0,88.4,,
1,Electric_Vehicle_3,31.0,88.4,,
1,Electric_Vehicle_3,30.0,88.4,,
1,Electric_Vehicle_3,29.0,88.4,,
1,Electric_Vehicle_3,28.0,88.4,,
1,Electric_Vehicle_3,27.0,88.4,,
1,Electric_Vehicle_3,26.0,88.4,,
1,Electric_Vehicle_3,25.0,88.4,,
1,Electric_Vehicle_3,24.0,88.4,,
1,Electric_Vehicle_3,23.0,88.4,,
1,Electric_Vehicle_3,22.0,88.4,,
1,Electric_Vehicle_3,21.0,88.4,,
1,Electric_Vehicle_3,20.0,88.4,,
1,Electric_Vehicle_3,19.0,88.4,,
1,Electric_Vehicle_3,18.0,88.4,,
1,Electric_Vehicle_3,17.0,88.4,,
1,Electric_Vehicle_3,16.0,88.4,,
1,Electric_Vehicle_3,15.0,88.4,,
1,Electric_Vehicle_3,14.0,88.4,,
1,Electric_Vehicle_3,13.0,88.4,,
1,Electric_Vehicle_3,12.0,88.4,,
1,Electric_Vehicle_3,11.0,88.4,,
1,Electric_Vehicle_3,10.0,88.4,,
1,Electric_Vehicle_3,9.0,88.4,,
1,Electric_Vehicle_3,8.0,88.4,,
1,Electric_Vehicle_3,7.0,88.4,,
1,Electric_Vehicle_3,6.0,88.4,,
1,Electric_Vehicle_3,5.0,88.4,,
1,Electric_Vehicle_3,4.0,88.4,,
1,Electric_Vehicle_3,3.0,88.4,,
1,Electric_Vehicle_3,2.0,88.4,,
1,Electric_Vehicle_3,1.0,88.4,,
1,Electric_Vehicle_3,0.0,88.4,,
3,,,,,
3,,,,,
3,,,,,
3,,,,,
3,,,,,
3,,,,,
3,,,,,
3,,,,,
2,Electric_Vehicle_3,,,0.0,25.8
1,Electric_Vehicle_3,13.0,76.7,,
1,Electric_Vehicle_3,12.0,76.7,,
1,Electric_Vehicle_3,11.0,76.7,,
1,Electric_Vehicle_3,10.0,76.7,,
1,Electric_Vehicle_3,9.0,76.7,,
1,Electric_Vehicle_3,8.0,76.7,,
1,Electric_Vehicle_3,7.0,76.7,,
1,Electric_Vehicle_3,6.0,76.7,,
1,Electric_Vehicle_3,5.0,76.7,,
1,Electric_Vehicle_3,4.0,76.7,,
1,Electric_Vehicle_3,3.0,76.7,,
1,Electric_Vehicle_3,2.0,76.7,,
1,Electric_Vehicle_3,1.0,76.7,,
1,Electric_Vehicle_3,0.0,76.7,,
3,,,,,
3,,,,,
3,,,,,
3,,,,,
3,,,,,
3,,,,,
3,,,,,
3,,,,,
2,Electric_Vehicle_3,,,0.0,32.7
1,Electric_Vehicle_3,16.0,71.2,,
1,Electric_Vehicle_3,15.0,71.2,,
1,Electric_Vehicle_3,14.0,71.2,,
1,Electric_Vehicle_3,13.0,71.2,,
1,Electric_Vehicle_3,12.0,71.2,,
1,Electric_Vehicle_3,11.0,71.2,,
1,Electric_Vehicle_3,10.0,71.2,,
1,Electric_Vehicle_3,9.0,71.2,,
1,Electric_Vehicle_3,8.0,71.2,,
1,Electric_Vehicle_3,7.0,71.2,,
1,Electric_Vehicle_3,6.0,71.2,,
1,Electric_Vehicle_3,5.0,71.2,,
1,Electric_Vehicle_3,4.0,71.2,,
1,Electric_Vehicle_3,3.0,71.2,,
1,Electric_Vehicle_3,2.0,71.2,,
1,Electric_Vehicle_3,1.0,71.2,,
1,Electric_Vehicle_3,0.0,71.2,,
3,,,,,
3,,,,,
3,,,,,
3,,,,,
3,,,,,
3,,,,,
3,,,,,
3,,,,,
2,Electric_Vehicle_3,,,0.0,34.5
1,Electric_Vehicle_3,13.0,87.6,,
1,Electric_Vehicle_3,12.0,87.6,,
1,Electric_Vehicle_3,11.0,87.6,,
1,Electric_Vehicle_3,10.0,87.6,,
1,Electric_Vehicle_3,9.0,87.6,,
1,Electric_Vehicle_3,8.0,87.6,,
1,Electric_Vehicle_3,7.0,87.6,,
1,Electric_Vehicle_3,6.0,87.6,,
1,Electric_Vehicle_3,5.0,87.6,,
1,Electric_Vehicle_3,4.0,87.6,,
1,Electric_Vehicle_3,3.0,87.6,,
1,Electric_Vehicle_3,2.0,87.6,,
1,Electric_Vehicle_3,1.0,87.6,,
1,Electric_Vehicle_3,0.0,87.6,,
3,,,,,
3,,,,,
3,,,,,
3,,,,,
3,,,,,
3,,,,,
3,,,,,
3,,,,,
3,,,,,
2,Electric_Vehicle_3,,,0.0,39.7
1,Electric_Vehicle_3,13.0,76.6,,
1,Electric_Vehicle_3,12.0,76.6,,
1,Electric_Vehicle_3,11.0,76.6,,
1,Electric_Vehicle_3,10.0,76.6,,
1,Electric_Vehicle_3,9.0,76.6,,
1,Electric_Vehicle_3,8.0,76.6,,
1,Electric_Vehicle_3,7.0,76.6,,
1,Electric_Vehicle_3,6.0,76.6,,
1,Electric_Vehicle_3,5.0,76.6,,
1,Electric_Vehicle_3,4.0,76.6,,
1,Electric_Vehicle_3,3.0,76.6,,
1,Electric_Vehicle_3,2.0,76.6,,
1,Electric_Vehicle_3,1.0,76.6,,
1,Electric_Vehicle_3,0.0,76.6,,
3,,,,,
3,,,,,
3,,,,,
3,,,,,
3,,,,,
3,,,,,
3,,,,,
3,,,,,
2,Electric_Vehicle_3,,,0.0,25.8
1,Electric_Vehicle_3,61.0,84.7,,
1,Electric_Vehicle_3,60.0,84.7,,
1,Electric_Vehicle_3,59.0,84.7,,
1,Electric_Vehicle_3,58.0,84.7,,
1,Electric_Vehicle_3,57.0,84.7,,
1,Electric_Vehicle_3,56.0,84.7,,
1,Electric_Vehicle_3,55.0,84.7,,
1,Electric_Vehicle_3,54.0,84.7,,
1,Electric_Vehicle_3,53.0,84.7,,
1,Electric_Vehicle_3,52.0,84.7,,
1,Electric_Vehicle_3,51.0,84.7,,
1,Electric_Vehicle_3,50.0,84.7,,
1,Electric_Vehicle_3,49.0,84.7,,
1,Electric_Vehicle_3,48.0,84.7,,
1,Electric_Vehicle_3,47.0,84.7,,
1,Electric_Vehicle_3,46.0,84.7,,
1,Electric_Vehicle_3,45.0,84.7,,
1,Electric_Vehicle_3,44.0,84.7,,
1,Electric_Vehicle_3,43.0,84.7,,
1,Electric_Vehicle_3,42.0,84.7,,
1,Electric_Vehicle_3,41.0,84.7,,
1,Electric_Vehicle_3,40.0,84.7,,
1,Electric_Vehicle_3,39.0,84.7,,
1,Electric_Vehicle_3,38.0,84.7,,
1,Electric_Vehicle_3,37.0,84.7,,
1,Electric_Vehicle_3,36.0,84.7,,
1,Electric_Vehicle_3,35.0,84.7,,
1,Electric_Vehicle_3,34.0,84.7,,
1,Electric_Vehicle_3,33.0,84.7,,
1,Electric_Vehicle_3,32.0,84.7,,
1,Electric_Vehicle_3,31.0,84.7,,
1,Electric_Vehicle_3,30.0,84.7,,
1,Electric_Vehicle_3,29.0,84.7,,
1,Electric_Vehicle_3,28.0,84.7,,
1,Electric_Vehicle_3,27.0,84.7,,
1,Electric_Vehicle_3,26.0,84.7,,
1,Electric_Vehicle_3,25.0,84.7,,
1,Electric_Vehicle_3,24.0,84.7,,
1,Electric_Vehicle_3,23.0,84.7,,
1,Electric_Vehicle_3,22.0,84.7,,
1,Electric_Vehicle_3,21.0,84.7,,
1,Electric_Vehicle_3,20.0,84.7,,
1,Electric_Vehicle_3,19.0,84.7,,
1,Electric_Vehicle_3,18.0,84.7,,
1,Electric_Vehicle_3,17.0,84.7,,
1,Electric_Vehicle_3,16.0,84.7,,
1,Electric_Vehicle_3,15.0,84.7,,
1,Electric_Vehicle_3,14.0,84.7,,
1,Electric_Vehicle_3,13.0,84.7,,
1,Electric_Vehicle_3,12.0,84.7,,
1,Electric_Vehicle_3,11.0,84.7,,
1,Electric_Vehicle_3,10.0,84.7,,
1,Electric_Vehicle_3,9.0,84.7,,
1,Electric_Vehicle_3,8.0,84.7,,
1,Electric_Vehicle_3,7.0,84.7,,
1,Electric_Vehicle_3,6.0,84.7,,
1,Electric_Vehicle_3,5.0,84.7,,
1,Electric_Vehicle_3,4.0,84.7,,
1,Electric_Vehicle_3,3.0,84.7,,
1,Electric_Vehicle_3,2.0,84.7,,
1,Electric_Vehicle_3,1.0,84.7,,
1,Electric_Vehicle_3,0.0,84.7,,
3,,,,,
3,,,,,
3,,,,,
3,,,,,
3,,,,,
3,,,,,
3,,,,,
3,,,,,
3,,,,,
3,,,,,
3,,,,,
2,Electric_Vehicle_3,,,0.0,31.3
1,Electric_Vehicle_3,12.0,88.4,,
1,Electric_Vehicle_3,11.0,88.4,,
1,Electric_Vehicle_3,10.0,88.4,,
1,Electric_Vehicle_3,9.0,88.4,,
1,Electric_Vehicle_3,8.0,88.4,,
1,Electric_Vehicle_3,7.0,88.4,,
1,Electric_Vehicle_3,6.0,88.4,,
1,Electric_Vehicle_3,5.0,88.4,,
1,Electric_Vehicle_3,4.0,88.4,,
1,Electric_Vehicle_3,3.0,88.4,,
1,Electric_Vehicle_3,2.0,88.4,,
1,Electric_Vehicle_3,1.0,88.4,,
1,Electric_Vehicle_3,0.0,88.4,,
3,,,,,
3,,,,,
3,,,,,
3,,,,,
3,,,,,
3,,,,,
3,,,,,
2,Electric_Vehicle_3,,,0.0,39.3
1,Electric_Vehicle_3,15.0,84.4,,
1,Electric_Vehicle_3,14.0,84.4,,
1,Electric_Vehicle_3,13.0,84.4,,
1,Electric_Vehicle_3,12.0,84.4,,
1,Electric_Vehicle_3,11.0,84.4,,
1,Electric_Vehicle_3,10.0,84.4,,
1,Electric_Vehicle_3,9.0,84.4,,
1,Electric_Vehicle_3,8.0,84.4,,
1,Electric_Vehicle_3,7.0,84.4,,
1,Electric_Vehicle_3,6.0,84.4,,
1,Electric_Vehicle_3,5.0,84.4,,
1,Electric_Vehicle_3,4.0,84.4,,
1,Electric_Vehicle_3,3.0,84.4,,
1,Electric_Vehicle_3,2.0,84.4,,
1,Electric_Vehicle_3,1.0,84.4,,
1,Electric_Vehicle_3,0.0,84.4,,
3,,,,,
3,,,,,
3,,,,,
3,,,,,
3,,,,,
3,,,,,
3,,,,,
2,Electric_Vehicle_3,,,0.0,51.6
1,Electric_Vehicle_3,16.0,86.8,,
1,Electric_Vehicle_3,15.0,86.8,,
1,Electric_Vehicle_3,14.0,86.8,,
1,Electric_Vehicle_3,13.0,86.8,,
1,Electric_Vehicle_3,12.0,86.8,,
1,Electric_Vehicle_3,11.0,86.8,,
1,Electric_Vehicle_3,10.0,86.8,,
1,Electric_Vehicle_3,9.0,86.8,,
1,Electric_Vehicle_3,8.0,86.8,,
1,Electric_Vehicle_3,7.0,86.8,,
1,Electric_Vehicle_3,6.0,86.8,,
1,Electric_Vehicle_3,5.0,86.8,,
1,Electric_Vehicle_3,4.0,86.8,,
1,Electric_Vehicle_3,3.0,86.8,,
1,Electric_Vehicle_3,2.0,86.8,,
1,Electric_Vehicle_3,1.0,86.8,,
1,Electric_Vehicle_3,0.0,86.8,,
3,,,,,
3,,,,,
3,,,,,
3,,,,,
3,,,,,
3,,,,,
3,,,,,
3,,,,,
2,Electric_Vehicle_3,,,0.0,52.9
1,Electric_Vehicle_3,14.0,83.9,,
1,Electric_Vehicle_3,13.0,83.9,,
1,Electric_Vehicle_3,12.0,83.9,,
1,Electric_Vehicle_3,11.0,83.9,,
1,Electric_Vehicle_3,10.0,83.9,,
1,Electric_Vehicle_3,9.0,83.9,,
1,Electric_Vehicle_3,8.0,83.9,,
1,Electric_Vehicle_3,7.0,83.9,,
1,Electric_Vehicle_3,6.0,83.9,,
1,Electric_Vehicle_3,5.0,83.9,,
1,Electric_Vehicle_3,4.0,83.9,,
1,Electric_Vehicle_3,3.0,83.9,,
1,Electric_Vehicle_3,2.0,83.9,,
1,Electric_Vehicle_3,1.0,83.9,,
1,Electric_Vehicle_3,0.0,83.9,,
3,,,,,
3,,,,,
3,,,,,
3,,,,,
3,,,,,
3,,,,,
3,,,,,
3,,,,,
3,,,,,
2,Electric_Vehicle_3,,,0.0,28.0
1,Electric_Vehicle_3,60.0,75.6,,
1,Electric_Vehicle_3,59.0,75.6,,
1,Electric_Vehicle_3,58.0,75.6,,
1,Electric_Vehicle_3,57.0,75.6,,
1,Electric_Vehicle_3,56.0,75.6,,
1,Electric_Vehicle_3,55.0,75.6,,
1,Electric_Vehicle_3,54.0,75.6,,
1,Electric_Vehicle_3,53.0,75.6,,
1,Electric_Vehicle_3,52.0,75.6,,
1,Electric_Vehicle_3,51.0,75.6,,
1,Electric_Vehicle_3,50.0,75.6,,
1,Electric_Vehicle_3,49.0,75.6,,
1,Electric_Vehicle_3,48.0,75.6,,
1,Electric_Vehicle_3,47.0,75.6,,
1,Electric_Vehicle_3,46.0,75.6,,
1,Electric_Vehicle_3,45.0,75.6,,
1,Electric_Vehicle_3,44.0,75.6,,
1,Electric_Vehicle_3,43.0,75.6,,
1,Electric_Vehicle_3,42.0,75.6,,
1,Electric_Vehicle_3,41.0,75.6,,
1,Electric_Vehicle_3,40.0,75.6,,
1,Electric_Vehicle_3,39.0,75.6,,
1,Electric_Vehicle_3,38.0,75.6,,
1,Electric_Vehicle_3,37.0,75.6,,
1,Electric_Vehicle_3,36.0,75.6,,
1,Electric_Vehicle_3,35.0,75.6,,
1,Electric_Vehicle_3,34.0,75.6,,
1,Electric_Vehicle_3,33.0,75.6,,
1,Electric_Vehicle_3,32.0,75.6,,
1,Electric_Vehicle_3,31.0,75.6,,
1,Electric_Vehicle_3,30.0,75.6,,
1,Electric_Vehicle_3,29.0,75.6,,
1,Electric_Vehicle_3,28.0,75.6,,
1,Electric_Vehicle_3,27.0,75.6,,
1,Electric_Vehicle_3,26.0,75.6,,
1,Electric_Vehicle_3,25.0,75.6,,
1,Electric_Vehicle_3,24.0,75.6,,
1,Electric_Vehicle_3,23.0,75.6,,
1,Electric_Vehicle_3,22.0,75.6,,
1,Electric_Vehicle_3,21.0,75.6,,
1,Electric_Vehicle_3,20.0,75.6,,
1,Electric_Vehicle_3,19.0,75.6,,
1,Electric_Vehicle_3,18.0,75.6,,
1,Electric_Vehicle_3,17.0,75.6,,
1,Electric_Vehicle_3,16.0,75.6,,
1,Electric_Vehicle_3,15.0,75.6,,
1,Electric_Vehicle_3,14.0,75.6,,
1,Electric_Vehicle_3,13.0,75.6,,
1,Electric_Vehicle_3,12.0,75.6,,
1,Electric_Vehicle_3,11.0,75.6,,
1,Electric_Vehicle_3,10.0,75.6,,
1,Electric_Vehicle_3,9.0,75.6,,
1,Electric_Vehicle_3,8.0,75.6,,
1,Electric_Vehicle_3,7.0,75.6,,
1,Electric_Vehicle_3,6.0,75.6,,
1,Electric_Vehicle_3,5.0,75.6,,
1,Electric_Vehicle_3,4.0,75.6,,
1,Electric_Vehicle_3,3.0,75.6,,
1,Electric_Vehicle_3,2.0,75.6,,
1,Electric_Vehicle_3,1.0,75.6,,
1,Electric_Vehicle_3,0.0,75.6,,
3,,,,,
3,,,,,
3,,,,,
3,,,,,
3,,,,,
3,,,,,
3,,,,,
3,,,,,
3,,,,,
3,,,,,
2,Electric_Vehicle_3,,,0.0,37.8
1,Electric_Vehicle_3,13.0,72.2,,
1,Electric_Vehicle_3,12.0,72.2,,
1,Electric_Vehicle_3,11.0,72.2,,
1,Electric_Vehicle_3,10.0,72.2,,
1,Electric_Vehicle_3,9.0,72.2,,
1,Electric_Vehicle_3,8.0,72.2,,
1,Electric_Vehicle_3,7.0,72.2,,
1,Electric_Vehicle_3,6.0,72.2,,
1,Electric_Vehicle_3,5.0,72.2,,
1,Electric_Vehicle_3,4.0,72.2,,
1,Electric_Vehicle_3,3.0,72.2,,
1,Electric_Vehicle_3,2.0,72.2,,
1,Electric_Vehicle_3,1.0,72.2,,
1,Electric_Vehicle_3,0.0,72.2,,
3,,,,,
3,,,,,
3,,,,,
3,,,,,
3,,,,,
2,Electric_Vehicle_3,,,0.0,37.5
1,Electric_Vehicle_3,17.0,84.9,,
1,Electric_Vehicle_3,16.0,84.9,,
1,Electric_Vehicle_3,15.0,84.9,,
1,Electric_Vehicle_3,14.0,84.9,,
1,Electric_Vehicle_3,13.0,84.9,,
1,Electric_Vehicle_3,12.0,84.9,,
1,Electric_Vehicle_3,11.0,84.9,,
1,Electric_Vehicle_3,10.0,84.9,,
1,Electric_Vehicle_3,9.0,84.9,,
1,Electric_Vehicle_3,8.0,84.9,,
1,Electric_Vehicle_3,7.0,84.9,,
1,Electric_Vehicle_3,6.0,84.9,,
1,Electric_Vehicle_3,5.0,84.9,,
1,Electric_Vehicle_3,4.0,84.9,,
1,Electric_Vehicle_3,3.0,84.9,,
1,Electric_Vehicle_3,2.0,84.9,,
1,Electric_Vehicle_3,1.0,84.9,,
1,Electric_Vehicle_3,0.0,84.9,,
3,,,,,
3,,,,,
3,,,,,
3,,,,,
3,,,,,
3,,,,,
2,Electric_Vehicle_3,,,0.0,32.8
1,Electric_Vehicle_3,14.0,73.1,,
1,Electric_Vehicle_3,13.0,73.1,,
1,Electric_Vehicle_3,12.0,73.1,,
1,Electric_Vehicle_3,11.0,73.1,,
1,Electric_Vehicle_3,10.0,73.1,,
1,Electric_Vehicle_3,9.0,73.1,,
1,Electric_Vehicle_3,8.0,73.1,,
1,Electric_Vehicle_3,7.0,73.1,,
1,Electric_Vehicle_3,6.0,73.1,,
1,Electric_Vehicle_3,5.0,73.1,,
1,Electric_Vehicle_3,4.0,73.1,,
1,Electric_Vehicle_3,3.0,73.1,,
1,Electric_Vehicle_3,2.0,73.1,,
1,Electric_Vehicle_3,1.0,73.1,,
1,Electric_Vehicle_3,0.0,73.1,,
3,,,,,
3,,,,,
3,,,,,
3,,,,,
3,,,,,
3,,,,,
3,,,,,
3,,,,,
3,,,,,
2,Electric_Vehicle_3,,,0.0,50.4
1,Electric_Vehicle_3,13.0,88.7,,
1,Electric_Vehicle_3,12.0,88.7,,
1,Electric_Vehicle_3,11.0,88.7,,
1,Electric_Vehicle_3,10.0,88.7,,
1,Electric_Vehicle_3,9.0,88.7,,
1,Electric_Vehicle_3,8.0,88.7,,
1,Electric_Vehicle_3,7.0,88.7,,
1,Electric_Vehicle_3,6.0,88.7,,
1,Electric_Vehicle_3,5.0,88.7,,
1,Electric_Vehicle_3,4.0,88.7,,
1,Electric_Vehicle_3,3.0,88.7,,
1,Electric_Vehicle_3,2.0,88.7,,
1,Electric_Vehicle_3,1.0,88.7,,
1,Electric_Vehicle_3,0.0,88.7,,
3,,,,,
3,,,,,
3,,,,,
3,,,,,
3,,,,,
3,,,,,
3,,,,,
3,,,,,
3,,,,,
3,,,,,
2,Electric_Vehicle_3,,,0.0,50.2
1,Electric_Vehicle_3,60.0,88.8,,
1,Electric_Vehicle_3,59.0,88.8,,
1,Electric_Vehicle_3,58.0,88.8,,
1,Electric_Vehicle_3,57.0,88.8,,
1,Electric_Vehicle_3,56.0,88.8,,
1,Electric_Vehicle_3,55.0,88.8,,
1,Electric_Vehicle_3,54.0,88.8,,
1,Electric_Vehicle_3,53.0,88.8,,
1,Electric_Vehicle_3,52.0,88.8,,
1,Electric_Vehicle_3,51.0,88.8,,
1,Electric_Vehicle_3,50.0,88.8,,
1,Electric_Vehicle_3,49.0,88.8,,
1,Electric_Vehicle_3,48.0,88.8,,
1,Electric_Vehicle_3,47.0,88.8,,
1,Electric_Vehicle_3,46.0,88.8,,
1,Electric_Vehicle_3,45.0,88.8,,
1,Electric_Vehicle_3,44.0,88.8,,
1,Electric_Vehicle_3,43.0,88.8,,
1,Electric_Vehicle_3,42.0,88.8,,
1,Electric_Vehicle_3,41.0,88.8,,
1,Electric_Vehicle_3,40.0,88.8,,
1,Electric_Vehicle_3,39.0,88.8,,
1,Electric_Vehicle_3,38.0,88.8,,
1,Electric_Vehicle_3,37.0,88.8,,
1,Electric_Vehicle_3,36.0,88.8,,
1,Electric_Vehicle_3,35.0,88.8,,
1,Electric_Vehicle_3,34.0,88.8,,
1,Electric_Vehicle_3,33.0,88.8,,
1,Electric_Vehicle_3,32.0,88.8,,
1,Electric_Vehicle_3,31.0,88.8,,
1,Electric_Vehicle_3,30.0,88.8,,
1,Electric_Vehicle_3,29.0,88.8,,
1,Electric_Vehicle_3,28.0,88.8,,
1,Electric_Vehicle_3,27.0,88.8,,
1,Electric_Vehicle_3,26.0,88.8,,
1,Electric_Vehicle_3,25.0,88.8,,
1,Electric_Vehicle_3,24.0,88.8,,
1,Electric_Vehicle_3,23.0,88.8,,
1,Electric_Vehicle_3,22.0,88.8,,
1,Electric_Vehicle_3,21.0,88.8,,
1,Electric_Vehicle_3,20.0,88.8,,
1,Electric_Vehicle_3,19.0,88.8,,
1,Electric_Vehicle_3,18.0,88.8,,
1,Electric_Vehicle_3,17.0,88.8,,
1,Electric_Vehicle_3,16.0,88.8,,
1,Electric_Vehicle_3,15.0,88.8,,
1,Electric_Vehicle_3,14.0,88.8,,
1,Electric_Vehicle_3,13.0,88.8,,
1,Electric_Vehicle_3,12.0,88.8,,
1,Electric_Vehicle_3,11.0,88.8,,
1,Electric_Vehicle_3,10.0,88.8,,
1,Electric_Vehicle_3,9.0,88.8,,
1,Electric_Vehicle_3,8.0,88.8,,
1,Electric_Vehicle_3,7.0,88.8,,
1,Electric_Vehicle_3,6.0,88.8,,
1,Electric_Vehicle_3,5.0,88.8,,
1,Electric_Vehicle_3,4.0,88.8,,
1,Electric_Vehicle_3,3.0,88.8,,
1,Electric_Vehicle_3,2.0,88.8,,
1,Electric_Vehicle_3,1.0,88.8,,
1,Electric_Vehicle_3,0.0,88.8,,
3,,,,,
3,,,,,
3,,,,,
3,,,,,
3,,,,,
3,,,,,
3,,,,,
3,,,,,
3,,,,,
3,,,,,
3,,,,,
3,,,,,
3,,,,,
2,Electric_Vehicle_3,,,0.0,28.8
1,Electric_Vehicle_3,9.0,82.4,,
1,Electric_Vehicle_3,8.0,82.4,,
1,Electric_Vehicle_3,7.0,82.4,,
1,Electric_Vehicle_3,6.0,82.4,,
1,Electric_Vehicle_3,5.0,82.4,,
1,Electric_Vehicle_3,4.0,82.4,,
1,Electric_Vehicle_3,3.0,82.4,,
1,Electric_Vehicle_3,2.0,82.4,,
1,Electric_Vehicle_3,1.0,82.4,,
1,Electric_Vehicle_3,0.0,82.4,,
3,,,,,
3,,,,,
3,,,,,
3,,,,,
3,,,,,
3,,,,,
3,,,,,
3,,,,,
3,,,,,
3,,,,,
2,Electric_Vehicle_3,,,0.0,39.7
1,Electric_Vehicle_3,12.0,77.6,,
1,Electric_Vehicle_3,11.0,77.6,,
1,Electric_Vehicle_3,10.0,77.6,,
1,Electric_Vehicle_3,9.0,77.6,,
1,Electric_Vehicle_3,8.0,77.6,,
1,Electric_Vehicle_3,7.0,77.6,,
1,Electric_Vehicle_3,6.0,77.6,,
1,Electric_Vehicle_3,5.0,77.6,,
1,Electric_Vehicle_3,4.0,77.6,,
1,Electric_Vehicle_3,3.0,77.6,,
1,Electric_Vehicle_3,2.0,77.6,,
1,Electric_Vehicle_3,1.0,77.6,,
1,Electric_Vehicle_3,0.0,77.6,,
3,,,,,
3,,,,,
3,,,,,
3,,,,,
3,,,,,
3,,,,,
3,,,,,
3,,,,,
3,,,,,
3,,,,,
2,Electric_Vehicle_3,,,0.0,47.0
1,Electric_Vehicle_3,11.0,75.2,,
1,Electric_Vehicle_3,10.0,75.2,,
1,Electric_Vehicle_3,9.0,75.2,,
1,Electric_Vehicle_3,8.0,75.2,,
1,Electric_Vehicle_3,7.0,75.2,,
1,Electric_Vehicle_3,6.0,75.2,,
1,Electric_Vehicle_3,5.0,75.2,,
1,Electric_Vehicle_3,4.0,75.2,,
1,Electric_Vehicle_3,3.0,75.2,,
1,Electric_Vehicle_3,2.0,75.2,,
1,Electric_Vehicle_3,1.0,75.2,,
1,Electric_Vehicle_3,0.0,75.2,,
3,,,,,
3,,,,,
3,,,,,
3,,,,,
3,,,,,
3,,,,,
3,,,,,
3,,,,,
3,,,,,
3,,,,,
2,Electric_Vehicle_3,,,0.0,35.5
1,Electric_Vehicle_3,13.0,80.2,,
1,Electric_Vehicle_3,12.0,80.2,,
1,Electric_Vehicle_3,11.0,80.2,,
1,Electric_Vehicle_3,10.0,80.2,,
1,Electric_Vehicle_3,9.0,80.2,,
1,Electric_Vehicle_3,8.0,80.2,,
1,Electric_Vehicle_3,7.0,80.2,,
1,Electric_Vehicle_3,6.0,80.2,,
1,Electric_Vehicle_3,5.0,80.2,,
1,Electric_Vehicle_3,4.0,80.2,,
1,Electric_Vehicle_3,3.0,80.2,,
1,Electric_Vehicle_3,2.0,80.2,,
1,Electric_Vehicle_3,1.0,80.2,,
1,Electric_Vehicle_3,0.0,80.2,,
3,,,,,
3,,,,,
3,,,,,
3,,,,,
3,,,,,
3,,,,,
3,,,,,
3,,,,,
3,,,,,
3,,,,,
3,,,,,
3,,,,,
2,Electric_Vehicle_3,,,0.0,43.5
1,Electric_Vehicle_3,14.0,87.5,,
1,Electric_Vehicle_3,13.0,87.5,,
1,Electric_Vehicle_3,12.0,87.5,,
1,Electric_Vehicle_3,11.0,87.5,,
1,Electric_Vehicle_3,10.0,87.5,,
1,Electric_Vehicle_3,9.0,87.5,,
1,Electric_Vehicle_3,8.0,87.5,,
1,Electric_Vehicle_3,7.0,87.5,,
1,Electric_Vehicle_3,6.0,87.5,,
1,Electric_Vehicle_3,5.0,87.5,,
1,Electric_Vehicle_3,4.0,87.5,,
1,Electric_Vehicle_3,3.0,87.5,,
1,Electric_Vehicle_3,2.0,87.5,,
1,Electric_Vehicle_3,1.0,87.5,,
1,Electric_Vehicle_3,0.0,87.5,,
3,,,,,
3,,,,,
3,,,,,
3,,,,,
2,Electric_Vehicle_3,,,0.0,52.4
1,Electric_Vehicle_3,38.0,79.4,,
1,Electric_Vehicle_3,37.0,79.4,,
1,Electric_Vehicle_3,36.0,79.4,,
1,Electric_Vehicle_3,35.0,79.4,,
1,Electric_Vehicle_3,34.0,79.4,,
1,Electric_Vehicle_3,33.0,79.4,,
1,Electric_Vehicle_3,32.0,79.4,,
1,Electric_Vehicle_3,31.0,79.4,,
1,Electric_Vehicle_3,30.0,79.4,,
1,Electric_Vehicle_3,29.0,79.4,,
1,Electric_Vehicle_3,28.0,79.4,,
1,Electric_Vehicle_3,27.0,79.4,,
1,Electric_Vehicle_3,26.0,79.4,,
1,Electric_Vehicle_3,25.0,79.4,,
1,Electric_Vehicle_3,24.0,79.4,,
1,Electric_Vehicle_3,23.0,79.4,,
1,Electric_Vehicle_3,22.0,79.4,,
1,Electric_Vehicle_3,21.0,79.4,,
1,Electric_Vehicle_3,20.0,79.4,,
1,Electric_Vehicle_3,19.0,79.4,,
1,Electric_Vehicle_3,18.0,79.4,,
1,Electric_Vehicle_3,17.0,79.4,,
1,Electric_Vehicle_3,16.0,79.4,,
1,Electric_Vehicle_3,15.0,79.4,,
1,Electric_Vehicle_3,14.0,79.4,,
1,Electric_Vehicle_3,13.0,79.4,,
1,Electric_Vehicle_3,12.0,79.4,,
1,Electric_Vehicle_3,11.0,79.4,,
1,Electric_Vehicle_3,10.0,79.4,,
1,Electric_Vehicle_3,9.0,79.4,,
1,Electric_Vehicle_3,8.0,79.4,,
1,Electric_Vehicle_3,7.0,79.4,,
1,Electric_Vehicle_3,6.0,79.4,,
1,Electric_Vehicle_3,5.0,79.4,,
1,Electric_Vehicle_3,4.0,79.4,,
1,Electric_Vehicle_3,3.0,79.4,,
1,Electric_Vehicle_3,2.0,79.4,,
1,Electric_Vehicle_3,1.0,79.4,,
1,Electric_Vehicle_3,0.0,79.4,,
3,,,,,
3,,,,,
3,,,,,
3,,,,,
3,,,,,
3,,,,,
3,,,,,
3,,,,,
3,,,,,
3,,,,,
2,Electric_Vehicle_3,,,0.0,32.4
1,Electric_Vehicle_3,37.0,77.7,,
1,Electric_Vehicle_3,36.0,77.7,,
1,Electric_Vehicle_3,35.0,77.7,,
1,Electric_Vehicle_3,34.0,77.7,,
1,Electric_Vehicle_3,33.0,77.7,,
1,Electric_Vehicle_3,32.0,77.7,,
1,Electric_Vehicle_3,31.0,77.7,,
1,Electric_Vehicle_3,30.0,77.7,,
1,Electric_Vehicle_3,29.0,77.7,,
1,Electric_Vehicle_3,28.0,77.7,,
1,Electric_Vehicle_3,27.0,77.7,,
1,Electric_Vehicle_3,26.0,77.7,,
1,Electric_Vehicle_3,25.0,77.7,,
1,Electric_Vehicle_3,24.0,77.7,,
1,Electric_Vehicle_3,23.0,77.7,,
1,Electric_Vehicle_3,22.0,77.7,,
1,Electric_Vehicle_3,21.0,77.7,,
1,Electric_Vehicle_3,20.0,77.7,,
1,Electric_Vehicle_3,19.0,77.7,,
1,Electric_Vehicle_3,18.0,77.7,,
1,Electric_Vehicle_3,17.0,77.7,,
1,Electric_Vehicle_3,16.0,77.7,,
1,Electric_Vehicle_3,15.0,77.7,,
1,Electric_Vehicle_3,14.0,77.7,,
1,Electric_Vehicle_3,13.0,77.7,,
1,Electric_Vehicle_3,12.0,77.7,,
1,Electric_Vehicle_3,11.0,77.7,,
1,Electric_Vehicle_3,10.0,77.7,,
1,Electric_Vehicle_3,9.0,77.7,,
1,Electric_Vehicle_3,8.0,77.7,,
1,Electric_Vehicle_3,7.0,77.7,,
1,Electric_Vehicle_3,6.0,77.7,,
1,Electric_Vehicle_3,5.0,77.7,,
1,Electric_Vehicle_3,4.0,77.7,,
1,Electric_Vehicle_3,3.0,77.7,,
1,Electric_Vehicle_3,2.0,77.7,,
1,Electric_Vehicle_3,1.0,77.7,,
1,Electric_Vehicle_3,0.0,77.7,,
3,,,,,
3,,,,,
3,,,,,
3,,,,,
3,,,,,
3,,,,,
3,,,,,
2,Electric_Vehicle_3,,,0.0,42.9
1,Electric_Vehicle_3,87.0,70.5,,
1,Electric_Vehicle_3,86.0,70.5,,
1,Electric_Vehicle_3,85.0,70.5,,
1,Electric_Vehicle_3,84.0,70.5,,
1,Electric_Vehicle_3,83.0,70.5,,
1,Electric_Vehicle_3,82.0,70.5,,
1,Electric_Vehicle_3,81.0,70.5,,
1,Electric_Vehicle_3,80.0,70.5,,
1,Electric_Vehicle_3,79.0,70.5,,
1,Electric_Vehicle_3,78.0,70.5,,
1,Electric_Vehicle_3,77.0,70.5,,
1,Electric_Vehicle_3,76.0,70.5,,
1,Electric_Vehicle_3,75.0,70.5,,
1,Electric_Vehicle_3,74.0,70.5,,
1,Electric_Vehicle_3,73.0,70.5,,
1,Electric_Vehicle_3,72.0,70.5,,
1,Electric_Vehicle_3,71.0,70.5,,
1,Electric_Vehicle_3,70.0,70.5,,
1,Electric_Vehicle_3,69.0,70.5,,
1,Electric_Vehicle_3,68.0,70.5,,
1,Electric_Vehicle_3,67.0,70.5,,
1,Electric_Vehicle_3,66.0,70.5,,
1,Electric_Vehicle_3,65.0,70.5,,
1,Electric_Vehicle_3,64.0,70.5,,
1,Electric_Vehicle_3,63.0,70.5,,
1,Electric_Vehicle_3,62.0,70.5,,
1,Electric_Vehicle_3,61.0,70.5,,
1,Electric_Vehicle_3,60.0,70.5,,
1,Electric_Vehicle_3,59.0,70.5,,
1,Electric_Vehicle_3,58.0,70.5,,
1,Electric_Vehicle_3,57.0,70.5,,
1,Electric_Vehicle_3,56.0,70.5,,
1,Electric_Vehicle_3,55.0,70.5,,
1,Electric_Vehicle_3,54.0,70.5,,
1,Electric_Vehicle_3,53.0,70.5,,
1,Electric_Vehicle_3,52.0,70.5,,
1,Electric_Vehicle_3,51.0,70.5,,
1,Electric_Vehicle_3,50.0,70.5,,
1,Electric_Vehicle_3,49.0,70.5,,
1,Electric_Vehicle_3,48.0,70.5,,
1,Electric_Vehicle_3,47.0,70.5,,
1,Electric_Vehicle_3,46.0,70.5,,
1,Electric_Vehicle_3,45.0,70.5,,
1,Electric_Vehicle_3,44.0,70.5,,
1,Electric_Vehicle_3,43.0,70.5,,
1,Electric_Vehicle_3,42.0,70.5,,
1,Electric_Vehicle_3,41.0,70.5,,
1,Electric_Vehicle_3,40.0,70.5,,
1,Electric_Vehicle_3,39.0,70.5,,
1,Electric_Vehicle_3,38.0,70.5,,
1,Electric_Vehicle_3,37.0,70.5,,
1,Electric_Vehicle_3,36.0,70.5,,
1,Electric_Vehicle_3,35.0,70.5,,
1,Electric_Vehicle_3,34.0,70.5,,
1,Electric_Vehicle_3,33.0,70.5,,
1,Electric_Vehicle_3,32.0,70.5,,
1,Electric_Vehicle_3,31.0,70.5,,
1,Electric_Vehicle_3,30.0,70.5,,
1,Electric_Vehicle_3,29.0,70.5,,
1,Electric_Vehicle_3,28.0,70.5,,
1,Electric_Vehicle_3,27.0,70.5,,
1,Electric_Vehicle_3,26.0,70.5,,
1,Electric_Vehicle_3,25.0,70.5,,
1,Electric_Vehicle_3,24.0,70.5,,
1,Electric_Vehicle_3,23.0,70.5,,
1,Electric_Vehicle_3,22.0,70.5,,
1,Electric_Vehicle_3,21.0,70.5,,
1,Electric_Vehicle_3,20.0,70.5,,
1,Electric_Vehicle_3,19.0,70.5,,
1,Electric_Vehicle_3,18.0,70.5,,
1,Electric_Vehicle_3,17.0,70.5,,
1,Electric_Vehicle_3,16.0,70.5,,
1,Electric_Vehicle_3,15.0,70.5,,
1,Electric_Vehicle_3,14.0,70.5,,
1,Electric_Vehicle_3,13.0,70.5,,
1,Electric_Vehicle_3,12.0,70.5,,
1,Electric_Vehicle_3,11.0,70.5,,
1,Electric_Vehicle_3,10.0,70.5,,
1,Electric_Vehicle_3,9.0,70.5,,
1,Electric_Vehicle_3,8.0,70.5,,
1,Electric_Vehicle_3,7.0,70.5,,
1,Electric_Vehicle_3,6.0,70.5,,
1,Electric_Vehicle_3,5.0,70.5,,
1,Electric_Vehicle_3,4.0,70.5,,
1,Electric_Vehicle_3,3.0,70.5,,
1,Electric_Vehicle_3,2.0,70.5,,
1,Electric_Vehicle_3,1.0,70.5,,
1,Electric_Vehicle_3,0.0,70.5,,
3,,,,,
3,,,,,
3,,,,,
3,,,,,
3,,,,,
2,Electric_Vehicle_3,,,0.0,39.3
1,Electric_Vehicle_3,17.0,77.3,,
1,Electric_Vehicle_3,16.0,77.3,,
1,Electric_Vehicle_3,15.0,77.3,,
1,Electric_Vehicle_3,14.0,77.3,,
1,Electric_Vehicle_3,13.0,77.3,,
1,Electric_Vehicle_3,12.0,77.3,,
1,Electric_Vehicle_3,11.0,77.3,,
1,Electric_Vehicle_3,10.0,77.3,,
1,Electric_Vehicle_3,9.0,77.3,,
1,Electric_Vehicle_3,8.0,77.3,,
1,Electric_Vehicle_3,7.0,77.3,,
1,Electric_Vehicle_3,6.0,77.3,,
1,Electric_Vehicle_3,5.0,77.3,,
1,Electric_Vehicle_3,4.0,77.3,,
1,Electric_Vehicle_3,3.0,77.3,,
1,Electric_Vehicle_3,2.0,77.3,,
1,Electric_Vehicle_3,1.0,77.3,,
1,Electric_Vehicle_3,0.0,77.3,,
3,,,,,
3,,,,,
3,,,,,
3,,,,,
3,,,,,
3,,,,,
3,,,,,
3,,,,,
3,,,,,
3,,,,,
2,Electric_Vehicle_3,,,0.0,49.3
1,Electric_Vehicle_3,36.0,74.3,,
1,Electric_Vehicle_3,35.0,74.3,,
1,Electric_Vehicle_3,34.0,74.3,,
1,Electric_Vehicle_3,33.0,74.3,,
1,Electric_Vehicle_3,32.0,74.3,,
1,Electric_Vehicle_3,31.0,74.3,,
1,Electric_Vehicle_3,30.0,74.3,,
1,Electric_Vehicle_3,29.0,74.3,,
1,Electric_Vehicle_3,28.0,74.3,,
1,Electric_Vehicle_3,27.0,74.3,,
1,Electric_Vehicle_3,26.0,74.3,,
1,Electric_Vehicle_3,25.0,74.3,,
1,Electric_Vehicle_3,24.0,74.3,,
1,Electric_Vehicle_3,23.0,74.3,,
1,Electric_Vehicle_3,22.0,74.3,,
1,Electric_Vehicle_3,21.0,74.3,,
1,Electric_Vehicle_3,20.0,74.3,,
1,Electric_Vehicle_3,19.0,74.3,,
1,Electric_Vehicle_3,18.0,74.3,,
1,Electric_Vehicle_3,17.0,74.3,,
1,Electric_Vehicle_3,16.0,74.3,,
1,Electric_Vehicle_3,15.0,74.3,,
1,Electric_Vehicle_3,14.0,74.3,,
1,Electric_Vehicle_3,13.0,74.3,,
1,Electric_Vehicle_3,12.0,74.3,,
1,Electric_Vehicle_3,11.0,74.3,,
1,Electric_Vehicle_3,10.0,74.3,,
1,Electric_Vehicle_3,9.0,74.3,,
1,Electric_Vehicle_3,8.0,74.3,,
1,Electric_Vehicle_3,7.0,74.3,,
1,Electric_Vehicle_3,6.0,74.3,,
1,Electric_Vehicle_3,5.0,74.3,,
1,Electric_Vehicle_3,4.0,74.3,,
1,Electric_Vehicle_3,3.0,74.3,,
1,Electric_Vehicle_3,2.0,74.3,,
1,Electric_Vehicle_3,1.0,74.3,,
1,Electric_Vehicle_3,0.0,74.3,,
3,,,,,
3,,,,,
3,,,,,
3,,,,,
3,,,,,
3,,,,,
3,,,,,
3,,,,,
2,Electric_Vehicle_3,,,0.0,42.4
1,Electric_Vehicle_3,14.0,84.5,,
1,Electric_Vehicle_3,13.0,84.5,,
1,Electric_Vehicle_3,12.0,84.5,,
1,Electric_Vehicle_3,11.0,84.5,,
1,Electric_Vehicle_3,10.0,84.5,,
1,Electric_Vehicle_3,9.0,84.5,,
1,Electric_Vehicle_3,8.0,84.5,,
1,Electric_Vehicle_3,7.0,84.5,,
1,Electric_Vehicle_3,6.0,84.5,,
1,Electric_Vehicle_3,5.0,84.5,,
1,Electric_Vehicle_3,4.0,84.5,,
1,Electric_Vehicle_3,3.0,84.5,,
1,Electric_Vehicle_3,2.0,84.5,,
1,Electric_Vehicle_3,1.0,84.5,,
1,Electric_Vehicle_3,0.0,84.5,,
3,,,,,
3,,,,,
3,,,,,
3,,,,,
3,,,,,
3,,,,,
3,,,,,
3,,,,,
3,,,,,
2,Electric_Vehicle_3,,,0.0,48.9
1,Electric_Vehicle_3,13.0,79.3,,
1,Electric_Vehicle_3,12.0,79.3,,
1,Electric_Vehicle_3,11.0,79.3,,
1,Electric_Vehicle_3,10.0,79.3,,
1,Electric_Vehicle_3,9.0,79.3,,
1,Electric_Vehicle_3,8.0,79.3,,
1,Electric_Vehicle_3,7.0,79.3,,
1,Electric_Vehicle_3,6.0,79.3,,
1,Electric_Vehicle_3,5.0,79.3,,
1,Electric_Vehicle_3,4.0,79.3,,
1,Electric_Vehicle_3,3.0,79.3,,
1,Electric_Vehicle_3,2.0,79.3,,
1,Electric_Vehicle_3,1.0,79.3,,
1,Electric_Vehicle_3,0.0,79.3,,
3,,,,,
3,,,,,
3,,,,,
3,,,,,
3,,,,,
3,,,,,
3,,,,,
3,,,,,
3,,,,,
3,,,,,
2,Electric_Vehicle_3,,,0.0,49.6
1,Electric_Vehicle_3,14.0,84.8,,
1,Electric_Vehicle_3,13.0,84.8,,
1,Electric_Vehicle_3,12.0,84.8,,
1,Electric_Vehicle_3,11.0,84.8,,
1,Electric_Vehicle_3,10.0,84.8,,
1,Electric_Vehicle_3,9.0,84.8,,
1,Electric_Vehicle_3,8.0,84.8,,
1,Electric_Vehicle_3,7.0,84.8,,
1,Electric_Vehicle_3,6.0,84.8,,
1,Electric_Vehicle_3,5.0,84.8,,
1,Electric_Vehicle_3,4.0,84.8,,
1,Electric_Vehicle_3,3.0,84.8,,
1,Electric_Vehicle_3,2.0,84.8,,
1,Electric_Vehicle_3,1.0,84.8,,
1,Electric_Vehicle_3,0.0,84.8,,
3,,,,,
2,Electric_Vehicle_3,,,0.0,46.3
1,Electric_Vehicle_3,41.0,72.7,,
1,Electric_Vehicle_3,40.0,72.7,,
1,Electric_Vehicle_3,39.0,72.7,,
1,Electric_Vehicle_3,38.0,72.7,,
1,Electric_Vehicle_3,37.0,72.7,,
1,Electric_Vehicle_3,36.0,72.7,,
1,Electric_Vehicle_3,35.0,72.7,,
1,Electric_Vehicle_3,34.0,72.7,,
1,Electric_Vehicle_3,33.0,72.7,,
1,Electric_Vehicle_3,32.0,72.7,,
1,Electric_Vehicle_3,31.0,72.7,,
1,Electric_Vehicle_3,30.0,72.7,,
1,Electric_Vehicle_3,29.0,72.7,,
1,Electric_Vehicle_3,28.0,72.7,,
1,Electric_Vehicle_3,27.0,72.7,,
1,Electric_Vehicle_3,26.0,72.7,,
1,Electric_Vehicle_3,25.0,72.7,,
1,Electric_Vehicle_3,24.0,72.7,,
1,Electric_Vehicle_3,23.0,72.7,,
1,Electric_Vehicle_3,22.0,72.7,,
1,Electric_Vehicle_3,21.0,72.7,,
1,Electric_Vehicle_3,20.0,72.7,,
1,Electric_Vehicle_3,19.0,72.7,,
1,Electric_Vehicle_3,18.0,72.7,,
1,Electric_Vehicle_3,17.0,72.7,,
1,Electric_Vehicle_3,16.0,72.7,,
1,Electric_Vehicle_3,15.0,72.7,,
1,Electric_Vehicle_3,14.0,72.7,,
1,Electric_Vehicle_3,13.0,72.7,,
1,Electric_Vehicle_3,12.0,72.7,,
1,Electric_Vehicle_3,11.0,72.7,,
1,Electric_Vehicle_3,10.0,72.7,,
1,Electric_Vehicle_3,9.0,72.7,,
1,Electric_Vehicle_3,8.0,72.7,,
1,Electric_Vehicle_3,7.0,72.7,,
1,Electric_Vehicle_3,6.0,72.7,,
1,Electric_Vehicle_3,5.0,72.7,,
1,Electric_Vehicle_3,4.0,72.7,,
1,Electric_Vehicle_3,3.0,72.7,,
1,Electric_Vehicle_3,2.0,72.7,,
1,Electric_Vehicle_3,1.0,72.7,,
1,Electric_Vehicle_3,0.0,72.7,,
3,,,,,
3,,,,,
3,,,,,
3,,,,,
3,,,,,
3,,,,,
3,,,,,
3,,,,,
3,,,,,
3,,,,,
3,,,,,
2,Electric_Vehicle_3,,,0.0,26.8
1,Electric_Vehicle_3,12.0,72.6,,
1,Electric_Vehicle_3,11.0,72.6,,
1,Electric_Vehicle_3,10.0,72.6,,
1,Electric_Vehicle_3,9.0,72.6,,
1,Electric_Vehicle_3,8.0,72.6,,
1,Electric_Vehicle_3,7.0,72.6,,
1,Electric_Vehicle_3,6.0,72.6,,
1,Electric_Vehicle_3,5.0,72.6,,
1,Electric_Vehicle_3,4.0,72.6,,
1,Electric_Vehicle_3,3.0,72.6,,
1,Electric_Vehicle_3,2.0,72.6,,
1,Electric_Vehicle_3,1.0,72.6,,
1,Electric_Vehicle_3,0.0,72.6,,
3,,,,,
3,,,,,
3,,,,,
3,,,,,
3,,,,,
3,,,,,
3,,,,,
2,Electric_Vehicle_3,,,0.0,26.4
1,Electric_Vehicle_3,14.0,78.4,,
1,Electric_Vehicle_3,13.0,78.4,,
1,Electric_Vehicle_3,12.0,78.4,,
1,Electric_Vehicle_3,11.0,78.4,,
1,Electric_Vehicle_3,10.0,78.4,,
1,Electric_Vehicle_3,9.0,78.4,,
1,Electric_Vehicle_3,8.0,78.4,,
1,Electric_Vehicle_3,7.0,78.4,,
1,Electric_Vehicle_3,6.0,78.4,,
1,Electric_Vehicle_3,5.0,78.4,,
1,Electric_Vehicle_3,4.0,78.4,,
1,Electric_Vehicle_3,3.0,78.4,,
1,Electric_Vehicle_3,2.0,78.4,,
1,Electric_Vehicle_3,1.0,78.4,,
1,Electric_Vehicle_3,0.0,78.4,,
3,,,,,
3,,,,,
3,,,,,
3,,,,,
3,,,,,
3,,,,,
3,,,,,
3,,,,,
3,,,,,
3,,,,,
3,,,,,
2,Electric_Vehicle_3,,,0.0,43.1
1,Electric_Vehicle_3,14.0,70.6,,
1,Electric_Vehicle_3,13.0,70.6,,
1,Electric_Vehicle_3,12.0,70.6,,
1,Electric_Vehicle_3,11.0,70.6,,
1,Electric_Vehicle_3,10.0,70.6,,
1,Electric_Vehicle_3,9.0,70.6,,
1,Electric_Vehicle_3,8.0,70.6,,
1,Electric_Vehicle_3,7.0,70.6,,
1,Electric_Vehicle_3,6.0,70.6,,
1,Electric_Vehicle_3,5.0,70.6,,
1,Electric_Vehicle_3,4.0,70.6,,
1,Electric_Vehicle_3,3.0,70.6,,
1,Electric_Vehicle_3,2.0,70.6,,
1,Electric_Vehicle_3,1.0,70.6,,
1,Electric_Vehicle_3,0.0,70.6,,
3,,,,,
3,,,,,
3,,,,,
3,,,,,
3,,,,,
3,,,,,
3,,,,,
3,,,,,
2,Electric_Vehicle_3,,,0.0,28.1
1,Electric_Vehicle_3,14.0,78.9,,
1,Electric_Vehicle_3,13.0,78.9,,
1,Electric_Vehicle_3,12.0,78.9,,
1,Electric_Vehicle_3,11.0,78.9,,
1,Electric_Vehicle_3,10.0,78.9,,
1,Electric_Vehicle_3,9.0,78.9,,
1,Electric_Vehicle_3,8.0,78.9,,
1,Electric_Vehicle_3,7.0,78.9,,
1,Electric_Vehicle_3,6.0,78.9,,
1,Electric_Vehicle_3,5.0,78.9,,
1,Electric_Vehicle_3,4.0,78.9,,
1,Electric_Vehicle_3,3.0,78.9,,
1,Electric_Vehicle_3,2.0,78.9,,
1,Electric_Vehicle_3,1.0,78.9,,
1,Electric_Vehicle_3,0.0,78.9,,
3,,,,,
3,,,,,
3,,,,,
3,,,,,
3,,,,,
3,,,,,
2,Electric_Vehicle_3,,,0.0,38.5
1,Electric_Vehicle_3,43.0,74.0,,
1,Electric_Vehicle_3,42.0,74.0,,
1,Electric_Vehicle_3,41.0,74.0,,
1,Electric_Vehicle_3,40.0,74.0,,
1,Electric_Vehicle_3,39.0,74.0,,
1,Electric_Vehicle_3,38.0,74.0,,
1,Electric_Vehicle_3,37.0,74.0,,
1,Electric_Vehicle_3,36.0,74.0,,
1,Electric_Vehicle_3,35.0,74.0,,
1,Electric_Vehicle_3,34.0,74.0,,
1,Electric_Vehicle_3,33.0,74.0,,
1,Electric_Vehicle_3,32.0,74.0,,
1,Electric_Vehicle_3,31.0,74.0,,
1,Electric_Vehicle_3,30.0,74.0,,
1,Electric_Vehicle_3,29.0,74.0,,
1,Electric_Vehicle_3,28.0,74.0,,
1,Electric_Vehicle_3,27.0,74.0,,
1,Electric_Vehicle_3,26.0,74.0,,
1,Electric_Vehicle_3,25.0,74.0,,
1,Electric_Vehicle_3,24.0,74.0,,
1,Electric_Vehicle_3,23.0,74.0,,
1,Electric_Vehicle_3,22.0,74.0,,
1,Electric_Vehicle_3,21.0,74.0,,
1,Electric_Vehicle_3,20.0,74.0,,
1,Electric_Vehicle_3,19.0,74.0,,
1,Electric_Vehicle_3,18.0,74.0,,
1,Electric_Vehicle_3,17.0,74.0,,
1,Electric_Vehicle_3,16.0,74.0,,
1,Electric_Vehicle_3,15.0,74.0,,
1,Electric_Vehicle_3,14.0,74.0,,
1,Electric_Vehicle_3,13.0,74.0,,
1,Electric_Vehicle_3,12.0,74.0,,
1,Electric_Vehicle_3,11.0,74.0,,
1,Electric_Vehicle_3,10.0,74.0,,
1,Electric_Vehicle_3,9.0,74.0,,
1,Electric_Vehicle_3,8.0,74.0,,
1,Electric_Vehicle_3,7.0,74.0,,
1,Electric_Vehicle_3,6.0,74.0,,
1,Electric_Vehicle_3,5.0,74.0,,
1,Electric_Vehicle_3,4.0,74.0,,
1,Electric_Vehicle_3,3.0,74.0,,
1,Electric_Vehicle_3,2.0,74.0,,
1,Electric_Vehicle_3,1.0,74.0,,
1,Electric_Vehicle_3,0.0,74.0,,
3,,,,,
2,Electric_Vehicle_3,,,0.0,60.0
1,Electric_Vehicle_3,17.0,70.7,,
1,Electric_Vehicle_3,16.0,70.7,,
1,Electric_Vehicle_3,15.0,70.7,,
1,Electric_Vehicle_3,14.0,70.7,,
1,Electric_Vehicle_3,13.0,70.7,,
1,Electric_Vehicle_3,12.0,70.7,,
1,Electric_Vehicle_3,11.0,70.7,,
1,Electric_Vehicle_3,10.0,70.7,,
1,Electric_Vehicle_3,9.0,70.7,,
1,Electric_Vehicle_3,8.0,70.7,,
1,Electric_Vehicle_3,7.0,70.7,,
1,Electric_Vehicle_3,6.0,70.7,,
1,Electric_Vehicle_3,5.0,70.7,,
1,Electric_Vehicle_3,4.0,70.7,,
1,Electric_Vehicle_3,3.0,70.7,,
1,Electric_Vehicle_3,2.0,70.7,,
1,Electric_Vehicle_3,1.0,70.7,,
1,Electric_Vehicle_3,0.0,70.7,,
3,,,,,
3,,,,,
3,,,,,
3,,,,,
3,,,,,
3,,,,,
3,,,,,
3,,,,,
3,,,,,
3,,,,,
2,Electric_Vehicle_3,,,0.0,37.9
1,Electric_Vehicle_3,12.0,85.7,,
1,Electric_Vehicle_3,11.0,85.7,,
1,Electric_Vehicle_3,10.0,85.7,,
1,Electric_Vehicle_3,9.0,85.7,,
1,Electric_Vehicle_3,8.0,85.7,,
1,Electric_Vehicle_3,7.0,85.7,,
1,Electric_Vehicle_3,6.0,85.7,,
1,Electric_Vehicle_3,5.0,85.7,,
1,Electric_Vehicle_3,4.0,85.7,,
1,Electric_Vehicle_3,3.0,85.7,,
1,Electric_Vehicle_3,2.0,85.7,,
1,Electric_Vehicle_3,1.0,85.7,,
1,Electric_Vehicle_3,0.0,85.7,,
3,,,,,
3,,,,,
3,,,,,
3,,,,,
3,,,,,
3,,,,,
3,,,,,
3,,,,,
3,,,,,
2,Electric_Vehicle_3,,,0.0,46.1
1,Electric_Vehicle_3,12.0,88.8,,
1,Electric_Vehicle_3,11.0,88.8,,
1,Electric_Vehicle_3,10.0,88.8,,
1,Electric_Vehicle_3,9.0,88.8,,
1,Electric_Vehicle_3,8.0,88.8,,
1,Electric_Vehicle_3,7.0,88.8,,
1,Electric_Vehicle_3,6.0,88.8,,
1,Electric_Vehicle_3,5.0,88.8,,
1,Electric_Vehicle_3,4.0,88.8,,
1,Electric_Vehicle_3,3.0,88.8,,
1,Electric_Vehicle_3,2.0,88.8,,
1,Electric_Vehicle_3,1.0,88.8,,
1,Electric_Vehicle_3,0.0,88.8,,
3,,,,,
3,,,,,
3,,,,,
3,,,,,
3,,,,,
3,,,,,
3,,,,,
3,,,,,
3,,,,,
3,,,,,
2,Electric_Vehicle_3,,,0.0,47.1
1,Electric_Vehicle_3,12.0,77.2,,
1,Electric_Vehicle_3,11.0,77.2,,
1,Electric_Vehicle_3,10.0,77.2,,
1,Electric_Vehicle_3,9.0,77.2,,
1,Electric_Vehicle_3,8.0,77.2,,
1,Electric_Vehicle_3,7.0,77.2,,
1,Electric_Vehicle_3,6.0,77.2,,
1,Electric_Vehicle_3,5.0,77.2,,
1,Electric_Vehicle_3,4.0,77.2,,
1,Electric_Vehicle_3,3.0,77.2,,
1,Electric_Vehicle_3,2.0,77.2,,
1,Electric_Vehicle_3,1.0,77.2,,
1,Electric_Vehicle_3,0.0,77.2,,
3,,,,,
3,,,,,
3,,,,,
3,,,,,
3,,,,,
3,,,,,
3,,,,,
3,,,,,
3,,,,,
3,,,,,
3,,,,,
3,,,,,
2,Electric_Vehicle_3,,,0.0,49.6
1,Electric_Vehicle_3,10.0,87.1,,
1,Electric_Vehicle_3,9.0,87.1,,
1,Electric_Vehicle_3,8.0,87.1,,
1,Electric_Vehicle_3,7.0,87.1,,
1,Electric_Vehicle_3,6.0,87.1,,
1,Electric_Vehicle_3,5.0,87.1,,
1,Electric_Vehicle_3,4.0,87.1,,
1,Electric_Vehicle_3,3.0,87.1,,
1,Electric_Vehicle_3,2.0,87.1,,
1,Electric_Vehicle_3,1.0,87.1,,
1,Electric_Vehicle_3,0.0,87.1,,
3,,,,,
3,,,,,
3,,,,,
3,,,,,
3,,,,,
3,,,,,
3,,,,,
3,,,,,
3,,,,,
2,Electric_Vehicle_3,,,0.0,51.0
1,Electric_Vehicle_3,18.0,82.2,,
1,Electric_Vehicle_3,17.0,82.2,,
1,Electric_Vehicle_3,16.0,82.2,,
1,Electric_Vehicle_3,15.0,82.2,,
1,Electric_Vehicle_3,14.0,82.2,,
1,Electric_Vehicle_3,13.0,82.2,,
1,Electric_Vehicle_3,12.0,82.2,,
1,Electric_Vehicle_3,11.0,82.2,,
1,Electric_Vehicle_3,10.0,82.2,,
1,Electric_Vehicle_3,9.0,82.2,,
1,Electric_Vehicle_3,8.0,82.2,,
1,Electric_Vehicle_3,7.0,82.2,,
1,Electric_Vehicle_3,6.0,82.2,,
1,Electric_Vehicle_3,5.0,82.2,,
1,Electric_Vehicle_3,4.0,82.2,,
1,Electric_Vehicle_3,3.0,82.2,,
1,Electric_Vehicle_3,2.0,82.2,,
1,Electric_Vehicle_3,1.0,82.2,,
1,Electric_Vehicle_3,0.0,82.2,,
3,,,,,
3,,,,,
2,Electric_Vehicle_3,,,0.0,36.6
1,Electric_Vehicle_3,18.0,88.0,,
1,Electric_Vehicle_3,17.0,88.0,,
1,Electric_Vehicle_3,16.0,88.0,,
1,Electric_Vehicle_3,15.0,88.0,,
1,Electric_Vehicle_3,14.0,88.0,,
1,Electric_Vehicle_3,13.0,88.0,,
1,Electric_Vehicle_3,12.0,88.0,,
1,Electric_Vehicle_3,11.0,88.0,,
1,Electric_Vehicle_3,10.0,88.0,,
1,Electric_Vehicle_3,9.0,88.0,,
1,Electric_Vehicle_3,8.0,88.0,,
1,Electric_Vehicle_3,7.0,88.0,,
1,Electric_Vehicle_3,6.0,88.0,,
1,Electric_Vehicle_3,5.0,88.0,,
1,Electric_Vehicle_3,4.0,88.0,,
1,Electric_Vehicle_3,3.0,88.0,,
1,Electric_Vehicle_3,2.0,88.0,,
1,Electric_Vehicle_3,1.0,88.0,,
1,Electric_Vehicle_3,0.0,88.0,,
3,,,,,
3,,,,,
3,,,,,
3,,,,,
2,Electric_Vehicle_3,,,0.0,56.6
1,Electric_Vehicle_3,16.0,85.8,,
1,Electric_Vehicle_3,15.0,85.8,,
1,Electric_Vehicle_3,14.0,85.8,,
1,Electric_Vehicle_3,13.0,85.8,,
1,Electric_Vehicle_3,12.0,85.8,,
1,Electric_Vehicle_3,11.0,85.8,,
1,Electric_Vehicle_3,10.0,85.8,,
1,Electric_Vehicle_3,9.0,85.8,,
1,Electric_Vehicle_3,8.0,85.8,,
1,Electric_Vehicle_3,7.0,85.8,,
1,Electric_Vehicle_3,6.0,85.8,,
1,Electric_Vehicle_3,5.0,85.8,,
1,Electric_Vehicle_3,4.0,85.8,,
1,Electric_Vehicle_3,3.0,85.8,,
1,Electric_Vehicle_3,2.0,85.8,,
1,Electric_Vehicle_3,1.0,85.8,,
1,Electric_Vehicle_3,0.0,85.8,,
3,,,,,
3,,,,,
3,,,,,
3,,,,,
3,,,,,
3,,,,,
3,,,,,
3,,,,,
2,Electric_Vehicle_3,,,0.0,31.0
1,Electric_Vehicle_3,13.0,82.9,,
1,Electric_Vehicle_3,12.0,82.9,,
1,Electric_Vehicle_3,11.0,82.9,,
1,Electric_Vehicle_3,10.0,82.9,,
1,Electric_Vehicle_3,9.0,82.9,,
1,Electric_Vehicle_3,8.0,82.9,,
1,Electric_Vehicle_3,7.0,82.9,,
1,Electric_Vehicle_3,6.0,82.9,,
1,Electric_Vehicle_3,5.0,82.9,,
1,Electric_Vehicle_3,4.0,82.9,,
1,Electric_Vehicle_3,3.0,82.9,,
1,Electric_Vehicle_3,2.0,82.9,,
1,Electric_Vehicle_3,1.0,82.9,,
1,Electric_Vehicle_3,0.0,82.9,,
3,,,,,
3,,,,,
3,,,,,
3,,,,,
3,,,,,
3,,,,,
3,,,,,
3,,,,,
3,,,,,
3,,,,,
3,,,,,
2,Electric_Vehicle_3,,,0.0,45.9
1,Electric_Vehicle_3,11.0,89.6,,
1,Electric_Vehicle_3,10.0,89.6,,
1,Electric_Vehicle_3,9.0,89.6,,
1,Electric_Vehicle_3,8.0,89.6,,
1,Electric_Vehicle_3,7.0,89.6,,
1,Electric_Vehicle_3,6.0,89.6,,
1,Electric_Vehicle_3,5.0,89.6,,
1,Electric_Vehicle_3,4.0,89.6,,
1,Electric_Vehicle_3,3.0,89.6,,
1,Electric_Vehicle_3,2.0,89.6,,
1,Electric_Vehicle_3,1.0,89.6,,
1,Electric_Vehicle_3,0.0,89.6,,
3,,,,,
3,,,,,
3,,,,,
3,,,,,
3,,,,,
3,,,,,
3,,,,,
3,,,,,
3,,,,,
3,,,,,
3,,,,,
2,Electric_Vehicle_3,,,0.0,49.5
1,Electric_Vehicle_3,12.0,87.4,,
1,Electric_Vehicle_3,11.0,87.4,,
1,Electric_Vehicle_3,10.0,87.4,,
1,Electric_Vehicle_3,9.0,87.4,,
1,Electric_Vehicle_3,8.0,87.4,,
1,Electric_Vehicle_3,7.0,87.4,,
1,Electric_Vehicle_3,6.0,87.4,,
1,Electric_Vehicle_3,5.0,87.4,,
1,Electric_Vehicle_3,4.0,87.4,,
1,Electric_Vehicle_3,3.0,87.4,,
1,Electric_Vehicle_3,2.0,87.4,,
1,Electric_Vehicle_3,1.0,87.4,,
1,Electric_Vehicle_3,0.0,87.4,,
3,,,,,
3,,,,,
3,,,,,
3,,,,,
3,,,,,
3,,,,,
3,,,,,
3,,,,,
3,,,,,
3,,,,,
2,Electric_Vehicle_3,,,0.0,25.1
1,Electric_Vehicle_3,11.0,70.1,,
1,Electric_Vehicle_3,10.0,70.1,,
1,Electric_Vehicle_3,9.0,70.1,,
1,Electric_Vehicle_3,8.0,70.1,,
1,Electric_Vehicle_3,7.0,70.1,,
1,Electric_Vehicle_3,6.0,70.1,,
1,Electric_Vehicle_3,5.0,70.1,,
1,Electric_Vehicle_3,4.0,70.1,,
1,Electric_Vehicle_3,3.0,70.1,,
1,Electric_Vehicle_3,2.0,70.1,,
1,Electric_Vehicle_3,1.0,70.1,,
1,Electric_Vehicle_3,0.0,70.1,,
3,,,,,
3,,,,,
3,,,,,
3,,,,,
3,,,,,
3,,,,,
3,,,,,
3,,,,,
3,,,,,
2,Electric_Vehicle_3,,,0.0,35.5
1,Electric_Vehicle_3,41.0,70.7,,
1,Electric_Vehicle_3,40.0,70.7,,
1,Electric_Vehicle_3,39.0,70.7,,
1,Electric_Vehicle_3,38.0,70.7,,
1,Electric_Vehicle_3,37.0,70.7,,
1,Electric_Vehicle_3,36.0,70.7,,
1,Electric_Vehicle_3,35.0,70.7,,
1,Electric_Vehicle_3,34.0,70.7,,
1,Electric_Vehicle_3,33.0,70.7,,
1,Electric_Vehicle_3,32.0,70.7,,
1,Electric_Vehicle_3,31.0,70.7,,
1,Electric_Vehicle_3,30.0,70.7,,
1,Electric_Vehicle_3,29.0,70.7,,
1,Electric_Vehicle_3,28.0,70.7,,
1,Electric_Vehicle_3,27.0,70.7,,
1,Electric_Vehicle_3,26.0,70.7,,
1,Electric_Vehicle_3,25.0,70.7,,
1,Electric_Vehicle_3,24.0,70.7,,
1,Electric_Vehicle_3,23.0,70.7,,
1,Electric_Vehicle_3,22.0,70.7,,
1,Electric_Vehicle_3,21.0,70.7,,
1,Electric_Vehicle_3,20.0,70.7,,
1,Electric_Vehicle_3,19.0,70.7,,
1,Electric_Vehicle_3,18.0,70.7,,
1,Electric_Vehicle_3,17.0,70.7,,
1,Electric_Vehicle_3,16.0,70.7,,
1,Electric_Vehicle_3,15.0,70.7,,
1,Electric_Vehicle_3,14.0,70.7,,
1,Electric_Vehicle_3,13.0,70.7,,
1,Electric_Vehicle_3,12.0,70.7,,
1,Electric_Vehicle_3,11.0,70.7,,
1,Electric_Vehicle_3,10.0,70.7,,
1,Electric_Vehicle_3,9.0,70.7,,
1,Electric_Vehicle_3,8.0,70.7,,
1,Electric_Vehicle_3,7.0,70.7,,
1,Electric_Vehicle_3,6.0,70.7,,
1,Electric_Vehicle_3,5.0,70.7,,
1,Electric_Vehicle_3,4.0,70.7,,
1,Electric_Vehicle_3,3.0,70.7,,
1,Electric_Vehicle_3,2.0,70.7,,
1,Electric_Vehicle_3,1.0,70.7,,
1,Electric_Vehicle_3,0.0,70.7,,
3,,,,,
3,,,,,
3,,,,,
3,,,,,
2,Electric_Vehicle_3,,,0.0,48.1
1,Electric_Vehicle_3,15.0,71.1,,
1,Electric_Vehicle_3,14.0,71.1,,
1,Electric_Vehicle_3,13.0,71.1,,
1,Electric_Vehicle_3,12.0,71.1,,
1,Electric_Vehicle_3,11.0,71.1,,
1,Electric_Vehicle_3,10.0,71.1,,
1,Electric_Vehicle_3,9.0,71.1,,
1,Electric_Vehicle_3,8.0,71.1,,
1,Electric_Vehicle_3,7.0,71.1,,
1,Electric_Vehicle_3,6.0,71.1,,
1,Electric_Vehicle_3,5.0,71.1,,
1,Electric_Vehicle_3,4.0,71.1,,
1,Electric_Vehicle_3,3.0,71.1,,
1,Electric_Vehicle_3,2.0,71.1,,
1,Electric_Vehicle_3,1.0,71.1,,
1,Electric_Vehicle_3,0.0,71.1,,
3,,,,,
3,,,,,
3,,,,,
3,,,,,
3,,,,,
3,,,,,
3,,,,,
3,,,,,
2,Electric_Vehicle_3,,,0.0,44.7
1,Electric_Vehicle_3,13.0,78.2,,
1,Electric_Vehicle_3,12.0,78.2,,
1,Electric_Vehicle_3,11.0,78.2,,
1,Electric_Vehicle_3,10.0,78.2,,
1,Electric_Vehicle_3,9.0,78.2,,
1,Electric_Vehicle_3,8.0,78.2,,
1,Electric_Vehicle_3,7.0,78.2,,
1,Electric_Vehicle_3,6.0,78.2,,
1,Electric_Vehicle_3,5.0,78.2,,
1,Electric_Vehicle_3,4.0,78.2,,
1,Electric_Vehicle_3,3.0,78.2,,
1,Electric_Vehicle_3,2.0,78.2,,
1,Electric_Vehicle_3,1.0,78.2,,
1,Electric_Vehicle_3,0.0,78.2,,
3,,,,,
3,,,,,
3,,,,,
3,,,,,
3,,,,,
3,,,,,
3,,,,,
3,,,,,
3,,,,,
2,Electric_Vehicle_3,,,0.0,34.8
1,Electric_Vehicle_3,13.0,86.0,,
1,Electric_Vehicle_3,12.0,86.0,,
1,Electric_Vehicle_3,11.0,86.0,,
1,Electric_Vehicle_3,10.0,86.0,,
1,Electric_Vehicle_3,9.0,86.0,,
1,Electric_Vehicle_3,8.0,86.0,,
1,Electric_Vehicle_3,7.0,86.0,,
1,Electric_Vehicle_3,6.0,86.0,,
1,Electric_Vehicle_3,5.0,86.0,,
1,Electric_Vehicle_3,4.0,86.0,,
1,Electric_Vehicle_3,3.0,86.0,,
1,Electric_Vehicle_3,2.0,86.0,,
1,Electric_Vehicle_3,1.0,86.0,,
1,Electric_Vehicle_3,0.0,86.0,,
3,,,,,
3,,,,,
3,,,,,
3,,,,,
3,,,,,
3,,,,,
3,,,,,
3,,,,,
3,,,,,
2,Electric_Vehicle_3,,,0.0,38.3
1,Electric_Vehicle_3,38.0,80.1,,
1,Electric_Vehicle_3,37.0,80.1,,
1,Electric_Vehicle_3,36.0,80.1,,
1,Electric_Vehicle_3,35.0,80.1,,
1,Electric_Vehicle_3,34.0,80.1,,
1,Electric_Vehicle_3,33.0,80.1,,
1,Electric_Vehicle_3,32.0,80.1,,
1,Electric_Vehicle_3,31.0,80.1,,
1,Electric_Vehicle_3,30.0,80.1,,
1,Electric_Vehicle_3,29.0,80.1,,
1,Electric_Vehicle_3,28.0,80.1,,
1,Electric_Vehicle_3,27.0,80.1,,
1,Electric_Vehicle_3,26.0,80.1,,
1,Electric_Vehicle_3,25.0,80.1,,
1,Electric_Vehicle_3,24.0,80.1,,
1,Electric_Vehicle_3,23.0,80.1,,
1,Electric_Vehicle_3,22.0,80.1,,
1,Electric_Vehicle_3,21.0,80.1,,
1,Electric_Vehicle_3,20.0,80.1,,
1,Electric_Vehicle_3,19.0,80.1,,
1,Electric_Vehicle_3,18.0,80.1,,
1,Electric_Vehicle_3,17.0,80.1,,
1,Electric_Vehicle_3,16.0,80.1,,
1,Electric_Vehicle_3,15.0,80.1,,
1,Electric_Vehicle_3,14.0,80.1,,
1,Electric_Vehicle_3,13.0,80.1,,
1,Electric_Vehicle_3,12.0,80.1,,
1,Electric_Vehicle_3,11.0,80.1,,
1,Electric_Vehicle_3,10.0,80.1,,
1,Electric_Vehicle_3,9.0,80.1,,
1,Electric_Vehicle_3,8.0,80.1,,
1,Electric_Vehicle_3,7.0,80.1,,
1,Electric_Vehicle_3,6.0,80.1,,
1,Electric_Vehicle_3,5.0,80.1,,
1,Electric_Vehicle_3,4.0,80.1,,
1,Electric_Vehicle_3,3.0,80.1,,
1,Electric_Vehicle_3,2.0,80.1,,
1,Electric_Vehicle_3,1.0,80.1,,
1,Electric_Vehicle_3,0.0,80.1,,
3,,,,,
3,,,,,
3,,,,,
3,,,,,
3,,,,,
3,,,,,
3,,,,,
3,,,,,
2,Electric_Vehicle_3,,,0.0,50.5
1,Electric_Vehicle_3,13.0,86.7,,
1,Electric_Vehicle_3,12.0,86.7,,
1,Electric_Vehicle_3,11.0,86.7,,
1,Electric_Vehicle_3,10.0,86.7,,
1,Electric_Vehicle_3,9.0,86.7,,
1,Electric_Vehicle_3,8.0,86.7,,
1,Electric_Vehicle_3,7.0,86.7,,
1,Electric_Vehicle_3,6.0,86.7,,
1,Electric_Vehicle_3,5.0,86.7,,
1,Electric_Vehicle_3,4.0,86.7,,
1,Electric_Vehicle_3,3.0,86.7,,
1,Electric_Vehicle_3,2.0,86.7,,
1,Electric_Vehicle_3,1.0,86.7,,
1,Electric_Vehicle_3,0.0,86.7,,
3,,,,,
3,,,,,
3,,,,,
3,,,,,
3,,,,,
3,,,,,
3,,,,,
2,Electric_Vehicle_3,,,0.0,32.3
1,Electric_Vehicle_3,18.0,81.0,,
1,Electric_Vehicle_3,17.0,81.0,,
1,Electric_Vehicle_3,16.0,81.0,,
1,Electric_Vehicle_3,15.0,81.0,,
1,Electric_Vehicle_3,14.0,81.0,,
1,Electric_Vehicle_3,13.0,81.0,,
1,Electric_Vehicle_3,12.0,81.0,,
1,Electric_Vehicle_3,11.0,81.0,,
1,Electric_Vehicle_3,10.0,81.0,,
1,Electric_Vehicle_3,9.0,81.0,,
1,Electric_Vehicle_3,8.0,81.0,,
1,Electric_Vehicle_3,7.0,81.0,,
1,Electric_Vehicle_3,6.0,81.0,,
1,Electric_Vehicle_3,5.0,81.0,,
1,Electric_Vehicle_3,4.0,81.0,,
1,Electric_Vehicle_3,3.0,81.0,,
1,Electric_Vehicle_3,2.0,81.0,,
1,Electric_Vehicle_3,1.0,81.0,,
1,Electric_Vehicle_3,0.0,81.0,,
3,,,,,
3,,,,,
3,,,,,
3,,,,,
3,,,,,
2,Electric_Vehicle_3,,,0.0,40.1
1,Electric_Vehicle_3,14.0,82.4,,
1,Electric_Vehicle_3,13.0,82.4,,
1,Electric_Vehicle_3,12.0,82.4,,
1,Electric_Vehicle_3,11.0,82.4,,
1,Electric_Vehicle_3,10.0,82.4,,
1,Electric_Vehicle_3,9.0,82.4,,
1,Electric_Vehicle_3,8.0,82.4,,
1,Electric_Vehicle_3,7.0,82.4,,
1,Electric_Vehicle_3,6.0,82.4,,
1,Electric_Vehicle_3,5.0,82.4,,
1,Electric_Vehicle_3,4.0,82.4,,
1,Electric_Vehicle_3,3.0,82.4,,
1,Electric_Vehicle_3,2.0,82.4,,
1,Electric_Vehicle_3,1.0,82.4,,
1,Electric_Vehicle_3,0.0,82.4,,
3,,,,,
3,,,,,
3,,,,,
3,,,,,
3,,,,,
3,,,,,
3,,,,,
3,,,,,
3,,,,,
2,Electric_Vehicle_3,,,0.0,36.5
1,Electric_Vehicle_3,37.0,82.2,,
1,Electric_Vehicle_3,36.0,82.2,,
1,Electric_Vehicle_3,35.0,82.2,,
1,Electric_Vehicle_3,34.0,82.2,,
1,Electric_Vehicle_3,33.0,82.2,,
1,Electric_Vehicle_3,32.0,82.2,,
1,Electric_Vehicle_3,31.0,82.2,,
1,Electric_Vehicle_3,30.0,82.2,,
1,Electric_Vehicle_3,29.0,82.2,,
1,Electric_Vehicle_3,28.0,82.2,,
1,Electric_Vehicle_3,27.0,82.2,,
1,Electric_Vehicle_3,26.0,82.2,,
1,Electric_Vehicle_3,25.0,82.2,,
1,Electric_Vehicle_3,24.0,82.2,,
1,Electric_Vehicle_3,23.0,82.2,,
1,Electric_Vehicle_3,22.0,82.2,,
1,Electric_Vehicle_3,21.0,82.2,,
1,Electric_Vehicle_3,20.0,82.2,,
1,Electric_Vehicle_3,19.0,82.2,,
1,Electric_Vehicle_3,18.0,82.2,,
1,Electric_Vehicle_3,17.0,82.2,,
1,Electric_Vehicle_3,16.0,82.2,,
1,Electric_Vehicle_3,15.0,82.2,,
1,Electric_Vehicle_3,14.0,82.2,,
1,Electric_Vehicle_3,13.0,82.2,,
1,Electric_Vehicle_3,12.0,82.2,,
1,Electric_Vehicle_3,11.0,82.2,,
1,Electric_Vehicle_3,10.0,82.2,,
1,Electric_Vehicle_3,9.0,82.2,,
1,Electric_Vehicle_3,8.0,82.2,,
1,Electric_Vehicle_3,7.0,82.2,,
1,Electric_Vehicle_3,6.0,82.2,,
1,Electric_Vehicle_3,5.0,82.2,,
1,Electric_Vehicle_3,4.0,82.2,,
1,Electric_Vehicle_3,3.0,82.2,,
1,Electric_Vehicle_3,2.0,82.2,,
1,Electric_Vehicle_3,1.0,82.2,,
1,Electric_Vehicle_3,0.0,82.2,,
3,,,,,
3,,,,,
3,,,,,
3,,,,,
3,,,,,
3,,,,,
3,,,,,
3,,,,,
3,,,,,
3,,,,,
2,Electric_Vehicle_3,,,0.0,38.6
1,Electric_Vehicle_3,12.0,79.4,,
1,Electric_Vehicle_3,11.0,79.4,,
1,Electric_Vehicle_3,10.0,79.4,,
1,Electric_Vehicle_3,9.0,79.4,,
1,Electric_Vehicle_3,8.0,79.4,,
1,Electric_Vehicle_3,7.0,79.4,,
1,Electric_Vehicle_3,6.0,79.4,,
1,Electric_Vehicle_3,5.0,79.4,,
1,Electric_Vehicle_3,4.0,79.4,,
1,Electric_Vehicle_3,3.0,79.4,,
1,Electric_Vehicle_3,2.0,79.4,,
1,Electric_Vehicle_3,1.0,79.4,,
1,Electric_Vehicle_3,0.0,79.4,,
3,,,,,
3,,,,,
3,,,,,
3,,,,,
3,,,,,
3,,,,,
3,,,,,
3,,,,,
3,,,,,
3,,,,,
3,,,,,
2,Electric_Vehicle_3,,,0.0,40.0
1,Electric_Vehicle_3,11.0,89.7,,
1,Electric_Vehicle_3,10.0,89.7,,
1,Electric_Vehicle_3,9.0,89.7,,
1,Electric_Vehicle_3,8.0,89.7,,
1,Electric_Vehicle_3,7.0,89.7,,
1,Electric_Vehicle_3,6.0,89.7,,
1,Electric_Vehicle_3,5.0,89.7,,
1,Electric_Vehicle_3,4.0,89.7,,
1,Electric_Vehicle_3,3.0,89.7,,
1,Electric_Vehicle_3,2.0,89.7,,
1,Electric_Vehicle_3,1.0,89.7,,
1,Electric_Vehicle_3,0.0,89.7,,
3,,,,,
3,,,,,
3,,,,,
3,,,,,
3,,,,,
3,,,,,
3,,,,,
2,Electric_Vehicle_3,,,0.0,40.1
1,Electric_Vehicle_3,42.0,87.2,,
1,Electric_Vehicle_3,41.0,87.2,,
1,Electric_Vehicle_3,40.0,87.2,,
1,Electric_Vehicle_3,39.0,87.2,,
1,Electric_Vehicle_3,38.0,87.2,,
1,Electric_Vehicle_3,37.0,87.2,,
1,Electric_Vehicle_3,36.0,87.2,,
1,Electric_Vehicle_3,35.0,87.2,,
1,Electric_Vehicle_3,34.0,87.2,,
1,Electric_Vehicle_3,33.0,87.2,,
1,Electric_Vehicle_3,32.0,87.2,,
1,Electric_Vehicle_3,31.0,87.2,,
1,Electric_Vehicle_3,30.0,87.2,,
1,Electric_Vehicle_3,29.0,87.2,,
1,Electric_Vehicle_3,28.0,87.2,,
1,Electric_Vehicle_3,27.0,87.2,,
1,Electric_Vehicle_3,26.0,87.2,,
1,Electric_Vehicle_3,25.0,87.2,,
1,Electric_Vehicle_3,24.0,87.2,,
1,Electric_Vehicle_3,23.0,87.2,,
1,Electric_Vehicle_3,22.0,87.2,,
1,Electric_Vehicle_3,21.0,87.2,,
1,Electric_Vehicle_3,20.0,87.2,,
1,Electric_Vehicle_3,19.0,87.2,,
1,Electric_Vehicle_3,18.0,87.2,,
1,Electric_Vehicle_3,17.0,87.2,,
1,Electric_Vehicle_3,16.0,87.2,,
1,Electric_Vehicle_3,15.0,87.2,,
1,Electric_Vehicle_3,14.0,87.2,,
1,Electric_Vehicle_3,13.0,87.2,,
1,Electric_Vehicle_3,12.0,87.2,,
1,Electric_Vehicle_3,11.0,87.2,,
1,Electric_Vehicle_3,10.0,87.2,,
1,Electric_Vehicle_3,9.0,87.2,,
1,Electric_Vehicle_3,8.0,87.2,,
1,Electric_Vehicle_3,7.0,87.2,,
1,Electric_Vehicle_3,6.0,87.2,,
1,Electric_Vehicle_3,5.0,87.2,,
1,Electric_Vehicle_3,4.0,87.2,,
1,Electric_Vehicle_3,3.0,87.2,,
1,Electric_Vehicle_3,2.0,87.2,,
1,Electric_Vehicle_3,1.0,87.2,,
1,Electric_Vehicle_3,0.0,87.2,,
3,,,,,
3,,,,,
3,,,,,
3,,,,,
2,Electric_Vehicle_3,,,0.0,44.4
1,Electric_Vehicle_3,15.0,81.6,,
1,Electric_Vehicle_3,14.0,81.6,,
1,Electric_Vehicle_3,13.0,81.6,,
1,Electric_Vehicle_3,12.0,81.6,,
1,Electric_Vehicle_3,11.0,81.6,,
1,Electric_Vehicle_3,10.0,81.6,,
1,Electric_Vehicle_3,9.0,81.6,,
1,Electric_Vehicle_3,8.0,81.6,,
1,Electric_Vehicle_3,7.0,81.6,,
1,Electric_Vehicle_3,6.0,81.6,,
1,Electric_Vehicle_3,5.0,81.6,,
1,Electric_Vehicle_3,4.0,81.6,,
1,Electric_Vehicle_3,3.0,81.6,,
1,Electric_Vehicle_3,2.0,81.6,,
1,Electric_Vehicle_3,1.0,81.6,,
1,Electric_Vehicle_3,0.0,81.6,,
3,,,,,
3,,,,,
3,,,,,
3,,,,,
3,,,,,
3,,,,,
3,,,,,
3,,,,,
3,,,,,
3,,,,,
3,,,,,
2,Electric_Vehicle_3,,,0.0,37.3
1,Electric_Vehicle_3,35.0,70.7,,
1,Electric_Vehicle_3,34.0,70.7,,
1,Electric_Vehicle_3,33.0,70.7,,
1,Electric_Vehicle_3,32.0,70.7,,
1,Electric_Vehicle_3,31.0,70.7,,
1,Electric_Vehicle_3,30.0,70.7,,
1,Electric_Vehicle_3,29.0,70.7,,
1,Electric_Vehicle_3,28.0,70.7,,
1,Electric_Vehicle_3,27.0,70.7,,
1,Electric_Vehicle_3,26.0,70.7,,
1,Electric_Vehicle_3,25.0,70.7,,
1,Electric_Vehicle_3,24.0,70.7,,
1,Electric_Vehicle_3,23.0,70.7,,
1,Electric_Vehicle_3,22.0,70.7,,
1,Electric_Vehicle_3,21.0,70.7,,
1,Electric_Vehicle_3,20.0,70.7,,
1,Electric_Vehicle_3,19.0,70.7,,
1,Electric_Vehicle_3,18.0,70.7,,
1,Electric_Vehicle_3,17.0,70.7,,
1,Electric_Vehicle_3,16.0,70.7,,
1,Electric_Vehicle_3,15.0,70.7,,
1,Electric_Vehicle_3,14.0,70.7,,
1,Electric_Vehicle_3,13.0,70.7,,
1,Electric_Vehicle_3,12.0,70.7,,
1,Electric_Vehicle_3,11.0,70.7,,
1,Electric_Vehicle_3,10.0,70.7,,
1,Electric_Vehicle_3,9.0,70.7,,
1,Electric_Vehicle_3,8.0,70.7,,
1,Electric_Vehicle_3,7.0,70.7,,
1,Electric_Vehicle_3,6.0,70.7,,
1,Electric_Vehicle_3,5.0,70.7,,
1,Electric_Vehicle_3,4.0,70.7,,
1,Electric_Vehicle_3,3.0,70.7,,
1,Electric_Vehicle_3,2.0,70.7,,
1,Electric_Vehicle_3,1.0,70.7,,
1,Electric_Vehicle_3,0.0,70.7,,
3,,,,,
3,,,,,
3,,,,,
3,,,,,
3,,,,,
3,,,,,
3,,,,,
3,,,,,
3,,,,,
2,Electric_Vehicle_3,,,0.0,45.0
1,Electric_Vehicle_3,13.0,86.4,,
1,Electric_Vehicle_3,12.0,86.4,,
1,Electric_Vehicle_3,11.0,86.4,,
1,Electric_Vehicle_3,10.0,86.4,,
1,Electric_Vehicle_3,9.0,86.4,,
1,Electric_Vehicle_3,8.0,86.4,,
1,Electric_Vehicle_3,7.0,86.4,,
1,Electric_Vehicle_3,6.0,86.4,,
1,Electric_Vehicle_3,5.0,86.4,,
1,Electric_Vehicle_3,4.0,86.4,,
1,Electric_Vehicle_3,3.0,86.4,,
1,Electric_Vehicle_3,2.0,86.4,,
1,Electric_Vehicle_3,1.0,86.4,,
1,Electric_Vehicle_3,0.0,86.4,,
3,,,,,
3,,,,,
3,,,,,
3,,,,,
3,,,,,
3,,,,,
3,,,,,
3,,,,,
3,,,,,
3,,,,,
2,Electric_Vehicle_3,,,0.0,45.2
1,Electric_Vehicle_3,13.0,90.0,,
1,Electric_Vehicle_3,12.0,90.0,,
1,Electric_Vehicle_3,11.0,90.0,,
1,Electric_Vehicle_3,10.0,90.0,,
1,Electric_Vehicle_3,9.0,90.0,,
1,Electric_Vehicle_3,8.0,90.0,,
1,Electric_Vehicle_3,7.0,90.0,,
1,Electric_Vehicle_3,6.0,90.0,,
1,Electric_Vehicle_3,5.0,90.0,,
1,Electric_Vehicle_3,4.0,90.0,,
1,Electric_Vehicle_3,3.0,90.0,,
1,Electric_Vehicle_3,2.0,90.0,,
1,Electric_Vehicle_3,1.0,90.0,,
1,Electric_Vehicle_3,0.0,90.0,,
3,,,,,
3,,,,,
3,,,,,
3,,,,,
3,,,,,
3,,,,,
3,,,,,
3,,,,,
2,Electric_Vehicle_3,,,0.0,49.2
1,Electric_Vehicle_3,41.0,85.9,,
1,Electric_Vehicle_3,40.0,85.9,,
1,Electric_Vehicle_3,39.0,85.9,,
1,Electric_Vehicle_3,38.0,85.9,,
1,Electric_Vehicle_3,37.0,85.9,,
1,Electric_Vehicle_3,36.0,85.9,,
1,Electric_Vehicle_3,35.0,85.9,,
1,Electric_Vehicle_3,34.0,85.9,,
1,Electric_Vehicle_3,33.0,85.9,,
1,Electric_Vehicle_3,32.0,85.9,,
1,Electric_Vehicle_3,31.0,85.9,,
1,Electric_Vehicle_3,30.0,85.9,,
1,Electric_Vehicle_3,29.0,85.9,,
1,Electric_Vehicle_3,28.0,85.9,,
1,Electric_Vehicle_3,27.0,85.9,,
1,Electric_Vehicle_3,26.0,85.9,,
1,Electric_Vehicle_3,25.0,85.9,,
1,Electric_Vehicle_3,24.0,85.9,,
1,Electric_Vehicle_3,23.0,85.9,,
1,Electric_Vehicle_3,22.0,85.9,,
1,Electric_Vehicle_3,21.0,85.9,,
1,Electric_Vehicle_3,20.0,85.9,,
1,Electric_Vehicle_3,19.0,85.9,,
1,Electric_Vehicle_3,18.0,85.9,,
1,Electric_Vehicle_3,17.0,85.9,,
1,Electric_Vehicle_3,16.0,85.9,,
1,Electric_Vehicle_3,15.0,85.9,,
1,Electric_Vehicle_3,14.0,85.9,,
1,Electric_Vehicle_3,13.0,85.9,,
1,Electric_Vehicle_3,12.0,85.9,,
1,Electric_Vehicle_3,11.0,85.9,,
1,Electric_Vehicle_3,10.0,85.9,,
1,Electric_Vehicle_3,9.0,85.9,,
1,Electric_Vehicle_3,8.0,85.9,,
1,Electric_Vehicle_3,7.0,85.9,,
1,Electric_Vehicle_3,6.0,85.9,,
1,Electric_Vehicle_3,5.0,85.9,,
1,Electric_Vehicle_3,4.0,85.9,,
1,Electric_Vehicle_3,3.0,85.9,,
1,Electric_Vehicle_3,2.0,85.9,,
1,Electric_Vehicle_3,1.0,85.9,,
1,Electric_Vehicle_3,0.0,85.9,,
3,,,,,
2,Electric_Vehicle_3,,,0.0,47.4
1,Electric_Vehicle_3,18.0,85.9,,
1,Electric_Vehicle_3,17.0,85.9,,
1,Electric_Vehicle_3,16.0,85.9,,
1,Electric_Vehicle_3,15.0,85.9,,
1,Electric_Vehicle_3,14.0,85.9,,
1,Electric_Vehicle_3,13.0,85.9,,
1,Electric_Vehicle_3,12.0,85.9,,
1,Electric_Vehicle_3,11.0,85.9,,
1,Electric_Vehicle_3,10.0,85.9,,
1,Electric_Vehicle_3,9.0,85.9,,
1,Electric_Vehicle_3,8.0,85.9,,
1,Electric_Vehicle_3,7.0,85.9,,
1,Electric_Vehicle_3,6.0,85.9,,
1,Electric_Vehicle_3,5.0,85.9,,
1,Electric_Vehicle_3,4.0,85.9,,
1,Electric_Vehicle_3,3.0,85.9,,
1,Electric_Vehicle_3,2.0,85.9,,
1,Electric_Vehicle_3,1.0,85.9,,
1,Electric_Vehicle_3,0.0,85.9,,
3,,,,,
3,,,,,
3,,,,,
3,,,,,
3,,,,,
3,,,,,
3,,,,,
3,,,,,
2,Electric_Vehicle_3,,,0.0,47.2
1,Electric_Vehicle_3,15.0,73.0,,
1,Electric_Vehicle_3,14.0,73.0,,
1,Electric_Vehicle_3,13.0,73.0,,
1,Electric_Vehicle_3,12.0,73.0,,
1,Electric_Vehicle_3,11.0,73.0,,
1,Electric_Vehicle_3,10.0,73.0,,
1,Electric_Vehicle_3,9.0,73.0,,
1,Electric_Vehicle_3,8.0,73.0,,
1,Electric_Vehicle_3,7.0,73.0,,
1,Electric_Vehicle_3,6.0,73.0,,
1,Electric_Vehicle_3,5.0,73.0,,
1,Electric_Vehicle_3,4.0,73.0,,
1,Electric_Vehicle_3,3.0,73.0,,
1,Electric_Vehicle_3,2.0,73.0,,
1,Electric_Vehicle_3,1.0,73.0,,
1,Electric_Vehicle_3,0.0,73.0,,
3,,,,,
3,,,,,
3,,,,,
3,,,,,
3,,,,,
3,,,,,
3,,,,,
2,Electric_Vehicle_3,,,0.0,40.9
1,Electric_Vehicle_3,62.0,79.2,,
1,Electric_Vehicle_3,61.0,79.2,,
1,Electric_Vehicle_3,60.0,79.2,,
1,Electric_Vehicle_3,59.0,79.2,,
1,Electric_Vehicle_3,58.0,79.2,,
1,Electric_Vehicle_3,57.0,79.2,,
1,Electric_Vehicle_3,56.0,79.2,,
1,Electric_Vehicle_3,55.0,79.2,,
1,Electric_Vehicle_3,54.0,79.2,,
1,Electric_Vehicle_3,53.0,79.2,,
1,Electric_Vehicle_3,52.0,79.2,,
1,Electric_Vehicle_3,51.0,79.2,,
1,Electric_Vehicle_3,50.0,79.2,,
1,Electric_Vehicle_3,49.0,79.2,,
1,Electric_Vehicle_3,48.0,79.2,,
1,Electric_Vehicle_3,47.0,79.2,,
1,Electric_Vehicle_3,46.0,79.2,,
1,Electric_Vehicle_3,45.0,79.2,,
1,Electric_Vehicle_3,44.0,79.2,,
1,Electric_Vehicle_3,43.0,79.2,,
1,Electric_Vehicle_3,42.0,79.2,,
1,Electric_Vehicle_3,41.0,79.2,,
1,Electric_Vehicle_3,40.0,79.2,,
1,Electric_Vehicle_3,39.0,79.2,,
1,Electric_Vehicle_3,38.0,79.2,,
1,Electric_Vehicle_3,37.0,79.2,,
1,Electric_Vehicle_3,36.0,79.2,,
1,Electric_Vehicle_3,35.0,79.2,,
1,Electric_Vehicle_3,34.0,79.2,,
1,Electric_Vehicle_3,33.0,79.2,,
1,Electric_Vehicle_3,32.0,79.2,,
1,Electric_Vehicle_3,31.0,79.2,,
1,Electric_Vehicle_3,30.0,79.2,,
1,Electric_Vehicle_3,29.0,79.2,,
1,Electric_Vehicle_3,28.0,79.2,,
1,Electric_Vehicle_3,27.0,79.2,,
1,Electric_Vehicle_3,26.0,79.2,,
1,Electric_Vehicle_3,25.0,79.2,,
1,Electric_Vehicle_3,24.0,79.2,,
1,Electric_Vehicle_3,23.0,79.2,,
1,Electric_Vehicle_3,22.0,79.2,,
1,Electric_Vehicle_3,21.0,79.2,,
1,Electric_Vehicle_3,20.0,79.2,,
1,Electric_Vehicle_3,19.0,79.2,,
1,Electric_Vehicle_3,18.0,79.2,,
1,Electric_Vehicle_3,17.0,79.2,,
1,Electric_Vehicle_3,16.0,79.2,,
1,Electric_Vehicle_3,15.0,79.2,,
1,Electric_Vehicle_3,14.0,79.2,,
1,Electric_Vehicle_3,13.0,79.2,,
1,Electric_Vehicle_3,12.0,79.2,,
1,Electric_Vehicle_3,11.0,79.2,,
1,Electric_Vehicle_3,10.0,79.2,,
1,Electric_Vehicle_3,9.0,79.2,,
1,Electric_Vehicle_3,8.0,79.2,,
1,Electric_Vehicle_3,7.0,79.2,,
1,Electric_Vehicle_3,6.0,79.2,,
1,Electric_Vehicle_3,5.0,79.2,,
1,Electric_Vehicle_3,4.0,79.2,,
1,Electric_Vehicle_3,3.0,79.2,,
1,Electric_Vehicle_3,2.0,79.2,,
1,Electric_Vehicle_3,1.0,79.2,,
1,Electric_Vehicle_3,0.0,79.2,,
3,,,,,
3,,,,,
3,,,,,
3,,,,,
3,,,,,
3,,,,,
3,,,,,
3,,,,,
2,Electric_Vehicle_3,,,0.0,50.9
1,Electric_Vehicle_3,16.0,83.9,,
1,Electric_Vehicle_3,15.0,83.9,,
1,Electric_Vehicle_3,14.0,83.9,,
1,Electric_Vehicle_3,13.0,83.9,,
1,Electric_Vehicle_3,12.0,83.9,,
1,Electric_Vehicle_3,11.0,83.9,,
1,Electric_Vehicle_3,10.0,83.9,,
1,Electric_Vehicle_3,9.0,83.9,,
1,Electric_Vehicle_3,8.0,83.9,,
1,Electric_Vehicle_3,7.0,83.9,,
1,Electric_Vehicle_3,6.0,83.9,,
1,Electric_Vehicle_3,5.0,83.9,,
1,Electric_Vehicle_3,4.0,83.9,,
1,Electric_Vehicle_3,3.0,83.9,,
1,Electric_Vehicle_3,2.0,83.9,,
1,Electric_Vehicle_3,1.0,83.9,,
1,Electric_Vehicle_3,0.0,83.9,,
3,,,,,
3,,,,,
3,,,,,
3,,,,,
2,Electric_Vehicle_3,,,0.0,42.9
1,Electric_Vehicle_3,40.0,81.0,,
1,Electric_Vehicle_3,39.0,81.0,,
1,Electric_Vehicle_3,38.0,81.0,,
1,Electric_Vehicle_3,37.0,81.0,,
1,Electric_Vehicle_3,36.0,81.0,,
1,Electric_Vehicle_3,35.0,81.0,,
1,Electric_Vehicle_3,34.0,81.0,,
1,Electric_Vehicle_3,33.0,81.0,,
1,Electric_Vehicle_3,32.0,81.0,,
1,Electric_Vehicle_3,31.0,81.0,,
1,Electric_Vehicle_3,30.0,81.0,,
1,Electric_Vehicle_3,29.0,81.0,,
1,Electric_Vehicle_3,28.0,81.0,,
1,Electric_Vehicle_3,27.0,81.0,,
1,Electric_Vehicle_3,26.0,81.0,,
1,Electric_Vehicle_3,25.0,81.0,,
1,Electric_Vehicle_3,24.0,81.0,,
1,Electric_Vehicle_3,23.0,81.0,,
1,Electric_Vehicle_3,22.0,81.0,,
1,Electric_Vehicle_3,21.0,81.0,,
1,Electric_Vehicle_3,20.0,81.0,,
1,Electric_Vehicle_3,19.0,81.0,,
1,Electric_Vehicle_3,18.0,81.0,,
1,Electric_Vehicle_3,17.0,81.0,,
1,Electric_Vehicle_3,16.0,81.0,,
1,Electric_Vehicle_3,15.0,81.0,,
1,Electric_Vehicle_3,14.0,81.0,,
1,Electric_Vehicle_3,13.0,81.0,,
1,Electric_Vehicle_3,12.0,81.0,,
1,Electric_Vehicle_3,11.0,81.0,,
1,Electric_Vehicle_3,10.0,81.0,,
1,Electric_Vehicle_3,9.0,81.0,,
1,Electric_Vehicle_3,8.0,81.0,,
1,Electric_Vehicle_3,7.0,81.0,,
1,Electric_Vehicle_3,6.0,81.0,,
1,Electric_Vehicle_3,5.0,81.0,,
1,Electric_Vehicle_3,4.0,81.0,,
1,Electric_Vehicle_3,3.0,81.0,,
1,Electric_Vehicle_3,2.0,81.0,,
1,Electric_Vehicle_3,1.0,81.0,,
1,Electric_Vehicle_3,0.0,81.0,,
3,,,,,
3,,,,,
3,,,,,
3,,,,,
3,,,,,
3,,,,,
3,,,,,
3,,,,,
3,,,,,
3,,,,,
2,Electric_Vehicle_3,,,0.0,38.4
1,Electric_Vehicle_3,11.0,83.9,,
1,Electric_Vehicle_3,10.0,83.9,,
1,Electric_Vehicle_3,9.0,83.9,,
1,Electric_Vehicle_3,8.0,83.9,,
1,Electric_Vehicle_3,7.0,83.9,,
1,Electric_Vehicle_3,6.0,83.9,,
1,Electric_Vehicle_3,5.0,83.9,,
1,Electric_Vehicle_3,4.0,83.9,,
1,Electric_Vehicle_3,3.0,83.9,,
1,Electric_Vehicle_3,2.0,83.9,,
1,Electric_Vehicle_3,1.0,83.9,,
1,Electric_Vehicle_3,0.0,83.9,,
3,,,,,
3,,,,,
3,,,,,
3,,,,,
3,,,,,
3,,,,,
3,,,,,
3,,,,,
3,,,,,
3,,,,,
3,,,,,
2,Electric_Vehicle_3,,,0.0,41.0
1,Electric_Vehicle_3,12.0,89.1,,
1,Electric_Vehicle_3,11.0,89.1,,
1,Electric_Vehicle_3,10.0,89.1,,
1,Electric_Vehicle_3,9.0,89.1,,
1,Electric_Vehicle_3,8.0,89.1,,
1,Electric_Vehicle_3,7.0,89.1,,
1,Electric_Vehicle_3,6.0,89.1,,
1,Electric_Vehicle_3,5.0,89.1,,
1,Electric_Vehicle_3,4.0,89.1,,
1,Electric_Vehicle_3,3.0,89.1,,
1,Electric_Vehicle_3,2.0,89.1,,
1,Electric_Vehicle_3,1.0,89.1,,
1,Electric_Vehicle_3,0.0,89.1,,
3,,,,,
3,,,,,
3,,,,,
3,,,,,
3,,,,,
3,,,,,
3,,,,,
3,,,,,
3,,,,,
2,Electric_Vehicle_3,,,0.0,48.0
1,Electric_Vehicle_3,37.0,84.3,,
1,Electric_Vehicle_3,36.0,84.3,,
1,Electric_Vehicle_3,35.0,84.3,,
1,Electric_Vehicle_3,34.0,84.3,,
1,Electric_Vehicle_3,33.0,84.3,,
1,Electric_Vehicle_3,32.0,84.3,,
1,Electric_Vehicle_3,31.0,84.3,,
1,Electric_Vehicle_3,30.0,84.3,,
1,Electric_Vehicle_3,29.0,84.3,,
1,Electric_Vehicle_3,28.0,84.3,,
1,Electric_Vehicle_3,27.0,84.3,,
1,Electric_Vehicle_3,26.0,84.3,,
1,Electric_Vehicle_3,25.0,84.3,,
1,Electric_Vehicle_3,24.0,84.3,,
1,Electric_Vehicle_3,23.0,84.3,,
1,Electric_Vehicle_3,22.0,84.3,,
1,Electric_Vehicle_3,21.0,84.3,,
1,Electric_Vehicle_3,20.0,84.3,,
1,Electric_Vehicle_3,19.0,84.3,,
1,Electric_Vehicle_3,18.0,84.3,,
1,Electric_Vehicle_3,17.0,84.3,,
1,Electric_Vehicle_3,16.0,84.3,,
1,Electric_Vehicle_3,15.0,84.3,,
1,Electric_Vehicle_3,14.0,84.3,,
1,Electric_Vehicle_3,13.0,84.3,,
1,Electric_Vehicle_3,12.0,84.3,,
1,Electric_Vehicle_3,11.0,84.3,,
1,Electric_Vehicle_3,10.0,84.3,,
1,Electric_Vehicle_3,9.0,84.3,,
1,Electric_Vehicle_3,8.0,84.3,,
1,Electric_Vehicle_3,7.0,84.3,,
1,Electric_Vehicle_3,6.0,84.3,,
1,Electric_Vehicle_3,5.0,84.3,,
1,Electric_Vehicle_3,4.0,84.3,,
1,Electric_Vehicle_3,3.0,84.3,,
1,Electric_Vehicle_3,2.0,84.3,,
1,Electric_Vehicle_3,1.0,84.3,,
1,Electric_Vehicle_3,0.0,84.3,,
3,,,,,
3,,,,,
3,,,,,
3,,,,,
3,,,,,
3,,,,,
3,,,,,
3,,,,,
2,Electric_Vehicle_3,,,0.0,42.3
1,Electric_Vehicle_3,40.0,72.2,,
1,Electric_Vehicle_3,39.0,72.2,,
1,Electric_Vehicle_3,38.0,72.2,,
1,Electric_Vehicle_3,37.0,72.2,,
1,Electric_Vehicle_3,36.0,72.2,,
1,Electric_Vehicle_3,35.0,72.2,,
1,Electric_Vehicle_3,34.0,72.2,,
1,Electric_Vehicle_3,33.0,72.2,,
1,Electric_Vehicle_3,32.0,72.2,,
1,Electric_Vehicle_3,31.0,72.2,,
1,Electric_Vehicle_3,30.0,72.2,,
1,Electric_Vehicle_3,29.0,72.2,,
1,Electric_Vehicle_3,28.0,72.2,,
1,Electric_Vehicle_3,27.0,72.2,,
1,Electric_Vehicle_3,26.0,72.2,,
1,Electric_Vehicle_3,25.0,72.2,,
1,Electric_Vehicle_3,24.0,72.2,,
1,Electric_Vehicle_3,23.0,72.2,,
1,Electric_Vehicle_3,22.0,72.2,,
1,Electric_Vehicle_3,21.0,72.2,,
1,Electric_Vehicle_3,20.0,72.2,,
1,Electric_Vehicle_3,19.0,72.2,,
1,Electric_Vehicle_3,18.0,72.2,,
1,Electric_Vehicle_3,17.0,72.2,,
1,Electric_Vehicle_3,16.0,72.2,,
1,Electric_Vehicle_3,15.0,72.2,,
1,Electric_Vehicle_3,14.0,72.2,,
1,Electric_Vehicle_3,13.0,72.2,,
1,Electric_Vehicle_3,12.0,72.2,,
1,Electric_Vehicle_3,11.0,72.2,,
1,Electric_Vehicle_3,10.0,72.2,,
1,Electric_Vehicle_3,9.0,72.2,,
1,Electric_Vehicle_3,8.0,72.2,,
1,Electric_Vehicle_3,7.0,72.2,,
1,Electric_Vehicle_3,6.0,72.2,,
1,Electric_Vehicle_3,5.0,72.2,,
1,Electric_Vehicle_3,4.0,72.2,,
1,Electric_Vehicle_3,3.0,72.2,,
1,Electric_Vehicle_3,2.0,72.2,,
1,Electric_Vehicle_3,1.0,72.2,,
1,Electric_Vehicle_3,0.0,72.2,,
3,,,,,
3,,,,,
3,,,,,
3,,,,,
3,,,,,
2,Electric_Vehicle_3,,,0.0,41.6
1,Electric_Vehicle_3,14.0,77.8,,
1,Electric_Vehicle_3,13.0,77.8,,
1,Electric_Vehicle_3,12.0,77.8,,
1,Electric_Vehicle_3,11.0,77.8,,
1,Electric_Vehicle_3,10.0,77.8,,
1,Electric_Vehicle_3,9.0,77.8,,
1,Electric_Vehicle_3,8.0,77.8,,
1,Electric_Vehicle_3,7.0,77.8,,
1,Electric_Vehicle_3,6.0,77.8,,
1,Electric_Vehicle_3,5.0,77.8,,
1,Electric_Vehicle_3,4.0,77.8,,
1,Electric_Vehicle_3,3.0,77.8,,
1,Electric_Vehicle_3,2.0,77.8,,
1,Electric_Vehicle_3,1.0,77.8,,
1,Electric_Vehicle_3,0.0,77.8,,
3,,,,,
3,,,,,
3,,,,,
3,,,,,
3,,,,,
3,,,,,
3,,,,,
3,,,,,
3,,,,,
3,,,,,
2,Electric_Vehicle_3,,,0.0,23.0
1,Electric_Vehicle_3,12.0,82.0,,
1,Electric_Vehicle_3,11.0,82.0,,
1,Electric_Vehicle_3,10.0,82.0,,
1,Electric_Vehicle_3,9.0,82.0,,
1,Electric_Vehicle_3,8.0,82.0,,
1,Electric_Vehicle_3,7.0,82.0,,
1,Electric_Vehicle_3,6.0,82.0,,
1,Electric_Vehicle_3,5.0,82.0,,
1,Electric_Vehicle_3,4.0,82.0,,
1,Electric_Vehicle_3,3.0,82.0,,
1,Electric_Vehicle_3,2.0,82.0,,
1,Electric_Vehicle_3,1.0,82.0,,
1,Electric_Vehicle_3,0.0,82.0,,
3,,,,,
3,,,,,
3,,,,,
3,,,,,
3,,,,,
3,,,,,
3,,,,,
3,,,,,
3,,,,,
3,,,,,
2,Electric_Vehicle_3,,,0.0,46.3
1,Electric_Vehicle_3,37.0,74.5,,
1,Electric_Vehicle_3,36.0,74.5,,
1,Electric_Vehicle_3,35.0,74.5,,
1,Electric_Vehicle_3,34.0,74.5,,
1,Electric_Vehicle_3,33.0,74.5,,
1,Electric_Vehicle_3,32.0,74.5,,
1,Electric_Vehicle_3,31.0,74.5,,
1,Electric_Vehicle_3,30.0,74.5,,
1,Electric_Vehicle_3,29.0,74.5,,
1,Electric_Vehicle_3,28.0,74.5,,
1,Electric_Vehicle_3,27.0,74.5,,
1,Electric_Vehicle_3,26.0,74.5,,
1,Electric_Vehicle_3,25.0,74.5,,
1,Electric_Vehicle_3,24.0,74.5,,
1,Electric_Vehicle_3,23.0,74.5,,
1,Electric_Vehicle_3,22.0,74.5,,
1,Electric_Vehicle_3,21.0,74.5,,
1,Electric_Vehicle_3,20.0,74.5,,
1,Electric_Vehicle_3,19.0,74.5,,
1,Electric_Vehicle_3,18.0,74.5,,
1,Electric_Vehicle_3,17.0,74.5,,
1,Electric_Vehicle_3,16.0,74.5,,
1,Electric_Vehicle_3,15.0,74.5,,
1,Electric_Vehicle_3,14.0,74.5,,
1,Electric_Vehicle_3,13.0,74.5,,
1,Electric_Vehicle_3,12.0,74.5,,
1,Electric_Vehicle_3,11.0,74.5,,
1,Electric_Vehicle_3,10.0,74.5,,
1,Electric_Vehicle_3,9.0,74.5,,
1,Electric_Vehicle_3,8.0,74.5,,
1,Electric_Vehicle_3,7.0,74.5,,
1,Electric_Vehicle_3,6.0,74.5,,
1,Electric_Vehicle_3,5.0,74.5,,
1,Electric_Vehicle_3,4.0,74.5,,
1,Electric_Vehicle_3,3.0,74.5,,
1,Electric_Vehicle_3,2.0,74.5,,
1,Electric_Vehicle_3,1.0,74.5,,
1,Electric_Vehicle_3,0.0,74.5,,
3,,,,,
3,,,,,
3,,,,,
3,,,,,
3,,,,,
3,,,,,
3,,,,,
3,,,,,
2,Electric_Vehicle_3,,,0.0,45.1
1,Electric_Vehicle_3,13.0,74.9,,
1,Electric_Vehicle_3,12.0,74.9,,
1,Electric_Vehicle_3,11.0,74.9,,
1,Electric_Vehicle_3,10.0,74.9,,
1,Electric_Vehicle_3,9.0,74.9,,
1,Electric_Vehicle_3,8.0,74.9,,
1,Electric_Vehicle_3,7.0,74.9,,
1,Electric_Vehicle_3,6.0,74.9,,
1,Electric_Vehicle_3,5.0,74.9,,
1,Electric_Vehicle_3,4.0,74.9,,
1,Electric_Vehicle_3,3.0,74.9,,
1,Electric_Vehicle_3,2.0,74.9,,
1,Electric_Vehicle_3,1.0,74.9,,
1,Electric_Vehicle_3,0.0,74.9,,
3,,,,,
3,,,,,
3,,,,,
3,,,,,
3,,,,,
3,,,,,
3,,,,,
3,,,,,
3,,,,,
2,Electric_Vehicle_3,,,0.0,52.2
1,Electric_Vehicle_3,61.0,74.4,,
1,Electric_Vehicle_3,60.0,74.4,,
1,Electric_Vehicle_3,59.0,74.4,,
1,Electric_Vehicle_3,58.0,74.4,,
1,Electric_Vehicle_3,57.0,74.4,,
1,Electric_Vehicle_3,56.0,74.4,,
1,Electric_Vehicle_3,55.0,74.4,,
1,Electric_Vehicle_3,54.0,74.4,,
1,Electric_Vehicle_3,53.0,74.4,,
1,Electric_Vehicle_3,52.0,74.4,,
1,Electric_Vehicle_3,51.0,74.4,,
1,Electric_Vehicle_3,50.0,74.4,,
1,Electric_Vehicle_3,49.0,74.4,,
1,Electric_Vehicle_3,48.0,74.4,,
1,Electric_Vehicle_3,47.0,74.4,,
1,Electric_Vehicle_3,46.0,74.4,,
1,Electric_Vehicle_3,45.0,74.4,,
1,Electric_Vehicle_3,44.0,74.4,,
1,Electric_Vehicle_3,43.0,74.4,,
1,Electric_Vehicle_3,42.0,74.4,,
1,Electric_Vehicle_3,41.0,74.4,,
1,Electric_Vehicle_3,40.0,74.4,,
1,Electric_Vehicle_3,39.0,74.4,,
1,Electric_Vehicle_3,38.0,74.4,,
1,Electric_Vehicle_3,37.0,74.4,,
1,Electric_Vehicle_3,36.0,74.4,,
1,Electric_Vehicle_3,35.0,74.4,,
1,Electric_Vehicle_3,34.0,74.4,,
1,Electric_Vehicle_3,33.0,74.4,,
1,Electric_Vehicle_3,32.0,74.4,,
1,Electric_Vehicle_3,31.0,74.4,,
1,Electric_Vehicle_3,30.0,74.4,,
1,Electric_Vehicle_3,29.0,74.4,,
1,Electric_Vehicle_3,28.0,74.4,,
1,Electric_Vehicle_3,27.0,74.4,,
1,Electric_Vehicle_3,26.0,74.4,,
1,Electric_Vehicle_3,25.0,74.4,,
1,Electric_Vehicle_3,24.0,74.4,,
1,Electric_Vehicle_3,23.0,74.4,,
1,Electric_Vehicle_3,22.0,74.4,,
1,Electric_Vehicle_3,21.0,74.4,,
1,Electric_Vehicle_3,20.0,74.4,,
1,Electric_Vehicle_3,19.0,74.4,,
1,Electric_Vehicle_3,18.0,74.4,,
1,Electric_Vehicle_3,17.0,74.4,,
1,Electric_Vehicle_3,16.0,74.4,,
1,Electric_Vehicle_3,15.0,74.4,,
1,Electric_Vehicle_3,14.0,74.4,,
1,Electric_Vehicle_3,13.0,74.4,,
1,Electric_Vehicle_3,12.0,74.4,,
1,Electric_Vehicle_3,11.0,74.4,,
1,Electric_Vehicle_3,10.0,74.4,,
1,Electric_Vehicle_3,9.0,74.4,,
1,Electric_Vehicle_3,8.0,74.4,,
1,Electric_Vehicle_3,7.0,74.4,,
1,Electric_Vehicle_3,6.0,74.4,,
1,Electric_Vehicle_3,5.0,74.4,,
1,Electric_Vehicle_3,4.0,74.4,,
1,Electric_Vehicle_3,3.0,74.4,,
1,Electric_Vehicle_3,2.0,74.4,,
1,Electric_Vehicle_3,1.0,74.4,,
1,Electric_Vehicle_3,0.0,74.4,,
3,,,,,
3,,,,,
3,,,,,
3,,,,,
3,,,,,
3,,,,,
3,,,,,
3,,,,,
3,,,,,
3,,,,,
3,,,,,
2,Electric_Vehicle_3,,,0.0,44.5
1,Electric_Vehicle_3,11.0,86.1,,
1,Electric_Vehicle_3,10.0,86.1,,
1,Electric_Vehicle_3,9.0,86.1,,
1,Electric_Vehicle_3,8.0,86.1,,
1,Electric_Vehicle_3,7.0,86.1,,
1,Electric_Vehicle_3,6.0,86.1,,
1,Electric_Vehicle_3,5.0,86.1,,
1,Electric_Vehicle_3,4.0,86.1,,
1,Electric_Vehicle_3,3.0,86.1,,
1,Electric_Vehicle_3,2.0,86.1,,
1,Electric_Vehicle_3,1.0,86.1,,
1,Electric_Vehicle_3,0.0,86.1,,
3,,,,,
3,,,,,
3,,,,,
3,,,,,
3,,,,,
3,,,,,
3,,,,,
3,,,,,
3,,,,,
3,,,,,
2,Electric_Vehicle_3,,,0.0,48.7
1,Electric_Vehicle_3,11.0,86.9,,
1,Electric_Vehicle_3,10.0,86.9,,
1,Electric_Vehicle_3,9.0,86.9,,
1,Electric_Vehicle_3,8.0,86.9,,
1,Electric_Vehicle_3,7.0,86.9,,
1,Electric_Vehicle_3,6.0,86.9,,
1,Electric_Vehicle_3,5.0,86.9,,
1,Electric_Vehicle_3,4.0,86.9,,
1,Electric_Vehicle_3,3.0,86.9,,
1,Electric_Vehicle_3,2.0,86.9,,
1,Electric_Vehicle_3,1.0,86.9,,
1,Electric_Vehicle_3,0.0,86.9,,
3,,,,,
3,,,,,
3,,,,,
3,,,,,
3,,,,,
3,,,,,
3,,,,,
3,,,,,
3,,,,,
3,,,,,
3,,,,,
2,Electric_Vehicle_3,,,0.0,49.7
1,Electric_Vehicle_3,11.0,82.9,,
1,Electric_Vehicle_3,10.0,82.9,,
1,Electric_Vehicle_3,9.0,82.9,,
1,Electric_Vehicle_3,8.0,82.9,,
1,Electric_Vehicle_3,7.0,82.9,,
1,Electric_Vehicle_3,6.0,82.9,,
1,Electric_Vehicle_3,5.0,82.9,,
1,Electric_Vehicle_3,4.0,82.9,,
1,Electric_Vehicle_3,3.0,82.9,,
1,Electric_Vehicle_3,2.0,82.9,,
1,Electric_Vehicle_3,1.0,82.9,,
1,Electric_Vehicle_3,0.0,82.9,,
3,,,,,
3,,,,,
3,,,,,
3,,,,,
3,,,,,
3,,,,,
3,,,,,
3,,,,,
3,,,,,
3,,,,,
2,Electric_Vehicle_3,,,0.0,29.1
1,Electric_Vehicle_3,42.0,81.0,,
1,Electric_Vehicle_3,41.0,81.0,,
1,Electric_Vehicle_3,40.0,81.0,,
1,Electric_Vehicle_3,39.0,81.0,,
1,Electric_Vehicle_3,38.0,81.0,,
1,Electric_Vehicle_3,37.0,81.0,,
1,Electric_Vehicle_3,36.0,81.0,,
1,Electric_Vehicle_3,35.0,81.0,,
1,Electric_Vehicle_3,34.0,81.0,,
1,Electric_Vehicle_3,33.0,81.0,,
1,Electric_Vehicle_3,32.0,81.0,,
1,Electric_Vehicle_3,31.0,81.0,,
1,Electric_Vehicle_3,30.0,81.0,,
1,Electric_Vehicle_3,29.0,81.0,,
1,Electric_Vehicle_3,28.0,81.0,,
1,Electric_Vehicle_3,27.0,81.0,,
1,Electric_Vehicle_3,26.0,81.0,,
1,Electric_Vehicle_3,25.0,81.0,,
1,Electric_Vehicle_3,24.0,81.0,,
1,Electric_Vehicle_3,23.0,81.0,,
1,Electric_Vehicle_3,22.0,81.0,,
1,Electric_Vehicle_3,21.0,81.0,,
1,Electric_Vehicle_3,20.0,81.0,,
1,Electric_Vehicle_3,19.0,81.0,,
1,Electric_Vehicle_3,18.0,81.0,,
1,Electric_Vehicle_3,17.0,81.0,,
1,Electric_Vehicle_3,16.0,81.0,,
1,Electric_Vehicle_3,15.0,81.0,,
1,Electric_Vehicle_3,14.0,81.0,,
1,Electric_Vehicle_3,13.0,81.0,,
1,Electric_Vehicle_3,12.0,81.0,,
1,Electric_Vehicle_3,11.0,81.0,,
1,Electric_Vehicle_3,10.0,81.0,,
1,Electric_Vehicle_3,9.0,81.0,,
1,Electric_Vehicle_3,8.0,81.0,,
1,Electric_Vehicle_3,7.0,81.0,,
1,Electric_Vehicle_3,6.0,81.0,,
1,Electric_Vehicle_3,5.0,81.0,,
1,Electric_Vehicle_3,4.0,81.0,,
1,Electric_Vehicle_3,3.0,81.0,,
1,Electric_Vehicle_3,2.0,81.0,,
1,Electric_Vehicle_3,1.0,81.0,,
1,Electric_Vehicle_3,0.0,81.0,,
3,,,,,
3,,,,,
3,,,,,
3,,,,,
2,Electric_Vehicle_3,,,0.0,44.1
1,Electric_Vehicle_3,37.0,77.9,,
1,Electric_Vehicle_3,36.0,77.9,,
1,Electric_Vehicle_3,35.0,77.9,,
1,Electric_Vehicle_3,34.0,77.9,,
1,Electric_Vehicle_3,33.0,77.9,,
1,Electric_Vehicle_3,32.0,77.9,,
1,Electric_Vehicle_3,31.0,77.9,,
1,Electric_Vehicle_3,30.0,77.9,,
1,Electric_Vehicle_3,29.0,77.9,,
1,Electric_Vehicle_3,28.0,77.9,,
1,Electric_Vehicle_3,27.0,77.9,,
1,Electric_Vehicle_3,26.0,77.9,,
1,Electric_Vehicle_3,25.0,77.9,,
1,Electric_Vehicle_3,24.0,77.9,,
1,Electric_Vehicle_3,23.0,77.9,,
1,Electric_Vehicle_3,22.0,77.9,,
1,Electric_Vehicle_3,21.0,77.9,,
1,Electric_Vehicle_3,20.0,77.9,,
1,Electric_Vehicle_3,19.0,77.9,,
1,Electric_Vehicle_3,18.0,77.9,,
1,Electric_Vehicle_3,17.0,77.9,,
1,Electric_Vehicle_3,16.0,77.9,,
1,Electric_Vehicle_3,15.0,77.9,,
1,Electric_Vehicle_3,14.0,77.9,,
1,Electric_Vehicle_3,13.0,77.9,,
1,Electric_Vehicle_3,12.0,77.9,,
1,Electric_Vehicle_3,11.0,77.9,,
1,Electric_Vehicle_3,10.0,77.9,,
1,Electric_Vehicle_3,9.0,77.9,,
1,Electric_Vehicle_3,8.0,77.9,,
1,Electric_Vehicle_3,7.0,77.9,,
1,Electric_Vehicle_3,6.0,77.9,,
1,Electric_Vehicle_3,5.0,77.9,,
1,Electric_Vehicle_3,4.0,77.9,,
1,Electric_Vehicle_3,3.0,77.9,,
1,Electric_Vehicle_3,2.0,77.9,,
1,Electric_Vehicle_3,1.0,77.9,,
1,Electric_Vehicle_3,0.0,77.9,,
3,,,,,
3,,,,,
3,,,,,
3,,,,,
3,,,,,
3,,,,,
3,,,,,
3,,,,,
3,,,,,
2,Electric_Vehicle_3,,,0.0,48.3
1,Electric_Vehicle_3,13.0,88.7,,
1,Electric_Vehicle_3,12.0,88.7,,
1,Electric_Vehicle_3,11.0,88.7,,
1,Electric_Vehicle_3,10.0,88.7,,
1,Electric_Vehicle_3,9.0,88.7,,
1,Electric_Vehicle_3,8.0,88.7,,
1,Electric_Vehicle_3,7.0,88.7,,
1,Electric_Vehicle_3,6.0,88.7,,
1,Electric_Vehicle_3,5.0,88.7,,
1,Electric_Vehicle_3,4.0,88.7,,
1,Electric_Vehicle_3,3.0,88.7,,
1,Electric_Vehicle_3,2.0,88.7,,
1,Electric_Vehicle_3,1.0,88.7,,
1,Electric_Vehicle_3,0.0,88.7,,
3,,,,,
3,,,,,
3,,,,,
3,,,,,
3,,,,,
3,,,,,
3,,,,,
3,,,,,
3,,,,,
3,,,,,
3,,,,,
2,Electric_Vehicle_3,,,0.0,24.3
1,Electric_Vehicle_3,37.0,78.7,,
1,Electric_Vehicle_3,36.0,78.7,,
1,Electric_Vehicle_3,35.0,78.7,,
1,Electric_Vehicle_3,34.0,78.7,,
1,Electric_Vehicle_3,33.0,78.7,,
1,Electric_Vehicle_3,32.0,78.7,,
1,Electric_Vehicle_3,31.0,78.7,,
1,Electric_Vehicle_3,30.0,78.7,,
1,Electric_Vehicle_3,29.0,78.7,,
1,Electric_Vehicle_3,28.0,78.7,,
1,Electric_Vehicle_3,27.0,78.7,,
1,Electric_Vehicle_3,26.0,78.7,,
1,Electric_Vehicle_3,25.0,78.7,,
1,Electric_Vehicle_3,24.0,78.7,,
1,Electric_Vehicle_3,23.0,78.7,,
1,Electric_Vehicle_3,22.0,78.7,,
1,Electric_Vehicle_3,21.0,78.7,,
1,Electric_Vehicle_3,20.0,78.7,,
1,Electric_Vehicle_3,19.0,78.7,,
1,Electric_Vehicle_3,18.0,78.7,,
1,Electric_Vehicle_3,17.0,78.7,,
1,Electric_Vehicle_3,16.0,78.7,,
1,Electric_Vehicle_3,15.0,78.7,,
1,Electric_Vehicle_3,14.0,78.7,,
1,Electric_Vehicle_3,13.0,78.7,,
1,Electric_Vehicle_3,12.0,78.7,,
1,Electric_Vehicle_3,11.0,78.7,,
1,Electric_Vehicle_3,10.0,78.7,,
1,Electric_Vehicle_3,9.0,78.7,,
1,Electric_Vehicle_3,8.0,78.7,,
1,Electric_Vehicle_3,7.0,78.7,,
1,Electric_Vehicle_3,6.0,78.7,,
1,Electric_Vehicle_3,5.0,78.7,,
1,Electric_Vehicle_3,4.0,78.7,,
1,Electric_Vehicle_3,3.0,78.7,,
1,Electric_Vehicle_3,2.0,78.7,,
1,Electric_Vehicle_3,1.0,78.7,,
1,Electric_Vehicle_3,0.0,78.7,,
3,,,,,
3,,,,,
3,,,,,
3,,,,,
3,,,,,
3,,,,,
3,,,,,
3,,,,,
2,Electric_Vehicle_3,,,0.0,53.6
1,Electric_Vehicle_3,12.0,88.6,,
1,Electric_Vehicle_3,11.0,88.6,,
1,Electric_Vehicle_3,10.0,88.6,,
1,Electric_Vehicle_3,9.0,88.6,,
1,Electric_Vehicle_3,8.0,88.6,,
1,Electric_Vehicle_3,7.0,88.6,,
1,Electric_Vehicle_3,6.0,88.6,,
1,Electric_Vehicle_3,5.0,88.6,,
1,Electric_Vehicle_3,4.0,88.6,,
1,Electric_Vehicle_3,3.0,88.6,,
1,Electric_Vehicle_3,2.0,88.6,,
1,Electric_Vehicle_3,1.0,88.6,,
1,Electric_Vehicle_3,0.0,88.6,,
3,,,,,
3,,,,,
3,,,,,
3,,,,,
3,,,,,
3,,,,,
3,,,,,
3,,,,,
3,,,,,
3,,,,,
3,,,,,
2,Electric_Vehicle_3,,,0.0,41.8
1,Electric_Vehicle_3,38.0,87.2,,
1,Electric_Vehicle_3,37.0,87.2,,
1,Electric_Vehicle_3,36.0,87.2,,
1,Electric_Vehicle_3,35.0,87.2,,
1,Electric_Vehicle_3,34.0,87.2,,
1,Electric_Vehicle_3,33.0,87.2,,
1,Electric_Vehicle_3,32.0,87.2,,
1,Electric_Vehicle_3,31.0,87.2,,
1,Electric_Vehicle_3,30.0,87.2,,
1,Electric_Vehicle_3,29.0,87.2,,
1,Electric_Vehicle_3,28.0,87.2,,
1,Electric_Vehicle_3,27.0,87.2,,
1,Electric_Vehicle_3,26.0,87.2,,
1,Electric_Vehicle_3,25.0,87.2,,
1,Electric_Vehicle_3,24.0,87.2,,
1,Electric_Vehicle_3,23.0,87.2,,
1,Electric_Vehicle_3,22.0,87.2,,
1,Electric_Vehicle_3,21.0,87.2,,
1,Electric_Vehicle_3,20.0,87.2,,
1,Electric_Vehicle_3,19.0,87.2,,
1,Electric_Vehicle_3,18.0,87.2,,
1,Electric_Vehicle_3,17.0,87.2,,
1,Electric_Vehicle_3,16.0,87.2,,
1,Electric_Vehicle_3,15.0,87.2,,
1,Electric_Vehicle_3,14.0,87.2,,
1,Electric_Vehicle_3,13.0,87.2,,
1,Electric_Vehicle_3,12.0,87.2,,
1,Electric_Vehicle_3,11.0,87.2,,
1,Electric_Vehicle_3,10.0,87.2,,
1,Electric_Vehicle_3,9.0,87.2,,
1,Electric_Vehicle_3,8.0,87.2,,
1,Electric_Vehicle_3,7.0,87.2,,
1,Electric_Vehicle_3,6.0,87.2,,
1,Electric_Vehicle_3,5.0,87.2,,
1,Electric_Vehicle_3,4.0,87.2,,
1,Electric_Vehicle_3,3.0,87.2,,
1,Electric_Vehicle_3,2.0,87.2,,
1,Electric_Vehicle_3,1.0,87.2,,
1,Electric_Vehicle_3,0.0,87.2,,
3,,,,,
3,,,,,
3,,,,,
3,,,,,
3,,,,,
3,,,,,
2,Electric_Vehicle_3,,,0.0,48.2
1,Electric_Vehicle_3,13.0,82.5,,
1,Electric_Vehicle_3,12.0,82.5,,
1,Electric_Vehicle_3,11.0,82.5,,
1,Electric_Vehicle_3,10.0,82.5,,
1,Electric_Vehicle_3,9.0,82.5,,
1,Electric_Vehicle_3,8.0,82.5,,
1,Electric_Vehicle_3,7.0,82.5,,
1,Electric_Vehicle_3,6.0,82.5,,
1,Electric_Vehicle_3,5.0,82.5,,
1,Electric_Vehicle_3,4.0,82.5,,
1,Electric_Vehicle_3,3.0,82.5,,
1,Electric_Vehicle_3,2.0,82.5,,
1,Electric_Vehicle_3,1.0,82.5,,
1,Electric_Vehicle_3,0.0,82.5,,
3,,,,,
3,,,,,
3,,,,,
3,,,,,
3,,,,,
3,,,,,
3,,,,,
3,,,,,
2,Electric_Vehicle_3,,,0.0,42.0
1,Electric_Vehicle_3,14.0,78.5,,
1,Electric_Vehicle_3,13.0,78.5,,
1,Electric_Vehicle_3,12.0,78.5,,
1,Electric_Vehicle_3,11.0,78.5,,
1,Electric_Vehicle_3,10.0,78.5,,
1,Electric_Vehicle_3,9.0,78.5,,
1,Electric_Vehicle_3,8.0,78.5,,
1,Electric_Vehicle_3,7.0,78.5,,
1,Electric_Vehicle_3,6.0,78.5,,
1,Electric_Vehicle_3,5.0,78.5,,
1,Electric_Vehicle_3,4.0,78.5,,
1,Electric_Vehicle_3,3.0,78.5,,
1,Electric_Vehicle_3,2.0,78.5,,
1,Electric_Vehicle_3,1.0,78.5,,
1,Electric_Vehicle_3,0.0,78.5,,
3,,,,,
3,,,,,
3,,,,,
3,,,,,
3,,,,,
3,,,,,
3,,,,,
3,,,,,
3,,,,,
3,,,,,
3,,,,,
2,Electric_Vehicle_3,,,0.0,50.2
1,Electric_Vehicle_3,11.0,85.4,,
1,Electric_Vehicle_3,10.0,85.4,,
1,Electric_Vehicle_3,9.0,85.4,,
1,Electric_Vehicle_3,8.0,85.4,,
1,Electric_Vehicle_3,7.0,85.4,,
1,Electric_Vehicle_3,6.0,85.4,,
1,Electric_Vehicle_3,5.0,85.4,,
1,Electric_Vehicle_3,4.0,85.4,,
1,Electric_Vehicle_3,3.0,85.4,,
1,Electric_Vehicle_3,2.0,85.4,,
1,Electric_Vehicle_3,1.0,85.4,,
1,Electric_Vehicle_3,0.0,85.4,,
3,,,,,
3,,,,,
3,,,,,
3,,,,,
3,,,,,
3,,,,,
3,,,,,
3,,,,,
3,,,,,
3,,,,,
3,,,,,
3,,,,,
2,Electric_Vehicle_3,,,0.0,35.4
1,Electric_Vehicle_3,34.0,81.0,,
1,Electric_Vehicle_3,33.0,81.0,,
1,Electric_Vehicle_3,32.0,81.0,,
1,Electric_Vehicle_3,31.0,81.0,,
1,Electric_Vehicle_3,30.0,81.0,,
1,Electric_Vehicle_3,29.0,81.0,,
1,Electric_Vehicle_3,28.0,81.0,,
1,Electric_Vehicle_3,27.0,81.0,,
1,Electric_Vehicle_3,26.0,81.0,,
1,Electric_Vehicle_3,25.0,81.0,,
1,Electric_Vehicle_3,24.0,81.0,,
1,Electric_Vehicle_3,23.0,81.0,,
1,Electric_Vehicle_3,22.0,81.0,,
1,Electric_Vehicle_3,21.0,81.0,,
1,Electric_Vehicle_3,20.0,81.0,,
1,Electric_Vehicle_3,19.0,81.0,,
1,Electric_Vehicle_3,18.0,81.0,,
1,Electric_Vehicle_3,17.0,81.0,,
1,Electric_Vehicle_3,16.0,81.0,,
1,Electric_Vehicle_3,15.0,81.0,,
1,Electric_Vehicle_3,14.0,81.0,,
1,Electric_Vehicle_3,13.0,81.0,,
1,Electric_Vehicle_3,12.0,81.0,,
1,Electric_Vehicle_3,11.0,81.0,,
1,Electric_Vehicle_3,10.0,81.0,,
1,Electric_Vehicle_3,9.0,81.0,,
1,Electric_Vehicle_3,8.0,81.0,,
1,Electric_Vehicle_3,7.0,81.0,,
1,Electric_Vehicle_3,6.0,81.0,,
1,Electric_Vehicle_3,5.0,81.0,,
1,Electric_Vehicle_3,4.0,81.0,,
1,Electric_Vehicle_3,3.0,81.0,,
1,Electric_Vehicle_3,2.0,81.0,,
1,Electric_Vehicle_3,1.0,81.0,,
1,Electric_Vehicle_3,0.0,81.0,,
3,,,,,
3,,,,,
3,,,,,
3,,,,,
3,,,,,
3,,,,,
3,,,,,
3,,,,,
3,,,,,
3,,,,,
2,Electric_Vehicle_3,,,0.0,50.3
1,Electric_Vehicle_3,60.0,76.4,,
1,Electric_Vehicle_3,59.0,76.4,,
1,Electric_Vehicle_3,58.0,76.4,,
1,Electric_Vehicle_3,57.0,76.4,,
1,Electric_Vehicle_3,56.0,76.4,,
1,Electric_Vehicle_3,55.0,76.4,,
1,Electric_Vehicle_3,54.0,76.4,,
1,Electric_Vehicle_3,53.0,76.4,,
1,Electric_Vehicle_3,52.0,76.4,,
1,Electric_Vehicle_3,51.0,76.4,,
1,Electric_Vehicle_3,50.0,76.4,,
1,Electric_Vehicle_3,49.0,76.4,,
1,Electric_Vehicle_3,48.0,76.4,,
1,Electric_Vehicle_3,47.0,76.4,,
1,Electric_Vehicle_3,46.0,76.4,,
1,Electric_Vehicle_3,45.0,76.4,,
1,Electric_Vehicle_3,44.0,76.4,,
1,Electric_Vehicle_3,43.0,76.4,,
1,Electric_Vehicle_3,42.0,76.4,,
1,Electric_Vehicle_3,41.0,76.4,,
1,Electric_Vehicle_3,40.0,76.4,,
1,Electric_Vehicle_3,39.0,76.4,,
1,Electric_Vehicle_3,38.0,76.4,,
1,Electric_Vehicle_3,37.0,76.4,,
1,Electric_Vehicle_3,36.0,76.4,,
1,Electric_Vehicle_3,35.0,76.4,,
1,Electric_Vehicle_3,34.0,76.4,,
1,Electric_Vehicle_3,33.0,76.4,,
1,Electric_Vehicle_3,32.0,76.4,,
1,Electric_Vehicle_3,31.0,76.4,,
1,Electric_Vehicle_3,30.0,76.4,,
1,Electric_Vehicle_3,29.0,76.4,,
1,Electric_Vehicle_3,28.0,76.4,,
1,Electric_Vehicle_3,27.0,76.4,,
1,Electric_Vehicle_3,26.0,76.4,,
1,Electric_Vehicle_3,25.0,76.4,,
1,Electric_Vehicle_3,24.0,76.4,,
1,Electric_Vehicle_3,23.0,76.4,,
1,Electric_Vehicle_3,22.0,76.4,,
1,Electric_Vehicle_3,21.0,76.4,,
1,Electric_Vehicle_3,20.0,76.4,,
1,Electric_Vehicle_3,19.0,76.4,,
1,Electric_Vehicle_3,18.0,76.4,,
1,Electric_Vehicle_3,17.0,76.4,,
1,Electric_Vehicle_3,16.0,76.4,,
1,Electric_Vehicle_3,15.0,76.4,,
1,Electric_Vehicle_3,14.0,76.4,,
1,Electric_Vehicle_3,13.0,76.4,,
1,Electric_Vehicle_3,12.0,76.4,,
1,Electric_Vehicle_3,11.0,76.4,,
1,Electric_Vehicle_3,10.0,76.4,,
1,Electric_Vehicle_3,9.0,76.4,,
1,Electric_Vehicle_3,8.0,76.4,,
1,Electric_Vehicle_3,7.0,76.4,,
1,Electric_Vehicle_3,6.0,76.4,,
1,Electric_Vehicle_3,5.0,76.4,,
1,Electric_Vehicle_3,4.0,76.4,,
1,Electric_Vehicle_3,3.0,76.4,,
1,Electric_Vehicle_3,2.0,76.4,,
1,Electric_Vehicle_3,1.0,76.4,,
1,Electric_Vehicle_3,0.0,76.4,,
3,,,,,
3,,,,,
3,,,,,
3,,,,,
3,,,,,
3,,,,,
3,,,,,
3,,,,,
3,,,,,
3,,,,,
3,,,,,
2,Electric_Vehicle_3,,,0.0,30.8
1,Electric_Vehicle_3,10.0,81.8,,
1,Electric_Vehicle_3,9.0,81.8,,
1,Electric_Vehicle_3,8.0,81.8,,
1,Electric_Vehicle_3,7.0,81.8,,
1,Electric_Vehicle_3,6.0,81.8,,
1,Electric_Vehicle_3,5.0,81.8,,
1,Electric_Vehicle_3,4.0,81.8,,
1,Electric_Vehicle_3,3.0,81.8,,
1,Electric_Vehicle_3,2.0,81.8,,
1,Electric_Vehicle_3,1.0,81.8,,
1,Electric_Vehicle_3,0.0,81.8,,
3,,,,,
3,,,,,
3,,,,,
3,,,,,
3,,,,,
3,,,,,
3,,,,,
3,,,,,
3,,,,,
3,,,,,
3,,,,,
2,Electric_Vehicle_3,,,0.0,38.5
1,Electric_Vehicle_3,13.0,76.1,,
1,Electric_Vehicle_3,12.0,76.1,,
1,Electric_Vehicle_3,11.0,76.1,,
1,Electric_Vehicle_3,10.0,76.1,,
1,Electric_Vehicle_3,9.0,76.1,,
1,Electric_Vehicle_3,8.0,76.1,,
1,Electric_Vehicle_3,7.0,76.1,,
1,Electric_Vehicle_3,6.0,76.1,,
1,Electric_Vehicle_3,5.0,76.1,,
1,Electric_Vehicle_3,4.0,76.1,,
1,Electric_Vehicle_3,3.0,76.1,,
1,Electric_Vehicle_3,2.0,76.1,,
1,Electric_Vehicle_3,1.0,76.1,,
1,Electric_Vehicle_3,0.0,76.1,,
3,,,,,
3,,,,,
3,,,,,
3,,,,,
3,,,,,
3,,,,,
3,,,,,
3,,,,,
2,Electric_Vehicle_3,,,0.0,39.2
1,Electric_Vehicle_3,14.0,80.5,,
1,Electric_Vehicle_3,13.0,80.5,,
1,Electric_Vehicle_3,12.0,80.5,,
1,Electric_Vehicle_3,11.0,80.5,,
1,Electric_Vehicle_3,10.0,80.5,,
1,Electric_Vehicle_3,9.0,80.5,,
1,Electric_Vehicle_3,8.0,80.5,,
1,Electric_Vehicle_3,7.0,80.5,,
1,Electric_Vehicle_3,6.0,80.5,,
1,Electric_Vehicle_3,5.0,80.5,,
1,Electric_Vehicle_3,4.0,80.5,,
1,Electric_Vehicle_3,3.0,80.5,,
1,Electric_Vehicle_3,2.0,80.5,,
1,Electric_Vehicle_3,1.0,80.5,,
1,Electric_Vehicle_3,0.0,80.5,,
3,,,,,
3,,,,,
3,,,,,
3,,,,,
3,,,,,
3,,,,,
3,,,,,
3,,,,,
3,,,,,
2,Electric_Vehicle_3,,,0.0,32.3
1,Electric_Vehicle_3,13.0,88.6,,
1,Electric_Vehicle_3,12.0,88.6,,
1,Electric_Vehicle_3,11.0,88.6,,
1,Electric_Vehicle_3,10.0,88.6,,
1,Electric_Vehicle_3,9.0,88.6,,
1,Electric_Vehicle_3,8.0,88.6,,
1,Electric_Vehicle_3,7.0,88.6,,
1,Electric_Vehicle_3,6.0,88.6,,
1,Electric_Vehicle_3,5.0,88.6,,
1,Electric_Vehicle_3,4.0,88.6,,
1,Electric_Vehicle_3,3.0,88.6,,
1,Electric_Vehicle_3,2.0,88.6,,
1,Electric_Vehicle_3,1.0,88.6,,
1,Electric_Vehicle_3,0.0,88.6,,
3,,,,,
3,,,,,
3,,,,,
3,,,,,
3,,,,,
3,,,,,
3,,,,,
3,,,,,
3,,,,,
3,,,,,
2,Electric_Vehicle_3,,,0.0,38.4
1,Electric_Vehicle_3,14.0,84.2,,
1,Electric_Vehicle_3,13.0,84.2,,
1,Electric_Vehicle_3,12.0,84.2,,
1,Electric_Vehicle_3,11.0,84.2,,
1,Electric_Vehicle_3,10.0,84.2,,
1,Electric_Vehicle_3,9.0,84.2,,
1,Electric_Vehicle_3,8.0,84.2,,
1,Electric_Vehicle_3,7.0,84.2,,
1,Electric_Vehicle_3,6.0,84.2,,
1,Electric_Vehicle_3,5.0,84.2,,
1,Electric_Vehicle_3,4.0,84.2,,
1,Electric_Vehicle_3,3.0,84.2,,
1,Electric_Vehicle_3,2.0,84.2,,
1,Electric_Vehicle_3,1.0,84.2,,
1,Electric_Vehicle_3,0.0,84.2,,
3,,,,,
3,,,,,
3,,,,,
3,,,,,
3,,,,,
2,Electric_Vehicle_3,,,0.0,50.8
1,Electric_Vehicle_3,17.0,75.0,,
1,Electric_Vehicle_3,16.0,75.0,,
1,Electric_Vehicle_3,15.0,75.0,,
1,Electric_Vehicle_3,14.0,75.0,,
1,Electric_Vehicle_3,13.0,75.0,,
1,Electric_Vehicle_3,12.0,75.0,,
1,Electric_Vehicle_3,11.0,75.0,,
1,Electric_Vehicle_3,10.0,75.0,,
1,Electric_Vehicle_3,9.0,75.0,,
1,Electric_Vehicle_3,8.0,75.0,,
1,Electric_Vehicle_3,7.0,75.0,,
1,Electric_Vehicle_3,6.0,75.0,,
1,Electric_Vehicle_3,5.0,75.0,,
1,Electric_Vehicle_3,4.0,75.0,,
1,Electric_Vehicle_3,3.0,75.0,,
1,Electric_Vehicle_3,2.0,75.0,,
1,Electric_Vehicle_3,1.0,75.0,,
1,Electric_Vehicle_3,0.0,75.0,,
3,,,,,
3,,,,,
3,,,,,
3,,,,,
3,,,,,
2,Electric_Vehicle_3,,,0.0,48.3
1,Electric_Vehicle_3,14.0,84.6,,
1,Electric_Vehicle_3,13.0,84.6,,
1,Electric_Vehicle_3,12.0,84.6,,
1,Electric_Vehicle_3,11.0,84.6,,
1,Electric_Vehicle_3,10.0,84.6,,
1,Electric_Vehicle_3,9.0,84.6,,
1,Electric_Vehicle_3,8.0,84.6,,
1,Electric_Vehicle_3,7.0,84.6,,
1,Electric_Vehicle_3,6.0,84.6,,
1,Electric_Vehicle_3,5.0,84.6,,
1,Electric_Vehicle_3,4.0,84.6,,
1,Electric_Vehicle_3,3.0,84.6,,
1,Electric_Vehicle_3,2.0,84.6,,
1,Electric_Vehicle_3,1.0,84.6,,
1,Electric_Vehicle_3,0.0,84.6,,
3,,,,,
3,,,,,
3,,,,,
3,,,,,
3,,,,,
3,,,,,
3,,,,,
3,,,,,
3,,,,,
3,,,,,
2,Electric_Vehicle_3,,,0.0,44.5
1,Electric_Vehicle_3,62.0,87.3,,
1,Electric_Vehicle_3,61.0,87.3,,
1,Electric_Vehicle_3,60.0,87.3,,
1,Electric_Vehicle_3,59.0,87.3,,
1,Electric_Vehicle_3,58.0,87.3,,
1,Electric_Vehicle_3,57.0,87.3,,
1,Electric_Vehicle_3,56.0,87.3,,
1,Electric_Vehicle_3,55.0,87.3,,
1,Electric_Vehicle_3,54.0,87.3,,
1,Electric_Vehicle_3,53.0,87.3,,
1,Electric_Vehicle_3,52.0,87.3,,
1,Electric_Vehicle_3,51.0,87.3,,
1,Electric_Vehicle_3,50.0,87.3,,
1,Electric_Vehicle_3,49.0,87.3,,
1,Electric_Vehicle_3,48.0,87.3,,
1,Electric_Vehicle_3,47.0,87.3,,
1,Electric_Vehicle_3,46.0,87.3,,
1,Electric_Vehicle_3,45.0,87.3,,
1,Electric_Vehicle_3,44.0,87.3,,
1,Electric_Vehicle_3,43.0,87.3,,
1,Electric_Vehicle_3,42.0,87.3,,
1,Electric_Vehicle_3,41.0,87.3,,
1,Electric_Vehicle_3,40.0,87.3,,
1,Electric_Vehicle_3,39.0,87.3,,
1,Electric_Vehicle_3,38.0,87.3,,
1,Electric_Vehicle_3,37.0,87.3,,
1,Electric_Vehicle_3,36.0,87.3,,
1,Electric_Vehicle_3,35.0,87.3,,
1,Electric_Vehicle_3,34.0,87.3,,
1,Electric_Vehicle_3,33.0,87.3,,
1,Electric_Vehicle_3,32.0,87.3,,
1,Electric_Vehicle_3,31.0,87.3,,
1,Electric_Vehicle_3,30.0,87.3,,
1,Electric_Vehicle_3,29.0,87.3,,
1,Electric_Vehicle_3,28.0,87.3,,
1,Electric_Vehicle_3,27.0,87.3,,
1,Electric_Vehicle_3,26.0,87.3,,
1,Electric_Vehicle_3,25.0,87.3,,
1,Electric_Vehicle_3,24.0,87.3,,
1,Electric_Vehicle_3,23.0,87.3,,
1,Electric_Vehicle_3,22.0,87.3,,
1,Electric_Vehicle_3,21.0,87.3,,
1,Electric_Vehicle_3,20.0,87.3,,
1,Electric_Vehicle_3,19.0,87.3,,
1,Electric_Vehicle_3,18.0,87.3,,
1,Electric_Vehicle_3,17.0,87.3,,
1,Electric_Vehicle_3,16.0,87.3,,
1,Electric_Vehicle_3,15.0,87.3,,
1,Electric_Vehicle_3,14.0,87.3,,
1,Electric_Vehicle_3,13.0,87.3,,
1,Electric_Vehicle_3,12.0,87.3,,
1,Electric_Vehicle_3,11.0,87.3,,
1,Electric_Vehicle_3,10.0,87.3,,
1,Electric_Vehicle_3,9.0,87.3,,
1,Electric_Vehicle_3,8.0,87.3,,
1,Electric_Vehicle_3,7.0,87.3,,
1,Electric_Vehicle_3,6.0,87.3,,
1,Electric_Vehicle_3,5.0,87.3,,
1,Electric_Vehicle_3,4.0,87.3,,
1,Electric_Vehicle_3,3.0,87.3,,
1,Electric_Vehicle_3,2.0,87.3,,
1,Electric_Vehicle_3,1.0,87.3,,
1,Electric_Vehicle_3,0.0,87.3,,
3,,,,,
3,,,,,
3,,,,,
3,,,,,
3,,,,,
3,,,,,
3,,,,,
2,Electric_Vehicle_3,,,0.0,32.7
1,Electric_Vehicle_3,13.0,76.7,,
1,Electric_Vehicle_3,12.0,76.7,,
1,Electric_Vehicle_3,11.0,76.7,,
1,Electric_Vehicle_3,10.0,76.7,,
1,Electric_Vehicle_3,9.0,76.7,,
1,Electric_Vehicle_3,8.0,76.7,,
1,Electric_Vehicle_3,7.0,76.7,,
1,Electric_Vehicle_3,6.0,76.7,,
1,Electric_Vehicle_3,5.0,76.7,,
1,Electric_Vehicle_3,4.0,76.7,,
1,Electric_Vehicle_3,3.0,76.7,,
1,Electric_Vehicle_3,2.0,76.7,,
1,Electric_Vehicle_3,1.0,76.7,,
1,Electric_Vehicle_3,0.0,76.7,,
3,,,,,
3,,,,,
3,,,,,
3,,,,,
3,,,,,
3,,,,,
3,,,,,
3,,,,,
2,Electric_Vehicle_3,,,0.0,37.3
1,Electric_Vehicle_3,17.0,77.8,,
1,Electric_Vehicle_3,16.0,77.8,,
1,Electric_Vehicle_3,15.0,77.8,,
1,Electric_Vehicle_3,14.0,77.8,,
1,Electric_Vehicle_3,13.0,77.8,,
1,Electric_Vehicle_3,12.0,77.8,,
1,Electric_Vehicle_3,11.0,77.8,,
1,Electric_Vehicle_3,10.0,77.8,,
1,Electric_Vehicle_3,9.0,77.8,,
1,Electric_Vehicle_3,8.0,77.8,,
1,Electric_Vehicle_3,7.0,77.8,,
1,Electric_Vehicle_3,6.0,77.8,,
1,Electric_Vehicle_3,5.0,77.8,,
1,Electric_Vehicle_3,4.0,77.8,,
1,Electric_Vehicle_3,3.0,77.8,,
1,Electric_Vehicle_3,2.0,77.8,,
1,Electric_Vehicle_3,1.0,77.8,,
1,Electric_Vehicle_3,0.0,77.8,,
3,,,,,
3,,,,,
3,,,,,
2,Electric_Vehicle_3,,,0.0,58.7
1,Electric_Vehicle_3,18.0,88.1,,
1,Electric_Vehicle_3,17.0,88.1,,
1,Electric_Vehicle_3,16.0,88.1,,
1,Electric_Vehicle_3,15.0,88.1,,
1,Electric_Vehicle_3,14.0,88.1,,
1,Electric_Vehicle_3,13.0,88.1,,
1,Electric_Vehicle_3,12.0,88.1,,
1,Electric_Vehicle_3,11.0,88.1,,
1,Electric_Vehicle_3,10.0,88.1,,
1,Electric_Vehicle_3,9.0,88.1,,
1,Electric_Vehicle_3,8.0,88.1,,
1,Electric_Vehicle_3,7.0,88.1,,
1,Electric_Vehicle_3,6.0,88.1,,
1,Electric_Vehicle_3,5.0,88.1,,
1,Electric_Vehicle_3,4.0,88.1,,
1,Electric_Vehicle_3,3.0,88.1,,
1,Electric_Vehicle_3,2.0,88.1,,
1,Electric_Vehicle_3,1.0,88.1,,
1,Electric_Vehicle_3,0.0,88.1,,
3,,,,,
3,,,,,
3,,,,,
3,,,,,
3,,,,,
2,Electric_Vehicle_3,,,0.0,50.0
1,Electric_Vehicle_3,14.0,72.4,,
1,Electric_Vehicle_3,13.0,72.4,,
1,Electric_Vehicle_3,12.0,72.4,,
1,Electric_Vehicle_3,11.0,72.4,,
1,Electric_Vehicle_3,10.0,72.4,,
1,Electric_Vehicle_3,9.0,72.4,,
1,Electric_Vehicle_3,8.0,72.4,,
1,Electric_Vehicle_3,7.0,72.4,,
1,Electric_Vehicle_3,6.0,72.4,,
1,Electric_Vehicle_3,5.0,72.4,,
1,Electric_Vehicle_3,4.0,72.4,,
1,Electric_Vehicle_3,3.0,72.4,,
1,Electric_Vehicle_3,2.0,72.4,,
1,Electric_Vehicle_3,1.0,72.4,,
1,Electric_Vehicle_3,0.0,72.4,,
3,,,,,
3,,,,,
3,,,,,
3,,,,,
3,,,,,
3,,,,,
3,,,,,
3,,,,,
3,,,,,
2,Electric_Vehicle_3,,,0.0,44.1
1,Electric_Vehicle_3,38.0,75.4,,
1,Electric_Vehicle_3,37.0,75.4,,
1,Electric_Vehicle_3,36.0,75.4,,
1,Electric_Vehicle_3,35.0,75.4,,
1,Electric_Vehicle_3,34.0,75.4,,
1,Electric_Vehicle_3,33.0,75.4,,
1,Electric_Vehicle_3,32.0,75.4,,
1,Electric_Vehicle_3,31.0,75.4,,
1,Electric_Vehicle_3,30.0,75.4,,
1,Electric_Vehicle_3,29.0,75.4,,
1,Electric_Vehicle_3,28.0,75.4,,
1,Electric_Vehicle_3,27.0,75.4,,
1,Electric_Vehicle_3,26.0,75.4,,
1,Electric_Vehicle_3,25.0,75.4,,
1,Electric_Vehicle_3,24.0,75.4,,
1,Electric_Vehicle_3,23.0,75.4,,
1,Electric_Vehicle_3,22.0,75.4,,
1,Electric_Vehicle_3,21.0,75.4,,
1,Electric_Vehicle_3,20.0,75.4,,
1,Electric_Vehicle_3,19.0,75.4,,
1,Electric_Vehicle_3,18.0,75.4,,
1,Electric_Vehicle_3,17.0,75.4,,
1,Electric_Vehicle_3,16.0,75.4,,
1,Electric_Vehicle_3,15.0,75.4,,
1,Electric_Vehicle_3,14.0,75.4,,
1,Electric_Vehicle_3,13.0,75.4,,
1,Electric_Vehicle_3,12.0,75.4,,
1,Electric_Vehicle_3,11.0,75.4,,
1,Electric_Vehicle_3,10.0,75.4,,
1,Electric_Vehicle_3,9.0,75.4,,
1,Electric_Vehicle_3,8.0,75.4,,
1,Electric_Vehicle_3,7.0,75.4,,
1,Electric_Vehicle_3,6.0,75.4,,
1,Electric_Vehicle_3,5.0,75.4,,
1,Electric_Vehicle_3,4.0,75.4,,
1,Electric_Vehicle_3,3.0,75.4,,
1,Electric_Vehicle_3,2.0,75.4,,
1,Electric_Vehicle_3,1.0,75.4,,
1,Electric_Vehicle_3,0.0,75.4,,
3,,,,,
3,,,,,
3,,,,,
3,,,,,
3,,,,,
3,,,,,
3,,,,,
3,,,,,
2,Electric_Vehicle_3,,,0.0,51.0
1,Electric_Vehicle_3,39.0,73.1,,
1,Electric_Vehicle_3,38.0,73.1,,
1,Electric_Vehicle_3,37.0,73.1,,
1,Electric_Vehicle_3,36.0,73.1,,
1,Electric_Vehicle_3,35.0,73.1,,
1,Electric_Vehicle_3,34.0,73.1,,
1,Electric_Vehicle_3,33.0,73.1,,
1,Electric_Vehicle_3,32.0,73.1,,
1,Electric_Vehicle_3,31.0,73.1,,
1,Electric_Vehicle_3,30.0,73.1,,
1,Electric_Vehicle_3,29.0,73.1,,
1,Electric_Vehicle_3,28.0,73.1,,
1,Electric_Vehicle_3,27.0,73.1,,
1,Electric_Vehicle_3,26.0,73.1,,
1,Electric_Vehicle_3,25.0,73.1,,
1,Electric_Vehicle_3,24.0,73.1,,
1,Electric_Vehicle_3,23.0,73.1,,
1,Electric_Vehicle_3,22.0,73.1,,
1,Electric_Vehicle_3,21.0,73.1,,
1,Electric_Vehicle_3,20.0,73.1,,
1,Electric_Vehicle_3,19.0,73.1,,
1,Electric_Vehicle_3,18.0,73.1,,
1,Electric_Vehicle_3,17.0,73.1,,
1,Electric_Vehicle_3,16.0,73.1,,
1,Electric_Vehicle_3,15.0,73.1,,
1,Electric_Vehicle_3,14.0,73.1,,
1,Electric_Vehicle_3,13.0,73.1,,
1,Electric_Vehicle_3,12.0,73.1,,
1,Electric_Vehicle_3,11.0,73.1,,
1,Electric_Vehicle_3,10.0,73.1,,
1,Electric_Vehicle_3,9.0,73.1,,
1,Electric_Vehicle_3,8.0,73.1,,
1,Electric_Vehicle_3,7.0,73.1,,
1,Electric_Vehicle_3,6.0,73.1,,
1,Electric_Vehicle_3,5.0,73.1,,
1,Electric_Vehicle_3,4.0,73.1,,
1,Electric_Vehicle_3,3.0,73.1,,
1,Electric_Vehicle_3,2.0,73.1,,
1,Electric_Vehicle_3,1.0,73.1,,
1,Electric_Vehicle_3,0.0,73.1,,
3,,,,,
3,,,,,
3,,,,,
3,,,,,
3,,,,,
3,,,,,
3,,,,,
3,,,,,
2,Electric_Vehicle_3,,,0.0,52.5
1,Electric_Vehicle_3,15.0,74.2,,
1,Electric_Vehicle_3,14.0,74.2,,
1,Electric_Vehicle_3,13.0,74.2,,
1,Electric_Vehicle_3,12.0,74.2,,
1,Electric_Vehicle_3,11.0,74.2,,
1,Electric_Vehicle_3,10.0,74.2,,
1,Electric_Vehicle_3,9.0,74.2,,
1,Electric_Vehicle_3,8.0,74.2,,
1,Electric_Vehicle_3,7.0,74.2,,
1,Electric_Vehicle_3,6.0,74.2,,
1,Electric_Vehicle_3,5.0,74.2,,
1,Electric_Vehicle_3,4.0,74.2,,
1,Electric_Vehicle_3,3.0,74.2,,
1,Electric_Vehicle_3,2.0,74.2,,
1,Electric_Vehicle_3,1.0,74.2,,
1,Electric_Vehicle_3,0.0,74.2,,
3,,,,,
3,,,,,
3,,,,,
3,,,,,
3,,,,,
3,,,,,
3,,,,,
2,Electric_Vehicle_3,,,0.0,50.1
1,Electric_Vehicle_3,37.0,89.6,,
1,Electric_Vehicle_3,36.0,89.6,,
1,Electric_Vehicle_3,35.0,89.6,,
1,Electric_Vehicle_3,34.0,89.6,,
1,Electric_Vehicle_3,33.0,89.6,,
1,Electric_Vehicle_3,32.0,89.6,,
1,Electric_Vehicle_3,31.0,89.6,,
1,Electric_Vehicle_3,30.0,89.6,,
1,Electric_Vehicle_3,29.0,89.6,,
1,Electric_Vehicle_3,28.0,89.6,,
1,Electric_Vehicle_3,27.0,89.6,,
1,Electric_Vehicle_3,26.0,89.6,,
1,Electric_Vehicle_3,25.0,89.6,,
1,Electric_Vehicle_3,24.0,89.6,,
1,Electric_Vehicle_3,23.0,89.6,,
1,Electric_Vehicle_3,22.0,89.6,,
1,Electric_Vehicle_3,21.0,89.6,,
1,Electric_Vehicle_3,20.0,89.6,,
1,Electric_Vehicle_3,19.0,89.6,,
1,Electric_Vehicle_3,18.0,89.6,,
1,Electric_Vehicle_3,17.0,89.6,,
1,Electric_Vehicle_3,16.0,89.6,,
1,Electric_Vehicle_3,15.0,89.6,,
1,Electric_Vehicle_3,14.0,89.6,,
1,Electric_Vehicle_3,13.0,89.6,,
1,Electric_Vehicle_3,12.0,89.6,,
1,Electric_Vehicle_3,11.0,89.6,,
1,Electric_Vehicle_3,10.0,89.6,,
1,Electric_Vehicle_3,9.0,89.6,,
1,Electric_Vehicle_3,8.0,89.6,,
1,Electric_Vehicle_3,7.0,89.6,,
1,Electric_Vehicle_3,6.0,89.6,,
1,Electric_Vehicle_3,5.0,89.6,,
1,Electric_Vehicle_3,4.0,89.6,,
1,Electric_Vehicle_3,3.0,89.6,,
1,Electric_Vehicle_3,2.0,89.6,,
1,Electric_Vehicle_3,1.0,89.6,,
1,Electric_Vehicle_3,0.0,89.6,,
3,,,,,
3,,,,,
3,,,,,
3,,,,,
3,,,,,
3,,,,,
3,,,,,
3,,,,,
3,,,,,
3,,,,,
2,Electric_Vehicle_3,,,0.0,27.9
1,Electric_Vehicle_3,12.0,76.3,,
1,Electric_Vehicle_3,11.0,76.3,,
1,Electric_Vehicle_3,10.0,76.3,,
1,Electric_Vehicle_3,9.0,76.3,,
1,Electric_Vehicle_3,8.0,76.3,,
1,Electric_Vehicle_3,7.0,76.3,,
1,Electric_Vehicle_3,6.0,76.3,,
1,Electric_Vehicle_3,5.0,76.3,,
1,Electric_Vehicle_3,4.0,76.3,,
1,Electric_Vehicle_3,3.0,76.3,,
1,Electric_Vehicle_3,2.0,76.3,,
1,Electric_Vehicle_3,1.0,76.3,,
1,Electric_Vehicle_3,0.0,76.3,,
3,,,,,
3,,,,,
3,,,,,
3,,,,,
3,,,,,
3,,,,,
3,,,,,
3,,,,,
3,,,,,
2,Electric_Vehicle_3,,,0.0,50.1
1,Electric_Vehicle_3,14.0,74.5,,
1,Electric_Vehicle_3,13.0,74.5,,
1,Electric_Vehicle_3,12.0,74.5,,
1,Electric_Vehicle_3,11.0,74.5,,
1,Electric_Vehicle_3,10.0,74.5,,
1,Electric_Vehicle_3,9.0,74.5,,
1,Electric_Vehicle_3,8.0,74.5,,
1,Electric_Vehicle_3,7.0,74.5,,
1,Electric_Vehicle_3,6.0,74.5,,
1,Electric_Vehicle_3,5.0,74.5,,
1,Electric_Vehicle_3,4.0,74.5,,
1,Electric_Vehicle_3,3.0,74.5,,
1,Electric_Vehicle_3,2.0,74.5,,
1,Electric_Vehicle_3,1.0,74.5,,
1,Electric_Vehicle_3,0.0,74.5,,
3,,,,,
3,,,,,
3,,,,,
3,,,,,
3,,,,,
3,,,,,
3,,,,,
3,,,,,
3,,,,,
2,Electric_Vehicle_3,,,0.0,48.1
1,Electric_Vehicle_3,13.0,86.0,,
1,Electric_Vehicle_3,12.0,86.0,,
1,Electric_Vehicle_3,11.0,86.0,,
1,Electric_Vehicle_3,10.0,86.0,,
1,Electric_Vehicle_3,9.0,86.0,,
1,Electric_Vehicle_3,8.0,86.0,,
1,Electric_Vehicle_3,7.0,86.0,,
1,Electric_Vehicle_3,6.0,86.0,,
1,Electric_Vehicle_3,5.0,86.0,,
1,Electric_Vehicle_3,4.0,86.0,,
1,Electric_Vehicle_3,3.0,86.0,,
1,Electric_Vehicle_3,2.0,86.0,,
1,Electric_Vehicle_3,1.0,86.0,,
1,Electric_Vehicle_3,0.0,86.0,,
3,,,,,
3,,,,,
3,,,,,
3,,,,,
3,,,,,
3,,,,,
3,,,,,
2,Electric_Vehicle_3,,,0.0,44.2
1,Electric_Vehicle_3,65.0,79.9,,
1,Electric_Vehicle_3,64.0,79.9,,
1,Electric_Vehicle_3,63.0,79.9,,
1,Electric_Vehicle_3,62.0,79.9,,
1,Electric_Vehicle_3,61.0,79.9,,
1,Electric_Vehicle_3,60.0,79.9,,
1,Electric_Vehicle_3,59.0,79.9,,
1,Electric_Vehicle_3,58.0,79.9,,
1,Electric_Vehicle_3,57.0,79.9,,
1,Electric_Vehicle_3,56.0,79.9,,
1,Electric_Vehicle_3,55.0,79.9,,
1,Electric_Vehicle_3,54.0,79.9,,
1,Electric_Vehicle_3,53.0,79.9,,
1,Electric_Vehicle_3,52.0,79.9,,
1,Electric_Vehicle_3,51.0,79.9,,
1,Electric_Vehicle_3,50.0,79.9,,
1,Electric_Vehicle_3,49.0,79.9,,
1,Electric_Vehicle_3,48.0,79.9,,
1,Electric_Vehicle_3,47.0,79.9,,
1,Electric_Vehicle_3,46.0,79.9,,
1,Electric_Vehicle_3,45.0,79.9,,
1,Electric_Vehicle_3,44.0,79.9,,
1,Electric_Vehicle_3,43.0,79.9,,
1,Electric_Vehicle_3,42.0,79.9,,
1,Electric_Vehicle_3,41.0,79.9,,
1,Electric_Vehicle_3,40.0,79.9,,
1,Electric_Vehicle_3,39.0,79.9,,
1,Electric_Vehicle_3,38.0,79.9,,
1,Electric_Vehicle_3,37.0,79.9,,
1,Electric_Vehicle_3,36.0,79.9,,
1,Electric_Vehicle_3,35.0,79.9,,
1,Electric_Vehicle_3,34.0,79.9,,
1,Electric_Vehicle_3,33.0,79.9,,
1,Electric_Vehicle_3,32.0,79.9,,
1,Electric_Vehicle_3,31.0,79.9,,
1,Electric_Vehicle_3,30.0,79.9,,
1,Electric_Vehicle_3,29.0,79.9,,
1,Electric_Vehicle_3,28.0,79.9,,
1,Electric_Vehicle_3,27.0,79.9,,
1,Electric_Vehicle_3,26.0,79.9,,
1,Electric_Vehicle_3,25.0,79.9,,
1,Electric_Vehicle_3,24.0,79.9,,
1,Electric_Vehicle_3,23.0,79.9,,
1,Electric_Vehicle_3,22.0,79.9,,
1,Electric_Vehicle_3,21.0,79.9,,
1,Electric_Vehicle_3,20.0,79.9,,
1,Electric_Vehicle_3,19.0,79.9,,
1,Electric_Vehicle_3,18.0,79.9,,
1,Electric_Vehicle_3,17.0,79.9,,
1,Electric_Vehicle_3,16.0,79.9,,
1,Electric_Vehicle_3,15.0,79.9,,
1,Electric_Vehicle_3,14.0,79.9,,
1,Electric_Vehicle_3,13.0,79.9,,
1,Electric_Vehicle_3,12.0,79.9,,
1,Electric_Vehicle_3,11.0,79.9,,
1,Electric_Vehicle_3,10.0,79.9,,
1,Electric_Vehicle_3,9.0,79.9,,
1,Electric_Vehicle_3,8.0,79.9,,
1,Electric_Vehicle_3,7.0,79.9,,
1,Electric_Vehicle_3,6.0,79.9,,
1,Electric_Vehicle_3,5.0,79.9,,
1,Electric_Vehicle_3,4.0,79.9,,
1,Electric_Vehicle_3,3.0,79.9,,
1,Electric_Vehicle_3,2.0,79.9,,
1,Electric_Vehicle_3,1.0,79.9,,
1,Electric_Vehicle_3,0.0,79.9,,
3,,,,,
3,,,,,
3,,,,,
3,,,,,
3,,,,,
2,Electric_Vehicle_3,,,0.0,47.4
1,Electric_Vehicle_3,15.0,72.0,,
1,Electric_Vehicle_3,14.0,72.0,,
1,Electric_Vehicle_3,13.0,72.0,,
1,Electric_Vehicle_3,12.0,72.0,,
1,Electric_Vehicle_3,11.0,72.0,,
1,Electric_Vehicle_3,10.0,72.0,,
1,Electric_Vehicle_3,9.0,72.0,,
1,Electric_Vehicle_3,8.0,72.0,,
1,Electric_Vehicle_3,7.0,72.0,,
1,Electric_Vehicle_3,6.0,72.0,,
1,Electric_Vehicle_3,5.0,72.0,,
1,Electric_Vehicle_3,4.0,72.0,,
1,Electric_Vehicle_3,3.0,72.0,,
1,Electric_Vehicle_3,2.0,72.0,,
1,Electric_Vehicle_3,1.0,72.0,,
1,Electric_Vehicle_3,0.0,72.0,,
3,,,,,
3,,,,,
3,,,,,
3,,,,,
3,,,,,
3,,,,,
3,,,,,
3,,,,,
2,Electric_Vehicle_3,,,0.0,41.8
1,Electric_Vehicle_3,13.0,80.5,,
1,Electric_Vehicle_3,12.0,80.5,,
1,Electric_Vehicle_3,11.0,80.5,,
1,Electric_Vehicle_3,10.0,80.5,,
1,Electric_Vehicle_3,9.0,80.5,,
1,Electric_Vehicle_3,8.0,80.5,,
1,Electric_Vehicle_3,7.0,80.5,,
1,Electric_Vehicle_3,6.0,80.5,,
1,Electric_Vehicle_3,5.0,80.5,,
1,Electric_Vehicle_3,4.0,80.5,,
1,Electric_Vehicle_3,3.0,80.5,,
1,Electric_Vehicle_3,2.0,80.5,,
1,Electric_Vehicle_3,1.0,80.5,,
1,Electric_Vehicle_3,0.0,80.5,,
3,,,,,
3,,,,,
3,,,,,
3,,,,,
3,,,,,
3,,,,,
3,,,,,
3,,,,,
2,Electric_Vehicle_3,,,0.0,52.5
1,Electric_Vehicle_3,15.0,71.8,,
1,Electric_Vehicle_3,14.0,71.8,,
1,Electric_Vehicle_3,13.0,71.8,,
1,Electric_Vehicle_3,12.0,71.8,,
1,Electric_Vehicle_3,11.0,71.8,,
1,Electric_Vehicle_3,10.0,71.8,,
1,Electric_Vehicle_3,9.0,71.8,,
1,Electric_Vehicle_3,8.0,71.8,,
1,Electric_Vehicle_3,7.0,71.8,,
1,Electric_Vehicle_3,6.0,71.8,,
1,Electric_Vehicle_3,5.0,71.8,,
1,Electric_Vehicle_3,4.0,71.8,,
1,Electric_Vehicle_3,3.0,71.8,,
1,Electric_Vehicle_3,2.0,71.8,,
1,Electric_Vehicle_3,1.0,71.8,,
1,Electric_Vehicle_3,0.0,71.8,,
3,,,,,
3,,,,,
3,,,,,
3,,,,,
3,,,,,
3,,,,,
3,,,,,
3,,,,,
2,Electric_Vehicle_3,,,0.0,41.9
1,Electric_Vehicle_3,14.0,77.5,,
1,Electric_Vehicle_3,13.0,77.5,,
1,Electric_Vehicle_3,12.0,77.5,,
1,Electric_Vehicle_3,11.0,77.5,,
1,Electric_Vehicle_3,10.0,77.5,,
1,Electric_Vehicle_3,9.0,77.5,,
1,Electric_Vehicle_3,8.0,77.5,,
1,Electric_Vehicle_3,7.0,77.5,,
1,Electric_Vehicle_3,6.0,77.5,,
1,Electric_Vehicle_3,5.0,77.5,,
1,Electric_Vehicle_3,4.0,77.5,,
1,Electric_Vehicle_3,3.0,77.5,,
1,Electric_Vehicle_3,2.0,77.5,,
1,Electric_Vehicle_3,1.0,77.5,,
1,Electric_Vehicle_3,0.0,77.5,,
3,,,,,
3,,,,,
3,,,,,
3,,,,,
3,,,,,
3,,,,,
3,,,,,
3,,,,,
3,,,,,
3,,,,,
2,Electric_Vehicle_3,,,0.0,38.9
1,Electric_Vehicle_3,12.0,80.1,,
1,Electric_Vehicle_3,11.0,80.1,,
1,Electric_Vehicle_3,10.0,80.1,,
1,Electric_Vehicle_3,9.0,80.1,,
1,Electric_Vehicle_3,8.0,80.1,,
1,Electric_Vehicle_3,7.0,80.1,,
1,Electric_Vehicle_3,6.0,80.1,,
1,Electric_Vehicle_3,5.0,80.1,,
1,Electric_Vehicle_3,4.0,80.1,,
1,Electric_Vehicle_3,3.0,80.1,,
1,Electric_Vehicle_3,2.0,80.1,,
1,Electric_Vehicle_3,1.0,80.1,,
1,Electric_Vehicle_3,0.0,80.1,,
3,,,,,
3,,,,,
3,,,,,
3,,,,,
3,,,,,
3,,,,,
3,,,,,
3,,,,,
2,Electric_Vehicle_3,,,0.0,41.1
1,Electric_Vehicle_3,61.0,85.7,,
1,Electric_Vehicle_3,60.0,85.7,,
1,Electric_Vehicle_3,59.0,85.7,,
1,Electric_Vehicle_3,58.0,85.7,,
1,Electric_Vehicle_3,57.0,85.7,,
1,Electric_Vehicle_3,56.0,85.7,,
1,Electric_Vehicle_3,55.0,85.7,,
1,Electric_Vehicle_3,54.0,85.7,,
1,Electric_Vehicle_3,53.0,85.7,,
1,Electric_Vehicle_3,52.0,85.7,,
1,Electric_Vehicle_3,51.0,85.7,,
1,Electric_Vehicle_3,50.0,85.7,,
1,Electric_Vehicle_3,49.0,85.7,,
1,Electric_Vehicle_3,48.0,85.7,,
1,Electric_Vehicle_3,47.0,85.7,,
1,Electric_Vehicle_3,46.0,85.7,,
1,Electric_Vehicle_3,45.0,85.7,,
1,Electric_Vehicle_3,44.0,85.7,,
1,Electric_Vehicle_3,43.0,85.7,,
1,Electric_Vehicle_3,42.0,85.7,,
1,Electric_Vehicle_3,41.0,85.7,,
1,Electric_Vehicle_3,40.0,85.7,,
1,Electric_Vehicle_3,39.0,85.7,,
1,Electric_Vehicle_3,38.0,85.7,,
1,Electric_Vehicle_3,37.0,85.7,,
1,Electric_Vehicle_3,36.0,85.7,,
1,Electric_Vehicle_3,35.0,85.7,,
1,Electric_Vehicle_3,34.0,85.7,,
1,Electric_Vehicle_3,33.0,85.7,,
1,Electric_Vehicle_3,32.0,85.7,,
1,Electric_Vehicle_3,31.0,85.7,,
1,Electric_Vehicle_3,30.0,85.7,,
1,Electric_Vehicle_3,29.0,85.7,,
1,Electric_Vehicle_3,28.0,85.7,,
1,Electric_Vehicle_3,27.0,85.7,,
1,Electric_Vehicle_3,26.0,85.7,,
1,Electric_Vehicle_3,25.0,85.7,,
1,Electric_Vehicle_3,24.0,85.7,,
1,Electric_Vehicle_3,23.0,85.7,,
1,Electric_Vehicle_3,22.0,85.7,,
1,Electric_Vehicle_3,21.0,85.7,,
1,Electric_Vehicle_3,20.0,85.7,,
1,Electric_Vehicle_3,19.0,85.7,,
1,Electric_Vehicle_3,18.0,85.7,,
1,Electric_Vehicle_3,17.0,85.7,,
1,Electric_Vehicle_3,16.0,85.7,,
1,Electric_Vehicle_3,15.0,85.7,,
1,Electric_Vehicle_3,14.0,85.7,,
1,Electric_Vehicle_3,13.0,85.7,,
1,Electric_Vehicle_3,12.0,85.7,,
1,Electric_Vehicle_3,11.0,85.7,,
1,Electric_Vehicle_3,10.0,85.7,,
1,Electric_Vehicle_3,9.0,85.7,,
1,Electric_Vehicle_3,8.0,85.7,,
1,Electric_Vehicle_3,7.0,85.7,,
1,Electric_Vehicle_3,6.0,85.7,,
1,Electric_Vehicle_3,5.0,85.7,,
1,Electric_Vehicle_3,4.0,85.7,,
1,Electric_Vehicle_3,3.0,85.7,,
1,Electric_Vehicle_3,2.0,85.7,,
1,Electric_Vehicle_3,1.0,85.7,,
1,Electric_Vehicle_3,0.0,85.7,,
3,,,,,
3,,,,,
3,,,,,
3,,,,,
3,,,,,
3,,,,,
3,,,,,
3,,,,,
2,Electric_Vehicle_3,,,0.0,30.6
1,Electric_Vehicle_3,15.0,83.8,,
1,Electric_Vehicle_3,14.0,83.8,,
1,Electric_Vehicle_3,13.0,83.8,,
1,Electric_Vehicle_3,12.0,83.8,,
1,Electric_Vehicle_3,11.0,83.8,,
1,Electric_Vehicle_3,10.0,83.8,,
1,Electric_Vehicle_3,9.0,83.8,,
1,Electric_Vehicle_3,8.0,83.8,,
1,Electric_Vehicle_3,7.0,83.8,,
1,Electric_Vehicle_3,6.0,83.8,,
1,Electric_Vehicle_3,5.0,83.8,,
1,Electric_Vehicle_3,4.0,83.8,,
1,Electric_Vehicle_3,3.0,83.8,,
1,Electric_Vehicle_3,2.0,83.8,,
1,Electric_Vehicle_3,1.0,83.8,,
1,Electric_Vehicle_3,0.0,83.8,,
3,,,,,
3,,,,,
3,,,,,
3,,,,,
3,,,,,
3,,,,,
3,,,,,
3,,,,,
3,,,,,
2,Electric_Vehicle_3,,,0.0,47.0
1,Electric_Vehicle_3,12.0,71.5,,
1,Electric_Vehicle_3,11.0,71.5,,
1,Electric_Vehicle_3,10.0,71.5,,
1,Electric_Vehicle_3,9.0,71.5,,
1,Electric_Vehicle_3,8.0,71.5,,
1,Electric_Vehicle_3,7.0,71.5,,
1,Electric_Vehicle_3,6.0,71.5,,
1,Electric_Vehicle_3,5.0,71.5,,
1,Electric_Vehicle_3,4.0,71.5,,
1,Electric_Vehicle_3,3.0,71.5,,
1,Electric_Vehicle_3,2.0,71.5,,
1,Electric_Vehicle_3,1.0,71.5,,
1,Electric_Vehicle_3,0.0,71.5,,
3,,,,,
3,,,,,
3,,,,,
3,,,,,
3,,,,,
3,,,,,
3,,,,,
3,,,,,
2,Electric_Vehicle_3,,,0.0,50.0
1,Electric_Vehicle_3,15.0,89.8,,
1,Electric_Vehicle_3,14.0,89.8,,
1,Electric_Vehicle_3,13.0,89.8,,
1,Electric_Vehicle_3,12.0,89.8,,
1,Electric_Vehicle_3,11.0,89.8,,
1,Electric_Vehicle_3,10.0,89.8,,
1,Electric_Vehicle_3,9.0,89.8,,
1,Electric_Vehicle_3,8.0,89.8,,
1,Electric_Vehicle_3,7.0,89.8,,
1,Electric_Vehicle_3,6.0,89.8,,
1,Electric_Vehicle_3,5.0,89.8,,
1,Electric_Vehicle_3,4.0,89.8,,
1,Electric_Vehicle_3,3.0,89.8,,
1,Electric_Vehicle_3,2.0,89.8,,
1,Electric_Vehicle_3,1.0,89.8,,
1,Electric_Vehicle_3,0.0,89.8,,
3,,,,,
3,,,,,
3,,,,,
3,,,,,
3,,,,,
3,,,,,
3,,,,,
3,,,,,
2,Electric_Vehicle_3,,,0.0,47.1
1,Electric_Vehicle_3,13.0,76.5,,
1,Electric_Vehicle_3,12.0,76.5,,
1,Electric_Vehicle_3,11.0,76.5,,
1,Electric_Vehicle_3,10.0,76.5,,
1,Electric_Vehicle_3,9.0,76.5,,
1,Electric_Vehicle_3,8.0,76.5,,
1,Electric_Vehicle_3,7.0,76.5,,
1,Electric_Vehicle_3,6.0,76.5,,
1,Electric_Vehicle_3,5.0,76.5,,
1,Electric_Vehicle_3,4.0,76.5,,
1,Electric_Vehicle_3,3.0,76.5,,
1,Electric_Vehicle_3,2.0,76.5,,
1,Electric_Vehicle_3,1.0,76.5,,
1,Electric_Vehicle_3,0.0,76.5,,
3,,,,,
3,,,,,
3,,,,,
3,,,,,
3,,,,,
3,,,,,
3,,,,,
3,,,,,
2,Electric_Vehicle_3,,,0.0,27.1
1,Electric_Vehicle_3,15.0,72.3,,
1,Electric_Vehicle_3,14.0,72.3,,
1,Electric_Vehicle_3,13.0,72.3,,
1,Electric_Vehicle_3,12.0,72.3,,
1,Electric_Vehicle_3,11.0,72.3,,
1,Electric_Vehicle_3,10.0,72.3,,
1,Electric_Vehicle_3,9.0,72.3,,
1,Electric_Vehicle_3,8.0,72.3,,
1,Electric_Vehicle_3,7.0,72.3,,
1,Electric_Vehicle_3,6.0,72.3,,
1,Electric_Vehicle_3,5.0,72.3,,
1,Electric_Vehicle_3,4.0,72.3,,
1,Electric_Vehicle_3,3.0,72.3,,
1,Electric_Vehicle_3,2.0,72.3,,
1,Electric_Vehicle_3,1.0,72.3,,
1,Electric_Vehicle_3,0.0,72.3,,
3,,,,,
3,,,,,
3,,,,,
3,,,,,
3,,,,,
3,,,,,
3,,,,,
3,,,,,
3,,,,,
3,,,,,
3,,,,,
3,,,,,
3,,,,,
2,Electric_Vehicle_3,,,0.0,36.1
1,Electric_Vehicle_3,10.0,89.5,,
1,Electric_Vehicle_3,9.0,89.5,,
1,Electric_Vehicle_3,8.0,89.5,,
1,Electric_Vehicle_3,7.0,89.5,,
1,Electric_Vehicle_3,6.0,89.5,,
1,Electric_Vehicle_3,5.0,89.5,,
1,Electric_Vehicle_3,4.0,89.5,,
1,Electric_Vehicle_3,3.0,89.5,,
1,Electric_Vehicle_3,2.0,89.5,,
1,Electric_Vehicle_3,1.0,89.5,,
1,Electric_Vehicle_3,0.0,89.5,,
3,,,,,
3,,,,,
3,,,,,
3,,,,,
3,,,,,
3,,,,,
3,,,,,
3,,,,,
3,,,,,
2,Electric_Vehicle_3,,,0.0,28.7
1,Electric_Vehicle_3,11.0,84.5,,
1,Electric_Vehicle_3,10.0,84.5,,
1,Electric_Vehicle_3,9.0,84.5,,
1,Electric_Vehicle_3,8.0,84.5,,
1,Electric_Vehicle_3,7.0,84.5,,
1,Electric_Vehicle_3,6.0,84.5,,
1,Electric_Vehicle_3,5.0,84.5,,
1,Electric_Vehicle_3,4.0,84.5,,
1,Electric_Vehicle_3,3.0,84.5,,
1,Electric_Vehicle_3,2.0,84.5,,
1,Electric_Vehicle_3,1.0,84.5,,
1,Electric_Vehicle_3,0.0,84.5,,
3,,,,,
3,,,,,
3,,,,,
3,,,,,
3,,,,,
3,,,,,
3,,,,,
3,,,,,
3,,,,,
3,,,,,
3,,,,,
2,Electric_Vehicle_3,,,0.0,41.7
1,Electric_Vehicle_3,13.0,78.8,,
1,Electric_Vehicle_3,12.0,78.8,,
1,Electric_Vehicle_3,11.0,78.8,,
1,Electric_Vehicle_3,10.0,78.8,,
1,Electric_Vehicle_3,9.0,78.8,,
1,Electric_Vehicle_3,8.0,78.8,,
1,Electric_Vehicle_3,7.0,78.8,,
1,Electric_Vehicle_3,6.0,78.8,,
1,Electric_Vehicle_3,5.0,78.8,,
1,Electric_Vehicle_3,4.0,78.8,,
1,Electric_Vehicle_3,3.0,78.8,,
1,Electric_Vehicle_3,2.0,78.8,,
1,Electric_Vehicle_3,1.0,78.8,,
1,Electric_Vehicle_3,0.0,78.8,,
3,,,,,
3,,,,,
3,,,,,
3,,,,,
3,,,,,
3,,,,,
2,Electric_Vehicle_3,,,0.0,27.1
1,Electric_Vehicle_3,38.0,74.0,,
1,Electric_Vehicle_3,37.0,74.0,,
1,Electric_Vehicle_3,36.0,74.0,,
1,Electric_Vehicle_3,35.0,74.0,,
1,Electric_Vehicle_3,34.0,74.0,,
1,Electric_Vehicle_3,33.0,74.0,,
1,Electric_Vehicle_3,32.0,74.0,,
1,Electric_Vehicle_3,31.0,74.0,,
1,Electric_Vehicle_3,30.0,74.0,,
1,Electric_Vehicle_3,29.0,74.0,,
1,Electric_Vehicle_3,28.0,74.0,,
1,Electric_Vehicle_3,27.0,74.0,,
1,Electric_Vehicle_3,26.0,74.0,,
1,Electric_Vehicle_3,25.0,74.0,,
1,Electric_Vehicle_3,24.0,74.0,,
1,Electric_Vehicle_3,23.0,74.0,,
1,Electric_Vehicle_3,22.0,74.0,,
1,Electric_Vehicle_3,21.0,74.0,,
1,Electric_Vehicle_3,20.0,74.0,,
1,Electric_Vehicle_3,19.0,74.0,,
1,Electric_Vehicle_3,18.0,74.0,,
1,Electric_Vehicle_3,17.0,74.0,,
1,Electric_Vehicle_3,16.0,74.0,,
1,Electric_Vehicle_3,15.0,74.0,,
1,Electric_Vehicle_3,14.0,74.0,,
1,Electric_Vehicle_3,13.0,74.0,,
1,Electric_Vehicle_3,12.0,74.0,,
1,Electric_Vehicle_3,11.0,74.0,,
1,Electric_Vehicle_3,10.0,74.0,,
1,Electric_Vehicle_3,9.0,74.0,,
1,Electric_Vehicle_3,8.0,74.0,,
1,Electric_Vehicle_3,7.0,74.0,,
1,Electric_Vehicle_3,6.0,74.0,,
1,Electric_Vehicle_3,5.0,74.0,,
1,Electric_Vehicle_3,4.0,74.0,,
1,Electric_Vehicle_3,3.0,74.0,,
1,Electric_Vehicle_3,2.0,74.0,,
1,Electric_Vehicle_3,1.0,74.0,,
1,Electric_Vehicle_3,0.0,74.0,,
3,,,,,
3,,,,,
3,,,,,
3,,,,,
3,,,,,
3,,,,,
3,,,,,
3,,,,,
3,,,,,
3,,,,,
2,Electric_Vehicle_3,,,0.0,36.6
1,Electric_Vehicle_3,12.0,86.1,,
1,Electric_Vehicle_3,11.0,86.1,,
1,Electric_Vehicle_3,10.0,86.1,,
1,Electric_Vehicle_3,9.0,86.1,,
1,Electric_Vehicle_3,8.0,86.1,,
1,Electric_Vehicle_3,7.0,86.1,,
1,Electric_Vehicle_3,6.0,86.1,,
1,Electric_Vehicle_3,5.0,86.1,,
1,Electric_Vehicle_3,4.0,86.1,,
1,Electric_Vehicle_3,3.0,86.1,,
1,Electric_Vehicle_3,2.0,86.1,,
1,Electric_Vehicle_3,1.0,86.1,,
1,Electric_Vehicle_3,0.0,86.1,,
3,,,,,
3,,,,,
3,,,,,
3,,,,,
3,,,,,
3,,,,,
3,,,,,
3,,,,,
3,,,,,
3,,,,,
3,,,,,
2,Electric_Vehicle_3,,,0.0,46.9
1,Electric_Vehicle_3,61.0,89.4,,
1,Electric_Vehicle_3,60.0,89.4,,
1,Electric_Vehicle_3,59.0,89.4,,
1,Electric_Vehicle_3,58.0,89.4,,
1,Electric_Vehicle_3,57.0,89.4,,
1,Electric_Vehicle_3,56.0,89.4,,
1,Electric_Vehicle_3,55.0,89.4,,
1,Electric_Vehicle_3,54.0,89.4,,
1,Electric_Vehicle_3,53.0,89.4,,
1,Electric_Vehicle_3,52.0,89.4,,
1,Electric_Vehicle_3,51.0,89.4,,
1,Electric_Vehicle_3,50.0,89.4,,
1,Electric_Vehicle_3,49.0,89.4,,
1,Electric_Vehicle_3,48.0,89.4,,
1,Electric_Vehicle_3,47.0,89.4,,
1,Electric_Vehicle_3,46.0,89.4,,
1,Electric_Vehicle_3,45.0,89.4,,
1,Electric_Vehicle_3,44.0,89.4,,
1,Electric_Vehicle_3,43.0,89.4,,
1,Electric_Vehicle_3,42.0,89.4,,
1,Electric_Vehicle_3,41.0,89.4,,
1,Electric_Vehicle_3,40.0,89.4,,
1,Electric_Vehicle_3,39.0,89.4,,
1,Electric_Vehicle_3,38.0,89.4,,
1,Electric_Vehicle_3,37.0,89.4,,
1,Electric_Vehicle_3,36.0,89.4,,
1,Electric_Vehicle_3,35.0,89.4,,
1,Electric_Vehicle_3,34.0,89.4,,
1,Electric_Vehicle_3,33.0,89.4,,
1,Electric_Vehicle_3,32.0,89.4,,
1,Electric_Vehicle_3,31.0,89.4,,
1,Electric_Vehicle_3,30.0,89.4,,
1,Electric_Vehicle_3,29.0,89.4,,
1,Electric_Vehicle_3,28.0,89.4,,
1,Electric_Vehicle_3,27.0,89.4,,
1,Electric_Vehicle_3,26.0,89.4,,
1,Electric_Vehicle_3,25.0,89.4,,
1,Electric_Vehicle_3,24.0,89.4,,
1,Electric_Vehicle_3,23.0,89.4,,
1,Electric_Vehicle_3,22.0,89.4,,
1,Electric_Vehicle_3,21.0,89.4,,
1,Electric_Vehicle_3,20.0,89.4,,
1,Electric_Vehicle_3,19.0,89.4,,
1,Electric_Vehicle_3,18.0,89.4,,
1,Electric_Vehicle_3,17.0,89.4,,
1,Electric_Vehicle_3,16.0,89.4,,
1,Electric_Vehicle_3,15.0,89.4,,
1,Electric_Vehicle_3,14.0,89.4,,
1,Electric_Vehicle_3,13.0,89.4,,
1,Electric_Vehicle_3,12.0,89.4,,
1,Electric_Vehicle_3,11.0,89.4,,
1,Electric_Vehicle_3,10.0,89.4,,
1,Electric_Vehicle_3,9.0,89.4,,
1,Electric_Vehicle_3,8.0,89.4,,
1,Electric_Vehicle_3,7.0,89.4,,
1,Electric_Vehicle_3,6.0,89.4,,
1,Electric_Vehicle_3,5.0,89.4,,
1,Electric_Vehicle_3,4.0,89.4,,
1,Electric_Vehicle_3,3.0,89.4,,
1,Electric_Vehicle_3,2.0,89.4,,
1,Electric_Vehicle_3,1.0,89.4,,
1,Electric_Vehicle_3,0.0,89.4,,
3,,,,,
3,,,,,
3,,,,,
3,,,,,
3,,,,,
2,Electric_Vehicle_3,,,0.0,48.1
1,Electric_Vehicle_3,16.0,76.1,,
1,Electric_Vehicle_3,15.0,76.1,,
1,Electric_Vehicle_3,14.0,76.1,,
1,Electric_Vehicle_3,13.0,76.1,,
1,Electric_Vehicle_3,12.0,76.1,,
1,Electric_Vehicle_3,11.0,76.1,,
1,Electric_Vehicle_3,10.0,76.1,,
1,Electric_Vehicle_3,9.0,76.1,,
1,Electric_Vehicle_3,8.0,76.1,,
1,Electric_Vehicle_3,7.0,76.1,,
1,Electric_Vehicle_3,6.0,76.1,,
1,Electric_Vehicle_3,5.0,76.1,,
1,Electric_Vehicle_3,4.0,76.1,,
1,Electric_Vehicle_3,3.0,76.1,,
1,Electric_Vehicle_3,2.0,76.1,,
1,Electric_Vehicle_3,1.0,76.1,,
1,Electric_Vehicle_3,0.0,76.1,,
3,,,,,
3,,,,,
3,,,,,
3,,,,,
3,,,,,
3,,,,,
3,,,,,
3,,,,,
2,Electric_Vehicle_3,,,0.0,30.8
1,Electric_Vehicle_3,15.0,79.4,,
1,Electric_Vehicle_3,14.0,79.4,,
1,Electric_Vehicle_3,13.0,79.4,,
1,Electric_Vehicle_3,12.0,79.4,,
1,Electric_Vehicle_3,11.0,79.4,,
1,Electric_Vehicle_3,10.0,79.4,,
1,Electric_Vehicle_3,9.0,79.4,,
1,Electric_Vehicle_3,8.0,79.4,,
1,Electric_Vehicle_3,7.0,79.4,,
1,Electric_Vehicle_3,6.0,79.4,,
1,Electric_Vehicle_3,5.0,79.4,,
1,Electric_Vehicle_3,4.0,79.4,,
1,Electric_Vehicle_3,3.0,79.4,,
1,Electric_Vehicle_3,2.0,79.4,,
1,Electric_Vehicle_3,1.0,79.4,,
1,Electric_Vehicle_3,0.0,79.4,,
3,,,,,
3,,,,,
3,,,,,
3,,,,,
3,,,,,
3,,,,,
2,Electric_Vehicle_3,,,0.0,42.2
1,Electric_Vehicle_3,14.0,73.7,,
1,Electric_Vehicle_3,13.0,73.7,,
1,Electric_Vehicle_3,12.0,73.7,,
1,Electric_Vehicle_3,11.0,73.7,,
1,Electric_Vehicle_3,10.0,73.7,,
1,Electric_Vehicle_3,9.0,73.7,,
1,Electric_Vehicle_3,8.0,73.7,,
1,Electric_Vehicle_3,7.0,73.7,,
1,Electric_Vehicle_3,6.0,73.7,,
1,Electric_Vehicle_3,5.0,73.7,,
1,Electric_Vehicle_3,4.0,73.7,,
1,Electric_Vehicle_3,3.0,73.7,,
1,Electric_Vehicle_3,2.0,73.7,,
1,Electric_Vehicle_3,1.0,73.7,,
1,Electric_Vehicle_3,0.0,73.7,,
3,,,,,
3,,,,,
3,,,,,
3,,,,,
3,,,,,
2,Electric_Vehicle_3,,,0.0,52.8
1,Electric_Vehicle_3,19.0,88.4,,
1,Electric_Vehicle_3,18.0,88.4,,
1,Electric_Vehicle_3,17.0,88.4,,
1,Electric_Vehicle_3,16.0,88.4,,
1,Electric_Vehicle_3,15.0,88.4,,
1,Electric_Vehicle_3,14.0,88.4,,
1,Electric_Vehicle_3,13.0,88.4,,
1,Electric_Vehicle_3,12.0,88.4,,
1,Electric_Vehicle_3,11.0,88.4,,
1,Electric_Vehicle_3,10.0,88.4,,
1,Electric_Vehicle_3,9.0,88.4,,
1,Electric_Vehicle_3,8.0,88.4,,
1,Electric_Vehicle_3,7.0,88.4,,
1,Electric_Vehicle_3,6.0,88.4,,
1,Electric_Vehicle_3,5.0,88.4,,
1,Electric_Vehicle_3,4.0,88.4,,
1,Electric_Vehicle_3,3.0,88.4,,
1,Electric_Vehicle_3,2.0,88.4,,
1,Electric_Vehicle_3,1.0,88.4,,
1,Electric_Vehicle_3,0.0,88.4,,
3,,,,,
3,,,,,
3,,,,,
3,,,,,
3,,,,,
3,,,,,
2,Electric_Vehicle_3,,,0.0,39.0
1,Electric_Vehicle_3,63.0,88.6,,
1,Electric_Vehicle_3,62.0,88.6,,
1,Electric_Vehicle_3,61.0,88.6,,
1,Electric_Vehicle_3,60.0,88.6,,
1,Electric_Vehicle_3,59.0,88.6,,
1,Electric_Vehicle_3,58.0,88.6,,
1,Electric_Vehicle_3,57.0,88.6,,
1,Electric_Vehicle_3,56.0,88.6,,
1,Electric_Vehicle_3,55.0,88.6,,
1,Electric_Vehicle_3,54.0,88.6,,
1,Electric_Vehicle_3,53.0,88.6,,
1,Electric_Vehicle_3,52.0,88.6,,
1,Electric_Vehicle_3,51.0,88.6,,
1,Electric_Vehicle_3,50.0,88.6,,
1,Electric_Vehicle_3,49.0,88.6,,
1,Electric_Vehicle_3,48.0,88.6,,
1,Electric_Vehicle_3,47.0,88.6,,
1,Electric_Vehicle_3,46.0,88.6,,
1,Electric_Vehicle_3,45.0,88.6,,
1,Electric_Vehicle_3,44.0,88.6,,
1,Electric_Vehicle_3,43.0,88.6,,
1,Electric_Vehicle_3,42.0,88.6,,
1,Electric_Vehicle_3,41.0,88.6,,
1,Electric_Vehicle_3,40.0,88.6,,
1,Electric_Vehicle_3,39.0,88.6,,
1,Electric_Vehicle_3,38.0,88.6,,
1,Electric_Vehicle_3,37.0,88.6,,
1,Electric_Vehicle_3,36.0,88.6,,
1,Electric_Vehicle_3,35.0,88.6,,
1,Electric_Vehicle_3,34.0,88.6,,
1,Electric_Vehicle_3,33.0,88.6,,
1,Electric_Vehicle_3,32.0,88.6,,
1,Electric_Vehicle_3,31.0,88.6,,
1,Electric_Vehicle_3,30.0,88.6,,
1,Electric_Vehicle_3,29.0,88.6,,
1,Electric_Vehicle_3,28.0,88.6,,
1,Electric_Vehicle_3,27.0,88.6,,
1,Electric_Vehicle_3,26.0,88.6,,
1,Electric_Vehicle_3,25.0,88.6,,
1,Electric_Vehicle_3,24.0,88.6,,
1,Electric_Vehicle_3,23.0,88.6,,
1,Electric_Vehicle_3,22.0,88.6,,
1,Electric_Vehicle_3,21.0,88.6,,
1,Electric_Vehicle_3,20.0,88.6,,
1,Electric_Vehicle_3,19.0,88.6,,
1,Electric_Vehicle_3,18.0,88.6,,
1,Electric_Vehicle_3,17.0,88.6,,
1,Electric_Vehicle_3,16.0,88.6,,
1,Electric_Vehicle_3,15.0,88.6,,
1,Electric_Vehicle_3,14.0,88.6,,
1,Electric_Vehicle_3,13.0,88.6,,
1,Electric_Vehicle_3,12.0,88.6,,
1,Electric_Vehicle_3,11.0,88.6,,
1,Electric_Vehicle_3,10.0,88.6,,
1,Electric_Vehicle_3,9.0,88.6,,
1,Electric_Vehicle_3,8.0,88.6,,
1,Electric_Vehicle_3,7.0,88.6,,
1,Electric_Vehicle_3,6.0,88.6,,
1,Electric_Vehicle_3,5.0,88.6,,
1,Electric_Vehicle_3,4.0,88.6,,
1,Electric_Vehicle_3,3.0,88.6,,
1,Electric_Vehicle_3,2.0,88.6,,
1,Electric_Vehicle_3,1.0,88.6,,
1,Electric_Vehicle_3,0.0,88.6,,
3,,,,,
3,,,,,
3,,,,,
3,,,,,
3,,,,,
3,,,,,
3,,,,,
3,,,,,
3,,,,,
2,Electric_Vehicle_3,,,0.0,49.9
1,Electric_Vehicle_3,12.0,81.3,,
1,Electric_Vehicle_3,11.0,81.3,,
1,Electric_Vehicle_3,10.0,81.3,,
1,Electric_Vehicle_3,9.0,81.3,,
1,Electric_Vehicle_3,8.0,81.3,,
1,Electric_Vehicle_3,7.0,81.3,,
1,Electric_Vehicle_3,6.0,81.3,,
1,Electric_Vehicle_3,5.0,81.3,,
1,Electric_Vehicle_3,4.0,81.3,,
1,Electric_Vehicle_3,3.0,81.3,,
1,Electric_Vehicle_3,2.0,81.3,,
1,Electric_Vehicle_3,1.0,81.3,,
1,Electric_Vehicle_3,0.0,81.3,,
3,,,,,
3,,,,,
3,,,,,
3,,,,,
3,,,,,
3,,,,,
3,,,,,
3,,,,,
3,,,,,
3,,,,,
3,,,,,
3,,,,,
2,Electric_Vehicle_3,,,0.0,33.2
1,Electric_Vehicle_3,57.0,74.1,,
1,Electric_Vehicle_3,56.0,74.1,,
1,Electric_Vehicle_3,55.0,74.1,,
1,Electric_Vehicle_3,54.0,74.1,,
1,Electric_Vehicle_3,53.0,74.1,,
1,Electric_Vehicle_3,52.0,74.1,,
1,Electric_Vehicle_3,51.0,74.1,,
1,Electric_Vehicle_3,50.0,74.1,,
1,Electric_Vehicle_3,49.0,74.1,,
1,Electric_Vehicle_3,48.0,74.1,,
1,Electric_Vehicle_3,47.0,74.1,,
1,Electric_Vehicle_3,46.0,74.1,,
1,Electric_Vehicle_3,45.0,74.1,,
1,Electric_Vehicle_3,44.0,74.1,,
1,Electric_Vehicle_3,43.0,74.1,,
1,Electric_Vehicle_3,42.0,74.1,,
1,Electric_Vehicle_3,41.0,74.1,,
1,Electric_Vehicle_3,40.0,74.1,,
1,Electric_Vehicle_3,39.0,74.1,,
1,Electric_Vehicle_3,38.0,74.1,,
1,Electric_Vehicle_3,37.0,74.1,,
1,Electric_Vehicle_3,36.0,74.1,,
1,Electric_Vehicle_3,35.0,74.1,,
1,Electric_Vehicle_3,34.0,74.1,,
1,Electric_Vehicle_3,33.0,74.1,,
1,Electric_Vehicle_3,32.0,74.1,,
1,Electric_Vehicle_3,31.0,74.1,,
1,Electric_Vehicle_3,30.0,74.1,,
1,Electric_Vehicle_3,29.0,74.1,,
1,Electric_Vehicle_3,28.0,74.1,,
1,Electric_Vehicle_3,27.0,74.1,,
1,Electric_Vehicle_3,26.0,74.1,,
1,Electric_Vehicle_3,25.0,74.1,,
1,Electric_Vehicle_3,24.0,74.1,,
1,Electric_Vehicle_3,23.0,74.1,,
1,Electric_Vehicle_3,22.0,74.1,,
1,Electric_Vehicle_3,21.0,74.1,,
1,Electric_Vehicle_3,20.0,74.1,,
1,Electric_Vehicle_3,19.0,74.1,,
1,Electric_Vehicle_3,18.0,74.1,,
1,Electric_Vehicle_3,17.0,74.1,,
1,Electric_Vehicle_3,16.0,74.1,,
1,Electric_Vehicle_3,15.0,74.1,,
1,Electric_Vehicle_3,14.0,74.1,,
1,Electric_Vehicle_3,13.0,74.1,,
1,Electric_Vehicle_3,12.0,74.1,,
1,Electric_Vehicle_3,11.0,74.1,,
1,Electric_Vehicle_3,10.0,74.1,,
1,Electric_Vehicle_3,9.0,74.1,,
1,Electric_Vehicle_3,8.0,74.1,,
1,Electric_Vehicle_3,7.0,74.1,,
1,Electric_Vehicle_3,6.0,74.1,,
1,Electric_Vehicle_3,5.0,74.1,,
1,Electric_Vehicle_3,4.0,74.1,,
1,Electric_Vehicle_3,3.0,74.1,,
1,Electric_Vehicle_3,2.0,74.1,,
1,Electric_Vehicle_3,1.0,74.1,,
1,Electric_Vehicle_3,0.0,74.1,,
3,,,,,
3,,,,,
3,,,,,
3,,,,,
3,,,,,
3,,,,,
3,,,,,
3,,,,,
3,,,,,
3,,,,,
2,Electric_Vehicle_3,,,0.0,51.6
1,Electric_Vehicle_3,14.0,78.5,,
1,Electric_Vehicle_3,13.0,78.5,,
1,Electric_Vehicle_3,12.0,78.5,,
1,Electric_Vehicle_3,11.0,78.5,,
1,Electric_Vehicle_3,10.0,78.5,,
1,Electric_Vehicle_3,9.0,78.5,,
1,Electric_Vehicle_3,8.0,78.5,,
1,Electric_Vehicle_3,7.0,78.5,,
1,Electric_Vehicle_3,6.0,78.5,,
1,Electric_Vehicle_3,5.0,78.5,,
1,Electric_Vehicle_3,4.0,78.5,,
1,Electric_Vehicle_3,3.0,78.5,,
1,Electric_Vehicle_3,2.0,78.5,,
1,Electric_Vehicle_3,1.0,78.5,,
1,Electric_Vehicle_3,0.0,78.5,,
3,,,,,
3,,,,,
3,,,,,
3,,,,,
3,,,,,
3,,,,,
3,,,,,
3,,,,,
3,,,,,
3,,,,,
3,,,,,
2,Electric_Vehicle_3,,,0.0,27.7
1,Electric_Vehicle_3,35.0,88.3,,
1,Electric_Vehicle_3,34.0,88.3,,
1,Electric_Vehicle_3,33.0,88.3,,
1,Electric_Vehicle_3,32.0,88.3,,
1,Electric_Vehicle_3,31.0,88.3,,
1,Electric_Vehicle_3,30.0,88.3,,
1,Electric_Vehicle_3,29.0,88.3,,
1,Electric_Vehicle_3,28.0,88.3,,
1,Electric_Vehicle_3,27.0,88.3,,
1,Electric_Vehicle_3,26.0,88.3,,
1,Electric_Vehicle_3,25.0,88.3,,
1,Electric_Vehicle_3,24.0,88.3,,
1,Electric_Vehicle_3,23.0,88.3,,
1,Electric_Vehicle_3,22.0,88.3,,
1,Electric_Vehicle_3,21.0,88.3,,
1,Electric_Vehicle_3,20.0,88.3,,
1,Electric_Vehicle_3,19.0,88.3,,
1,Electric_Vehicle_3,18.0,88.3,,
1,Electric_Vehicle_3,17.0,88.3,,
1,Electric_Vehicle_3,16.0,88.3,,
1,Electric_Vehicle_3,15.0,88.3,,
1,Electric_Vehicle_3,14.0,88.3,,
1,Electric_Vehicle_3,13.0,88.3,,
1,Electric_Vehicle_3,12.0,88.3,,
1,Electric_Vehicle_3,11.0,88.3,,
1,Electric_Vehicle_3,10.0,88.3,,
1,Electric_Vehicle_3,9.0,88.3,,
1,Electric_Vehicle_3,8.0,88.3,,
1,Electric_Vehicle_3,7.0,88.3,,
1,Electric_Vehicle_3,6.0,88.3,,
1,Electric_Vehicle_3,5.0,88.3,,
1,Electric_Vehicle_3,4.0,88.3,,
1,Electric_Vehicle_3,3.0,88.3,,
1,Electric_Vehicle_3,2.0,88.3,,
1,Electric_Vehicle_3,1.0,88.3,,
1,Electric_Vehicle_3,0.0,88.3,,
3,,,,,
3,,,,,
3,,,,,
3,,,,,
3,,,,,
3,,,,,
3,,,,,
3,,,,,
3,,,,,
2,Electric_Vehicle_3,,,0.0,47.0
1,Electric_Vehicle_3,11.0,73.4,,
1,Electric_Vehicle_3,10.0,73.4,,
1,Electric_Vehicle_3,9.0,73.4,,
1,Electric_Vehicle_3,8.0,73.4,,
1,Electric_Vehicle_3,7.0,73.4,,
1,Electric_Vehicle_3,6.0,73.4,,
1,Electric_Vehicle_3,5.0,73.4,,
1,Electric_Vehicle_3,4.0,73.4,,
1,Electric_Vehicle_3,3.0,73.4,,
1,Electric_Vehicle_3,2.0,73.4,,
1,Electric_Vehicle_3,1.0,73.4,,
1,Electric_Vehicle_3,0.0,73.4,,
3,,,,,
3,,,,,
3,,,,,
3,,,,,
3,,,,,
3,,,,,
3,,,,,
3,,,,,
3,,,,,
2,Electric_Vehicle_3,,,0.0,48.1
1,Electric_Vehicle_3,15.0,75.5,,
1,Electric_Vehicle_3,14.0,75.5,,
1,Electric_Vehicle_3,13.0,75.5,,
1,Electric_Vehicle_3,12.0,75.5,,
1,Electric_Vehicle_3,11.0,75.5,,
1,Electric_Vehicle_3,10.0,75.5,,
1,Electric_Vehicle_3,9.0,75.5,,
1,Electric_Vehicle_3,8.0,75.5,,
1,Electric_Vehicle_3,7.0,75.5,,
1,Electric_Vehicle_3,6.0,75.5,,
1,Electric_Vehicle_3,5.0,75.5,,
1,Electric_Vehicle_3,4.0,75.5,,
1,Electric_Vehicle_3,3.0,75.5,,
1,Electric_Vehicle_3,2.0,75.5,,
1,Electric_Vehicle_3,1.0,75.5,,
1,Electric_Vehicle_3,0.0,75.5,,
3,,,,,
3,,,,,
3,,,,,
3,,,,,
3,,,,,
3,,,,,
3,,,,,
2,Electric_Vehicle_3,,,0.0,32.6
1,Electric_Vehicle_3,15.0,78.5,,
1,Electric_Vehicle_3,14.0,78.5,,
1,Electric_Vehicle_3,13.0,78.5,,
1,Electric_Vehicle_3,12.0,78.5,,
1,Electric_Vehicle_3,11.0,78.5,,
1,Electric_Vehicle_3,10.0,78.5,,
1,Electric_Vehicle_3,9.0,78.5,,
1,Electric_Vehicle_3,8.0,78.5,,
1,Electric_Vehicle_3,7.0,78.5,,
1,Electric_Vehicle_3,6.0,78.5,,
1,Electric_Vehicle_3,5.0,78.5,,
1,Electric_Vehicle_3,4.0,78.5,,
1,Electric_Vehicle_3,3.0,78.5,,
1,Electric_Vehicle_3,2.0,78.5,,
1,Electric_Vehicle_3,1.0,78.5,,
1,Electric_Vehicle_3,0.0,78.5,,
3,,,,,
3,,,,,
3,,,,,
3,,,,,
3,,,,,
3,,,,,
3,,,,,
3,,,,,
3,,,,,
3,,,,,
2,Electric_Vehicle_3,,,0.0,40.8
1,Electric_Vehicle_3,12.0,83.0,,
1,Electric_Vehicle_3,11.0,83.0,,
1,Electric_Vehicle_3,10.0,83.0,,
1,Electric_Vehicle_3,9.0,83.0,,
1,Electric_Vehicle_3,8.0,83.0,,
1,Electric_Vehicle_3,7.0,83.0,,
1,Electric_Vehicle_3,6.0,83.0,,
1,Electric_Vehicle_3,5.0,83.0,,
1,Electric_Vehicle_3,4.0,83.0,,
1,Electric_Vehicle_3,3.0,83.0,,
1,Electric_Vehicle_3,2.0,83.0,,
1,Electric_Vehicle_3,1.0,83.0,,
1,Electric_Vehicle_3,0.0,83.0,,
3,,,,,
3,,,,,
3,,,,,
3,,,,,
3,,,,,
3,,,,,
3,,,,,
3,,,,,
3,,,,,
3,,,,,
2,Electric_Vehicle_3,,,0.0,26.5
1,Electric_Vehicle_3,13.0,84.5,,
1,Electric_Vehicle_3,12.0,84.5,,
1,Electric_Vehicle_3,11.0,84.5,,
1,Electric_Vehicle_3,10.0,84.5,,
1,Electric_Vehicle_3,9.0,84.5,,
1,Electric_Vehicle_3,8.0,84.5,,
1,Electric_Vehicle_3,7.0,84.5,,
1,Electric_Vehicle_3,6.0,84.5,,
1,Electric_Vehicle_3,5.0,84.5,,
1,Electric_Vehicle_3,4.0,84.5,,
1,Electric_Vehicle_3,3.0,84.5,,
1,Electric_Vehicle_3,2.0,84.5,,
1,Electric_Vehicle_3,1.0,84.5,,
1,Electric_Vehicle_3,0.0,84.5,,
3,,,,,
3,,,,,
3,,,,,
3,,,,,
3,,,,,
3,,,,,
3,,,,,
3,,,,,
2,Electric_Vehicle_3,,,0.0,41.1
1,Electric_Vehicle_3,13.0,87.6,,
1,Electric_Vehicle_3,12.0,87.6,,
1,Electric_Vehicle_3,11.0,87.6,,
1,Electric_Vehicle_3,10.0,87.6,,
1,Electric_Vehicle_3,9.0,87.6,,
1,Electric_Vehicle_3,8.0,87.6,,
1,Electric_Vehicle_3,7.0,87.6,,
1,Electric_Vehicle_3,6.0,87.6,,
1,Electric_Vehicle_3,5.0,87.6,,
1,Electric_Vehicle_3,4.0,87.6,,
1,Electric_Vehicle_3,3.0,87.6,,
1,Electric_Vehicle_3,2.0,87.6,,
1,Electric_Vehicle_3,1.0,87.6,,
1,Electric_Vehicle_3,0.0,87.6,,
3,,,,,
3,,,,,
3,,,,,
3,,,,,
3,,,,,
3,,,,,
3,,,,,
3,,,,,
2,Electric_Vehicle_3,,,0.0,44.3
1,Electric_Vehicle_3,13.0,85.5,,
1,Electric_Vehicle_3,12.0,85.5,,
1,Electric_Vehicle_3,11.0,85.5,,
1,Electric_Vehicle_3,10.0,85.5,,
1,Electric_Vehicle_3,9.0,85.5,,
1,Electric_Vehicle_3,8.0,85.5,,
1,Electric_Vehicle_3,7.0,85.5,,
1,Electric_Vehicle_3,6.0,85.5,,
1,Electric_Vehicle_3,5.0,85.5,,
1,Electric_Vehicle_3,4.0,85.5,,
1,Electric_Vehicle_3,3.0,85.5,,
1,Electric_Vehicle_3,2.0,85.5,,
1,Electric_Vehicle_3,1.0,85.5,,
1,Electric_Vehicle_3,0.0,85.5,,
3,,,,,
3,,,,,
3,,,,,
3,,,,,
3,,,,,
3,,,,,
3,,,,,
3,,,,,
2,Electric_Vehicle_3,,,0.0,26.5
1,Electric_Vehicle_3,38.0,80.9,,
1,Electric_Vehicle_3,37.0,80.9,,
1,Electric_Vehicle_3,36.0,80.9,,
1,Electric_Vehicle_3,35.0,80.9,,
1,Electric_Vehicle_3,34.0,80.9,,
1,Electric_Vehicle_3,33.0,80.9,,
1,Electric_Vehicle_3,32.0,80.9,,
1,Electric_Vehicle_3,31.0,80.9,,
1,Electric_Vehicle_3,30.0,80.9,,
1,Electric_Vehicle_3,29.0,80.9,,
1,Electric_Vehicle_3,28.0,80.9,,
1,Electric_Vehicle_3,27.0,80.9,,
1,Electric_Vehicle_3,26.0,80.9,,
1,Electric_Vehicle_3,25.0,80.9,,
1,Electric_Vehicle_3,24.0,80.9,,
1,Electric_Vehicle_3,23.0,80.9,,
1,Electric_Vehicle_3,22.0,80.9,,
1,Electric_Vehicle_3,21.0,80.9,,
1,Electric_Vehicle_3,20.0,80.9,,
1,Electric_Vehicle_3,19.0,80.9,,
1,Electric_Vehicle_3,18.0,80.9,,
1,Electric_Vehicle_3,17.0,80.9,,
1,Electric_Vehicle_3,16.0,80.9,,
1,Electric_Vehicle_3,15.0,80.9,,
1,Electric_Vehicle_3,14.0,80.9,,
1,Electric_Vehicle_3,13.0,80.9,,
1,Electric_Vehicle_3,12.0,80.9,,
1,Electric_Vehicle_3,11.0,80.9,,
1,Electric_Vehicle_3,10.0,80.9,,
1,Electric_Vehicle_3,9.0,80.9,,
1,Electric_Vehicle_3,8.0,80.9,,
1,Electric_Vehicle_3,7.0,80.9,,
1,Electric_Vehicle_3,6.0,80.9,,
1,Electric_Vehicle_3,5.0,80.9,,
1,Electric_Vehicle_3,4.0,80.9,,
1,Electric_Vehicle_3,3.0,80.9,,
1,Electric_Vehicle_3,2.0,80.9,,
1,Electric_Vehicle_3,1.0,80.9,,
1,Electric_Vehicle_3,0.0,80.9,,
3,,,,,
3,,,,,
3,,,,,
3,,,,,
3,,,,,
3,,,,,
3,,,,,
3,,,,,
3,,,,,
3,,,,,
2,Electric_Vehicle_3,,,0.0,40.8
1,Electric_Vehicle_3,13.0,87.1,,
1,Electric_Vehicle_3,12.0,87.1,,
1,Electric_Vehicle_3,11.0,87.1,,
1,Electric_Vehicle_3,10.0,87.1,,
1,Electric_Vehicle_3,9.0,87.1,,
1,Electric_Vehicle_3,8.0,87.1,,
1,Electric_Vehicle_3,7.0,87.1,,
1,Electric_Vehicle_3,6.0,87.1,,
1,Electric_Vehicle_3,5.0,87.1,,
1,Electric_Vehicle_3,4.0,87.1,,
1,Electric_Vehicle_3,3.0,87.1,,
1,Electric_Vehicle_3,2.0,87.1,,
1,Electric_Vehicle_3,1.0,87.1,,
1,Electric_Vehicle_3,0.0,87.1,,
3,,,,,
3,,,,,
3,,,,,
3,,,,,
3,,,,,
3,,,,,
3,,,,,
3,,,,,
3,,,,,
3,,,,,
3,,,,,
2,Electric_Vehicle_3,,,0.0,45.1
1,Electric_Vehicle_3,12.0,71.3,,
1,Electric_Vehicle_3,11.0,71.3,,
1,Electric_Vehicle_3,10.0,71.3,,
1,Electric_Vehicle_3,9.0,71.3,,
1,Electric_Vehicle_3,8.0,71.3,,
1,Electric_Vehicle_3,7.0,71.3,,
1,Electric_Vehicle_3,6.0,71.3,,
1,Electric_Vehicle_3,5.0,71.3,,
1,Electric_Vehicle_3,4.0,71.3,,
1,Electric_Vehicle_3,3.0,71.3,,
1,Electric_Vehicle_3,2.0,71.3,,
1,Electric_Vehicle_3,1.0,71.3,,
1,Electric_Vehicle_3,0.0,71.3,,
3,,,,,
3,,,,,
3,,,,,
3,,,,,
2,Electric_Vehicle_3,,,0.0,29.1
1,Electric_Vehicle_3,44.0,85.0,,
1,Electric_Vehicle_3,43.0,85.0,,
1,Electric_Vehicle_3,42.0,85.0,,
1,Electric_Vehicle_3,41.0,85.0,,
1,Electric_Vehicle_3,40.0,85.0,,
1,Electric_Vehicle_3,39.0,85.0,,
1,Electric_Vehicle_3,38.0,85.0,,
1,Electric_Vehicle_3,37.0,85.0,,
1,Electric_Vehicle_3,36.0,85.0,,
1,Electric_Vehicle_3,35.0,85.0,,
1,Electric_Vehicle_3,34.0,85.0,,
1,Electric_Vehicle_3,33.0,85.0,,
1,Electric_Vehicle_3,32.0,85.0,,
1,Electric_Vehicle_3,31.0,85.0,,
1,Electric_Vehicle_3,30.0,85.0,,
1,Electric_Vehicle_3,29.0,85.0,,
1,Electric_Vehicle_3,28.0,85.0,,
1,Electric_Vehicle_3,27.0,85.0,,
1,Electric_Vehicle_3,26.0,85.0,,
1,Electric_Vehicle_3,25.0,85.0,,
1,Electric_Vehicle_3,24.0,85.0,,
1,Electric_Vehicle_3,23.0,85.0,,
1,Electric_Vehicle_3,22.0,85.0,,
1,Electric_Vehicle_3,21.0,85.0,,
1,Electric_Vehicle_3,20.0,85.0,,
1,Electric_Vehicle_3,19.0,85.0,,
1,Electric_Vehicle_3,18.0,85.0,,
1,Electric_Vehicle_3,17.0,85.0,,
1,Electric_Vehicle_3,16.0,85.0,,
1,Electric_Vehicle_3,15.0,85.0,,
1,Electric_Vehicle_3,14.0,85.0,,
1,Electric_Vehicle_3,13.0,85.0,,
1,Electric_Vehicle_3,12.0,85.0,,
1,Electric_Vehicle_3,11.0,85.0,,
1,Electric_Vehicle_3,10.0,85.0,,
1,Electric_Vehicle_3,9.0,85.0,,
1,Electric_Vehicle_3,8.0,85.0,,
1,Electric_Vehicle_3,7.0,85.0,,
1,Electric_Vehicle_3,6.0,85.0,,
1,Electric_Vehicle_3,5.0,85.0,,
1,Electric_Vehicle_3,4.0,85.0,,
1,Electric_Vehicle_3,3.0,85.0,,
1,Electric_Vehicle_3,2.0,85.0,,
1,Electric_Vehicle_3,1.0,85.0,,
1,Electric_Vehicle_3,0.0,85.0,,
3,,,,,
3,,,,,
3,,,,,
3,,,,,
2,Electric_Vehicle_3,,,0.0,45.5
1,Electric_Vehicle_3,16.0,76.7,,
1,Electric_Vehicle_3,15.0,76.7,,
1,Electric_Vehicle_3,14.0,76.7,,
1,Electric_Vehicle_3,13.0,76.7,,
1,Electric_Vehicle_3,12.0,76.7,,
1,Electric_Vehicle_3,11.0,76.7,,
1,Electric_Vehicle_3,10.0,76.7,,
1,Electric_Vehicle_3,9.0,76.7,,
1,Electric_Vehicle_3,8.0,76.7,,
1,Electric_Vehicle_3,7.0,76.7,,
1,Electric_Vehicle_3,6.0,76.7,,
1,Electric_Vehicle_3,5.0,76.7,,
1,Electric_Vehicle_3,4.0,76.7,,
1,Electric_Vehicle_3,3.0,76.7,,
1,Electric_Vehicle_3,2.0,76.7,,
1,Electric_Vehicle_3,1.0,76.7,,
1,Electric_Vehicle_3,0.0,76.7,,
3,,,,,
3,,,,,
3,,,,,
3,,,,,
3,,,,,
3,,,,,
3,,,,,
3,,,,,
2,Electric_Vehicle_3,,,0.0,40.6
1,Electric_Vehicle_3,14.0,73.7,,
1,Electric_Vehicle_3,13.0,73.7,,
1,Electric_Vehicle_3,12.0,73.7,,
1,Electric_Vehicle_3,11.0,73.7,,
1,Electric_Vehicle_3,10.0,73.7,,
1,Electric_Vehicle_3,9.0,73.7,,
1,Electric_Vehicle_3,8.0,73.7,,
1,Electric_Vehicle_3,7.0,73.7,,
1,Electric_Vehicle_3,6.0,73.7,,
1,Electric_Vehicle_3,5.0,73.7,,
1,Electric_Vehicle_3,4.0,73.7,,
1,Electric_Vehicle_3,3.0,73.7,,
1,Electric_Vehicle_3,2.0,73.7,,
1,Electric_Vehicle_3,1.0,73.7,,
1,Electric_Vehicle_3,0.0,73.7,,
3,,,,,
3,,,,,
3,,,,,
3,,,,,
3,,,,,
3,,,,,
3,,,,,
3,,,,,
2,Electric_Vehicle_3,,,0.0,25.0
1,Electric_Vehicle_3,11.0,70.6,,
1,Electric_Vehicle_3,10.0,70.6,,
1,Electric_Vehicle_3,9.0,70.6,,
1,Electric_Vehicle_3,8.0,70.6,,
1,Electric_Vehicle_3,7.0,70.6,,
1,Electric_Vehicle_3,6.0,70.6,,
1,Electric_Vehicle_3,5.0,70.6,,
1,Electric_Vehicle_3,4.0,70.6,,
1,Electric_Vehicle_3,3.0,70.6,,
1,Electric_Vehicle_3,2.0,70.6,,
1,Electric_Vehicle_3,1.0,70.6,,
1,Electric_Vehicle_3,0.0,70.6,,
3,,,,,
3,,,,,
3,,,,,
3,,,,,
3,,,,,
3,,,,,
3,,,,,
3,,,,,
3,,,,,
3,,,,,
3,,,,,
3,,,,,
3,,,,,
2,Electric_Vehicle_3,,,0.0,40.3
1,Electric_Vehicle_3,9.0,76.7,,
1,Electric_Vehicle_3,8.0,76.7,,
1,Electric_Vehicle_3,7.0,76.7,,
1,Electric_Vehicle_3,6.0,76.7,,
1,Electric_Vehicle_3,5.0,76.7,,
1,Electric_Vehicle_3,4.0,76.7,,
1,Electric_Vehicle_3,3.0,76.7,,
1,Electric_Vehicle_3,2.0,76.7,,
1,Electric_Vehicle_3,1.0,76.7,,
1,Electric_Vehicle_3,0.0,76.7,,
3,,,,,
3,,,,,
3,,,,,
3,,,,,
3,,,,,
3,,,,,
3,,,,,
3,,,,,
3,,,,,
3,,,,,
2,Electric_Vehicle_3,,,0.0,45.7
1,Electric_Vehicle_3,84.0,75.7,,
1,Electric_Vehicle_3,83.0,75.7,,
1,Electric_Vehicle_3,82.0,75.7,,
1,Electric_Vehicle_3,81.0,75.7,,
1,Electric_Vehicle_3,80.0,75.7,,
1,Electric_Vehicle_3,79.0,75.7,,
1,Electric_Vehicle_3,78.0,75.7,,
1,Electric_Vehicle_3,77.0,75.7,,
1,Electric_Vehicle_3,76.0,75.7,,
1,Electric_Vehicle_3,75.0,75.7,,
1,Electric_Vehicle_3,74.0,75.7,,
1,Electric_Vehicle_3,73.0,75.7,,
1,Electric_Vehicle_3,72.0,75.7,,
1,Electric_Vehicle_3,71.0,75.7,,
1,Electric_Vehicle_3,70.0,75.7,,
1,Electric_Vehicle_3,69.0,75.7,,
1,Electric_Vehicle_3,68.0,75.7,,
1,Electric_Vehicle_3,67.0,75.7,,
1,Electric_Vehicle_3,66.0,75.7,,
1,Electric_Vehicle_3,65.0,75.7,,
1,Electric_Vehicle_3,64.0,75.7,,
1,Electric_Vehicle_3,63.0,75.7,,
1,Electric_Vehicle_3,62.0,75.7,,
1,Electric_Vehicle_3,61.0,75.7,,
1,Electric_Vehicle_3,60.0,75.7,,
1,Electric_Vehicle_3,59.0,75.7,,
1,Electric_Vehicle_3,58.0,75.7,,
1,Electric_Vehicle_3,57.0,75.7,,
1,Electric_Vehicle_3,56.0,75.7,,
1,Electric_Vehicle_3,55.0,75.7,,
1,Electric_Vehicle_3,54.0,75.7,,
1,Electric_Vehicle_3,53.0,75.7,,
1,Electric_Vehicle_3,52.0,75.7,,
1,Electric_Vehicle_3,51.0,75.7,,
1,Electric_Vehicle_3,50.0,75.7,,
1,Electric_Vehicle_3,49.0,75.7,,
1,Electric_Vehicle_3,48.0,75.7,,
1,Electric_Vehicle_3,47.0,75.7,,
1,Electric_Vehicle_3,46.0,75.7,,
1,Electric_Vehicle_3,45.0,75.7,,
1,Electric_Vehicle_3,44.0,75.7,,
1,Electric_Vehicle_3,43.0,75.7,,
1,Electric_Vehicle_3,42.0,75.7,,
1,Electric_Vehicle_3,41.0,75.7,,
1,Electric_Vehicle_3,40.0,75.7,,
1,Electric_Vehicle_3,39.0,75.7,,
1,Electric_Vehicle_3,38.0,75.7,,
1,Electric_Vehicle_3,37.0,75.7,,
1,Electric_Vehicle_3,36.0,75.7,,
1,Electric_Vehicle_3,35.0,75.7,,
1,Electric_Vehicle_3,34.0,75.7,,
1,Electric_Vehicle_3,33.0,75.7,,
1,Electric_Vehicle_3,32.0,75.7,,
1,Electric_Vehicle_3,31.0,75.7,,
1,Electric_Vehicle_3,30.0,75.7,,
1,Electric_Vehicle_3,29.0,75.7,,
1,Electric_Vehicle_3,28.0,75.7,,
1,Electric_Vehicle_3,27.0,75.7,,
1,Electric_Vehicle_3,26.0,75.7,,
1,Electric_Vehicle_3,25.0,75.7,,
1,Electric_Vehicle_3,24.0,75.7,,
1,Electric_Vehicle_3,23.0,75.7,,
1,Electric_Vehicle_3,22.0,75.7,,
1,Electric_Vehicle_3,21.0,75.7,,
1,Electric_Vehicle_3,20.0,75.7,,
1,Electric_Vehicle_3,19.0,75.7,,
1,Electric_Vehicle_3,18.0,75.7,,
1,Electric_Vehicle_3,17.0,75.7,,
1,Electric_Vehicle_3,16.0,75.7,,
1,Electric_Vehicle_3,15.0,75.7,,
1,Electric_Vehicle_3,14.0,75.7,,
1,Electric_Vehicle_3,13.0,75.7,,
1,Electric_Vehicle_3,12.0,75.7,,
1,Electric_Vehicle_3,11.0,75.7,,
1,Electric_Vehicle_3,10.0,75.7,,
1,Electric_Vehicle_3,9.0,75.7,,
1,Electric_Vehicle_3,8.0,75.7,,
1,Electric_Vehicle_3,7.0,75.7,,
1,Electric_Vehicle_3,6.0,75.7,,
1,Electric_Vehicle_3,5.0,75.7,,
1,Electric_Vehicle_3,4.0,75.7,,
1,Electric_Vehicle_3,3.0,75.7,,
1,Electric_Vehicle_3,2.0,75.7,,
1,Electric_Vehicle_3,1.0,75.7,,
1,Electric_Vehicle_3,0.0,75.7,,
3,,,,,
3,,,,,
3,,,,,
3,,,,,
3,,,,,
3,,,,,
3,,,,,
3,,,,,
3,,,,,
3,,,,,
3,,,,,
2,Electric_Vehicle_3,,,0.0,27.6
1,Electric_Vehicle_3,12.0,85.9,,
1,Electric_Vehicle_3,11.0,85.9,,
1,Electric_Vehicle_3,10.0,85.9,,
1,Electric_Vehicle_3,9.0,85.9,,
1,Electric_Vehicle_3,8.0,85.9,,
1,Electric_Vehicle_3,7.0,85.9,,
1,Electric_Vehicle_3,6.0,85.9,,
1,Electric_Vehicle_3,5.0,85.9,,
1,Electric_Vehicle_3,4.0,85.9,,
1,Electric_Vehicle_3,3.0,85.9,,
1,Electric_Vehicle_3,2.0,85.9,,
1,Electric_Vehicle_3,1.0,85.9,,
1,Electric_Vehicle_3,0.0,85.9,,
3,,,,,
3,,,,,
3,,,,,
3,,,,,
3,,,,,
3,,,,,
3,,,,,
3,,,,,
2,Electric_Vehicle_3,,,0.0,36.2
1,Electric_Vehicle_3,16.0,80.1,,
1,Electric_Vehicle_3,15.0,80.1,,
1,Electric_Vehicle_3,14.0,80.1,,
1,Electric_Vehicle_3,13.0,80.1,,
1,Electric_Vehicle_3,12.0,80.1,,
1,Electric_Vehicle_3,11.0,80.1,,
1,Electric_Vehicle_3,10.0,80.1,,
1,Electric_Vehicle_3,9.0,80.1,,
1,Electric_Vehicle_3,8.0,80.1,,
1,Electric_Vehicle_3,7.0,80.1,,
1,Electric_Vehicle_3,6.0,80.1,,
1,Electric_Vehicle_3,5.0,80.1,,
1,Electric_Vehicle_3,4.0,80.1,,
1,Electric_Vehicle_3,3.0,80.1,,
1,Electric_Vehicle_3,2.0,80.1,,
1,Electric_Vehicle_3,1.0,80.1,,
1,Electric_Vehicle_3,0.0,80.1,,
3,,,,,
3,,,,,
3,,,,,
3,,,,,
3,,,,,
3,,,,,
3,,,,,
2,Electric_Vehicle_3,,,0.0,49.0
1,Electric_Vehicle_3,39.0,81.5,,
1,Electric_Vehicle_3,38.0,81.5,,
1,Electric_Vehicle_3,37.0,81.5,,
1,Electric_Vehicle_3,36.0,81.5,,
1,Electric_Vehicle_3,35.0,81.5,,
1,Electric_Vehicle_3,34.0,81.5,,
1,Electric_Vehicle_3,33.0,81.5,,
1,Electric_Vehicle_3,32.0,81.5,,
1,Electric_Vehicle_3,31.0,81.5,,
1,Electric_Vehicle_3,30.0,81.5,,
1,Electric_Vehicle_3,29.0,81.5,,
1,Electric_Vehicle_3,28.0,81.5,,
1,Electric_Vehicle_3,27.0,81.5,,
1,Electric_Vehicle_3,26.0,81.5,,
1,Electric_Vehicle_3,25.0,81.5,,
1,Electric_Vehicle_3,24.0,81.5,,
1,Electric_Vehicle_3,23.0,81.5,,
1,Electric_Vehicle_3,22.0,81.5,,
1,Electric_Vehicle_3,21.0,81.5,,
1,Electric_Vehicle_3,20.0,81.5,,
1,Electric_Vehicle_3,19.0,81.5,,
1,Electric_Vehicle_3,18.0,81.5,,
1,Electric_Vehicle_3,17.0,81.5,,
1,Electric_Vehicle_3,16.0,81.5,,
1,Electric_Vehicle_3,15.0,81.5,,
1,Electric_Vehicle_3,14.0,81.5,,
1,Electric_Vehicle_3,13.0,81.5,,
1,Electric_Vehicle_3,12.0,81.5,,
1,Electric_Vehicle_3,11.0,81.5,,
1,Electric_Vehicle_3,10.0,81.5,,
1,Electric_Vehicle_3,9.0,81.5,,
1,Electric_Vehicle_3,8.0,81.5,,
1,Electric_Vehicle_3,7.0,81.5,,
1,Electric_Vehicle_3,6.0,81.5,,
1,Electric_Vehicle_3,5.0,81.5,,
1,Electric_Vehicle_3,4.0,81.5,,
1,Electric_Vehicle_3,3.0,81.5,,
1,Electric_Vehicle_3,2.0,81.5,,
1,Electric_Vehicle_3,1.0,81.5,,
1,Electric_Vehicle_3,0.0,81.5,,
3,,,,,
3,,,,,
3,,,,,
3,,,,,
3,,,,,
2,Electric_Vehicle_3,,,0.0,52.5
1,Electric_Vehicle_3,16.0,78.6,,
1,Electric_Vehicle_3,15.0,78.6,,
1,Electric_Vehicle_3,14.0,78.6,,
1,Electric_Vehicle_3,13.0,78.6,,
1,Electric_Vehicle_3,12.0,78.6,,
1,Electric_Vehicle_3,11.0,78.6,,
1,Electric_Vehicle_3,10.0,78.6,,
1,Electric_Vehicle_3,9.0,78.6,,
1,Electric_Vehicle_3,8.0,78.6,,
1,Electric_Vehicle_3,7.0,78.6,,
1,Electric_Vehicle_3,6.0,78.6,,
1,Electric_Vehicle_3,5.0,78.6,,
1,Electric_Vehicle_3,4.0,78.6,,
1,Electric_Vehicle_3,3.0,78.6,,
1,Electric_Vehicle_3,2.0,78.6,,
1,Electric_Vehicle_3,1.0,78.6,,
1,Electric_Vehicle_3,0.0,78.6,,
3,,,,,
3,,,,,
3,,,,,
3,,,,,
3,,,,,
3,,,,,
3,,,,,
3,,,,,
3,,,,,
2,Electric_Vehicle_3,,,0.0,38.3
1,Electric_Vehicle_3,36.0,88.2,,
1,Electric_Vehicle_3,35.0,88.2,,
1,Electric_Vehicle_3,34.0,88.2,,
1,Electric_Vehicle_3,33.0,88.2,,
1,Electric_Vehicle_3,32.0,88.2,,
1,Electric_Vehicle_3,31.0,88.2,,
1,Electric_Vehicle_3,30.0,88.2,,
1,Electric_Vehicle_3,29.0,88.2,,
1,Electric_Vehicle_3,28.0,88.2,,
1,Electric_Vehicle_3,27.0,88.2,,
1,Electric_Vehicle_3,26.0,88.2,,
1,Electric_Vehicle_3,25.0,88.2,,
1,Electric_Vehicle_3,24.0,88.2,,
1,Electric_Vehicle_3,23.0,88.2,,
1,Electric_Vehicle_3,22.0,88.2,,
1,Electric_Vehicle_3,21.0,88.2,,
1,Electric_Vehicle_3,20.0,88.2,,
1,Electric_Vehicle_3,19.0,88.2,,
1,Electric_Vehicle_3,18.0,88.2,,
1,Electric_Vehicle_3,17.0,88.2,,
1,Electric_Vehicle_3,16.0,88.2,,
1,Electric_Vehicle_3,15.0,88.2,,
1,Electric_Vehicle_3,14.0,88.2,,
1,Electric_Vehicle_3,13.0,88.2,,
1,Electric_Vehicle_3,12.0,88.2,,
1,Electric_Vehicle_3,11.0,88.2,,
1,Electric_Vehicle_3,10.0,88.2,,
1,Electric_Vehicle_3,9.0,88.2,,
1,Electric_Vehicle_3,8.0,88.2,,
1,Electric_Vehicle_3,7.0,88.2,,
1,Electric_Vehicle_3,6.0,88.2,,
1,Electric_Vehicle_3,5.0,88.2,,
1,Electric_Vehicle_3,4.0,88.2,,
1,Electric_Vehicle_3,3.0,88.2,,
1,Electric_Vehicle_3,2.0,88.2,,
1,Electric_Vehicle_3,1.0,88.2,,
1,Electric_Vehicle_3,0.0,88.2,,
3,,,,,
3,,,,,
3,,,,,
3,,,,,
3,,,,,
3,,,,,
3,,,,,
3,,,,,
3,,,,,
3,,,,,
2,Electric_Vehicle_3,,,0.0,26.4
1,Electric_Vehicle_3,13.0,84.5,,
1,Electric_Vehicle_3,12.0,84.5,,
1,Electric_Vehicle_3,11.0,84.5,,
1,Electric_Vehicle_3,10.0,84.5,,
1,Electric_Vehicle_3,9.0,84.5,,
1,Electric_Vehicle_3,8.0,84.5,,
1,Electric_Vehicle_3,7.0,84.5,,
1,Electric_Vehicle_3,6.0,84.5,,
1,Electric_Vehicle_3,5.0,84.5,,
1,Electric_Vehicle_3,4.0,84.5,,
1,Electric_Vehicle_3,3.0,84.5,,
1,Electric_Vehicle_3,2.0,84.5,,
1,Electric_Vehicle_3,1.0,84.5,,
1,Electric_Vehicle_3,0.0,84.5,,
3,,,,,
3,,,,,
3,,,,,
3,,,,,
3,,,,,
3,,,,,
3,,,,,
3,,,,,
3,,,,,
3,,,,,
2,Electric_Vehicle_3,,,0.0,44.2
1,Electric_Vehicle_3,36.0,82.8,,
1,Electric_Vehicle_3,35.0,82.8,,
1,Electric_Vehicle_3,34.0,82.8,,
1,Electric_Vehicle_3,33.0,82.8,,
1,Electric_Vehicle_3,32.0,82.8,,
1,Electric_Vehicle_3,31.0,82.8,,
1,Electric_Vehicle_3,30.0,82.8,,
1,Electric_Vehicle_3,29.0,82.8,,
1,Electric_Vehicle_3,28.0,82.8,,
1,Electric_Vehicle_3,27.0,82.8,,
1,Electric_Vehicle_3,26.0,82.8,,
1,Electric_Vehicle_3,25.0,82.8,,
1,Electric_Vehicle_3,24.0,82.8,,
1,Electric_Vehicle_3,23.0,82.8,,
1,Electric_Vehicle_3,22.0,82.8,,
1,Electric_Vehicle_3,21.0,82.8,,
1,Electric_Vehicle_3,20.0,82.8,,
1,Electric_Vehicle_3,19.0,82.8,,
1,Electric_Vehicle_3,18.0,82.8,,
1,Electric_Vehicle_3,17.0,82.8,,
1,Electric_Vehicle_3,16.0,82.8,,
1,Electric_Vehicle_3,15.0,82.8,,
1,Electric_Vehicle_3,14.0,82.8,,
1,Electric_Vehicle_3,13.0,82.8,,
1,Electric_Vehicle_3,12.0,82.8,,
1,Electric_Vehicle_3,11.0,82.8,,
1,Electric_Vehicle_3,10.0,82.8,,
1,Electric_Vehicle_3,9.0,82.8,,
1,Electric_Vehicle_3,8.0,82.8,,
1,Electric_Vehicle_3,7.0,82.8,,
1,Electric_Vehicle_3,6.0,82.8,,
1,Electric_Vehicle_3,5.0,82.8,,
1,Electric_Vehicle_3,4.0,82.8,,
1,Electric_Vehicle_3,3.0,82.8,,
1,Electric_Vehicle_3,2.0,82.8,,
1,Electric_Vehicle_3,1.0,82.8,,
1,Electric_Vehicle_3,0.0,82.8,,
3,,,,,
3,,,,,
3,,,,,
3,,,,,
3,,,,,
3,,,,,
3,,,,,
3,,,,,
3,,,,,
3,,,,,
2,Electric_Vehicle_3,,,0.0,34.5
1,Electric_Vehicle_3,12.0,71.8,,
1,Electric_Vehicle_3,11.0,71.8,,
1,Electric_Vehicle_3,10.0,71.8,,
1,Electric_Vehicle_3,9.0,71.8,,
1,Electric_Vehicle_3,8.0,71.8,,
1,Electric_Vehicle_3,7.0,71.8,,
1,Electric_Vehicle_3,6.0,71.8,,
1,Electric_Vehicle_3,5.0,71.8,,
1,Electric_Vehicle_3,4.0,71.8,,
1,Electric_Vehicle_3,3.0,71.8,,
1,Electric_Vehicle_3,2.0,71.8,,
1,Electric_Vehicle_3,1.0,71.8,,
1,Electric_Vehicle_3,0.0,71.8,,
3,,,,,
3,,,,,
3,,,,,
3,,,,,
3,,,,,
3,,,,,
3,,,,,
2,Electric_Vehicle_3,,,0.0,54.8
1,Electric_Vehicle_3,17.0,79.4,,
1,Electric_Vehicle_3,16.0,79.4,,
1,Electric_Vehicle_3,15.0,79.4,,
1,Electric_Vehicle_3,14.0,79.4,,
1,Electric_Vehicle_3,13.0,79.4,,
1,Electric_Vehicle_3,12.0,79.4,,
1,Electric_Vehicle_3,11.0,79.4,,
1,Electric_Vehicle_3,10.0,79.4,,
1,Electric_Vehicle_3,9.0,79.4,,
1,Electric_Vehicle_3,8.0,79.4,,
1,Electric_Vehicle_3,7.0,79.4,,
1,Electric_Vehicle_3,6.0,79.4,,
1,Electric_Vehicle_3,5.0,79.4,,
1,Electric_Vehicle_3,4.0,79.4,,
1,Electric_Vehicle_3,3.0,79.4,,
1,Electric_Vehicle_3,2.0,79.4,,
1,Electric_Vehicle_3,1.0,79.4,,
1,Electric_Vehicle_3,0.0,79.4,,
3,,,,,
3,,,,,
3,,,,,
3,,,,,
3,,,,,
3,,,,,
3,,,,,
2,Electric_Vehicle_3,,,0.0,49.7
1,Electric_Vehicle_3,37.0,76.4,,
1,Electric_Vehicle_3,36.0,76.4,,
1,Electric_Vehicle_3,35.0,76.4,,
1,Electric_Vehicle_3,34.0,76.4,,
1,Electric_Vehicle_3,33.0,76.4,,
1,Electric_Vehicle_3,32.0,76.4,,
1,Electric_Vehicle_3,31.0,76.4,,
1,Electric_Vehicle_3,30.0,76.4,,
1,Electric_Vehicle_3,29.0,76.4,,
1,Electric_Vehicle_3,28.0,76.4,,
1,Electric_Vehicle_3,27.0,76.4,,
1,Electric_Vehicle_3,26.0,76.4,,
1,Electric_Vehicle_3,25.0,76.4,,
1,Electric_Vehicle_3,24.0,76.4,,
1,Electric_Vehicle_3,23.0,76.4,,
1,Electric_Vehicle_3,22.0,76.4,,
1,Electric_Vehicle_3,21.0,76.4,,
1,Electric_Vehicle_3,20.0,76.4,,
1,Electric_Vehicle_3,19.0,76.4,,
1,Electric_Vehicle_3,18.0,76.4,,
1,Electric_Vehicle_3,17.0,76.4,,
1,Electric_Vehicle_3,16.0,76.4,,
1,Electric_Vehicle_3,15.0,76.4,,
1,Electric_Vehicle_3,14.0,76.4,,
1,Electric_Vehicle_3,13.0,76.4,,
1,Electric_Vehicle_3,12.0,76.4,,
1,Electric_Vehicle_3,11.0,76.4,,
1,Electric_Vehicle_3,10.0,76.4,,
1,Electric_Vehicle_3,9.0,76.4,,
1,Electric_Vehicle_3,8.0,76.4,,
1,Electric_Vehicle_3,7.0,76.4,,
1,Electric_Vehicle_3,6.0,76.4,,
1,Electric_Vehicle_3,5.0,76.4,,
1,Electric_Vehicle_3,4.0,76.4,,
1,Electric_Vehicle_3,3.0,76.4,,
1,Electric_Vehicle_3,2.0,76.4,,
1,Electric_Vehicle_3,1.0,76.4,,
1,Electric_Vehicle_3,0.0,76.4,,
3,,,,,
3,,,,,
3,,,,,
3,,,,,
3,,,,,
3,,,,,
3,,,,,
3,,,,,
3,,,,,
3,,,,,
3,,,,,
2,Electric_Vehicle_3,,,0.0,38.2
1,Electric_Vehicle_3,10.0,70.8,,
1,Electric_Vehicle_3,9.0,70.8,,
1,Electric_Vehicle_3,8.0,70.8,,
1,Electric_Vehicle_3,7.0,70.8,,
1,Electric_Vehicle_3,6.0,70.8,,
1,Electric_Vehicle_3,5.0,70.8,,
1,Electric_Vehicle_3,4.0,70.8,,
1,Electric_Vehicle_3,3.0,70.8,,
1,Electric_Vehicle_3,2.0,70.8,,
1,Electric_Vehicle_3,1.0,70.8,,
1,Electric_Vehicle_3,0.0,70.8,,
3,,,,,
3,,,,,
3,,,,,
3,,,,,
3,,,,,
3,,,,,
3,,,,,
3,,,,,
3,,,,,
3,,,,,
2,Electric_Vehicle_3,,,0.0,28.1
1,Electric_Vehicle_3,37.0,88.3,,
1,Electric_Vehicle_3,36.0,88.3,,
1,Electric_Vehicle_3,35.0,88.3,,
1,Electric_Vehicle_3,34.0,88.3,,
1,Electric_Vehicle_3,33.0,88.3,,
1,Electric_Vehicle_3,32.0,88.3,,
1,Electric_Vehicle_3,31.0,88.3,,
1,Electric_Vehicle_3,30.0,88.3,,
1,Electric_Vehicle_3,29.0,88.3,,
1,Electric_Vehicle_3,28.0,88.3,,
1,Electric_Vehicle_3,27.0,88.3,,
1,Electric_Vehicle_3,26.0,88.3,,
1,Electric_Vehicle_3,25.0,88.3,,
1,Electric_Vehicle_3,24.0,88.3,,
1,Electric_Vehicle_3,23.0,88.3,,
1,Electric_Vehicle_3,22.0,88.3,,
1,Electric_Vehicle_3,21.0,88.3,,
1,Electric_Vehicle_3,20.0,88.3,,
1,Electric_Vehicle_3,19.0,88.3,,
1,Electric_Vehicle_3,18.0,88.3,,
1,Electric_Vehicle_3,17.0,88.3,,
1,Electric_Vehicle_3,16.0,88.3,,
1,Electric_Vehicle_3,15.0,88.3,,
1,Electric_Vehicle_3,14.0,88.3,,
1,Electric_Vehicle_3,13.0,88.3,,
1,Electric_Vehicle_3,12.0,88.3,,
1,Electric_Vehicle_3,11.0,88.3,,
1,Electric_Vehicle_3,10.0,88.3,,
1,Electric_Vehicle_3,9.0,88.3,,
1,Electric_Vehicle_3,8.0,88.3,,
1,Electric_Vehicle_3,7.0,88.3,,
1,Electric_Vehicle_3,6.0,88.3,,
1,Electric_Vehicle_3,5.0,88.3,,
1,Electric_Vehicle_3,4.0,88.3,,
1,Electric_Vehicle_3,3.0,88.3,,
1,Electric_Vehicle_3,2.0,88.3,,
1,Electric_Vehicle_3,1.0,88.3,,
1,Electric_Vehicle_3,0.0,88.3,,
3,,,,,
3,,,,,
3,,,,,
3,,,,,
3,,,,,
3,,,,,
3,,,,,
2,Electric_Vehicle_3,,,0.0,29.9
1,Electric_Vehicle_3,87.0,80.1,,
1,Electric_Vehicle_3,86.0,80.1,,
1,Electric_Vehicle_3,85.0,80.1,,
1,Electric_Vehicle_3,84.0,80.1,,
1,Electric_Vehicle_3,83.0,80.1,,
1,Electric_Vehicle_3,82.0,80.1,,
1,Electric_Vehicle_3,81.0,80.1,,
1,Electric_Vehicle_3,80.0,80.1,,
1,Electric_Vehicle_3,79.0,80.1,,
1,Electric_Vehicle_3,78.0,80.1,,
1,Electric_Vehicle_3,77.0,80.1,,
1,Electric_Vehicle_3,76.0,80.1,,
1,Electric_Vehicle_3,75.0,80.1,,
1,Electric_Vehicle_3,74.0,80.1,,
1,Electric_Vehicle_3,73.0,80.1,,
1,Electric_Vehicle_3,72.0,80.1,,
1,Electric_Vehicle_3,71.0,80.1,,
1,Electric_Vehicle_3,70.0,80.1,,
1,Electric_Vehicle_3,69.0,80.1,,
1,Electric_Vehicle_3,68.0,80.1,,
1,Electric_Vehicle_3,67.0,80.1,,
1,Electric_Vehicle_3,66.0,80.1,,
1,Electric_Vehicle_3,65.0,80.1,,
1,Electric_Vehicle_3,64.0,80.1,,
1,Electric_Vehicle_3,63.0,80.1,,
1,Electric_Vehicle_3,62.0,80.1,,
1,Electric_Vehicle_3,61.0,80.1,,
1,Electric_Vehicle_3,60.0,80.1,,
1,Electric_Vehicle_3,59.0,80.1,,
1,Electric_Vehicle_3,58.0,80.1,,
1,Electric_Vehicle_3,57.0,80.1,,
1,Electric_Vehicle_3,56.0,80.1,,
1,Electric_Vehicle_3,55.0,80.1,,
1,Electric_Vehicle_3,54.0,80.1,,
1,Electric_Vehicle_3,53.0,80.1,,
1,Electric_Vehicle_3,52.0,80.1,,
1,Electric_Vehicle_3,51.0,80.1,,
1,Electric_Vehicle_3,50.0,80.1,,
1,Electric_Vehicle_3,49.0,80.1,,
1,Electric_Vehicle_3,48.0,80.1,,
1,Electric_Vehicle_3,47.0,80.1,,
1,Electric_Vehicle_3,46.0,80.1,,
1,Electric_Vehicle_3,45.0,80.1,,
1,Electric_Vehicle_3,44.0,80.1,,
1,Electric_Vehicle_3,43.0,80.1,,
1,Electric_Vehicle_3,42.0,80.1,,
1,Electric_Vehicle_3,41.0,80.1,,
1,Electric_Vehicle_3,40.0,80.1,,
1,Electric_Vehicle_3,39.0,80.1,,
1,Electric_Vehicle_3,38.0,80.1,,
1,Electric_Vehicle_3,37.0,80.1,,
1,Electric_Vehicle_3,36.0,80.1,,
1,Electric_Vehicle_3,35.0,80.1,,
1,Electric_Vehicle_3,34.0,80.1,,
1,Electric_Vehicle_3,33.0,80.1,,
1,Electric_Vehicle_3,32.0,80.1,,
1,Electric_Vehicle_3,31.0,80.1,,
1,Electric_Vehicle_3,30.0,80.1,,
1,Electric_Vehicle_3,29.0,80.1,,
1,Electric_Vehicle_3,28.0,80.1,,
1,Electric_Vehicle_3,27.0,80.1,,
1,Electric_Vehicle_3,26.0,80.1,,
1,Electric_Vehicle_3,25.0,80.1,,
1,Electric_Vehicle_3,24.0,80.1,,
1,Electric_Vehicle_3,23.0,80.1,,
1,Electric_Vehicle_3,22.0,80.1,,
1,Electric_Vehicle_3,21.0,80.1,,
1,Electric_Vehicle_3,20.0,80.1,,
1,Electric_Vehicle_3,19.0,80.1,,
1,Electric_Vehicle_3,18.0,80.1,,
1,Electric_Vehicle_3,17.0,80.1,,
1,Electric_Vehicle_3,16.0,80.1,,
1,Electric_Vehicle_3,15.0,80.1,,
1,Electric_Vehicle_3,14.0,80.1,,
1,Electric_Vehicle_3,13.0,80.1,,
1,Electric_Vehicle_3,12.0,80.1,,
1,Electric_Vehicle_3,11.0,80.1,,
1,Electric_Vehicle_3,10.0,80.1,,
1,Electric_Vehicle_3,9.0,80.1,,
1,Electric_Vehicle_3,8.0,80.1,,
1,Electric_Vehicle_3,7.0,80.1,,
1,Electric_Vehicle_3,6.0,80.1,,
1,Electric_Vehicle_3,5.0,80.1,,
1,Electric_Vehicle_3,4.0,80.1,,
1,Electric_Vehicle_3,3.0,80.1,,
1,Electric_Vehicle_3,2.0,80.1,,
1,Electric_Vehicle_3,1.0,80.1,,
1,Electric_Vehicle_3,0.0,80.1,,
3,,,,,
3,,,,,
3,,,,,
3,,,,,
3,,,,,
3,,,,,
3,,,,,
3,,,,,
3,,,,,
3,,,,,
2,Electric_Vehicle_3,,,0.0,31.1
1,Electric_Vehicle_3,12.0,73.4,,
1,Electric_Vehicle_3,11.0,73.4,,
1,Electric_Vehicle_3,10.0,73.4,,
1,Electric_Vehicle_3,9.0,73.4,,
1,Electric_Vehicle_3,8.0,73.4,,
1,Electric_Vehicle_3,7.0,73.4,,
1,Electric_Vehicle_3,6.0,73.4,,
1,Electric_Vehicle_3,5.0,73.4,,
1,Electric_Vehicle_3,4.0,73.4,,
1,Electric_Vehicle_3,3.0,73.4,,
1,Electric_Vehicle_3,2.0,73.4,,
1,Electric_Vehicle_3,1.0,73.4,,
1,Electric_Vehicle_3,0.0,73.4,,
3,,,,,
3,,,,,
3,,,,,
3,,,,,
3,,,,,
3,,,,,
3,,,,,
3,,,,,
3,,,,,
3,,,,,
2,Electric_Vehicle_3,,,0.0,46.0
1,Electric_Vehicle_3,12.0,79.2,,
1,Electric_Vehicle_3,11.0,79.2,,
1,Electric_Vehicle_3,10.0,79.2,,
1,Electric_Vehicle_3,9.0,79.2,,
1,Electric_Vehicle_3,8.0,79.2,,
1,Electric_Vehicle_3,7.0,79.2,,
1,Electric_Vehicle_3,6.0,79.2,,
1,Electric_Vehicle_3,5.0,79.2,,
1,Electric_Vehicle_3,4.0,79.2,,
1,Electric_Vehicle_3,3.0,79.2,,
1,Electric_Vehicle_3,2.0,79.2,,
1,Electric_Vehicle_3,1.0,79.2,,
1,Electric_Vehicle_3,0.0,79.2,,
3,,,,,
3,,,,,
3,,,,,
3,,,,,
3,,,,,
3,,,,,
3,,,,,
3,,,,,
2,Electric_Vehicle_3,,,0.0,44.4
1,Electric_Vehicle_3,14.0,82.6,,
1,Electric_Vehicle_3,13.0,82.6,,
1,Electric_Vehicle_3,12.0,82.6,,
1,Electric_Vehicle_3,11.0,82.6,,
1,Electric_Vehicle_3,10.0,82.6,,
1,Electric_Vehicle_3,9.0,82.6,,
1,Electric_Vehicle_3,8.0,82.6,,
1,Electric_Vehicle_3,7.0,82.6,,
1,Electric_Vehicle_3,6.0,82.6,,
1,Electric_Vehicle_3,5.0,82.6,,
1,Electric_Vehicle_3,4.0,82.6,,
1,Electric_Vehicle_3,3.0,82.6,,
1,Electric_Vehicle_3,2.0,82.6,,
1,Electric_Vehicle_3,1.0,82.6,,
1,Electric_Vehicle_3,0.0,82.6,,
3,,,,,
3,,,,,
3,,,,,
3,,,,,
3,,,,,
3,,,,,
3,,,,,
3,,,,,
3,,,,,
2,Electric_Vehicle_3,,,0.0,42.4
1,Electric_Vehicle_3,13.0,71.8,,
1,Electric_Vehicle_3,12.0,71.8,,
1,Electric_Vehicle_3,11.0,71.8,,
1,Electric_Vehicle_3,10.0,71.8,,
1,Electric_Vehicle_3,9.0,71.8,,
1,Electric_Vehicle_3,8.0,71.8,,
1,Electric_Vehicle_3,7.0,71.8,,
1,Electric_Vehicle_3,6.0,71.8,,
1,Electric_Vehicle_3,5.0,71.8,,
1,Electric_Vehicle_3,4.0,71.8,,
1,Electric_Vehicle_3,3.0,71.8,,
1,Electric_Vehicle_3,2.0,71.8,,
1,Electric_Vehicle_3,1.0,71.8,,
1,Electric_Vehicle_3,0.0,71.8,,
3,,,,,
3,,,,,
3,,,,,
3,,,,,
3,,,,,
3,,,,,
3,,,,,
3,,,,,
2,Electric_Vehicle_3,,,0.0,40.6
1,Electric_Vehicle_3,14.0,74.2,,
1,Electric_Vehicle_3,13.0,74.2,,
1,Electric_Vehicle_3,12.0,74.2,,
1,Electric_Vehicle_3,11.0,74.2,,
1,Electric_Vehicle_3,10.0,74.2,,
1,Electric_Vehicle_3,9.0,74.2,,
1,Electric_Vehicle_3,8.0,74.2,,
1,Electric_Vehicle_3,7.0,74.2,,
1,Electric_Vehicle_3,6.0,74.2,,
1,Electric_Vehicle_3,5.0,74.2,,
1,Electric_Vehicle_3,4.0,74.2,,
1,Electric_Vehicle_3,3.0,74.2,,
1,Electric_Vehicle_3,2.0,74.2,,
1,Electric_Vehicle_3,1.0,74.2,,
1,Electric_Vehicle_3,0.0,74.2,,
3,,,,,
3,,,,,
3,,,,,
3,,,,,
3,,,,,
3,,,,,
3,,,,,
3,,,,,
2,Electric_Vehicle_3,,,0.0,41.4
1,Electric_Vehicle_3,37.0,89.1,,
1,Electric_Vehicle_3,36.0,89.1,,
1,Electric_Vehicle_3,35.0,89.1,,
1,Electric_Vehicle_3,34.0,89.1,,
1,Electric_Vehicle_3,33.0,89.1,,
1,Electric_Vehicle_3,32.0,89.1,,
1,Electric_Vehicle_3,31.0,89.1,,
1,Electric_Vehicle_3,30.0,89.1,,
1,Electric_Vehicle_3,29.0,89.1,,
1,Electric_Vehicle_3,28.0,89.1,,
1,Electric_Vehicle_3,27.0,89.1,,
1,Electric_Vehicle_3,26.0,89.1,,
1,Electric_Vehicle_3,25.0,89.1,,
1,Electric_Vehicle_3,24.0,89.1,,
1,Electric_Vehicle_3,23.0,89.1,,
1,Electric_Vehicle_3,22.0,89.1,,
1,Electric_Vehicle_3,21.0,89.1,,
1,Electric_Vehicle_3,20.0,89.1,,
1,Electric_Vehicle_3,19.0,89.1,,
1,Electric_Vehicle_3,18.0,89.1,,
1,Electric_Vehicle_3,17.0,89.1,,
1,Electric_Vehicle_3,16.0,89.1,,
1,Electric_Vehicle_3,15.0,89.1,,
1,Electric_Vehicle_3,14.0,89.1,,
1,Electric_Vehicle_3,13.0,89.1,,
1,Electric_Vehicle_3,12.0,89.1,,
1,Electric_Vehicle_3,11.0,89.1,,
1,Electric_Vehicle_3,10.0,89.1,,
1,Electric_Vehicle_3,9.0,89.1,,
1,Electric_Vehicle_3,8.0,89.1,,
1,Electric_Vehicle_3,7.0,89.1,,
1,Electric_Vehicle_3,6.0,89.1,,
1,Electric_Vehicle_3,5.0,89.1,,
1,Electric_Vehicle_3,4.0,89.1,,
1,Electric_Vehicle_3,3.0,89.1,,
1,Electric_Vehicle_3,2.0,89.1,,
1,Electric_Vehicle_3,1.0,89.1,,
1,Electric_Vehicle_3,0.0,89.1,,
3,,,,,
3,,,,,
3,,,,,
3,,,,,
3,,,,,
3,,,,,
3,,,,,
3,,,,,
3,,,,,
3,,,,,
2,Electric_Vehicle_3,,,0.0,50.2
1,Electric_Vehicle_3,13.0,80.2,,
1,Electric_Vehicle_3,12.0,80.2,,
1,Electric_Vehicle_3,11.0,80.2,,
1,Electric_Vehicle_3,10.0,80.2,,
1,Electric_Vehicle_3,9.0,80.2,,
1,Electric_Vehicle_3,8.0,80.2,,
1,Electric_Vehicle_3,7.0,80.2,,
1,Electric_Vehicle_3,6.0,80.2,,
1,Electric_Vehicle_3,5.0,80.2,,
1,Electric_Vehicle_3,4.0,80.2,,
1,Electric_Vehicle_3,3.0,80.2,,
1,Electric_Vehicle_3,2.0,80.2,,
1,Electric_Vehicle_3,1.0,80.2,,
1,Electric_Vehicle_3,0.0,80.2,,
3,,,,,
3,,,,,
3,,,,,
3,,,,,
3,,,,,
3,,,,,
3,,,,,
2,Electric_Vehicle_3,,,0.0,54.1
1,Electric_Vehicle_3,38.0,86.9,,
1,Electric_Vehicle_3,37.0,86.9,,
1,Electric_Vehicle_3,36.0,86.9,,
1,Electric_Vehicle_3,35.0,86.9,,
1,Electric_Vehicle_3,34.0,86.9,,
1,Electric_Vehicle_3,33.0,86.9,,
1,Electric_Vehicle_3,32.0,86.9,,
1,Electric_Vehicle_3,31.0,86.9,,
1,Electric_Vehicle_3,30.0,86.9,,
1,Electric_Vehicle_3,29.0,86.9,,
1,Electric_Vehicle_3,28.0,86.9,,
1,Electric_Vehicle_3,27.0,86.9,,
1,Electric_Vehicle_3,26.0,86.9,,
1,Electric_Vehicle_3,25.0,86.9,,
1,Electric_Vehicle_3,24.0,86.9,,
1,Electric_Vehicle_3,23.0,86.9,,
1,Electric_Vehicle_3,22.0,86.9,,
1,Electric_Vehicle_3,21.0,86.9,,
1,Electric_Vehicle_3,20.0,86.9,,
1,Electric_Vehicle_3,19.0,86.9,,
1,Electric_Vehicle_3,18.0,86.9,,
1,Electric_Vehicle_3,17.0,86.9,,
1,Electric_Vehicle_3,16.0,86.9,,
1,Electric_Vehicle_3,15.0,86.9,,
1,Electric_Vehicle_3,14.0,86.9,,
1,Electric_Vehicle_3,13.0,86.9,,
1,Electric_Vehicle_3,12.0,86.9,,
1,Electric_Vehicle_3,11.0,86.9,,
1,Electric_Vehicle_3,10.0,86.9,,
1,Electric_Vehicle_3,9.0,86.9,,
1,Electric_Vehicle_3,8.0,86.9,,
1,Electric_Vehicle_3,7.0,86.9,,
1,Electric_Vehicle_3,6.0,86.9,,
1,Electric_Vehicle_3,5.0,86.9,,
1,Electric_Vehicle_3,4.0,86.9,,
1,Electric_Vehicle_3,3.0,86.9,,
1,Electric_Vehicle_3,2.0,86.9,,
1,Electric_Vehicle_3,1.0,86.9,,
1,Electric_Vehicle_3,0.0,86.9,,
3,,,,,
3,,,,,
3,,,,,
3,,,,,
3,,,,,
3,,,,,
3,,,,,
3,,,,,
3,,,,,
3,,,,,
2,Electric_Vehicle_3,,,0.0,34.8
1,Electric_Vehicle_3,13.0,78.7,,
1,Electric_Vehicle_3,12.0,78.7,,
1,Electric_Vehicle_3,11.0,78.7,,
1,Electric_Vehicle_3,10.0,78.7,,
1,Electric_Vehicle_3,9.0,78.7,,
1,Electric_Vehicle_3,8.0,78.7,,
1,Electric_Vehicle_3,7.0,78.7,,
1,Electric_Vehicle_3,6.0,78.7,,
1,Electric_Vehicle_3,5.0,78.7,,
1,Electric_Vehicle_3,4.0,78.7,,
1,Electric_Vehicle_3,3.0,78.7,,
1,Electric_Vehicle_3,2.0,78.7,,
1,Electric_Vehicle_3,1.0,78.7,,
1,Electric_Vehicle_3,0.0,78.7,,
3,,,,,
3,,,,,
3,,,,,
3,,,,,
3,,,,,
3,,,,,
3,,,,,
2,Electric_Vehicle_3,,,0.0,35.5
1,Electric_Vehicle_3,18.0,73.7,,
1,Electric_Vehicle_3,17.0,73.7,,
1,Electric_Vehicle_3,16.0,73.7,,
1,Electric_Vehicle_3,15.0,73.7,,
1,Electric_Vehicle_3,14.0,73.7,,
1,Electric_Vehicle_3,13.0,73.7,,
1,Electric_Vehicle_3,12.0,73.7,,
1,Electric_Vehicle_3,11.0,73.7,,
1,Electric_Vehicle_3,10.0,73.7,,
1,Electric_Vehicle_3,9.0,73.7,,
1,Electric_Vehicle_3,8.0,73.7,,
1,Electric_Vehicle_3,7.0,73.7,,
1,Electric_Vehicle_3,6.0,73.7,,
1,Electric_Vehicle_3,5.0,73.7,,
1,Electric_Vehicle_3,4.0,73.7,,
1,Electric_Vehicle_3,3.0,73.7,,
1,Electric_Vehicle_3,2.0,73.7,,
1,Electric_Vehicle_3,1.0,73.7,,
1,Electric_Vehicle_3,0.0,73.7,,
3,,,,,
3,,,,,
3,,,,,
3,,,,,
3,,,,,
3,,,,,
3,,,,,
2,Electric_Vehicle_3,,,0.0,35.6
1,Electric_Vehicle_3,13.0,73.4,,
1,Electric_Vehicle_3,12.0,73.4,,
1,Electric_Vehicle_3,11.0,73.4,,
1,Electric_Vehicle_3,10.0,73.4,,
1,Electric_Vehicle_3,9.0,73.4,,
1,Electric_Vehicle_3,8.0,73.4,,
1,Electric_Vehicle_3,7.0,73.4,,
1,Electric_Vehicle_3,6.0,73.4,,
1,Electric_Vehicle_3,5.0,73.4,,
1,Electric_Vehicle_3,4.0,73.4,,
1,Electric_Vehicle_3,3.0,73.4,,
1,Electric_Vehicle_3,2.0,73.4,,
1,Electric_Vehicle_3,1.0,73.4,,
1,Electric_Vehicle_3,0.0,73.4,,
3,,,,,
3,,,,,
3,,,,,
3,,,,,
3,,,,,
3,,,,,
3,,,,,
2,Electric_Vehicle_3,,,0.0,33.3
1,Electric_Vehicle_3,14.0,74.0,,
1,Electric_Vehicle_3,13.0,74.0,,
1,Electric_Vehicle_3,12.0,74.0,,
1,Electric_Vehicle_3,11.0,74.0,,
1,Electric_Vehicle_3,10.0,74.0,,
1,Electric_Vehicle_3,9.0,74.0,,
1,Electric_Vehicle_3,8.0,74.0,,
1,Electric_Vehicle_3,7.0,74.0,,
1,Electric_Vehicle_3,6.0,74.0,,
1,Electric_Vehicle_3,5.0,74.0,,
1,Electric_Vehicle_3,4.0,74.0,,
1,Electric_Vehicle_3,3.0,74.0,,
1,Electric_Vehicle_3,2.0,74.0,,
1,Electric_Vehicle_3,1.0,74.0,,
1,Electric_Vehicle_3,0.0,74.0,,
3,,,,,
3,,,,,
3,,,,,
3,,,,,
3,,,,,
3,,,,,
3,,,,,
3,,,,,
3,,,,,
3,,,,,
3,,,,,
2,Electric_Vehicle_3,,,0.0,49.1
1,Electric_Vehicle_3,11.0,86.7,,
1,Electric_Vehicle_3,10.0,86.7,,
1,Electric_Vehicle_3,9.0,86.7,,
1,Electric_Vehicle_3,8.0,86.7,,
1,Electric_Vehicle_3,7.0,86.7,,
1,Electric_Vehicle_3,6.0,86.7,,
1,Electric_Vehicle_3,5.0,86.7,,
1,Electric_Vehicle_3,4.0,86.7,,
1,Electric_Vehicle_3,3.0,86.7,,
1,Electric_Vehicle_3,2.0,86.7,,
1,Electric_Vehicle_3,1.0,86.7,,
1,Electric_Vehicle_3,0.0,86.7,,
3,,,,,
3,,,,,
3,,,,,
3,,,,,
3,,,,,
3,,,,,
3,,,,,
3,,,,,
3,,,,,
2,Electric_Vehicle_3,,,0.0,47.8
1,Electric_Vehicle_3,12.0,78.3,,
1,Electric_Vehicle_3,11.0,78.3,,
1,Electric_Vehicle_3,10.0,78.3,,
1,Electric_Vehicle_3,9.0,78.3,,
1,Electric_Vehicle_3,8.0,78.3,,
1,Electric_Vehicle_3,7.0,78.3,,
1,Electric_Vehicle_3,6.0,78.3,,
1,Electric_Vehicle_3,5.0,78.3,,
1,Electric_Vehicle_3,4.0,78.3,,
1,Electric_Vehicle_3,3.0,78.3,,
1,Electric_Vehicle_3,2.0,78.3,,
1,Electric_Vehicle_3,1.0,78.3,,
1,Electric_Vehicle_3,0.0,78.3,,
3,,,,,
3,,,,,
3,,,,,
3,,,,,
3,,,,,
3,,,,,
3,,,,,
2,Electric_Vehicle_3,,,0.0,46.0
1,Electric_Vehicle_3,16.0,83.2,,
1,Electric_Vehicle_3,15.0,83.2,,
1,Electric_Vehicle_3,14.0,83.2,,
1,Electric_Vehicle_3,13.0,83.2,,
1,Electric_Vehicle_3,12.0,83.2,,
1,Electric_Vehicle_3,11.0,83.2,,
1,Electric_Vehicle_3,10.0,83.2,,
1,Electric_Vehicle_3,9.0,83.2,,
1,Electric_Vehicle_3,8.0,83.2,,
1,Electric_Vehicle_3,7.0,83.2,,
1,Electric_Vehicle_3,6.0,83.2,,
1,Electric_Vehicle_3,5.0,83.2,,
1,Electric_Vehicle_3,4.0,83.2,,
1,Electric_Vehicle_3,3.0,83.2,,
1,Electric_Vehicle_3,2.0,83.2,,
1,Electric_Vehicle_3,1.0,83.2,,
1,Electric_Vehicle_3,0.0,83.2,,
3,,,,,
3,,,,,
3,,,,,
3,,,,,
3,,,,,
3,,,,,
3,,,,,
3,,,,,
3,,,,,
3,,,,,
2,Electric_Vehicle_3,,,0.0,41.7
1,Electric_Vehicle_3,11.0,79.8,,
1,Electric_Vehicle_3,10.0,79.8,,
1,Electric_Vehicle_3,9.0,79.8,,
1,Electric_Vehicle_3,8.0,79.8,,
1,Electric_Vehicle_3,7.0,79.8,,
1,Electric_Vehicle_3,6.0,79.8,,
1,Electric_Vehicle_3,5.0,79.8,,
1,Electric_Vehicle_3,4.0,79.8,,
1,Electric_Vehicle_3,3.0,79.8,,
1,Electric_Vehicle_3,2.0,79.8,,
1,Electric_Vehicle_3,1.0,79.8,,
1,Electric_Vehicle_3,0.0,79.8,,
3,,,,,
3,,,,,
3,,,,,
3,,,,,
3,,,,,
3,,,,,
3,,,,,
3,,,,,
3,,,,,
3,,,,,
2,Electric_Vehicle_3,,,0.0,37.5
1,Electric_Vehicle_3,14.0,74.9,,
1,Electric_Vehicle_3,13.0,74.9,,
1,Electric_Vehicle_3,12.0,74.9,,
1,Electric_Vehicle_3,11.0,74.9,,
1,Electric_Vehicle_3,10.0,74.9,,
1,Electric_Vehicle_3,9.0,74.9,,
1,Electric_Vehicle_3,8.0,74.9,,
1,Electric_Vehicle_3,7.0,74.9,,
1,Electric_Vehicle_3,6.0,74.9,,
1,Electric_Vehicle_3,5.0,74.9,,
1,Electric_Vehicle_3,4.0,74.9,,
1,Electric_Vehicle_3,3.0,74.9,,
1,Electric_Vehicle_3,2.0,74.9,,
1,Electric_Vehicle_3,1.0,74.9,,
1,Electric_Vehicle_3,0.0,74.9,,
3,,,,,
3,,,,,
3,,,,,
2,Electric_Vehicle_3,,,0.0,45.5
1,Electric_Vehicle_3,41.0,74.2,,
1,Electric_Vehicle_3,40.0,74.2,,
1,Electric_Vehicle_3,39.0,74.2,,
1,Electric_Vehicle_3,38.0,74.2,,
1,Electric_Vehicle_3,37.0,74.2,,
1,Electric_Vehicle_3,36.0,74.2,,
1,Electric_Vehicle_3,35.0,74.2,,
1,Electric_Vehicle_3,34.0,74.2,,
1,Electric_Vehicle_3,33.0,74.2,,
1,Electric_Vehicle_3,32.0,74.2,,
1,Electric_Vehicle_3,31.0,74.2,,
1,Electric_Vehicle_3,30.0,74.2,,
1,Electric_Vehicle_3,29.0,74.2,,
1,Electric_Vehicle_3,28.0,74.2,,
1,Electric_Vehicle_3,27.0,74.2,,
1,Electric_Vehicle_3,26.0,74.2,,
1,Electric_Vehicle_3,25.0,74.2,,
1,Electric_Vehicle_3,24.0,74.2,,
1,Electric_Vehicle_3,23.0,74.2,,
1,Electric_Vehicle_3,22.0,74.2,,
1,Electric_Vehicle_3,21.0,74.2,,
1,Electric_Vehicle_3,20.0,74.2,,
1,Electric_Vehicle_3,19.0,74.2,,
1,Electric_Vehicle_3,18.0,74.2,,
1,Electric_Vehicle_3,17.0,74.2,,
1,Electric_Vehicle_3,16.0,74.2,,
1,Electric_Vehicle_3,15.0,74.2,,
1,Electric_Vehicle_3,14.0,74.2,,
1,Electric_Vehicle_3,13.0,74.2,,
1,Electric_Vehicle_3,12.0,74.2,,
1,Electric_Vehicle_3,11.0,74.2,,
1,Electric_Vehicle_3,10.0,74.2,,
1,Electric_Vehicle_3,9.0,74.2,,
1,Electric_Vehicle_3,8.0,74.2,,
1,Electric_Vehicle_3,7.0,74.2,,
1,Electric_Vehicle_3,6.0,74.2,,
1,Electric_Vehicle_3,5.0,74.2,,
1,Electric_Vehicle_3,4.0,74.2,,
1,Electric_Vehicle_3,3.0,74.2,,
1,Electric_Vehicle_3,2.0,74.2,,
1,Electric_Vehicle_3,1.0,74.2,,
1,Electric_Vehicle_3,0.0,74.2,,
3,,,,,
3,,,,,
3,,,,,
3,,,,,
3,,,,,
3,,,,,
3,,,,,
3,,,,,
3,,,,,
2,Electric_Vehicle_3,,,0.0,32.4
1,Electric_Vehicle_3,37.0,89.2,,
1,Electric_Vehicle_3,36.0,89.2,,
1,Electric_Vehicle_3,35.0,89.2,,
1,Electric_Vehicle_3,34.0,89.2,,
1,Electric_Vehicle_3,33.0,89.2,,
1,Electric_Vehicle_3,32.0,89.2,,
1,Electric_Vehicle_3,31.0,89.2,,
1,Electric_Vehicle_3,30.0,89.2,,
1,Electric_Vehicle_3,29.0,89.2,,
1,Electric_Vehicle_3,28.0,89.2,,
1,Electric_Vehicle_3,27.0,89.2,,
1,Electric_Vehicle_3,26.0,89.2,,
1,Electric_Vehicle_3,25.0,89.2,,
1,Electric_Vehicle_3,24.0,89.2,,
1,Electric_Vehicle_3,23.0,89.2,,
1,Electric_Vehicle_3,22.0,89.2,,
1,Electric_Vehicle_3,21.0,89.2,,
1,Electric_Vehicle_3,20.0,89.2,,
1,Electric_Vehicle_3,19.0,89.2,,
1,Electric_Vehicle_3,18.0,89.2,,
1,Electric_Vehicle_3,17.0,89.2,,
1,Electric_Vehicle_3,16.0,89.2,,
1,Electric_Vehicle_3,15.0,89.2,,
1,Electric_Vehicle_3,14.0,89.2,,
1,Electric_Vehicle_3,13.0,89.2,,
1,Electric_Vehicle_3,12.0,89.2,,
1,Electric_Vehicle_3,11.0,89.2,,
1,Electric_Vehicle_3,10.0,89.2,,
1,Electric_Vehicle_3,9.0,89.2,,
1,Electric_Vehicle_3,8.0,89.2,,
1,Electric_Vehicle_3,7.0,89.2,,
1,Electric_Vehicle_3,6.0,89.2,,
1,Electric_Vehicle_3,5.0,89.2,,
1,Electric_Vehicle_3,4.0,89.2,,
1,Electric_Vehicle_3,3.0,89.2,,
1,Electric_Vehicle_3,2.0,89.2,,
1,Electric_Vehicle_3,1.0,89.2,,
1,Electric_Vehicle_3,0.0,89.2,,
3,,,,,
3,,,,,
3,,,,,
3,,,,,
3,,,,,
3,,,,,
3,,,,,
2,Electric_Vehicle_3,,,0.0,53.7
1,Electric_Vehicle_3,17.0,73.0,,
1,Electric_Vehicle_3,16.0,73.0,,
1,Electric_Vehicle_3,15.0,73.0,,
1,Electric_Vehicle_3,14.0,73.0,,
1,Electric_Vehicle_3,13.0,73.0,,
1,Electric_Vehicle_3,12.0,73.0,,
1,Electric_Vehicle_3,11.0,73.0,,
1,Electric_Vehicle_3,10.0,73.0,,
1,Electric_Vehicle_3,9.0,73.0,,
1,Electric_Vehicle_3,8.0,73.0,,
1,Electric_Vehicle_3,7.0,73.0,,
1,Electric_Vehicle_3,6.0,73.0,,
1,Electric_Vehicle_3,5.0,73.0,,
1,Electric_Vehicle_3,4.0,73.0,,
1,Electric_Vehicle_3,3.0,73.0,,
1,Electric_Vehicle_3,2.0,73.0,,
1,Electric_Vehicle_3,1.0,73.0,,
1,Electric_Vehicle_3,0.0,73.0,,
3,,,,,
3,,,,,
3,,,,,
3,,,,,
3,,,,,
3,,,,,
3,,,,,
3,,,,,
2,Electric_Vehicle_3,,,0.0,48.8
1,Electric_Vehicle_3,13.0,80.0,,
1,Electric_Vehicle_3,12.0,80.0,,
1,Electric_Vehicle_3,11.0,80.0,,
1,Electric_Vehicle_3,10.0,80.0,,
1,Electric_Vehicle_3,9.0,80.0,,
1,Electric_Vehicle_3,8.0,80.0,,
1,Electric_Vehicle_3,7.0,80.0,,
1,Electric_Vehicle_3,6.0,80.0,,
1,Electric_Vehicle_3,5.0,80.0,,
1,Electric_Vehicle_3,4.0,80.0,,
1,Electric_Vehicle_3,3.0,80.0,,
1,Electric_Vehicle_3,2.0,80.0,,
1,Electric_Vehicle_3,1.0,80.0,,
1,Electric_Vehicle_3,0.0,80.0,,
3,,,,,
3,,,,,
3,,,,,
3,,,,,
3,,,,,
3,,,,,
3,,,,,
3,,,,,
2,Electric_Vehicle_3,,,0.0,31.9
1,Electric_Vehicle_3,39.0,70.6,,
1,Electric_Vehicle_3,38.0,70.6,,
1,Electric_Vehicle_3,37.0,70.6,,
1,Electric_Vehicle_3,36.0,70.6,,
1,Electric_Vehicle_3,35.0,70.6,,
1,Electric_Vehicle_3,34.0,70.6,,
1,Electric_Vehicle_3,33.0,70.6,,
1,Electric_Vehicle_3,32.0,70.6,,
1,Electric_Vehicle_3,31.0,70.6,,
1,Electric_Vehicle_3,30.0,70.6,,
1,Electric_Vehicle_3,29.0,70.6,,
1,Electric_Vehicle_3,28.0,70.6,,
1,Electric_Vehicle_3,27.0,70.6,,
1,Electric_Vehicle_3,26.0,70.6,,
1,Electric_Vehicle_3,25.0,70.6,,
1,Electric_Vehicle_3,24.0,70.6,,
1,Electric_Vehicle_3,23.0,70.6,,
1,Electric_Vehicle_3,22.0,70.6,,
1,Electric_Vehicle_3,21.0,70.6,,
1,Electric_Vehicle_3,20.0,70.6,,
1,Electric_Vehicle_3,19.0,70.6,,
1,Electric_Vehicle_3,18.0,70.6,,
1,Electric_Vehicle_3,17.0,70.6,,
1,Electric_Vehicle_3,16.0,70.6,,
1,Electric_Vehicle_3,15.0,70.6,,
1,Electric_Vehicle_3,14.0,70.6,,
1,Electric_Vehicle_3,13.0,70.6,,
1,Electric_Vehicle_3,12.0,70.6,,
1,Electric_Vehicle_3,11.0,70.6,,
1,Electric_Vehicle_3,10.0,70.6,,
1,Electric_Vehicle_3,9.0,70.6,,
1,Electric_Vehicle_3,8.0,70.6,,
1,Electric_Vehicle_3,7.0,70.6,,
1,Electric_Vehicle_3,6.0,70.6,,
1,Electric_Vehicle_3,5.0,70.6,,
1,Electric_Vehicle_3,4.0,70.6,,
1,Electric_Vehicle_3,3.0,70.6,,
1,Electric_Vehicle_3,2.0,70.6,,
1,Electric_Vehicle_3,1.0,70.6,,
1,Electric_Vehicle_3,0.0,70.6,,
3,,,,,
3,,,,,
3,,,,,
3,,,,,
2,Electric_Vehicle_3,,,0.0,45.2
1,Electric_Vehicle_3,15.0,71.1,,
1,Electric_Vehicle_3,14.0,71.1,,
1,Electric_Vehicle_3,13.0,71.1,,
1,Electric_Vehicle_3,12.0,71.1,,
1,Electric_Vehicle_3,11.0,71.1,,
1,Electric_Vehicle_3,10.0,71.1,,
1,Electric_Vehicle_3,9.0,71.1,,
1,Electric_Vehicle_3,8.0,71.1,,
1,Electric_Vehicle_3,7.0,71.1,,
1,Electric_Vehicle_3,6.0,71.1,,
1,Electric_Vehicle_3,5.0,71.1,,
1,Electric_Vehicle_3,4.0,71.1,,
1,Electric_Vehicle_3,3.0,71.1,,
1,Electric_Vehicle_3,2.0,71.1,,
1,Electric_Vehicle_3,1.0,71.1,,
1,Electric_Vehicle_3,0.0,71.1,,
3,,,,,
3,,,,,
3,,,,,
3,,,,,
3,,,,,
3,,,,,
3,,,,,
3,,,,,
3,,,,,
3,,,,,
3,,,,,
2,Electric_Vehicle_3,,,0.0,44.5
1,Electric_Vehicle_3,12.0,82.8,,
1,Electric_Vehicle_3,11.0,82.8,,
1,Electric_Vehicle_3,10.0,82.8,,
1,Electric_Vehicle_3,9.0,82.8,,
1,Electric_Vehicle_3,8.0,82.8,,
1,Electric_Vehicle_3,7.0,82.8,,
1,Electric_Vehicle_3,6.0,82.8,,
1,Electric_Vehicle_3,5.0,82.8,,
1,Electric_Vehicle_3,4.0,82.8,,
1,Electric_Vehicle_3,3.0,82.8,,
1,Electric_Vehicle_3,2.0,82.8,,
1,Electric_Vehicle_3,1.0,82.8,,
1,Electric_Vehicle_3,0.0,82.8,,
3,,,,,
3,,,,,
3,,,,,
3,,,,,
3,,,,,
3,,,,,
3,,,,,
3,,,,,
2,Electric_Vehicle_3,,,0.0,39.2
1,Electric_Vehicle_3,13.0,83.5,,
1,Electric_Vehicle_3,12.0,83.5,,
1,Electric_Vehicle_3,11.0,83.5,,
1,Electric_Vehicle_3,10.0,83.5,,
1,Electric_Vehicle_3,9.0,83.5,,
1,Electric_Vehicle_3,8.0,83.5,,
1,Electric_Vehicle_3,7.0,83.5,,
1,Electric_Vehicle_3,6.0,83.5,,
1,Electric_Vehicle_3,5.0,83.5,,
1,Electric_Vehicle_3,4.0,83.5,,
1,Electric_Vehicle_3,3.0,83.5,,
1,Electric_Vehicle_3,2.0,83.5,,
1,Electric_Vehicle_3,1.0,83.5,,
1,Electric_Vehicle_3,0.0,83.5,,
3,,,,,
3,,,,,
3,,,,,
3,,,,,
3,,,,,
3,,,,,
3,,,,,
3,,,,,
3,,,,,
3,,,,,
3,,,,,
2,Electric_Vehicle_3,,,0.0,27.0
1,Electric_Vehicle_3,37.0,79.0,,
1,Electric_Vehicle_3,36.0,79.0,,
1,Electric_Vehicle_3,35.0,79.0,,
1,Electric_Vehicle_3,34.0,79.0,,
1,Electric_Vehicle_3,33.0,79.0,,
1,Electric_Vehicle_3,32.0,79.0,,
1,Electric_Vehicle_3,31.0,79.0,,
1,Electric_Vehicle_3,30.0,79.0,,
1,Electric_Vehicle_3,29.0,79.0,,
1,Electric_Vehicle_3,28.0,79.0,,
1,Electric_Vehicle_3,27.0,79.0,,
1,Electric_Vehicle_3,26.0,79.0,,
1,Electric_Vehicle_3,25.0,79.0,,
1,Electric_Vehicle_3,24.0,79.0,,
1,Electric_Vehicle_3,23.0,79.0,,
1,Electric_Vehicle_3,22.0,79.0,,
1,Electric_Vehicle_3,21.0,79.0,,
1,Electric_Vehicle_3,20.0,79.0,,
1,Electric_Vehicle_3,19.0,79.0,,
1,Electric_Vehicle_3,18.0,79.0,,
1,Electric_Vehicle_3,17.0,79.0,,
1,Electric_Vehicle_3,16.0,79.0,,
1,Electric_Vehicle_3,15.0,79.0,,
1,Electric_Vehicle_3,14.0,79.0,,
1,Electric_Vehicle_3,13.0,79.0,,
1,Electric_Vehicle_3,12.0,79.0,,
1,Electric_Vehicle_3,11.0,79.0,,
1,Electric_Vehicle_3,10.0,79.0,,
1,Electric_Vehicle_3,9.0,79.0,,
1,Electric_Vehicle_3,8.0,79.0,,
1,Electric_Vehicle_3,7.0,79.0,,
1,Electric_Vehicle_3,6.0,79.0,,
1,Electric_Vehicle_3,5.0,79.0,,
1,Electric_Vehicle_3,4.0,79.0,,
1,Electric_Vehicle_3,3.0,79.0,,
1,Electric_Vehicle_3,2.0,79.0,,
1,Electric_Vehicle_3,1.0,79.0,,
1,Electric_Vehicle_3,0.0,79.0,,
3,,,,,
3,,,,,
3,,,,,
3,,,,,
3,,,,,
3,,,,,
3,,,,,
3,,,,,
2,Electric_Vehicle_3,,,0.0,32.6
1,Electric_Vehicle_3,38.0,78.7,,
1,Electric_Vehicle_3,37.0,78.7,,
1,Electric_Vehicle_3,36.0,78.7,,
1,Electric_Vehicle_3,35.0,78.7,,
1,Electric_Vehicle_3,34.0,78.7,,
1,Electric_Vehicle_3,33.0,78.7,,
1,Electric_Vehicle_3,32.0,78.7,,
1,Electric_Vehicle_3,31.0,78.7,,
1,Electric_Vehicle_3,30.0,78.7,,
1,Electric_Vehicle_3,29.0,78.7,,
1,Electric_Vehicle_3,28.0,78.7,,
1,Electric_Vehicle_3,27.0,78.7,,
1,Electric_Vehicle_3,26.0,78.7,,
1,Electric_Vehicle_3,25.0,78.7,,
1,Electric_Vehicle_3,24.0,78.7,,
1,Electric_Vehicle_3,23.0,78.7,,
1,Electric_Vehicle_3,22.0,78.7,,
1,Electric_Vehicle_3,21.0,78.7,,
1,Electric_Vehicle_3,20.0,78.7,,
1,Electric_Vehicle_3,19.0,78.7,,
1,Electric_Vehicle_3,18.0,78.7,,
1,Electric_Vehicle_3,17.0,78.7,,
1,Electric_Vehicle_3,16.0,78.7,,
1,Electric_Vehicle_3,15.0,78.7,,
1,Electric_Vehicle_3,14.0,78.7,,
1,Electric_Vehicle_3,13.0,78.7,,
1,Electric_Vehicle_3,12.0,78.7,,
1,Electric_Vehicle_3,11.0,78.7,,
1,Electric_Vehicle_3,10.0,78.7,,
1,Electric_Vehicle_3,9.0,78.7,,
1,Electric_Vehicle_3,8.0,78.7,,
1,Electric_Vehicle_3,7.0,78.7,,
1,Electric_Vehicle_3,6.0,78.7,,
1,Electric_Vehicle_3,5.0,78.7,,
1,Electric_Vehicle_3,4.0,78.7,,
1,Electric_Vehicle_3,3.0,78.7,,
1,Electric_Vehicle_3,2.0,78.7,,
1,Electric_Vehicle_3,1.0,78.7,,
1,Electric_Vehicle_3,0.0,78.7,,
3,,,,,
3,,,,,
3,,,,,
3,,,,,
3,,,,,
3,,,,,
2,Electric_Vehicle_3,,,0.0,53.6
1,Electric_Vehicle_3,14.0,71.2,,
1,Electric_Vehicle_3,13.0,71.2,,
1,Electric_Vehicle_3,12.0,71.2,,
1,Electric_Vehicle_3,11.0,71.2,,
1,Electric_Vehicle_3,10.0,71.2,,
1,Electric_Vehicle_3,9.0,71.2,,
1,Electric_Vehicle_3,8.0,71.2,,
1,Electric_Vehicle_3,7.0,71.2,,
1,Electric_Vehicle_3,6.0,71.2,,
1,Electric_Vehicle_3,5.0,71.2,,
1,Electric_Vehicle_3,4.0,71.2,,
1,Electric_Vehicle_3,3.0,71.2,,
1,Electric_Vehicle_3,2.0,71.2,,
1,Electric_Vehicle_3,1.0,71.2,,
1,Electric_Vehicle_3,0.0,71.2,,
3,,,,,
3,,,,,
3,,,,,
3,,,,,
3,,,,,
3,,,,,
3,,,,,
3,,,,,
3,,,,,
3,,,,,
3,,,,,
3,,,,,
2,Electric_Vehicle_3,,,0.0,46.4
1,Electric_Vehicle_3,0.0,80.0,,
1,Electric_Vehicle_3,0.0,80.0,,
1,Electric_Vehicle_3,0.0,80.0,,
1,Electric_Vehicle_3,0.0,80.0,,
