electric_vehicle_charger_state,electric_vehicle_id,electric_vehicle_departure_time,electric_vehicle_required_soc_departure,electric_vehicle_estimated_arrival_time,electric_vehicle_estimated_soc_arrival
1,Electric_Vehicle_4,9.0,84.8,,
1,Electric_Vehicle_4,8.0,84.8,,
1,Electric_Vehicle_4,7.0,84.8,,
1,Electric_Vehicle_4,6.0,84.8,,
1,Electric_Vehicle_4,5.0,84.8,,
1,Electric_Vehicle_4,4.0,84.8,,
1,Electric_Vehicle_4,3.0,84.8,,
1,Electric_Vehicle_4,2.0,84.8,,
1,Electric_Vehicle_4,1.0,84.8,,
1,Electric_Vehicle_4,0.0,84.8,,
3,,,,,
3,,,,,
3,,,,,
3,,,,,
3,,,,,
3,,,,,
3,,,,,
3,,,,,
3,,,,,
2,Electric_Vehicle_4,,,0.0,50.7
1,Electric_Vehicle_4,10.0,76.1,,
1,Electric_Vehicle_4,9.0,76.1,,
1,Electric_Vehicle_4,8.0,76.1,,
1,Electric_Vehicle_4,7.0,76.1,,
1,Electric_Vehicle_4,6.0,76.1,,
1,Electric_Vehicle_4,5.0,76.1,,
1,Electric_Vehicle_4,4.0,76.1,,
1,Electric_Vehicle_4,3.0,76.1,,
1,Electric_Vehicle_4,2.0,76.1,,
1,Electric_Vehicle_4,1.0,76.1,,
1,Electric_Vehicle_4,0.0,76.1,,
3,,,,,
3,,,,,
3,,,,,
3,,,,,
3,,,,,
3,,,,,
3,,,,,
3,,,,,
3,,,,,
2,Electric_Vehicle_4,,,0.0,31.6
1,Electric_Vehicle_4,14.0,82.1,,
1,Electric_Vehicle_4,13.0,82.1,,
1,Electric_Vehicle_4,12.0,82.1,,
1,Electric_Vehicle_4,11.0,82.1,,
1,Electric_Vehicle_4,10.0,82.1,,
1,Electric_Vehicle_4,9.0,82.1,,
1,Electric_Vehicle_4,8.0,82.1,,
1,Electric_Vehicle_4,7.0,82.1,,
1,Electric_Vehicle_4,6.0,82.1,,
1,Electric_Vehicle_4,5.0,82.1,,
1,Electric_Vehicle_4,4.0,82.1,,
1,Electric_Vehicle_4,3.0,82.1,,
1,Electric_Vehicle_4,2.0,82.1,,
1,Electric_Vehicle_4,1.0,82.1,,
1,Electric_Vehicle_4,0.0,82.1,,
3,,,,,
3,,,,,
3,,,,,
3,,,,,
3,,,,,
3,,,,,
3,,,,,
3,,,,,
2,Electric_Vehicle_4,,,0.0,39.9
1,Electric_Vehicle_4,65.0,82.7,,
1,Electric_Vehicle_4,64.0,82.7,,
1,Electric_Vehicle_4,63.0,82.7,,
1,Electric_Vehicle_4,62.0,82.7,,
1,Electric_Vehicle_4,61.0,82.7,,
1,Electric_Vehicle_4,60.0,82.7,,
1,Electric_Vehicle_4,59.0,82.7,,
1,Electric_Vehicle_4,58.0,82.7,,
1,Electric_Vehicle_4,57.0,82.7,,
1,Electric_Vehicle_4,56.0,82.7,,
1,Electric_Vehicle_4,55.0,82.7,,
1,Electric_Vehicle_4,54.0,82.7,,
1,Electric_Vehicle_4,53.0,82.7,,
1,Electric_Vehicle_4,52.0,82.7,,
1,Electric_Vehicle_4,51.0,82.7,,
1,Electric_Vehicle_4,50.0,82.7,,
1,Electric_Vehicle_4,49.0,82.7,,
1,Electric_Vehicle_4,48.0,82.7,,
1,Electric_Vehicle_4,47.0,82.7,,
1,Electric_Vehicle_4,46.0,82.7,,
1,Electric_Vehicle_4,45.0,82.7,,
1,Electric_Vehicle_4,44.0,82.7,,
1,Electric_Vehicle_4,43.0,82.7,,
1,Electric_Vehicle_4,42.0,82.7,,
1,Electric_Vehicle_4,41.0,82.7,,
1,Electric_Vehicle_4,40.0,82.7,,
1,Electric_Vehicle_4,39.0,82.7,,
1,Electric_Vehicle_4,38.0,82.7,,
1,Electric_Vehicle_4,37.0,82.7,,
1,Electric_Vehicle_4,36.0,82.7,,
1,Electric_Vehicle_4,35.0,82.7,,
1,Electric_Vehicle_4,34.0,82.7,,
1,Electric_Vehicle_4,33.0,82.7,,
1,Electric_Vehicle_4,32.0,82.7,,
1,Electric_Vehicle_4,31.0,82.7,,
1,Electric_Vehicle_4,30.0,82.7,,
1,Electric_Vehicle_4,29.0,82.7,,
1,Electric_Vehicle_4,28.0,82.7,,
1,Electric_Vehicle_4,27.0,82.7,,
1,Electric_Vehicle_4,26.0,82.7,,
1,Electric_Vehicle_4,25.0,82.7,,
1,Electric_Vehicle_4,24.0,82.7,,
1,Electric_Vehicle_4,23.0,82.7,,
1,Electric_Vehicle_4,22.0,82.7,,
1,Electric_Vehicle_4,21.0,82.7,,
1,Electric_Vehicle_4,20.0,82.7,,
1,Electric_Vehicle_4,19.0,82.7,,
1,Electric_Vehicle_4,18.0,82.7,,
1,Electric_Vehicle_4,17.0,82.7,,
1,Electric_Vehicle_4,16.0,82.7,,
1,Electric_Vehicle_4,15.0,82.7,,
1,Electric_Vehicle_4,14.0,82.7,,
1,Electric_Vehicle_4,13.0,82.7,,
1,Electric_Vehicle_4,12.0,82.7,,
1,Electric_Vehicle_4,11.0,82.7,,
1,Electric_Vehicle_4,10.0,82.7,,
1,Electric_Vehicle_4,9.0,82.7,,
1,Electric_Vehicle_4,8.0,82.7,,
1,Electric_Vehicle_4,7.0,82.7,,
1,Electric_Vehicle_4,6.0,82.7,,
1,Electric_Vehicle_4,5.0,82.7,,
1,Electric_Vehicle_4,4.0,82.7,,
1,Electric_Vehicle_4,3.0,82.7,,
1,Electric_Vehicle_4,2.0,82.7,,
1,Electric_Vehicle_4,1.0,82.7,,
1,Electric_Vehicle_4,0.0,82.7,,
3,,,,,
3,,,,,
3,,,,,
3,,,,,
3,,,,,
3,,,,,
3,,,,,
2,Electric_Vehicle_4,,,0.0,51.3
1,Electric_Vehicle_4,36.0,80.9,,
1,Electric_Vehicle_4,35.0,80.9,,
1,Electric_Vehicle_4,34.0,80.9,,
1,Electric_Vehicle_4,33.0,80.9,,
1,Electric_Vehicle_4,32.0,80.9,,
1,Electric_Vehicle_4,31.0,80.9,,
1,Electric_Vehicle_4,30.0,80.9,,
1,Electric_Vehicle_4,29.0,80.9,,
1,Electric_Vehicle_4,28.0,80.9,,
1,Electric_Vehicle_4,27.0,80.9,,
1,Electric_Vehicle_4,26.0,80.9,,
1,Electric_Vehicle_4,25.0,80.9,,
1,Electric_Vehicle_4,24.0,80.9,,
1,Electric_Vehicle_4,23.0,80.9,,
1,Electric_Vehicle_4,22.0,80.9,,
1,Electric_Vehicle_4,21.0,80.9,,
1,Electric_Vehicle_4,20.0,80.9,,
1,Electric_Vehicle_4,19.0,80.9,,
1,Electric_Vehicle_4,18.0,80.9,,
1,Electric_Vehicle_4,17.0,80.9,,
1,Electric_Vehicle_4,16.0,80.9,,
1,Electric_Vehicle_4,15.0,80.9,,
1,Electric_Vehicle_4,14.0,80.9,,
1,Electric_Vehicle_4,13.0,80.9,,
1,Electric_Vehicle_4,12.0,80.9,,
1,Electric_Vehicle_4,11.0,80.9,,
1,Electric_Vehicle_4,10.0,80.9,,
1,Electric_Vehicle_4,9.0,80.9,,
1,Electric_Vehicle_4,8.0,80.9,,
1,Electric_Vehicle_4,7.0,80.9,,
1,Electric_Vehicle_4,6.0,80.9,,
1,Electric_Vehicle_4,5.0,80.9,,
1,Electric_Vehicle_4,4.0,80.9,,
1,Electric_Vehicle_4,3.0,80.9,,
1,Electric_Vehicle_4,2.0,80.9,,
1,Electric_Vehicle_4,1.0,80.9,,
1,Electric_Vehicle_4,0.0,80.9,,
3,,,,,
3,,,,,
3,,,,,
3,,,,,
3,,,,,
3,,,,,
3,,,,,
3,,,,,
3,,,,,
3,,,,,
2,Electric_Vehicle_4,,,0.0,43.2
1,Electric_Vehicle_4,13.0,76.4,,
1,Electric_Vehicle_4,12.0,76.4,,
1,Electric_Vehicle_4,11.0,76.4,,
1,Electric_Vehicle_4,10.0,76.4,,
1,Electric_Vehicle_4,9.0,76.4,,
1,Electric_Vehicle_4,8.0,76.4,,
1,Electric_Vehicle_4,7.0,76.4,,
1,Electric_Vehicle_4,6.0,76.4,,
1,Electric_Vehicle_4,5.0,76.4,,
1,Electric_Vehicle_4,4.0,76.4,,
1,Electric_Vehicle_4,3.0,76.4,,
1,Electric_Vehicle_4,2.0,76.4,,
1,Electric_Vehicle_4,1.0,76.4,,
1,Electric_Vehicle_4,0.0,76.4,,
3,,,,,
3,,,,,
3,,,,,
3,,,,,
3,,,,,
3,,,,,
3,,,,,
2,Electric_Vehicle_4,,,0.0,51.3
1,Electric_Vehicle_4,15.0,85.8,,
1,Electric_Vehicle_4,14.0,85.8,,
1,Electric_Vehicle_4,13.0,85.8,,
1,Electric_Vehicle_4,12.0,85.8,,
1,Electric_Vehicle_4,11.0,85.8,,
1,Electric_Vehicle_4,10.0,85.8,,
1,Electric_Vehicle_4,9.0,85.8,,
1,Electric_Vehicle_4,8.0,85.8,,
1,Electric_Vehicle_4,7.0,85.8,,
1,Electric_Vehicle_4,6.0,85.8,,
1,Electric_Vehicle_4,5.0,85.8,,
1,Electric_Vehicle_4,4.0,85.8,,
1,Electric_Vehicle_4,3.0,85.8,,
1,Electric_Vehicle_4,2.0,85.8,,
1,Electric_Vehicle_4,1.0,85.8,,
1,Electric_Vehicle_4,0.0,85.8,,
3,,,,,
3,,,,,
3,,,,,
3,,,,,
3,,,,,
3,,,,,
3,,,,,
3,,,,,
3,,,,,
2,Electric_Vehicle_4,,,0.0,44.6
1,Electric_Vehicle_4,12.0,76.2,,
1,Electric_Vehicle_4,11.0,76.2,,
1,Electric_Vehicle_4,10.0,76.2,,
1,Electric_Vehicle_4,9.0,76.2,,
1,Electric_Vehicle_4,8.0,76.2,,
1,Electric_Vehicle_4,7.0,76.2,,
1,Electric_Vehicle_4,6.0,76.2,,
1,Electric_Vehicle_4,5.0,76.2,,
1,Electric_Vehicle_4,4.0,76.2,,
1,Electric_Vehicle_4,3.0,76.2,,
1,Electric_Vehicle_4,2.0,76.2,,
1,Electric_Vehicle_4,1.0,76.2,,
1,Electric_Vehicle_4,0.0,76.2,,
3,,,,,
3,,,,,
3,,,,,
3,,,,,
3,,,,,
3,,,,,
3,,,,,
3,,,,,
3,,,,,
3,,,,,
3,,,,,
2,Electric_Vehicle_4,,,0.0,40.1
1,Electric_Vehicle_4,13.0,73.5,,
1,Electric_Vehicle_4,12.0,73.5,,
1,Electric_Vehicle_4,11.0,73.5,,
1,Electric_Vehicle_4,10.0,73.5,,
1,Electric_Vehicle_4,9.0,73.5,,
1,Electric_Vehicle_4,8.0,73.5,,
1,Electric_Vehicle_4,7.0,73.5,,
1,Electric_Vehicle_4,6.0,73.5,,
1,Electric_Vehicle_4,5.0,73.5,,
1,Electric_Vehicle_4,4.0,73.5,,
1,Electric_Vehicle_4,3.0,73.5,,
1,Electric_Vehicle_4,2.0,73.5,,
1,Electric_Vehicle_4,1.0,73.5,,
1,Electric_Vehicle_4,0.0,73.5,,
3,,,,,
3,,,,,
3,,,,,
3,,,,,
3,,,,,
3,,,,,
3,,,,,
3,,,,,
3,,,,,
2,Electric_Vehicle_4,,,0.0,43.7
1,Electric_Vehicle_4,82.0,71.7,,
1,Electric_Vehicle_4,81.0,71.7,,
1,Electric_Vehicle_4,80.0,71.7,,
1,Electric_Vehicle_4,79.0,71.7,,
1,Electric_Vehicle_4,78.0,71.7,,
1,Electric_Vehicle_4,77.0,71.7,,
1,Electric_Vehicle_4,76.0,71.7,,
1,Electric_Vehicle_4,75.0,71.7,,
1,Electric_Vehicle_4,74.0,71.7,,
1,Electric_Vehicle_4,73.0,71.7,,
1,Electric_Vehicle_4,72.0,71.7,,
1,Electric_Vehicle_4,71.0,71.7,,
1,Electric_Vehicle_4,70.0,71.7,,
1,Electric_Vehicle_4,69.0,71.7,,
1,Electric_Vehicle_4,68.0,71.7,,
1,Electric_Vehicle_4,67.0,71.7,,
1,Electric_Vehicle_4,66.0,71.7,,
1,Electric_Vehicle_4,65.0,71.7,,
1,Electric_Vehicle_4,64.0,71.7,,
1,Electric_Vehicle_4,63.0,71.7,,
1,Electric_Vehicle_4,62.0,71.7,,
1,Electric_Vehicle_4,61.0,71.7,,
1,Electric_Vehicle_4,60.0,71.7,,
1,Electric_Vehicle_4,59.0,71.7,,
1,Electric_Vehicle_4,58.0,71.7,,
1,Electric_Vehicle_4,57.0,71.7,,
1,Electric_Vehicle_4,56.0,71.7,,
1,Electric_Vehicle_4,55.0,71.7,,
1,Electric_Vehicle_4,54.0,71.7,,
1,Electric_Vehicle_4,53.0,71.7,,
1,Electric_Vehicle_4,52.0,71.7,,
1,Electric_Vehicle_4,51.0,71.7,,
1,Electric_Vehicle_4,50.0,71.7,,
1,Electric_Vehicle_4,49.0,71.7,,
1,Electric_Vehicle_4,48.0,71.7,,
1,Electric_Vehicle_4,47.0,71.7,,
1,Electric_Vehicle_4,46.0,71.7,,
1,Electric_Vehicle_4,45.0,71.7,,
1,Electric_Vehicle_4,44.0,71.7,,
1,Electric_Vehicle_4,43.0,71.7,,
1,Electric_Vehicle_4,42.0,71.7,,
1,Electric_Vehicle_4,41.0,71.7,,
1,Electric_Vehicle_4,40.0,71.7,,
1,Electric_Vehicle_4,39.0,71.7,,
1,Electric_Vehicle_4,38.0,71.7,,
1,Electric_Vehicle_4,37.0,71.7,,
1,Electric_Vehicle_4,36.0,71.7,,
1,Electric_Vehicle_4,35.0,71.7,,
1,Electric_Vehicle_4,34.0,71.7,,
1,Electric_Vehicle_4,33.0,71.7,,
1,Electric_Vehicle_4,32.0,71.7,,
1,Electric_Vehicle_4,31.0,71.7,,
1,Electric_Vehicle_4,30.0,71.7,,
1,Electric_Vehicle_4,29.0,71.7,,
1,Electric_Vehicle_4,28.0,71.7,,
1,Electric_Vehicle_4,27.0,71.7,,
1,Electric_Vehicle_4,26.0,71.7,,
1,Electric_Vehicle_4,25.0,71.7,,
1,Electric_Vehicle_4,24.0,71.7,,
1,Electric_Vehicle_4,23.0,71.7,,
1,Electric_Vehicle_4,22.0,71.7,,
1,Electric_Vehicle_4,21.0,71.7,,
1,Electric_Vehicle_4,20.0,71.7,,
1,Electric_Vehicle_4,19.0,71.7,,
1,Electric_Vehicle_4,18.0,71.7,,
1,Electric_Vehicle_4,17.0,71.7,,
1,Electric_Vehicle_4,16.0,71.7,,
1,Electric_Vehicle_4,15.0,71.7,,
1,Electric_Vehicle_4,14.0,71.7,,
1,Electric_Vehicle_4,13.0,71.7,,
1,Electric_Vehicle_4,12.0,71.7,,
1,Electric_Vehicle_4,11.0,71.7,,
1,Electric_Vehicle_4,10.0,71.7,,
1,Electric_Vehicle_4,9.0,71.7,,
1,Electric_Vehicle_4,8.0,71.7,,
1,Electric_Vehicle_4,7.0,71.7,,
1,Electric_Vehicle_4,6.0,71.7,,
1,Electric_Vehicle_4,5.0,71.7,,
1,Electric_Vehicle_4,4.0,71.7,,
1,Electric_Vehicle_4,3.0,71.7,,
1,Electric_Vehicle_4,2.0,71.7,,
1,Electric_Vehicle_4,1.0,71.7,,
1,Electric_Vehicle_4,0.0,71.7,,
3,,,,,
3,,,,,
3,,,,,
3,,,,,
3,,,,,
3,,,,,
3,,,,,
3,,,,,
3,,,,,
3,,,,,
2,Electric_Vehicle_4,,,0.0,33.3
1,Electric_Vehicle_4,13.0,71.8,,
1,Electric_Vehicle_4,12.0,71.8,,
1,Electric_Vehicle_4,11.0,71.8,,
1,Electric_Vehicle_4,10.0,71.8,,
1,Electric_Vehicle_4,9.0,71.8,,
1,Electric_Vehicle_4,8.0,71.8,,
1,Electric_Vehicle_4,7.0,71.8,,
1,Electric_Vehicle_4,6.0,71.8,,
1,Electric_Vehicle_4,5.0,71.8,,
1,Electric_Vehicle_4,4.0,71.8,,
1,Electric_Vehicle_4,3.0,71.8,,
1,Electric_Vehicle_4,2.0,71.8,,
1,Electric_Vehicle_4,1.0,71.8,,
1,Electric_Vehicle_4,0.0,71.8,,
3,,,,,
3,,,,,
3,,,,,
3,,,,,
3,,,,,
3,,,,,
3,,,,,
3,,,,,
3,,,,,
2,Electric_Vehicle_4,,,0.0,41.2
1,Electric_Vehicle_4,13.0,71.6,,
1,Electric_Vehicle_4,12.0,71.6,,
1,Electric_Vehicle_4,11.0,71.6,,
1,Electric_Vehicle_4,10.0,71.6,,
1,Electric_Vehicle_4,9.0,71.6,,
1,Electric_Vehicle_4,8.0,71.6,,
1,Electric_Vehicle_4,7.0,71.6,,
1,Electric_Vehicle_4,6.0,71.6,,
1,Electric_Vehicle_4,5.0,71.6,,
1,Electric_Vehicle_4,4.0,71.6,,
1,Electric_Vehicle_4,3.0,71.6,,
1,Electric_Vehicle_4,2.0,71.6,,
1,Electric_Vehicle_4,1.0,71.6,,
1,Electric_Vehicle_4,0.0,71.6,,
3,,,,,
3,,,,,
3,,,,,
3,,,,,
3,,,,,
3,,,,,
3,,,,,
3,,,,,
2,Electric_Vehicle_4,,,0.0,28.5
1,Electric_Vehicle_4,15.0,84.3,,
1,Electric_Vehicle_4,14.0,84.3,,
1,Electric_Vehicle_4,13.0,84.3,,
1,Electric_Vehicle_4,12.0,84.3,,
1,Electric_Vehicle_4,11.0,84.3,,
1,Electric_Vehicle_4,10.0,84.3,,
1,Electric_Vehicle_4,9.0,84.3,,
1,Electric_Vehicle_4,8.0,84.3,,
1,Electric_Vehicle_4,7.0,84.3,,
1,Electric_Vehicle_4,6.0,84.3,,
1,Electric_Vehicle_4,5.0,84.3,,
1,Electric_Vehicle_4,4.0,84.3,,
1,Electric_Vehicle_4,3.0,84.3,,
1,Electric_Vehicle_4,2.0,84.3,,
1,Electric_Vehicle_4,1.0,84.3,,
1,Electric_Vehicle_4,0.0,84.3,,
3,,,,,
3,,,,,
3,,,,,
3,,,,,
3,,,,,
3,,,,,
3,,,,,
3,,,,,
3,,,,,
2,Electric_Vehicle_4,,,0.0,24.9
1,Electric_Vehicle_4,17.0,70.5,,
1,Electric_Vehicle_4,16.0,70.5,,
1,Electric_Vehicle_4,15.0,70.5,,
1,Electric_Vehicle_4,14.0,70.5,,
1,Electric_Vehicle_4,13.0,70.5,,
1,Electric_Vehicle_4,12.0,70.5,,
1,Electric_Vehicle_4,11.0,70.5,,
1,Electric_Vehicle_4,10.0,70.5,,
1,Electric_Vehicle_4,9.0,70.5,,
1,Electric_Vehicle_4,8.0,70.5,,
1,Electric_Vehicle_4,7.0,70.5,,
1,Electric_Vehicle_4,6.0,70.5,,
1,Electric_Vehicle_4,5.0,70.5,,
1,Electric_Vehicle_4,4.0,70.5,,
1,Electric_Vehicle_4,3.0,70.5,,
1,Electric_Vehicle_4,2.0,70.5,,
1,Electric_Vehicle_4,1.0,70.5,,
1,Electric_Vehicle_4,0.0,70.5,,
3,,,,,
3,,,,,
2,Electric_Vehicle_4,,,0.0,33.7
1,Electric_Vehicle_4,18.0,80.5,,
1,Electric_Vehicle_4,17.0,80.5,,
1,Electric_Vehicle_4,16.0,80.5,,
1,Electric_Vehicle_4,15.0,80.5,,
1,Electric_Vehicle_4,14.0,80.5,,
1,Electric_Vehicle_4,13.0,80.5,,
1,Electric_Vehicle_4,12.0,80.5,,
1,Electric_Vehicle_4,11.0,80.5,,
1,Electric_Vehicle_4,10.0,80.5,,
1,Electric_Vehicle_4,9.0,80.5,,
1,Electric_Vehicle_4,8.0,80.5,,
1,Electric_Vehicle_4,7.0,80.5,,
1,Electric_Vehicle_4,6.0,80.5,,
1,Electric_Vehicle_4,5.0,80.5,,
1,Electric_Vehicle_4,4.0,80.5,,
1,Electric_Vehicle_4,3.0,80.5,,
1,Electric_Vehicle_4,2.0,80.5,,
1,Electric_Vehicle_4,1.0,80.5,,
1,Electric_Vehicle_4,0.0,80.5,,
3,,,,,
2,Electric_Vehicle_4,,,0.0,50.3
1,Electric_Vehicle_4,18.0,88.2,,
1,Electric_Vehicle_4,17.0,88.2,,
1,Electric_Vehicle_4,16.0,88.2,,
1,Electric_Vehicle_4,15.0,88.2,,
1,Electric_Vehicle_4,14.0,88.2,,
1,Electric_Vehicle_4,13.0,88.2,,
1,Electric_Vehicle_4,12.0,88.2,,
1,Electric_Vehicle_4,11.0,88.2,,
1,Electric_Vehicle_4,10.0,88.2,,
1,Electric_Vehicle_4,9.0,88.2,,
1,Electric_Vehicle_4,8.0,88.2,,
1,Electric_Vehicle_4,7.0,88.2,,
1,Electric_Vehicle_4,6.0,88.2,,
1,Electric_Vehicle_4,5.0,88.2,,
1,Electric_Vehicle_4,4.0,88.2,,
1,Electric_Vehicle_4,3.0,88.2,,
1,Electric_Vehicle_4,2.0,88.2,,
1,Electric_Vehicle_4,1.0,88.2,,
1,Electric_Vehicle_4,0.0,88.2,,
3,,,,,
3,,,,,
3,,,,,
3,,,,,
3,,,,,
3,,,,,
3,,,,,
3,,,,,
3,,,,,
2,Electric_Vehicle_4,,,0.0,31.9
1,Electric_Vehicle_4,14.0,86.4,,
1,Electric_Vehicle_4,13.0,86.4,,
1,Electric_Vehicle_4,12.0,86.4,,
1,Electric_Vehicle_4,11.0,86.4,,
1,Electric_Vehicle_4,10.0,86.4,,
1,Electric_Vehicle_4,9.0,86.4,,
1,Electric_Vehicle_4,8.0,86.4,,
1,Electric_Vehicle_4,7.0,86.4,,
1,Electric_Vehicle_4,6.0,86.4,,
1,Electric_Vehicle_4,5.0,86.4,,
1,Electric_Vehicle_4,4.0,86.4,,
1,Electric_Vehicle_4,3.0,86.4,,
1,Electric_Vehicle_4,2.0,86.4,,
1,Electric_Vehicle_4,1.0,86.4,,
1,Electric_Vehicle_4,0.0,86.4,,
3,,,,,
3,,,,,
3,,,,,
3,,,,,
3,,,,,
3,,,,,
3,,,,,
3,,,,,
2,Electric_Vehicle_4,,,0.0,39.1
1,Electric_Vehicle_4,36.0,74.7,,
1,Electric_Vehicle_4,35.0,74.7,,
1,Electric_Vehicle_4,34.0,74.7,,
1,Electric_Vehicle_4,33.0,74.7,,
1,Electric_Vehicle_4,32.0,74.7,,
1,Electric_Vehicle_4,31.0,74.7,,
1,Electric_Vehicle_4,30.0,74.7,,
1,Electric_Vehicle_4,29.0,74.7,,
1,Electric_Vehicle_4,28.0,74.7,,
1,Electric_Vehicle_4,27.0,74.7,,
1,Electric_Vehicle_4,26.0,74.7,,
1,Electric_Vehicle_4,25.0,74.7,,
1,Electric_Vehicle_4,24.0,74.7,,
1,Electric_Vehicle_4,23.0,74.7,,
1,Electric_Vehicle_4,22.0,74.7,,
1,Electric_Vehicle_4,21.0,74.7,,
1,Electric_Vehicle_4,20.0,74.7,,
1,Electric_Vehicle_4,19.0,74.7,,
1,Electric_Vehicle_4,18.0,74.7,,
1,Electric_Vehicle_4,17.0,74.7,,
1,Electric_Vehicle_4,16.0,74.7,,
1,Electric_Vehicle_4,15.0,74.7,,
1,Electric_Vehicle_4,14.0,74.7,,
1,Electric_Vehicle_4,13.0,74.7,,
1,Electric_Vehicle_4,12.0,74.7,,
1,Electric_Vehicle_4,11.0,74.7,,
1,Electric_Vehicle_4,10.0,74.7,,
1,Electric_Vehicle_4,9.0,74.7,,
1,Electric_Vehicle_4,8.0,74.7,,
1,Electric_Vehicle_4,7.0,74.7,,
1,Electric_Vehicle_4,6.0,74.7,,
1,Electric_Vehicle_4,5.0,74.7,,
1,Electric_Vehicle_4,4.0,74.7,,
1,Electric_Vehicle_4,3.0,74.7,,
1,Electric_Vehicle_4,2.0,74.7,,
1,Electric_Vehicle_4,1.0,74.7,,
1,Electric_Vehicle_4,0.0,74.7,,
3,,,,,
3,,,,,
3,,,,,
3,,,,,
3,,,,,
3,,,,,
3,,,,,
3,,,,,
3,,,,,
2,Electric_Vehicle_4,,,0.0,51.0
1,Electric_Vehicle_4,14.0,87.5,,
1,Electric_Vehicle_4,13.0,87.5,,
1,Electric_Vehicle_4,12.0,87.5,,
1,Electric_Vehicle_4,11.0,87.5,,
1,Electric_Vehicle_4,10.0,87.5,,
1,Electric_Vehicle_4,9.0,87.5,,
1,Electric_Vehicle_4,8.0,87.5,,
1,Electric_Vehicle_4,7.0,87.5,,
1,Electric_Vehicle_4,6.0,87.5,,
1,Electric_Vehicle_4,5.0,87.5,,
1,Electric_Vehicle_4,4.0,87.5,,
1,Electric_Vehicle_4,3.0,87.5,,
1,Electric_Vehicle_4,2.0,87.5,,
1,Electric_Vehicle_4,1.0,87.5,,
1,Electric_Vehicle_4,0.0,87.5,,
3,,,,,
3,,,,,
3,,,,,
3,,,,,
3,,,,,
3,,,,,
3,,,,,
3,,,,,
2,Electric_Vehicle_4,,,0.0,36.4
1,Electric_Vehicle_4,17.0,85.1,,
1,Electric_Vehicle_4,16.0,85.1,,
1,Electric_Vehicle_4,15.0,85.1,,
1,Electric_Vehicle_4,14.0,85.1,,
1,Electric_Vehicle_4,13.0,85.1,,
1,Electric_Vehicle_4,12.0,85.1,,
1,Electric_Vehicle_4,11.0,85.1,,
1,Electric_Vehicle_4,10.0,85.1,,
1,Electric_Vehicle_4,9.0,85.1,,
1,Electric_Vehicle_4,8.0,85.1,,
1,Electric_Vehicle_4,7.0,85.1,,
1,Electric_Vehicle_4,6.0,85.1,,
1,Electric_Vehicle_4,5.0,85.1,,
1,Electric_Vehicle_4,4.0,85.1,,
1,Electric_Vehicle_4,3.0,85.1,,
1,Electric_Vehicle_4,2.0,85.1,,
1,Electric_Vehicle_4,1.0,85.1,,
1,Electric_Vehicle_4,0.0,85.1,,
3,,,,,
3,,,,,
3,,,,,
3,,,,,
2,Electric_Vehicle_4,,,0.0,43.6
1,Electric_Vehicle_4,39.0,87.0,,
1,Electric_Vehicle_4,38.0,87.0,,
1,Electric_Vehicle_4,37.0,87.0,,
1,Electric_Vehicle_4,36.0,87.0,,
1,Electric_Vehicle_4,35.0,87.0,,
1,Electric_Vehicle_4,34.0,87.0,,
1,Electric_Vehicle_4,33.0,87.0,,
1,Electric_Vehicle_4,32.0,87.0,,
1,Electric_Vehicle_4,31.0,87.0,,
1,Electric_Vehicle_4,30.0,87.0,,
1,Electric_Vehicle_4,29.0,87.0,,
1,Electric_Vehicle_4,28.0,87.0,,
1,Electric_Vehicle_4,27.0,87.0,,
1,Electric_Vehicle_4,26.0,87.0,,
1,Electric_Vehicle_4,25.0,87.0,,
1,Electric_Vehicle_4,24.0,87.0,,
1,Electric_Vehicle_4,23.0,87.0,,
1,Electric_Vehicle_4,22.0,87.0,,
1,Electric_Vehicle_4,21.0,87.0,,
1,Electric_Vehicle_4,20.0,87.0,,
1,Electric_Vehicle_4,19.0,87.0,,
1,Electric_Vehicle_4,18.0,87.0,,
1,Electric_Vehicle_4,17.0,87.0,,
1,Electric_Vehicle_4,16.0,87.0,,
1,Electric_Vehicle_4,15.0,87.0,,
1,Electric_Vehicle_4,14.0,87.0,,
1,Electric_Vehicle_4,13.0,87.0,,
1,Electric_Vehicle_4,12.0,87.0,,
1,Electric_Vehicle_4,11.0,87.0,,
1,Electric_Vehicle_4,10.0,87.0,,
1,Electric_Vehicle_4,9.0,87.0,,
1,Electric_Vehicle_4,8.0,87.0,,
1,Electric_Vehicle_4,7.0,87.0,,
1,Electric_Vehicle_4,6.0,87.0,,
1,Electric_Vehicle_4,5.0,87.0,,
1,Electric_Vehicle_4,4.0,87.0,,
1,Electric_Vehicle_4,3.0,87.0,,
1,Electric_Vehicle_4,2.0,87.0,,
1,Electric_Vehicle_4,1.0,87.0,,
1,Electric_Vehicle_4,0.0,87.0,,
3,,,,,
3,,,,,
3,,,,,
3,,,,,
3,,,,,
3,,,,,
3,,,,,
3,,,,,
2,Electric_Vehicle_4,,,0.0,33.3
1,Electric_Vehicle_4,15.0,86.8,,
1,Electric_Vehicle_4,14.0,86.8,,
1,Electric_Vehicle_4,13.0,86.8,,
1,Electric_Vehicle_4,12.0,86.8,,
1,Electric_Vehicle_4,11.0,86.8,,
1,Electric_Vehicle_4,10.0,86.8,,
1,Electric_Vehicle_4,9.0,86.8,,
1,Electric_Vehicle_4,8.0,86.8,,
1,Electric_Vehicle_4,7.0,86.8,,
1,Electric_Vehicle_4,6.0,86.8,,
1,Electric_Vehicle_4,5.0,86.8,,
1,Electric_Vehicle_4,4.0,86.8,,
1,Electric_Vehicle_4,3.0,86.8,,
1,Electric_Vehicle_4,2.0,86.8,,
1,Electric_Vehicle_4,1.0,86.8,,
1,Electric_Vehicle_4,0.0,86.8,,
3,,,,,
3,,,,,
3,,,,,
3,,,,,
3,,,,,
3,,,,,
3,,,,,
3,,,,,
3,,,,,
3,,,,,
2,Electric_Vehicle_4,,,0.0,24.0
1,Electric_Vehicle_4,35.0,81.9,,
1,Electric_Vehicle_4,34.0,81.9,,
1,Electric_Vehicle_4,33.0,81.9,,
1,Electric_Vehicle_4,32.0,81.9,,
1,Electric_Vehicle_4,31.0,81.9,,
1,Electric_Vehicle_4,30.0,81.9,,
1,Electric_Vehicle_4,29.0,81.9,,
1,Electric_Vehicle_4,28.0,81.9,,
1,Electric_Vehicle_4,27.0,81.9,,
1,Electric_Vehicle_4,26.0,81.9,,
1,Electric_Vehicle_4,25.0,81.9,,
1,Electric_Vehicle_4,24.0,81.9,,
1,Electric_Vehicle_4,23.0,81.9,,
1,Electric_Vehicle_4,22.0,81.9,,
1,Electric_Vehicle_4,21.0,81.9,,
1,Electric_Vehicle_4,20.0,81.9,,
1,Electric_Vehicle_4,19.0,81.9,,
1,Electric_Vehicle_4,18.0,81.9,,
1,Electric_Vehicle_4,17.0,81.9,,
1,Electric_Vehicle_4,16.0,81.9,,
1,Electric_Vehicle_4,15.0,81.9,,
1,Electric_Vehicle_4,14.0,81.9,,
1,Electric_Vehicle_4,13.0,81.9,,
1,Electric_Vehicle_4,12.0,81.9,,
1,Electric_Vehicle_4,11.0,81.9,,
1,Electric_Vehicle_4,10.0,81.9,,
1,Electric_Vehicle_4,9.0,81.9,,
1,Electric_Vehicle_4,8.0,81.9,,
1,Electric_Vehicle_4,7.0,81.9,,
1,Electric_Vehicle_4,6.0,81.9,,
1,Electric_Vehicle_4,5.0,81.9,,
1,Electric_Vehicle_4,4.0,81.9,,
1,Electric_Vehicle_4,3.0,81.9,,
1,Electric_Vehicle_4,2.0,81.9,,
1,Electric_Vehicle_4,1.0,81.9,,
1,Electric_Vehicle_4,0.0,81.9,,
3,,,,,
3,,,,,
3,,,,,
3,,,,,
3,,,,,
3,,,,,
3,,,,,
3,,,,,
3,,,,,
2,Electric_Vehicle_4,,,0.0,48.2
1,Electric_Vehicle_4,13.0,72.7,,
1,Electric_Vehicle_4,12.0,72.7,,
1,Electric_Vehicle_4,11.0,72.7,,
1,Electric_Vehicle_4,10.0,72.7,,
1,Electric_Vehicle_4,9.0,72.7,,
1,Electric_Vehicle_4,8.0,72.7,,
1,Electric_Vehicle_4,7.0,72.7,,
1,Electric_Vehicle_4,6.0,72.7,,
1,Electric_Vehicle_4,5.0,72.7,,
1,Electric_Vehicle_4,4.0,72.7,,
1,Electric_Vehicle_4,3.0,72.7,,
1,Electric_Vehicle_4,2.0,72.7,,
1,Electric_Vehicle_4,1.0,72.7,,
1,Electric_Vehicle_4,0.0,72.7,,
3,,,,,
3,,,,,
3,,,,,
3,,,,,
3,,,,,
3,,,,,
3,,,,,
3,,,,,
3,,,,,
3,,,,,
3,,,,,
2,Electric_Vehicle_4,,,0.0,41.6
1,Electric_Vehicle_4,11.0,74.8,,
1,Electric_Vehicle_4,10.0,74.8,,
1,Electric_Vehicle_4,9.0,74.8,,
1,Electric_Vehicle_4,8.0,74.8,,
1,Electric_Vehicle_4,7.0,74.8,,
1,Electric_Vehicle_4,6.0,74.8,,
1,Electric_Vehicle_4,5.0,74.8,,
1,Electric_Vehicle_4,4.0,74.8,,
1,Electric_Vehicle_4,3.0,74.8,,
1,Electric_Vehicle_4,2.0,74.8,,
1,Electric_Vehicle_4,1.0,74.8,,
1,Electric_Vehicle_4,0.0,74.8,,
3,,,,,
3,,,,,
3,,,,,
3,,,,,
3,,,,,
3,,,,,
3,,,,,
3,,,,,
2,Electric_Vehicle_4,,,0.0,43.0
1,Electric_Vehicle_4,39.0,83.5,,
1,Electric_Vehicle_4,38.0,83.5,,
1,Electric_Vehicle_4,37.0,83.5,,
1,Electric_Vehicle_4,36.0,83.5,,
1,Electric_Vehicle_4,35.0,83.5,,
1,Electric_Vehicle_4,34.0,83.5,,
1,Electric_Vehicle_4,33.0,83.5,,
1,Electric_Vehicle_4,32.0,83.5,,
1,Electric_Vehicle_4,31.0,83.5,,
1,Electric_Vehicle_4,30.0,83.5,,
1,Electric_Vehicle_4,29.0,83.5,,
1,Electric_Vehicle_4,28.0,83.5,,
1,Electric_Vehicle_4,27.0,83.5,,
1,Electric_Vehicle_4,26.0,83.5,,
1,Electric_Vehicle_4,25.0,83.5,,
1,Electric_Vehicle_4,24.0,83.5,,
1,Electric_Vehicle_4,23.0,83.5,,
1,Electric_Vehicle_4,22.0,83.5,,
1,Electric_Vehicle_4,21.0,83.5,,
1,Electric_Vehicle_4,20.0,83.5,,
1,Electric_Vehicle_4,19.0,83.5,,
1,Electric_Vehicle_4,18.0,83.5,,
1,Electric_Vehicle_4,17.0,83.5,,
1,Electric_Vehicle_4,16.0,83.5,,
1,Electric_Vehicle_4,15.0,83.5,,
1,Electric_Vehicle_4,14.0,83.5,,
1,Electric_Vehicle_4,13.0,83.5,,
1,Electric_Vehicle_4,12.0,83.5,,
1,Electric_Vehicle_4,11.0,83.5,,
1,Electric_Vehicle_4,10.0,83.5,,
1,Electric_Vehicle_4,9.0,83.5,,
1,Electric_Vehicle_4,8.0,83.5,,
1,Electric_Vehicle_4,7.0,83.5,,
1,Electric_Vehicle_4,6.0,83.5,,
1,Electric_Vehicle_4,5.0,83.5,,
1,Electric_Vehicle_4,4.0,83.5,,
1,Electric_Vehicle_4,3.0,83.5,,
1,Electric_Vehicle_4,2.0,83.5,,
1,Electric_Vehicle_4,1.0,83.5,,
1,Electric_Vehicle_4,0.0,83.5,,
3,,,,,
3,,,,,
3,,,,,
3,,,,,
3,,,,,
3,,,,,
3,,,,,
3,,,,,
2,Electric_Vehicle_4,,,0.0,34.1
1,Electric_Vehicle_4,14.0,89.5,,
1,Electric_Vehicle_4,13.0,89.5,,
1,Electric_Vehicle_4,12.0,89.5,,
1,Electric_Vehicle_4,11.0,89.5,,
1,Electric_Vehicle_4,10.0,89.5,,
1,Electric_Vehicle_4,9.0,89.5,,
1,Electric_Vehicle_4,8.0,89.5,,
1,Electric_Vehicle_4,7.0,89.5,,
1,Electric_Vehicle_4,6.0,89.5,,
1,Electric_Vehicle_4,5.0,89.5,,
1,Electric_Vehicle_4,4.0,89.5,,
1,Electric_Vehicle_4,3.0,89.5,,
1,Electric_Vehicle_4,2.0,89.5,,
1,Electric_Vehicle_4,1.0,89.5,,
1,Electric_Vehicle_4,0.0,89.5,,
3,,,,,
3,,,,,
3,,,,,
3,,,,,
3,,,,,
3,,,,,
3,,,,,
3,,,,,
2,Electric_Vehicle_4,,,0.0,48.6
1,Electric_Vehicle_4,14.0,72.3,,
1,Electric_Vehicle_4,13.0,72.3,,
1,Electric_Vehicle_4,12.0,72.3,,
1,Electric_Vehicle_4,11.0,72.3,,
1,Electric_Vehicle_4,10.0,72.3,,
1,Electric_Vehicle_4,9.0,72.3,,
1,Electric_Vehicle_4,8.0,72.3,,
1,Electric_Vehicle_4,7.0,72.3,,
1,Electric_Vehicle_4,6.0,72.3,,
1,Electric_Vehicle_4,5.0,72.3,,
1,Electric_Vehicle_4,4.0,72.3,,
1,Electric_Vehicle_4,3.0,72.3,,
1,Electric_Vehicle_4,2.0,72.3,,
1,Electric_Vehicle_4,1.0,72.3,,
1,Electric_Vehicle_4,0.0,72.3,,
3,,,,,
3,,,,,
3,,,,,
3,,,,,
3,,,,,
3,,,,,
3,,,,,
3,,,,,
3,,,,,
2,Electric_Vehicle_4,,,0.0,48.2
1,Electric_Vehicle_4,64.0,85.7,,
1,Electric_Vehicle_4,63.0,85.7,,
1,Electric_Vehicle_4,62.0,85.7,,
1,Electric_Vehicle_4,61.0,85.7,,
1,Electric_Vehicle_4,60.0,85.7,,
1,Electric_Vehicle_4,59.0,85.7,,
1,Electric_Vehicle_4,58.0,85.7,,
1,Electric_Vehicle_4,57.0,85.7,,
1,Electric_Vehicle_4,56.0,85.7,,
1,Electric_Vehicle_4,55.0,85.7,,
1,Electric_Vehicle_4,54.0,85.7,,
1,Electric_Vehicle_4,53.0,85.7,,
1,Electric_Vehicle_4,52.0,85.7,,
1,Electric_Vehicle_4,51.0,85.7,,
1,Electric_Vehicle_4,50.0,85.7,,
1,Electric_Vehicle_4,49.0,85.7,,
1,Electric_Vehicle_4,48.0,85.7,,
1,Electric_Vehicle_4,47.0,85.7,,
1,Electric_Vehicle_4,46.0,85.7,,
1,Electric_Vehicle_4,45.0,85.7,,
1,Electric_Vehicle_4,44.0,85.7,,
1,Electric_Vehicle_4,43.0,85.7,,
1,Electric_Vehicle_4,42.0,85.7,,
1,Electric_Vehicle_4,41.0,85.7,,
1,Electric_Vehicle_4,40.0,85.7,,
1,Electric_Vehicle_4,39.0,85.7,,
1,Electric_Vehicle_4,38.0,85.7,,
1,Electric_Vehicle_4,37.0,85.7,,
1,Electric_Vehicle_4,36.0,85.7,,
1,Electric_Vehicle_4,35.0,85.7,,
1,Electric_Vehicle_4,34.0,85.7,,
1,Electric_Vehicle_4,33.0,85.7,,
1,Electric_Vehicle_4,32.0,85.7,,
1,Electric_Vehicle_4,31.0,85.7,,
1,Electric_Vehicle_4,30.0,85.7,,
1,Electric_Vehicle_4,29.0,85.7,,
1,Electric_Vehicle_4,28.0,85.7,,
1,Electric_Vehicle_4,27.0,85.7,,
1,Electric_Vehicle_4,26.0,85.7,,
1,Electric_Vehicle_4,25.0,85.7,,
1,Electric_Vehicle_4,24.0,85.7,,
1,Electric_Vehicle_4,23.0,85.7,,
1,Electric_Vehicle_4,22.0,85.7,,
1,Electric_Vehicle_4,21.0,85.7,,
1,Electric_Vehicle_4,20.0,85.7,,
1,Electric_Vehicle_4,19.0,85.7,,
1,Electric_Vehicle_4,18.0,85.7,,
1,Electric_Vehicle_4,17.0,85.7,,
1,Electric_Vehicle_4,16.0,85.7,,
1,Electric_Vehicle_4,15.0,85.7,,
1,Electric_Vehicle_4,14.0,85.7,,
1,Electric_Vehicle_4,13.0,85.7,,
1,Electric_Vehicle_4,12.0,85.7,,
1,Electric_Vehicle_4,11.0,85.7,,
1,Electric_Vehicle_4,10.0,85.7,,
1,Electric_Vehicle_4,9.0,85.7,,
1,Electric_Vehicle_4,8.0,85.7,,
1,Electric_Vehicle_4,7.0,85.7,,
1,Electric_Vehicle_4,6.0,85.7,,
1,Electric_Vehicle_4,5.0,85.7,,
1,Electric_Vehicle_4,4.0,85.7,,
1,Electric_Vehicle_4,3.0,85.7,,
1,Electric_Vehicle_4,2.0,85.7,,
1,Electric_Vehicle_4,1.0,85.7,,
1,Electric_Vehicle_4,0.0,85.7,,
3,,,,,
3,,,,,
3,,,,,
3,,,,,
2,Electric_Vehicle_4,,,0.0,55.6
1,Electric_Vehicle_4,16.0,83.1,,
1,Electric_Vehicle_4,15.0,83.1,,
1,Electric_Vehicle_4,14.0,83.1,,
1,Electric_Vehicle_4,13.0,83.1,,
1,Electric_Vehicle_4,12.0,83.1,,
1,Electric_Vehicle_4,11.0,83.1,,
1,Electric_Vehicle_4,10.0,83.1,,
1,Electric_Vehicle_4,9.0,83.1,,
1,Electric_Vehicle_4,8.0,83.1,,
1,Electric_Vehicle_4,7.0,83.1,,
1,Electric_Vehicle_4,6.0,83.1,,
1,Electric_Vehicle_4,5.0,83.1,,
1,Electric_Vehicle_4,4.0,83.1,,
1,Electric_Vehicle_4,3.0,83.1,,
1,Electric_Vehicle_4,2.0,83.1,,
1,Electric_Vehicle_4,1.0,83.1,,
1,Electric_Vehicle_4,0.0,83.1,,
3,,,,,
3,,,,,
3,,,,,
3,,,,,
3,,,,,
3,,,,,
2,Electric_Vehicle_4,,,0.0,32.7
1,Electric_Vehicle_4,15.0,76.3,,
1,Electric_Vehicle_4,14.0,76.3,,
1,Electric_Vehicle_4,13.0,76.3,,
1,Electric_Vehicle_4,12.0,76.3,,
1,Electric_Vehicle_4,11.0,76.3,,
1,Electric_Vehicle_4,10.0,76.3,,
1,Electric_Vehicle_4,9.0,76.3,,
1,Electric_Vehicle_4,8.0,76.3,,
1,Electric_Vehicle_4,7.0,76.3,,
1,Electric_Vehicle_4,6.0,76.3,,
1,Electric_Vehicle_4,5.0,76.3,,
1,Electric_Vehicle_4,4.0,76.3,,
1,Electric_Vehicle_4,3.0,76.3,,
1,Electric_Vehicle_4,2.0,76.3,,
1,Electric_Vehicle_4,1.0,76.3,,
1,Electric_Vehicle_4,0.0,76.3,,
3,,,,,
3,,,,,
3,,,,,
3,,,,,
3,,,,,
3,,,,,
3,,,,,
3,,,,,
2,Electric_Vehicle_4,,,0.0,28.0
1,Electric_Vehicle_4,14.0,82.5,,
1,Electric_Vehicle_4,13.0,82.5,,
1,Electric_Vehicle_4,12.0,82.5,,
1,Electric_Vehicle_4,11.0,82.5,,
1,Electric_Vehicle_4,10.0,82.5,,
1,Electric_Vehicle_4,9.0,82.5,,
1,Electric_Vehicle_4,8.0,82.5,,
1,Electric_Vehicle_4,7.0,82.5,,
1,Electric_Vehicle_4,6.0,82.5,,
1,Electric_Vehicle_4,5.0,82.5,,
1,Electric_Vehicle_4,4.0,82.5,,
1,Electric_Vehicle_4,3.0,82.5,,
1,Electric_Vehicle_4,2.0,82.5,,
1,Electric_Vehicle_4,1.0,82.5,,
1,Electric_Vehicle_4,0.0,82.5,,
3,,,,,
3,,,,,
3,,,,,
3,,,,,
3,,,,,
3,,,,,
3,,,,,
3,,,,,
3,,,,,
3,,,,,
2,Electric_Vehicle_4,,,0.0,50.1
1,Electric_Vehicle_4,12.0,77.9,,
1,Electric_Vehicle_4,11.0,77.9,,
1,Electric_Vehicle_4,10.0,77.9,,
1,Electric_Vehicle_4,9.0,77.9,,
1,Electric_Vehicle_4,8.0,77.9,,
1,Electric_Vehicle_4,7.0,77.9,,
1,Electric_Vehicle_4,6.0,77.9,,
1,Electric_Vehicle_4,5.0,77.9,,
1,Electric_Vehicle_4,4.0,77.9,,
1,Electric_Vehicle_4,3.0,77.9,,
1,Electric_Vehicle_4,2.0,77.9,,
1,Electric_Vehicle_4,1.0,77.9,,
1,Electric_Vehicle_4,0.0,77.9,,
3,,,,,
3,,,,,
3,,,,,
3,,,,,
3,,,,,
3,,,,,
3,,,,,
3,,,,,
3,,,,,
2,Electric_Vehicle_4,,,0.0,48.3
1,Electric_Vehicle_4,12.0,76.1,,
1,Electric_Vehicle_4,11.0,76.1,,
1,Electric_Vehicle_4,10.0,76.1,,
1,Electric_Vehicle_4,9.0,76.1,,
1,Electric_Vehicle_4,8.0,76.1,,
1,Electric_Vehicle_4,7.0,76.1,,
1,Electric_Vehicle_4,6.0,76.1,,
1,Electric_Vehicle_4,5.0,76.1,,
1,Electric_Vehicle_4,4.0,76.1,,
1,Electric_Vehicle_4,3.0,76.1,,
1,Electric_Vehicle_4,2.0,76.1,,
1,Electric_Vehicle_4,1.0,76.1,,
1,Electric_Vehicle_4,0.0,76.1,,
3,,,,,
3,,,,,
3,,,,,
3,,,,,
3,,,,,
3,,,,,
3,,,,,
3,,,,,
3,,,,,
3,,,,,
2,Electric_Vehicle_4,,,0.0,26.7
1,Electric_Vehicle_4,12.0,77.8,,
1,Electric_Vehicle_4,11.0,77.8,,
1,Electric_Vehicle_4,10.0,77.8,,
1,Electric_Vehicle_4,9.0,77.8,,
1,Electric_Vehicle_4,8.0,77.8,,
1,Electric_Vehicle_4,7.0,77.8,,
1,Electric_Vehicle_4,6.0,77.8,,
1,Electric_Vehicle_4,5.0,77.8,,
1,Electric_Vehicle_4,4.0,77.8,,
1,Electric_Vehicle_4,3.0,77.8,,
1,Electric_Vehicle_4,2.0,77.8,,
1,Electric_Vehicle_4,1.0,77.8,,
1,Electric_Vehicle_4,0.0,77.8,,
3,,,,,
3,,,,,
3,,,,,
3,,,,,
3,,,,,
3,,,,,
3,,,,,
3,,,,,
3,,,,,
2,Electric_Vehicle_4,,,0.0,50.1
1,Electric_Vehicle_4,15.0,77.2,,
1,Electric_Vehicle_4,14.0,77.2,,
1,Electric_Vehicle_4,13.0,77.2,,
1,Electric_Vehicle_4,12.0,77.2,,
1,Electric_Vehicle_4,11.0,77.2,,
1,Electric_Vehicle_4,10.0,77.2,,
1,Electric_Vehicle_4,9.0,77.2,,
1,Electric_Vehicle_4,8.0,77.2,,
1,Electric_Vehicle_4,7.0,77.2,,
1,Electric_Vehicle_4,6.0,77.2,,
1,Electric_Vehicle_4,5.0,77.2,,
1,Electric_Vehicle_4,4.0,77.2,,
1,Electric_Vehicle_4,3.0,77.2,,
1,Electric_Vehicle_4,2.0,77.2,,
1,Electric_Vehicle_4,1.0,77.2,,
1,Electric_Vehicle_4,0.0,77.2,,
3,,,,,
3,,,,,
3,,,,,
3,,,,,
3,,,,,
2,Electric_Vehicle_4,,,0.0,48.7
1,Electric_Vehicle_4,19.0,87.3,,
1,Electric_Vehicle_4,18.0,87.3,,
1,Electric_Vehicle_4,17.0,87.3,,
1,Electric_Vehicle_4,16.0,87.3,,
1,Electric_Vehicle_4,15.0,87.3,,
1,Electric_Vehicle_4,14.0,87.3,,
1,Electric_Vehicle_4,13.0,87.3,,
1,Electric_Vehicle_4,12.0,87.3,,
1,Electric_Vehicle_4,11.0,87.3,,
1,Electric_Vehicle_4,10.0,87.3,,
1,Electric_Vehicle_4,9.0,87.3,,
1,Electric_Vehicle_4,8.0,87.3,,
1,Electric_Vehicle_4,7.0,87.3,,
1,Electric_Vehicle_4,6.0,87.3,,
1,Electric_Vehicle_4,5.0,87.3,,
1,Electric_Vehicle_4,4.0,87.3,,
1,Electric_Vehicle_4,3.0,87.3,,
1,Electric_Vehicle_4,2.0,87.3,,
1,Electric_Vehicle_4,1.0,87.3,,
1,Electric_Vehicle_4,0.0,87.3,,
3,,,,,
2,Electric_Vehicle_4,,,0.0,33.1
1,Electric_Vehicle_4,17.0,78.2,,
1,Electric_Vehicle_4,16.0,78.2,,
1,Electric_Vehicle_4,15.0,78.2,,
1,Electric_Vehicle_4,14.0,78.2,,
1,Electric_Vehicle_4,13.0,78.2,,
1,Electric_Vehicle_4,12.0,78.2,,
1,Electric_Vehicle_4,11.0,78.2,,
1,Electric_Vehicle_4,10.0,78.2,,
1,Electric_Vehicle_4,9.0,78.2,,
1,Electric_Vehicle_4,8.0,78.2,,
1,Electric_Vehicle_4,7.0,78.2,,
1,Electric_Vehicle_4,6.0,78.2,,
1,Electric_Vehicle_4,5.0,78.2,,
1,Electric_Vehicle_4,4.0,78.2,,
1,Electric_Vehicle_4,3.0,78.2,,
1,Electric_Vehicle_4,2.0,78.2,,
1,Electric_Vehicle_4,1.0,78.2,,
1,Electric_Vehicle_4,0.0,78.2,,
3,,,,,
3,,,,,
3,,,,,
3,,,,,
3,,,,,
3,,,,,
3,,,,,
3,,,,,
2,Electric_Vehicle_4,,,0.0,42.3
1,Electric_Vehicle_4,14.0,71.8,,
1,Electric_Vehicle_4,13.0,71.8,,
1,Electric_Vehicle_4,12.0,71.8,,
1,Electric_Vehicle_4,11.0,71.8,,
1,Electric_Vehicle_4,10.0,71.8,,
1,Electric_Vehicle_4,9.0,71.8,,
1,Electric_Vehicle_4,8.0,71.8,,
1,Electric_Vehicle_4,7.0,71.8,,
1,Electric_Vehicle_4,6.0,71.8,,
1,Electric_Vehicle_4,5.0,71.8,,
1,Electric_Vehicle_4,4.0,71.8,,
1,Electric_Vehicle_4,3.0,71.8,,
1,Electric_Vehicle_4,2.0,71.8,,
1,Electric_Vehicle_4,1.0,71.8,,
1,Electric_Vehicle_4,0.0,71.8,,
3,,,,,
3,,,,,
3,,,,,
3,,,,,
3,,,,,
3,,,,,
3,,,,,
3,,,,,
3,,,,,
3,,,,,
2,Electric_Vehicle_4,,,0.0,40.1
1,Electric_Vehicle_4,13.0,71.7,,
1,Electric_Vehicle_4,12.0,71.7,,
1,Electric_Vehicle_4,11.0,71.7,,
1,Electric_Vehicle_4,10.0,71.7,,
1,Electric_Vehicle_4,9.0,71.7,,
1,Electric_Vehicle_4,8.0,71.7,,
1,Electric_Vehicle_4,7.0,71.7,,
1,Electric_Vehicle_4,6.0,71.7,,
1,Electric_Vehicle_4,5.0,71.7,,
1,Electric_Vehicle_4,4.0,71.7,,
1,Electric_Vehicle_4,3.0,71.7,,
1,Electric_Vehicle_4,2.0,71.7,,
1,Electric_Vehicle_4,1.0,71.7,,
1,Electric_Vehicle_4,0.0,71.7,,
3,,,,,
3,,,,,
3,,,,,
3,,,,,
3,,,,,
3,,,,,
3,,,,,
3,,,,,
3,,,,,
3,,,,,
3,,,,,
2,Electric_Vehicle_4,,,0.0,30.8
1,Electric_Vehicle_4,11.0,75.5,,
1,Electric_Vehicle_4,10.0,75.5,,
1,Electric_Vehicle_4,9.0,75.5,,
1,Electric_Vehicle_4,8.0,75.5,,
1,Electric_Vehicle_4,7.0,75.5,,
1,Electric_Vehicle_4,6.0,75.5,,
1,Electric_Vehicle_4,5.0,75.5,,
1,Electric_Vehicle_4,4.0,75.5,,
1,Electric_Vehicle_4,3.0,75.5,,
1,Electric_Vehicle_4,2.0,75.5,,
1,Electric_Vehicle_4,1.0,75.5,,
1,Electric_Vehicle_4,0.0,75.5,,
3,,,,,
3,,,,,
3,,,,,
3,,,,,
3,,,,,
3,,,,,
3,,,,,
3,,,,,
3,,,,,
3,,,,,
3,,,,,
2,Electric_Vehicle_4,,,0.0,40.6
1,Electric_Vehicle_4,84.0,76.5,,
1,Electric_Vehicle_4,83.0,76.5,,
1,Electric_Vehicle_4,82.0,76.5,,
1,Electric_Vehicle_4,81.0,76.5,,
1,Electric_Vehicle_4,80.0,76.5,,
1,Electric_Vehicle_4,79.0,76.5,,
1,Electric_Vehicle_4,78.0,76.5,,
1,Electric_Vehicle_4,77.0,76.5,,
1,Electric_Vehicle_4,76.0,76.5,,
1,Electric_Vehicle_4,75.0,76.5,,
1,Electric_Vehicle_4,74.0,76.5,,
1,Electric_Vehicle_4,73.0,76.5,,
1,Electric_Vehicle_4,72.0,76.5,,
1,Electric_Vehicle_4,71.0,76.5,,
1,Electric_Vehicle_4,70.0,76.5,,
1,Electric_Vehicle_4,69.0,76.5,,
1,Electric_Vehicle_4,68.0,76.5,,
1,Electric_Vehicle_4,67.0,76.5,,
1,Electric_Vehicle_4,66.0,76.5,,
1,Electric_Vehicle_4,65.0,76.5,,
1,Electric_Vehicle_4,64.0,76.5,,
1,Electric_Vehicle_4,63.0,76.5,,
1,Electric_Vehicle_4,62.0,76.5,,
1,Electric_Vehicle_4,61.0,76.5,,
1,Electric_Vehicle_4,60.0,76.5,,
1,Electric_Vehicle_4,59.0,76.5,,
1,Electric_Vehicle_4,58.0,76.5,,
1,Electric_Vehicle_4,57.0,76.5,,
1,Electric_Vehicle_4,56.0,76.5,,
1,Electric_Vehicle_4,55.0,76.5,,
1,Electric_Vehicle_4,54.0,76.5,,
1,Electric_Vehicle_4,53.0,76.5,,
1,Electric_Vehicle_4,52.0,76.5,,
1,Electric_Vehicle_4,51.0,76.5,,
1,Electric_Vehicle_4,50.0,76.5,,
1,Electric_Vehicle_4,49.0,76.5,,
1,Electric_Vehicle_4,48.0,76.5,,
1,Electric_Vehicle_4,47.0,76.5,,
1,Electric_Vehicle_4,46.0,76.5,,
1,Electric_Vehicle_4,45.0,76.5,,
1,Electric_Vehicle_4,44.0,76.5,,
1,Electric_Vehicle_4,43.0,76.5,,
1,Electric_Vehicle_4,42.0,76.5,,
1,Electric_Vehicle_4,41.0,76.5,,
1,Electric_Vehicle_4,40.0,76.5,,
1,Electric_Vehicle_4,39.0,76.5,,
1,Electric_Vehicle_4,38.0,76.5,,
1,Electric_Vehicle_4,37.0,76.5,,
1,Electric_Vehicle_4,36.0,76.5,,
1,Electric_Vehicle_4,35.0,76.5,,
1,Electric_Vehicle_4,34.0,76.5,,
1,Electric_Vehicle_4,33.0,76.5,,
1,Electric_Vehicle_4,32.0,76.5,,
1,Electric_Vehicle_4,31.0,76.5,,
1,Electric_Vehicle_4,30.0,76.5,,
1,Electric_Vehicle_4,29.0,76.5,,
1,Electric_Vehicle_4,28.0,76.5,,
1,Electric_Vehicle_4,27.0,76.5,,
1,Electric_Vehicle_4,26.0,76.5,,
1,Electric_Vehicle_4,25.0,76.5,,
1,Electric_Vehicle_4,24.0,76.5,,
1,Electric_Vehicle_4,23.0,76.5,,
1,Electric_Vehicle_4,22.0,76.5,,
1,Electric_Vehicle_4,21.0,76.5,,
1,Electric_Vehicle_4,20.0,76.5,,
1,Electric_Vehicle_4,19.0,76.5,,
1,Electric_Vehicle_4,18.0,76.5,,
1,Electric_Vehicle_4,17.0,76.5,,
1,Electric_Vehicle_4,16.0,76.5,,
1,Electric_Vehicle_4,15.0,76.5,,
1,Electric_Vehicle_4,14.0,76.5,,
1,Electric_Vehicle_4,13.0,76.5,,
1,Electric_Vehicle_4,12.0,76.5,,
1,Electric_Vehicle_4,11.0,76.5,,
1,Electric_Vehicle_4,10.0,76.5,,
1,Electric_Vehicle_4,9.0,76.5,,
1,Electric_Vehicle_4,8.0,76.5,,
1,Electric_Vehicle_4,7.0,76.5,,
1,Electric_Vehicle_4,6.0,76.5,,
1,Electric_Vehicle_4,5.0,76.5,,
1,Electric_Vehicle_4,4.0,76.5,,
1,Electric_Vehicle_4,3.0,76.5,,
1,Electric_Vehicle_4,2.0,76.5,,
1,Electric_Vehicle_4,1.0,76.5,,
1,Electric_Vehicle_4,0.0,76.5,,
3,,,,,
3,,,,,
3,,,,,
3,,,,,
3,,,,,
3,,,,,
3,,,,,
3,,,,,
3,,,,,
2,Electric_Vehicle_4,,,0.0,23.7
1,Electric_Vehicle_4,11.0,82.2,,
1,Electric_Vehicle_4,10.0,82.2,,
1,Electric_Vehicle_4,9.0,82.2,,
1,Electric_Vehicle_4,8.0,82.2,,
1,Electric_Vehicle_4,7.0,82.2,,
1,Electric_Vehicle_4,6.0,82.2,,
1,Electric_Vehicle_4,5.0,82.2,,
1,Electric_Vehicle_4,4.0,82.2,,
1,Electric_Vehicle_4,3.0,82.2,,
1,Electric_Vehicle_4,2.0,82.2,,
1,Electric_Vehicle_4,1.0,82.2,,
1,Electric_Vehicle_4,0.0,82.2,,
3,,,,,
3,,,,,
3,,,,,
3,,,,,
3,,,,,
3,,,,,
3,,,,,
3,,,,,
3,,,,,
3,,,,,
3,,,,,
2,Electric_Vehicle_4,,,0.0,44.1
1,Electric_Vehicle_4,11.0,78.6,,
1,Electric_Vehicle_4,10.0,78.6,,
1,Electric_Vehicle_4,9.0,78.6,,
1,Electric_Vehicle_4,8.0,78.6,,
1,Electric_Vehicle_4,7.0,78.6,,
1,Electric_Vehicle_4,6.0,78.6,,
1,Electric_Vehicle_4,5.0,78.6,,
1,Electric_Vehicle_4,4.0,78.6,,
1,Electric_Vehicle_4,3.0,78.6,,
1,Electric_Vehicle_4,2.0,78.6,,
1,Electric_Vehicle_4,1.0,78.6,,
1,Electric_Vehicle_4,0.0,78.6,,
3,,,,,
3,,,,,
3,,,,,
3,,,,,
3,,,,,
3,,,,,
3,,,,,
3,,,,,
3,,,,,
3,,,,,
2,Electric_Vehicle_4,,,0.0,39.5
1,Electric_Vehicle_4,11.0,89.9,,
1,Electric_Vehicle_4,10.0,89.9,,
1,Electric_Vehicle_4,9.0,89.9,,
1,Electric_Vehicle_4,8.0,89.9,,
1,Electric_Vehicle_4,7.0,89.9,,
1,Electric_Vehicle_4,6.0,89.9,,
1,Electric_Vehicle_4,5.0,89.9,,
1,Electric_Vehicle_4,4.0,89.9,,
1,Electric_Vehicle_4,3.0,89.9,,
1,Electric_Vehicle_4,2.0,89.9,,
1,Electric_Vehicle_4,1.0,89.9,,
1,Electric_Vehicle_4,0.0,89.9,,
3,,,,,
3,,,,,
3,,,,,
3,,,,,
3,,,,,
3,,,,,
3,,,,,
3,,,,,
3,,,,,
3,,,,,
2,Electric_Vehicle_4,,,0.0,37.0
1,Electric_Vehicle_4,13.0,89.9,,
1,Electric_Vehicle_4,12.0,89.9,,
1,Electric_Vehicle_4,11.0,89.9,,
1,Electric_Vehicle_4,10.0,89.9,,
1,Electric_Vehicle_4,9.0,89.9,,
1,Electric_Vehicle_4,8.0,89.9,,
1,Electric_Vehicle_4,7.0,89.9,,
1,Electric_Vehicle_4,6.0,89.9,,
1,Electric_Vehicle_4,5.0,89.9,,
1,Electric_Vehicle_4,4.0,89.9,,
1,Electric_Vehicle_4,3.0,89.9,,
1,Electric_Vehicle_4,2.0,89.9,,
1,Electric_Vehicle_4,1.0,89.9,,
1,Electric_Vehicle_4,0.0,89.9,,
3,,,,,
3,,,,,
3,,,,,
3,,,,,
3,,,,,
3,,,,,
3,,,,,
3,,,,,
3,,,,,
3,,,,,
2,Electric_Vehicle_4,,,0.0,42.4
1,Electric_Vehicle_4,39.0,81.6,,
1,Electric_Vehicle_4,38.0,81.6,,
1,Electric_Vehicle_4,37.0,81.6,,
1,Electric_Vehicle_4,36.0,81.6,,
1,Electric_Vehicle_4,35.0,81.6,,
1,Electric_Vehicle_4,34.0,81.6,,
1,Electric_Vehicle_4,33.0,81.6,,
1,Electric_Vehicle_4,32.0,81.6,,
1,Electric_Vehicle_4,31.0,81.6,,
1,Electric_Vehicle_4,30.0,81.6,,
1,Electric_Vehicle_4,29.0,81.6,,
1,Electric_Vehicle_4,28.0,81.6,,
1,Electric_Vehicle_4,27.0,81.6,,
1,Electric_Vehicle_4,26.0,81.6,,
1,Electric_Vehicle_4,25.0,81.6,,
1,Electric_Vehicle_4,24.0,81.6,,
1,Electric_Vehicle_4,23.0,81.6,,
1,Electric_Vehicle_4,22.0,81.6,,
1,Electric_Vehicle_4,21.0,81.6,,
1,Electric_Vehicle_4,20.0,81.6,,
1,Electric_Vehicle_4,19.0,81.6,,
1,Electric_Vehicle_4,18.0,81.6,,
1,Electric_Vehicle_4,17.0,81.6,,
1,Electric_Vehicle_4,16.0,81.6,,
1,Electric_Vehicle_4,15.0,81.6,,
1,Electric_Vehicle_4,14.0,81.6,,
1,Electric_Vehicle_4,13.0,81.6,,
1,Electric_Vehicle_4,12.0,81.6,,
1,Electric_Vehicle_4,11.0,81.6,,
1,Electric_Vehicle_4,10.0,81.6,,
1,Electric_Vehicle_4,9.0,81.6,,
1,Electric_Vehicle_4,8.0,81.6,,
1,Electric_Vehicle_4,7.0,81.6,,
1,Electric_Vehicle_4,6.0,81.6,,
1,Electric_Vehicle_4,5.0,81.6,,
1,Electric_Vehicle_4,4.0,81.6,,
1,Electric_Vehicle_4,3.0,81.6,,
1,Electric_Vehicle_4,2.0,81.6,,
1,Electric_Vehicle_4,1.0,81.6,,
1,Electric_Vehicle_4,0.0,81.6,,
3,,,,,
3,,,,,
3,,,,,
3,,,,,
2,Electric_Vehicle_4,,,0.0,35.2
1,Electric_Vehicle_4,17.0,77.9,,
1,Electric_Vehicle_4,16.0,77.9,,
1,Electric_Vehicle_4,15.0,77.9,,
1,Electric_Vehicle_4,14.0,77.9,,
1,Electric_Vehicle_4,13.0,77.9,,
1,Electric_Vehicle_4,12.0,77.9,,
1,Electric_Vehicle_4,11.0,77.9,,
1,Electric_Vehicle_4,10.0,77.9,,
1,Electric_Vehicle_4,9.0,77.9,,
1,Electric_Vehicle_4,8.0,77.9,,
1,Electric_Vehicle_4,7.0,77.9,,
1,Electric_Vehicle_4,6.0,77.9,,
1,Electric_Vehicle_4,5.0,77.9,,
1,Electric_Vehicle_4,4.0,77.9,,
1,Electric_Vehicle_4,3.0,77.9,,
1,Electric_Vehicle_4,2.0,77.9,,
1,Electric_Vehicle_4,1.0,77.9,,
1,Electric_Vehicle_4,0.0,77.9,,
3,,,,,
3,,,,,
3,,,,,
3,,,,,
3,,,,,
3,,,,,
3,,,,,
2,Electric_Vehicle_4,,,0.0,33.7
1,Electric_Vehicle_4,14.0,75.6,,
1,Electric_Vehicle_4,13.0,75.6,,
1,Electric_Vehicle_4,12.0,75.6,,
1,Electric_Vehicle_4,11.0,75.6,,
1,Electric_Vehicle_4,10.0,75.6,,
1,Electric_Vehicle_4,9.0,75.6,,
1,Electric_Vehicle_4,8.0,75.6,,
1,Electric_Vehicle_4,7.0,75.6,,
1,Electric_Vehicle_4,6.0,75.6,,
1,Electric_Vehicle_4,5.0,75.6,,
1,Electric_Vehicle_4,4.0,75.6,,
1,Electric_Vehicle_4,3.0,75.6,,
1,Electric_Vehicle_4,2.0,75.6,,
1,Electric_Vehicle_4,1.0,75.6,,
1,Electric_Vehicle_4,0.0,75.6,,
3,,,,,
3,,,,,
3,,,,,
3,,,,,
3,,,,,
3,,,,,
3,,,,,
3,,,,,
2,Electric_Vehicle_4,,,0.0,33.8
1,Electric_Vehicle_4,14.0,89.2,,
1,Electric_Vehicle_4,13.0,89.2,,
1,Electric_Vehicle_4,12.0,89.2,,
1,Electric_Vehicle_4,11.0,89.2,,
1,Electric_Vehicle_4,10.0,89.2,,
1,Electric_Vehicle_4,9.0,89.2,,
1,Electric_Vehicle_4,8.0,89.2,,
1,Electric_Vehicle_4,7.0,89.2,,
1,Electric_Vehicle_4,6.0,89.2,,
1,Electric_Vehicle_4,5.0,89.2,,
1,Electric_Vehicle_4,4.0,89.2,,
1,Electric_Vehicle_4,3.0,89.2,,
1,Electric_Vehicle_4,2.0,89.2,,
1,Electric_Vehicle_4,1.0,89.2,,
1,Electric_Vehicle_4,0.0,89.2,,
3,,,,,
3,,,,,
3,,,,,
3,,,,,
3,,,,,
3,,,,,
3,,,,,
3,,,,,
3,,,,,
2,Electric_Vehicle_4,,,0.0,52.2
1,Electric_Vehicle_4,12.0,80.6,,
1,Electric_Vehicle_4,11.0,80.6,,
1,Electric_Vehicle_4,10.0,80.6,,
1,Electric_Vehicle_4,9.0,80.6,,
1,Electric_Vehicle_4,8.0,80.6,,
1,Electric_Vehicle_4,7.0,80.6,,
1,Electric_Vehicle_4,6.0,80.6,,
1,Electric_Vehicle_4,5.0,80.6,,
1,Electric_Vehicle_4,4.0,80.6,,
1,Electric_Vehicle_4,3.0,80.6,,
1,Electric_Vehicle_4,2.0,80.6,,
1,Electric_Vehicle_4,1.0,80.6,,
1,Electric_Vehicle_4,0.0,80.6,,
3,,,,,
3,,,,,
3,,,,,
3,,,,,
3,,,,,
3,,,,,
3,,,,,
3,,,,,
3,,,,,
2,Electric_Vehicle_4,,,0.0,33.5
1,Electric_Vehicle_4,15.0,86.9,,
1,Electric_Vehicle_4,14.0,86.9,,
1,Electric_Vehicle_4,13.0,86.9,,
1,Electric_Vehicle_4,12.0,86.9,,
1,Electric_Vehicle_4,11.0,86.9,,
1,Electric_Vehicle_4,10.0,86.9,,
1,Electric_Vehicle_4,9.0,86.9,,
1,Electric_Vehicle_4,8.0,86.9,,
1,Electric_Vehicle_4,7.0,86.9,,
1,Electric_Vehicle_4,6.0,86.9,,
1,Electric_Vehicle_4,5.0,86.9,,
1,Electric_Vehicle_4,4.0,86.9,,
1,Electric_Vehicle_4,3.0,86.9,,
1,Electric_Vehicle_4,2.0,86.9,,
1,Electric_Vehicle_4,1.0,86.9,,
1,Electric_Vehicle_4,0.0,86.9,,
3,,,,,
3,,,,,
3,,,,,
3,,,,,
3,,,,,
3,,,,,
3,,,,,
3,,,,,
3,,,,,
2,Electric_Vehicle_4,,,0.0,29.4
1,Electric_Vehicle_4,16.0,71.2,,
1,Electric_Vehicle_4,15.0,71.2,,
1,Electric_Vehicle_4,14.0,71.2,,
1,Electric_Vehicle_4,13.0,71.2,,
1,Electric_Vehicle_4,12.0,71.2,,
1,Electric_Vehicle_4,11.0,71.2,,
1,Electric_Vehicle_4,10.0,71.2,,
1,Electric_Vehicle_4,9.0,71.2,,
1,Electric_Vehicle_4,8.0,71.2,,
1,Electric_Vehicle_4,7.0,71.2,,
1,Electric_Vehicle_4,6.0,71.2,,
1,Electric_Vehicle_4,5.0,71.2,,
1,Electric_Vehicle_4,4.0,71.2,,
1,Electric_Vehicle_4,3.0,71.2,,
1,Electric_Vehicle_4,2.0,71.2,,
1,Electric_Vehicle_4,1.0,71.2,,
1,Electric_Vehicle_4,0.0,71.2,,
3,,,,,
3,,,,,
3,,,,,
2,Electric_Vehicle_4,,,0.0,34.2
1,Electric_Vehicle_4,17.0,88.7,,
1,Electric_Vehicle_4,16.0,88.7,,
1,Electric_Vehicle_4,15.0,88.7,,
1,Electric_Vehicle_4,14.0,88.7,,
1,Electric_Vehicle_4,13.0,88.7,,
1,Electric_Vehicle_4,12.0,88.7,,
1,Electric_Vehicle_4,11.0,88.7,,
1,Electric_Vehicle_4,10.0,88.7,,
1,Electric_Vehicle_4,9.0,88.7,,
1,Electric_Vehicle_4,8.0,88.7,,
1,Electric_Vehicle_4,7.0,88.7,,
1,Electric_Vehicle_4,6.0,88.7,,
1,Electric_Vehicle_4,5.0,88.7,,
1,Electric_Vehicle_4,4.0,88.7,,
1,Electric_Vehicle_4,3.0,88.7,,
1,Electric_Vehicle_4,2.0,88.7,,
1,Electric_Vehicle_4,1.0,88.7,,
1,Electric_Vehicle_4,0.0,88.7,,
3,,,,,
3,,,,,
3,,,,,
3,,,,,
3,,,,,
2,Electric_Vehicle_4,,,0.0,49.5
1,Electric_Vehicle_4,13.0,78.1,,
1,Electric_Vehicle_4,12.0,78.1,,
1,Electric_Vehicle_4,11.0,78.1,,
1,Electric_Vehicle_4,10.0,78.1,,
1,Electric_Vehicle_4,9.0,78.1,,
1,Electric_Vehicle_4,8.0,78.1,,
1,Electric_Vehicle_4,7.0,78.1,,
1,Electric_Vehicle_4,6.0,78.1,,
1,Electric_Vehicle_4,5.0,78.1,,
1,Electric_Vehicle_4,4.0,78.1,,
1,Electric_Vehicle_4,3.0,78.1,,
1,Electric_Vehicle_4,2.0,78.1,,
1,Electric_Vehicle_4,1.0,78.1,,
1,Electric_Vehicle_4,0.0,78.1,,
3,,,,,
3,,,,,
3,,,,,
3,,,,,
3,,,,,
3,,,,,
3,,,,,
3,,,,,
3,,,,,
3,,,,,
3,,,,,
3,,,,,
3,,,,,
2,Electric_Vehicle_4,,,0.0,21.4
1,Electric_Vehicle_4,10.0,80.8,,
1,Electric_Vehicle_4,9.0,80.8,,
1,Electric_Vehicle_4,8.0,80.8,,
1,Electric_Vehicle_4,7.0,80.8,,
1,Electric_Vehicle_4,6.0,80.8,,
1,Electric_Vehicle_4,5.0,80.8,,
1,Electric_Vehicle_4,4.0,80.8,,
1,Electric_Vehicle_4,3.0,80.8,,
1,Electric_Vehicle_4,2.0,80.8,,
1,Electric_Vehicle_4,1.0,80.8,,
1,Electric_Vehicle_4,0.0,80.8,,
3,,,,,
3,,,,,
3,,,,,
3,,,,,
3,,,,,
3,,,,,
3,,,,,
3,,,,,
2,Electric_Vehicle_4,,,0.0,51.9
1,Electric_Vehicle_4,13.0,78.2,,
1,Electric_Vehicle_4,12.0,78.2,,
1,Electric_Vehicle_4,11.0,78.2,,
1,Electric_Vehicle_4,10.0,78.2,,
1,Electric_Vehicle_4,9.0,78.2,,
1,Electric_Vehicle_4,8.0,78.2,,
1,Electric_Vehicle_4,7.0,78.2,,
1,Electric_Vehicle_4,6.0,78.2,,
1,Electric_Vehicle_4,5.0,78.2,,
1,Electric_Vehicle_4,4.0,78.2,,
1,Electric_Vehicle_4,3.0,78.2,,
1,Electric_Vehicle_4,2.0,78.2,,
1,Electric_Vehicle_4,1.0,78.2,,
1,Electric_Vehicle_4,0.0,78.2,,
3,,,,,
3,,,,,
3,,,,,
3,,,,,
3,,,,,
3,,,,,
3,,,,,
3,,,,,
3,,,,,
3,,,,,
3,,,,,
2,Electric_Vehicle_4,,,0.0,30.5
1,Electric_Vehicle_4,12.0,75.2,,
1,Electric_Vehicle_4,11.0,75.2,,
1,Electric_Vehicle_4,10.0,75.2,,
1,Electric_Vehicle_4,9.0,75.2,,
1,Electric_Vehicle_4,8.0,75.2,,
1,Electric_Vehicle_4,7.0,75.2,,
1,Electric_Vehicle_4,6.0,75.2,,
1,Electric_Vehicle_4,5.0,75.2,,
1,Electric_Vehicle_4,4.0,75.2,,
1,Electric_Vehicle_4,3.0,75.2,,
1,Electric_Vehicle_4,2.0,75.2,,
1,Electric_Vehicle_4,1.0,75.2,,
1,Electric_Vehicle_4,0.0,75.2,,
3,,,,,
3,,,,,
3,,,,,
3,,,,,
3,,,,,
3,,,,,
3,,,,,
3,,,,,
3,,,,,
3,,,,,
2,Electric_Vehicle_4,,,0.0,34.6
1,Electric_Vehicle_4,13.0,86.3,,
1,Electric_Vehicle_4,12.0,86.3,,
1,Electric_Vehicle_4,11.0,86.3,,
1,Electric_Vehicle_4,10.0,86.3,,
1,Electric_Vehicle_4,9.0,86.3,,
1,Electric_Vehicle_4,8.0,86.3,,
1,Electric_Vehicle_4,7.0,86.3,,
1,Electric_Vehicle_4,6.0,86.3,,
1,Electric_Vehicle_4,5.0,86.3,,
1,Electric_Vehicle_4,4.0,86.3,,
1,Electric_Vehicle_4,3.0,86.3,,
1,Electric_Vehicle_4,2.0,86.3,,
1,Electric_Vehicle_4,1.0,86.3,,
1,Electric_Vehicle_4,0.0,86.3,,
3,,,,,
3,,,,,
3,,,,,
3,,,,,
3,,,,,
3,,,,,
3,,,,,
3,,,,,
2,Electric_Vehicle_4,,,0.0,46.5
1,Electric_Vehicle_4,16.0,84.1,,
1,Electric_Vehicle_4,15.0,84.1,,
1,Electric_Vehicle_4,14.0,84.1,,
1,Electric_Vehicle_4,13.0,84.1,,
1,Electric_Vehicle_4,12.0,84.1,,
1,Electric_Vehicle_4,11.0,84.1,,
1,Electric_Vehicle_4,10.0,84.1,,
1,Electric_Vehicle_4,9.0,84.1,,
1,Electric_Vehicle_4,8.0,84.1,,
1,Electric_Vehicle_4,7.0,84.1,,
1,Electric_Vehicle_4,6.0,84.1,,
1,Electric_Vehicle_4,5.0,84.1,,
1,Electric_Vehicle_4,4.0,84.1,,
1,Electric_Vehicle_4,3.0,84.1,,
1,Electric_Vehicle_4,2.0,84.1,,
1,Electric_Vehicle_4,1.0,84.1,,
1,Electric_Vehicle_4,0.0,84.1,,
3,,,,,
3,,,,,
3,,,,,
3,,,,,
3,,,,,
2,Electric_Vehicle_4,,,0.0,55.4
1,Electric_Vehicle_4,39.0,77.2,,
1,Electric_Vehicle_4,38.0,77.2,,
1,Electric_Vehicle_4,37.0,77.2,,
1,Electric_Vehicle_4,36.0,77.2,,
1,Electric_Vehicle_4,35.0,77.2,,
1,Electric_Vehicle_4,34.0,77.2,,
1,Electric_Vehicle_4,33.0,77.2,,
1,Electric_Vehicle_4,32.0,77.2,,
1,Electric_Vehicle_4,31.0,77.2,,
1,Electric_Vehicle_4,30.0,77.2,,
1,Electric_Vehicle_4,29.0,77.2,,
1,Electric_Vehicle_4,28.0,77.2,,
1,Electric_Vehicle_4,27.0,77.2,,
1,Electric_Vehicle_4,26.0,77.2,,
1,Electric_Vehicle_4,25.0,77.2,,
1,Electric_Vehicle_4,24.0,77.2,,
1,Electric_Vehicle_4,23.0,77.2,,
1,Electric_Vehicle_4,22.0,77.2,,
1,Electric_Vehicle_4,21.0,77.2,,
1,Electric_Vehicle_4,20.0,77.2,,
1,Electric_Vehicle_4,19.0,77.2,,
1,Electric_Vehicle_4,18.0,77.2,,
1,Electric_Vehicle_4,17.0,77.2,,
1,Electric_Vehicle_4,16.0,77.2,,
1,Electric_Vehicle_4,15.0,77.2,,
1,Electric_Vehicle_4,14.0,77.2,,
1,Electric_Vehicle_4,13.0,77.2,,
1,Electric_Vehicle_4,12.0,77.2,,
1,Electric_Vehicle_4,11.0,77.2,,
1,Electric_Vehicle_4,10.0,77.2,,
1,Electric_Vehicle_4,9.0,77.2,,
1,Electric_Vehicle_4,8.0,77.2,,
1,Electric_Vehicle_4,7.0,77.2,,
1,Electric_Vehicle_4,6.0,77.2,,
1,Electric_Vehicle_4,5.0,77.2,,
1,Electric_Vehicle_4,4.0,77.2,,
1,Electric_Vehicle_4,3.0,77.2,,
1,Electric_Vehicle_4,2.0,77.2,,
1,Electric_Vehicle_4,1.0,77.2,,
1,Electric_Vehicle_4,0.0,77.2,,
3,,,,,
3,,,,,
3,,,,,
3,,,,,
3,,,,,
3,,,,,
3,,,,,
3,,,,,
3,,,,,
3,,,,,
3,,,,,
2,Electric_Vehicle_4,,,0.0,47.5
1,Electric_Vehicle_4,12.0,79.4,,
1,Electric_Vehicle_4,11.0,79.4,,
1,Electric_Vehicle_4,10.0,79.4,,
1,Electric_Vehicle_4,9.0,79.4,,
1,Electric_Vehicle_4,8.0,79.4,,
1,Electric_Vehicle_4,7.0,79.4,,
1,Electric_Vehicle_4,6.0,79.4,,
1,Electric_Vehicle_4,5.0,79.4,,
1,Electric_Vehicle_4,4.0,79.4,,
1,Electric_Vehicle_4,3.0,79.4,,
1,Electric_Vehicle_4,2.0,79.4,,
1,Electric_Vehicle_4,1.0,79.4,,
1,Electric_Vehicle_4,0.0,79.4,,
3,,,,,
3,,,,,
3,,,,,
3,,,,,
3,,,,,
3,,,,,
3,,,,,
2,Electric_Vehicle_4,,,0.0,45.8
1,Electric_Vehicle_4,14.0,75.8,,
1,Electric_Vehicle_4,13.0,75.8,,
1,Electric_Vehicle_4,12.0,75.8,,
1,Electric_Vehicle_4,11.0,75.8,,
1,Electric_Vehicle_4,10.0,75.8,,
1,Electric_Vehicle_4,9.0,75.8,,
1,Electric_Vehicle_4,8.0,75.8,,
1,Electric_Vehicle_4,7.0,75.8,,
1,Electric_Vehicle_4,6.0,75.8,,
1,Electric_Vehicle_4,5.0,75.8,,
1,Electric_Vehicle_4,4.0,75.8,,
1,Electric_Vehicle_4,3.0,75.8,,
1,Electric_Vehicle_4,2.0,75.8,,
1,Electric_Vehicle_4,1.0,75.8,,
1,Electric_Vehicle_4,0.0,75.8,,
3,,,,,
3,,,,,
3,,,,,
3,,,,,
3,,,,,
3,,,,,
3,,,,,
2,Electric_Vehicle_4,,,0.0,51.7
1,Electric_Vehicle_4,14.0,87.5,,
1,Electric_Vehicle_4,13.0,87.5,,
1,Electric_Vehicle_4,12.0,87.5,,
1,Electric_Vehicle_4,11.0,87.5,,
1,Electric_Vehicle_4,10.0,87.5,,
1,Electric_Vehicle_4,9.0,87.5,,
1,Electric_Vehicle_4,8.0,87.5,,
1,Electric_Vehicle_4,7.0,87.5,,
1,Electric_Vehicle_4,6.0,87.5,,
1,Electric_Vehicle_4,5.0,87.5,,
1,Electric_Vehicle_4,4.0,87.5,,
1,Electric_Vehicle_4,3.0,87.5,,
1,Electric_Vehicle_4,2.0,87.5,,
1,Electric_Vehicle_4,1.0,87.5,,
1,Electric_Vehicle_4,0.0,87.5,,
3,,,,,
3,,,,,
3,,,,,
3,,,,,
3,,,,,
3,,,,,
3,,,,,
3,,,,,
3,,,,,
3,,,,,
2,Electric_Vehicle_4,,,0.0,33.2
1,Electric_Vehicle_4,11.0,78.1,,
1,Electric_Vehicle_4,10.0,78.1,,
1,Electric_Vehicle_4,9.0,78.1,,
1,Electric_Vehicle_4,8.0,78.1,,
1,Electric_Vehicle_4,7.0,78.1,,
1,Electric_Vehicle_4,6.0,78.1,,
1,Electric_Vehicle_4,5.0,78.1,,
1,Electric_Vehicle_4,4.0,78.1,,
1,Electric_Vehicle_4,3.0,78.1,,
1,Electric_Vehicle_4,2.0,78.1,,
1,Electric_Vehicle_4,1.0,78.1,,
1,Electric_Vehicle_4,0.0,78.1,,
3,,,,,
3,,,,,
3,,,,,
3,,,,,
3,,,,,
3,,,,,
3,,,,,
3,,,,,
3,,,,,
3,,,,,
3,,,,,
2,Electric_Vehicle_4,,,0.0,39.2
1,Electric_Vehicle_4,12.0,72.0,,
1,Electric_Vehicle_4,11.0,72.0,,
1,Electric_Vehicle_4,10.0,72.0,,
1,Electric_Vehicle_4,9.0,72.0,,
1,Electric_Vehicle_4,8.0,72.0,,
1,Electric_Vehicle_4,7.0,72.0,,
1,Electric_Vehicle_4,6.0,72.0,,
1,Electric_Vehicle_4,5.0,72.0,,
1,Electric_Vehicle_4,4.0,72.0,,
1,Electric_Vehicle_4,3.0,72.0,,
1,Electric_Vehicle_4,2.0,72.0,,
1,Electric_Vehicle_4,1.0,72.0,,
1,Electric_Vehicle_4,0.0,72.0,,
3,,,,,
3,,,,,
3,,,,,
3,,,,,
3,,,,,
3,,,,,
3,,,,,
3,,,,,
2,Electric_Vehicle_4,,,0.0,44.9
1,Electric_Vehicle_4,18.0,80.3,,
1,Electric_Vehicle_4,17.0,80.3,,
1,Electric_Vehicle_4,16.0,80.3,,
1,Electric_Vehicle_4,15.0,80.3,,
1,Electric_Vehicle_4,14.0,80.3,,
1,Electric_Vehicle_4,13.0,80.3,,
1,Electric_Vehicle_4,12.0,80.3,,
1,Electric_Vehicle_4,11.0,80.3,,
1,Electric_Vehicle_4,10.0,80.3,,
1,Electric_Vehicle_4,9.0,80.3,,
1,Electric_Vehicle_4,8.0,80.3,,
1,Electric_Vehicle_4,7.0,80.3,,
1,Electric_Vehicle_4,6.0,80.3,,
1,Electric_Vehicle_4,5.0,80.3,,
1,Electric_Vehicle_4,4.0,80.3,,
1,Electric_Vehicle_4,3.0,80.3,,
1,Electric_Vehicle_4,2.0,80.3,,
1,Electric_Vehicle_4,1.0,80.3,,
1,Electric_Vehicle_4,0.0,80.3,,
3,,,,,
3,,,,,
3,,,,,
3,,,,,
2,Electric_Vehicle_4,,,0.0,50.3
1,Electric_Vehicle_4,15.0,76.3,,
1,Electric_Vehicle_4,14.0,76.3,,
1,Electric_Vehicle_4,13.0,76.3,,
1,Electric_Vehicle_4,12.0,76.3,,
1,Electric_Vehicle_4,11.0,76.3,,
1,Electric_Vehicle_4,10.0,76.3,,
1,Electric_Vehicle_4,9.0,76.3,,
1,Electric_Vehicle_4,8.0,76.3,,
1,Electric_Vehicle_4,7.0,76.3,,
1,Electric_Vehicle_4,6.0,76.3,,
1,Electric_Vehicle_4,5.0,76.3,,
1,Electric_Vehicle_4,4.0,76.3,,
1,Electric_Vehicle_4,3.0,76.3,,
1,Electric_Vehicle_4,2.0,76.3,,
1,Electric_Vehicle_4,1.0,76.3,,
1,Electric_Vehicle_4,0.0,76.3,,
3,,,,,
3,,,,,
3,,,,,
3,,,,,
3,,,,,
3,,,,,
3,,,,,
3,,,,,
2,Electric_Vehicle_4,,,0.0,27.2
1,Electric_Vehicle_4,14.0,78.6,,
1,Electric_Vehicle_4,13.0,78.6,,
1,Electric_Vehicle_4,12.0,78.6,,
1,Electric_Vehicle_4,11.0,78.6,,
1,Electric_Vehicle_4,10.0,78.6,,
1,Electric_Vehicle_4,9.0,78.6,,
1,Electric_Vehicle_4,8.0,78.6,,
1,Electric_Vehicle_4,7.0,78.6,,
1,Electric_Vehicle_4,6.0,78.6,,
1,Electric_Vehicle_4,5.0,78.6,,
1,Electric_Vehicle_4,4.0,78.6,,
1,Electric_Vehicle_4,3.0,78.6,,
1,Electric_Vehicle_4,2.0,78.6,,
1,Electric_Vehicle_4,1.0,78.6,,
1,Electric_Vehicle_4,0.0,78.6,,
3,,,,,
3,,,,,
3,,,,,
3,,,,,
3,,,,,
3,,,,,
3,,,,,
3,,,,,
3,,,,,
2,Electric_Vehicle_4,,,0.0,52.3
1,Electric_Vehicle_4,38.0,71.7,,
1,Electric_Vehicle_4,37.0,71.7,,
1,Electric_Vehicle_4,36.0,71.7,,
1,Electric_Vehicle_4,35.0,71.7,,
1,Electric_Vehicle_4,34.0,71.7,,
1,Electric_Vehicle_4,33.0,71.7,,
1,Electric_Vehicle_4,32.0,71.7,,
1,Electric_Vehicle_4,31.0,71.7,,
1,Electric_Vehicle_4,30.0,71.7,,
1,Electric_Vehicle_4,29.0,71.7,,
1,Electric_Vehicle_4,28.0,71.7,,
1,Electric_Vehicle_4,27.0,71.7,,
1,Electric_Vehicle_4,26.0,71.7,,
1,Electric_Vehicle_4,25.0,71.7,,
1,Electric_Vehicle_4,24.0,71.7,,
1,Electric_Vehicle_4,23.0,71.7,,
1,Electric_Vehicle_4,22.0,71.7,,
1,Electric_Vehicle_4,21.0,71.7,,
1,Electric_Vehicle_4,20.0,71.7,,
1,Electric_Vehicle_4,19.0,71.7,,
1,Electric_Vehicle_4,18.0,71.7,,
1,Electric_Vehicle_4,17.0,71.7,,
1,Electric_Vehicle_4,16.0,71.7,,
1,Electric_Vehicle_4,15.0,71.7,,
1,Electric_Vehicle_4,14.0,71.7,,
1,Electric_Vehicle_4,13.0,71.7,,
1,Electric_Vehicle_4,12.0,71.7,,
1,Electric_Vehicle_4,11.0,71.7,,
1,Electric_Vehicle_4,10.0,71.7,,
1,Electric_Vehicle_4,9.0,71.7,,
1,Electric_Vehicle_4,8.0,71.7,,
1,Electric_Vehicle_4,7.0,71.7,,
1,Electric_Vehicle_4,6.0,71.7,,
1,Electric_Vehicle_4,5.0,71.7,,
1,Electric_Vehicle_4,4.0,71.7,,
1,Electric_Vehicle_4,3.0,71.7,,
1,Electric_Vehicle_4,2.0,71.7,,
1,Electric_Vehicle_4,1.0,71.7,,
1,Electric_Vehicle_4,0.0,71.7,,
3,,,,,
3,,,,,
3,,,,,
3,,,,,
3,,,,,
3,,,,,
3,,,,,
2,Electric_Vehicle_4,,,0.0,35.0
1,Electric_Vehicle_4,14.0,76.4,,
1,Electric_Vehicle_4,13.0,76.4,,
1,Electric_Vehicle_4,12.0,76.4,,
1,Electric_Vehicle_4,11.0,76.4,,
1,Electric_Vehicle_4,10.0,76.4,,
1,Electric_Vehicle_4,9.0,76.4,,
1,Electric_Vehicle_4,8.0,76.4,,
1,Electric_Vehicle_4,7.0,76.4,,
1,Electric_Vehicle_4,6.0,76.4,,
1,Electric_Vehicle_4,5.0,76.4,,
1,Electric_Vehicle_4,4.0,76.4,,
1,Electric_Vehicle_4,3.0,76.4,,
1,Electric_Vehicle_4,2.0,76.4,,
1,Electric_Vehicle_4,1.0,76.4,,
1,Electric_Vehicle_4,0.0,76.4,,
3,,,,,
3,,,,,
3,,,,,
3,,,,,
3,,,,,
3,,,,,
3,,,,,
2,Electric_Vehicle_4,,,0.0,53.5
1,Electric_Vehicle_4,18.0,78.4,,
1,Electric_Vehicle_4,17.0,78.4,,
1,Electric_Vehicle_4,16.0,78.4,,
1,Electric_Vehicle_4,15.0,78.4,,
1,Electric_Vehicle_4,14.0,78.4,,
1,Electric_Vehicle_4,13.0,78.4,,
1,Electric_Vehicle_4,12.0,78.4,,
1,Electric_Vehicle_4,11.0,78.4,,
1,Electric_Vehicle_4,10.0,78.4,,
1,Electric_Vehicle_4,9.0,78.4,,
1,Electric_Vehicle_4,8.0,78.4,,
1,Electric_Vehicle_4,7.0,78.4,,
1,Electric_Vehicle_4,6.0,78.4,,
1,Electric_Vehicle_4,5.0,78.4,,
1,Electric_Vehicle_4,4.0,78.4,,
1,Electric_Vehicle_4,3.0,78.4,,
1,Electric_Vehicle_4,2.0,78.4,,
1,Electric_Vehicle_4,1.0,78.4,,
1,Electric_Vehicle_4,0.0,78.4,,
3,,,,,
3,,,,,
3,,,,,
3,,,,,
2,Electric_Vehicle_4,,,0.0,46.6
1,Electric_Vehicle_4,18.0,85.1,,
1,Electric_Vehicle_4,17.0,85.1,,
1,Electric_Vehicle_4,16.0,85.1,,
1,Electric_Vehicle_4,15.0,85.1,,
1,Electric_Vehicle_4,14.0,85.1,,
1,Electric_Vehicle_4,13.0,85.1,,
1,Electric_Vehicle_4,12.0,85.1,,
1,Electric_Vehicle_4,11.0,85.1,,
1,Electric_Vehicle_4,10.0,85.1,,
1,Electric_Vehicle_4,9.0,85.1,,
1,Electric_Vehicle_4,8.0,85.1,,
1,Electric_Vehicle_4,7.0,85.1,,
1,Electric_Vehicle_4,6.0,85.1,,
1,Electric_Vehicle_4,5.0,85.1,,
1,Electric_Vehicle_4,4.0,85.1,,
1,Electric_Vehicle_4,3.0,85.1,,
1,Electric_Vehicle_4,2.0,85.1,,
1,Electric_Vehicle_4,1.0,85.1,,
1,Electric_Vehicle_4,0.0,85.1,,
3,,,,,
3,,,,,
2,Electric_Vehicle_4,,,0.0,40.3
1,Electric_Vehicle_4,16.0,78.3,,
1,Electric_Vehicle_4,15.0,78.3,,
1,Electric_Vehicle_4,14.0,78.3,,
1,Electric_Vehicle_4,13.0,78.3,,
1,Electric_Vehicle_4,12.0,78.3,,
1,Electric_Vehicle_4,11.0,78.3,,
1,Electric_Vehicle_4,10.0,78.3,,
1,Electric_Vehicle_4,9.0,78.3,,
1,Electric_Vehicle_4,8.0,78.3,,
1,Electric_Vehicle_4,7.0,78.3,,
1,Electric_Vehicle_4,6.0,78.3,,
1,Electric_Vehicle_4,5.0,78.3,,
1,Electric_Vehicle_4,4.0,78.3,,
1,Electric_Vehicle_4,3.0,78.3,,
1,Electric_Vehicle_4,2.0,78.3,,
1,Electric_Vehicle_4,1.0,78.3,,
1,Electric_Vehicle_4,0.0,78.3,,
3,,,,,
3,,,,,
3,,,,,
3,,,,,
3,,,,,
3,,,,,
3,,,,,
3,,,,,
3,,,,,
3,,,,,
2,Electric_Vehicle_4,,,0.0,36.8
1,Electric_Vehicle_4,14.0,89.4,,
1,Electric_Vehicle_4,13.0,89.4,,
1,Electric_Vehicle_4,12.0,89.4,,
1,Electric_Vehicle_4,11.0,89.4,,
1,Electric_Vehicle_4,10.0,89.4,,
1,Electric_Vehicle_4,9.0,89.4,,
1,Electric_Vehicle_4,8.0,89.4,,
1,Electric_Vehicle_4,7.0,89.4,,
1,Electric_Vehicle_4,6.0,89.4,,
1,Electric_Vehicle_4,5.0,89.4,,
1,Electric_Vehicle_4,4.0,89.4,,
1,Electric_Vehicle_4,3.0,89.4,,
1,Electric_Vehicle_4,2.0,89.4,,
1,Electric_Vehicle_4,1.0,89.4,,
1,Electric_Vehicle_4,0.0,89.4,,
3,,,,,
3,,,,,
3,,,,,
3,,,,,
3,,,,,
3,,,,,
3,,,,,
3,,,,,
3,,,,,
2,Electric_Vehicle_4,,,0.0,33.6
1,Electric_Vehicle_4,12.0,73.3,,
1,Electric_Vehicle_4,11.0,73.3,,
1,Electric_Vehicle_4,10.0,73.3,,
1,Electric_Vehicle_4,9.0,73.3,,
1,Electric_Vehicle_4,8.0,73.3,,
1,Electric_Vehicle_4,7.0,73.3,,
1,Electric_Vehicle_4,6.0,73.3,,
1,Electric_Vehicle_4,5.0,73.3,,
1,Electric_Vehicle_4,4.0,73.3,,
1,Electric_Vehicle_4,3.0,73.3,,
1,Electric_Vehicle_4,2.0,73.3,,
1,Electric_Vehicle_4,1.0,73.3,,
1,Electric_Vehicle_4,0.0,73.3,,
3,,,,,
3,,,,,
3,,,,,
3,,,,,
3,,,,,
3,,,,,
3,,,,,
3,,,,,
2,Electric_Vehicle_4,,,0.0,25.5
1,Electric_Vehicle_4,14.0,87.1,,
1,Electric_Vehicle_4,13.0,87.1,,
1,Electric_Vehicle_4,12.0,87.1,,
1,Electric_Vehicle_4,11.0,87.1,,
1,Electric_Vehicle_4,10.0,87.1,,
1,Electric_Vehicle_4,9.0,87.1,,
1,Electric_Vehicle_4,8.0,87.1,,
1,Electric_Vehicle_4,7.0,87.1,,
1,Electric_Vehicle_4,6.0,87.1,,
1,Electric_Vehicle_4,5.0,87.1,,
1,Electric_Vehicle_4,4.0,87.1,,
1,Electric_Vehicle_4,3.0,87.1,,
1,Electric_Vehicle_4,2.0,87.1,,
1,Electric_Vehicle_4,1.0,87.1,,
1,Electric_Vehicle_4,0.0,87.1,,
3,,,,,
3,,,,,
3,,,,,
3,,,,,
3,,,,,
3,,,,,
3,,,,,
2,Electric_Vehicle_4,,,0.0,49.5
1,Electric_Vehicle_4,14.0,86.7,,
1,Electric_Vehicle_4,13.0,86.7,,
1,Electric_Vehicle_4,12.0,86.7,,
1,Electric_Vehicle_4,11.0,86.7,,
1,Electric_Vehicle_4,10.0,86.7,,
1,Electric_Vehicle_4,9.0,86.7,,
1,Electric_Vehicle_4,8.0,86.7,,
1,Electric_Vehicle_4,7.0,86.7,,
1,Electric_Vehicle_4,6.0,86.7,,
1,Electric_Vehicle_4,5.0,86.7,,
1,Electric_Vehicle_4,4.0,86.7,,
1,Electric_Vehicle_4,3.0,86.7,,
1,Electric_Vehicle_4,2.0,86.7,,
1,Electric_Vehicle_4,1.0,86.7,,
1,Electric_Vehicle_4,0.0,86.7,,
3,,,,,
3,,,,,
3,,,,,
3,,,,,
3,,,,,
3,,,,,
3,,,,,
3,,,,,
3,,,,,
3,,,,,
3,,,,,
2,Electric_Vehicle_4,,,0.0,50.3
1,Electric_Vehicle_4,14.0,84.7,,
1,Electric_Vehicle_4,13.0,84.7,,
1,Electric_Vehicle_4,12.0,84.7,,
1,Electric_Vehicle_4,11.0,84.7,,
1,Electric_Vehicle_4,10.0,84.7,,
1,Electric_Vehicle_4,9.0,84.7,,
1,Electric_Vehicle_4,8.0,84.7,,
1,Electric_Vehicle_4,7.0,84.7,,
1,Electric_Vehicle_4,6.0,84.7,,
1,Electric_Vehicle_4,5.0,84.7,,
1,Electric_Vehicle_4,4.0,84.7,,
1,Electric_Vehicle_4,3.0,84.7,,
1,Electric_Vehicle_4,2.0,84.7,,
1,Electric_Vehicle_4,1.0,84.7,,
1,Electric_Vehicle_4,0.0,84.7,,
3,,,,,
3,,,,,
3,,,,,
3,,,,,
3,,,,,
2,Electric_Vehicle_4,,,0.0,29.5
1,Electric_Vehicle_4,39.0,72.3,,
1,Electric_Vehicle_4,38.0,72.3,,
1,Electric_Vehicle_4,37.0,72.3,,
1,Electric_Vehicle_4,36.0,72.3,,
1,Electric_Vehicle_4,35.0,72.3,,
1,Electric_Vehicle_4,34.0,72.3,,
1,Electric_Vehicle_4,33.0,72.3,,
1,Electric_Vehicle_4,32.0,72.3,,
1,Electric_Vehicle_4,31.0,72.3,,
1,Electric_Vehicle_4,30.0,72.3,,
1,Electric_Vehicle_4,29.0,72.3,,
1,Electric_Vehicle_4,28.0,72.3,,
1,Electric_Vehicle_4,27.0,72.3,,
1,Electric_Vehicle_4,26.0,72.3,,
1,Electric_Vehicle_4,25.0,72.3,,
1,Electric_Vehicle_4,24.0,72.3,,
1,Electric_Vehicle_4,23.0,72.3,,
1,Electric_Vehicle_4,22.0,72.3,,
1,Electric_Vehicle_4,21.0,72.3,,
1,Electric_Vehicle_4,20.0,72.3,,
1,Electric_Vehicle_4,19.0,72.3,,
1,Electric_Vehicle_4,18.0,72.3,,
1,Electric_Vehicle_4,17.0,72.3,,
1,Electric_Vehicle_4,16.0,72.3,,
1,Electric_Vehicle_4,15.0,72.3,,
1,Electric_Vehicle_4,14.0,72.3,,
1,Electric_Vehicle_4,13.0,72.3,,
1,Electric_Vehicle_4,12.0,72.3,,
1,Electric_Vehicle_4,11.0,72.3,,
1,Electric_Vehicle_4,10.0,72.3,,
1,Electric_Vehicle_4,9.0,72.3,,
1,Electric_Vehicle_4,8.0,72.3,,
1,Electric_Vehicle_4,7.0,72.3,,
1,Electric_Vehicle_4,6.0,72.3,,
1,Electric_Vehicle_4,5.0,72.3,,
1,Electric_Vehicle_4,4.0,72.3,,
1,Electric_Vehicle_4,3.0,72.3,,
1,Electric_Vehicle_4,2.0,72.3,,
1,Electric_Vehicle_4,1.0,72.3,,
1,Electric_Vehicle_4,0.0,72.3,,
3,,,,,
3,,,,,
3,,,,,
3,,,,,
3,,,,,
3,,,,,
3,,,,,
3,,,,,
3,,,,,
2,Electric_Vehicle_4,,,0.0,37.8
1,Electric_Vehicle_4,12.0,88.0,,
1,Electric_Vehicle_4,11.0,88.0,,
1,Electric_Vehicle_4,10.0,88.0,,
1,Electric_Vehicle_4,9.0,88.0,,
1,Electric_Vehicle_4,8.0,88.0,,
1,Electric_Vehicle_4,7.0,88.0,,
1,Electric_Vehicle_4,6.0,88.0,,
1,Electric_Vehicle_4,5.0,88.0,,
1,Electric_Vehicle_4,4.0,88.0,,
1,Electric_Vehicle_4,3.0,88.0,,
1,Electric_Vehicle_4,2.0,88.0,,
1,Electric_Vehicle_4,1.0,88.0,,
1,Electric_Vehicle_4,0.0,88.0,,
3,,,,,
3,,,,,
3,,,,,
3,,,,,
3,,,,,
3,,,,,
3,,,,,
3,,,,,
3,,,,,
3,,,,,
2,Electric_Vehicle_4,,,0.0,40.2
1,Electric_Vehicle_4,13.0,78.3,,
1,Electric_Vehicle_4,12.0,78.3,,
1,Electric_Vehicle_4,11.0,78.3,,
1,Electric_Vehicle_4,10.0,78.3,,
1,Electric_Vehicle_4,9.0,78.3,,
1,Electric_Vehicle_4,8.0,78.3,,
1,Electric_Vehicle_4,7.0,78.3,,
1,Electric_Vehicle_4,6.0,78.3,,
1,Electric_Vehicle_4,5.0,78.3,,
1,Electric_Vehicle_4,4.0,78.3,,
1,Electric_Vehicle_4,3.0,78.3,,
1,Electric_Vehicle_4,2.0,78.3,,
1,Electric_Vehicle_4,1.0,78.3,,
1,Electric_Vehicle_4,0.0,78.3,,
3,,,,,
3,,,,,
3,,,,,
3,,,,,
3,,,,,
3,,,,,
3,,,,,
3,,,,,
3,,,,,
2,Electric_Vehicle_4,,,0.0,30.6
1,Electric_Vehicle_4,12.0,80.1,,
1,Electric_Vehicle_4,11.0,80.1,,
1,Electric_Vehicle_4,10.0,80.1,,
1,Electric_Vehicle_4,9.0,80.1,,
1,Electric_Vehicle_4,8.0,80.1,,
1,Electric_Vehicle_4,7.0,80.1,,
1,Electric_Vehicle_4,6.0,80.1,,
1,Electric_Vehicle_4,5.0,80.1,,
1,Electric_Vehicle_4,4.0,80.1,,
1,Electric_Vehicle_4,3.0,80.1,,
1,Electric_Vehicle_4,2.0,80.1,,
1,Electric_Vehicle_4,1.0,80.1,,
1,Electric_Vehicle_4,0.0,80.1,,
3,,,,,
3,,,,,
3,,,,,
3,,,,,
3,,,,,
3,,,,,
3,,,,,
3,,,,,
3,,,,,
3,,,,,
2,Electric_Vehicle_4,,,0.0,25.7
1,Electric_Vehicle_4,13.0,70.0,,
1,Electric_Vehicle_4,12.0,70.0,,
1,Electric_Vehicle_4,11.0,70.0,,
1,Electric_Vehicle_4,10.0,70.0,,
1,Electric_Vehicle_4,9.0,70.0,,
1,Electric_Vehicle_4,8.0,70.0,,
1,Electric_Vehicle_4,7.0,70.0,,
1,Electric_Vehicle_4,6.0,70.0,,
1,Electric_Vehicle_4,5.0,70.0,,
1,Electric_Vehicle_4,4.0,70.0,,
1,Electric_Vehicle_4,3.0,70.0,,
1,Electric_Vehicle_4,2.0,70.0,,
1,Electric_Vehicle_4,1.0,70.0,,
1,Electric_Vehicle_4,0.0,70.0,,
3,,,,,
3,,,,,
3,,,,,
3,,,,,
3,,,,,
3,,,,,
3,,,,,
3,,,,,
2,Electric_Vehicle_4,,,0.0,34.5
1,Electric_Vehicle_4,15.0,81.0,,
1,Electric_Vehicle_4,14.0,81.0,,
1,Electric_Vehicle_4,13.0,81.0,,
1,Electric_Vehicle_4,12.0,81.0,,
1,Electric_Vehicle_4,11.0,81.0,,
1,Electric_Vehicle_4,10.0,81.0,,
1,Electric_Vehicle_4,9.0,81.0,,
1,Electric_Vehicle_4,8.0,81.0,,
1,Electric_Vehicle_4,7.0,81.0,,
1,Electric_Vehicle_4,6.0,81.0,,
1,Electric_Vehicle_4,5.0,81.0,,
1,Electric_Vehicle_4,4.0,81.0,,
1,Electric_Vehicle_4,3.0,81.0,,
1,Electric_Vehicle_4,2.0,81.0,,
1,Electric_Vehicle_4,1.0,81.0,,
1,Electric_Vehicle_4,0.0,81.0,,
3,,,,,
3,,,,,
3,,,,,
3,,,,,
3,,,,,
2,Electric_Vehicle_4,,,0.0,55.7
1,Electric_Vehicle_4,20.0,76.9,,
1,Electric_Vehicle_4,19.0,76.9,,
1,Electric_Vehicle_4,18.0,76.9,,
1,Electric_Vehicle_4,17.0,76.9,,
1,Electric_Vehicle_4,16.0,76.9,,
1,Electric_Vehicle_4,15.0,76.9,,
1,Electric_Vehicle_4,14.0,76.9,,
1,Electric_Vehicle_4,13.0,76.9,,
1,Electric_Vehicle_4,12.0,76.9,,
1,Electric_Vehicle_4,11.0,76.9,,
1,Electric_Vehicle_4,10.0,76.9,,
1,Electric_Vehicle_4,9.0,76.9,,
1,Electric_Vehicle_4,8.0,76.9,,
1,Electric_Vehicle_4,7.0,76.9,,
1,Electric_Vehicle_4,6.0,76.9,,
1,Electric_Vehicle_4,5.0,76.9,,
1,Electric_Vehicle_4,4.0,76.9,,
1,Electric_Vehicle_4,3.0,76.9,,
1,Electric_Vehicle_4,2.0,76.9,,
1,Electric_Vehicle_4,1.0,76.9,,
1,Electric_Vehicle_4,0.0,76.9,,
3,,,,,
2,Electric_Vehicle_4,,,0.0,59.7
1,Electric_Vehicle_4,18.0,70.6,,
1,Electric_Vehicle_4,17.0,70.6,,
1,Electric_Vehicle_4,16.0,70.6,,
1,Electric_Vehicle_4,15.0,70.6,,
1,Electric_Vehicle_4,14.0,70.6,,
1,Electric_Vehicle_4,13.0,70.6,,
1,Electric_Vehicle_4,12.0,70.6,,
1,Electric_Vehicle_4,11.0,70.6,,
1,Electric_Vehicle_4,10.0,70.6,,
1,Electric_Vehicle_4,9.0,70.6,,
1,Electric_Vehicle_4,8.0,70.6,,
1,Electric_Vehicle_4,7.0,70.6,,
1,Electric_Vehicle_4,6.0,70.6,,
1,Electric_Vehicle_4,5.0,70.6,,
1,Electric_Vehicle_4,4.0,70.6,,
1,Electric_Vehicle_4,3.0,70.6,,
1,Electric_Vehicle_4,2.0,70.6,,
1,Electric_Vehicle_4,1.0,70.6,,
1,Electric_Vehicle_4,0.0,70.6,,
3,,,,,
3,,,,,
3,,,,,
3,,,,,
3,,,,,
3,,,,,
3,,,,,
3,,,,,
3,,,,,
2,Electric_Vehicle_4,,,0.0,47.9
1,Electric_Vehicle_4,11.0,86.2,,
1,Electric_Vehicle_4,10.0,86.2,,
1,Electric_Vehicle_4,9.0,86.2,,
1,Electric_Vehicle_4,8.0,86.2,,
1,Electric_Vehicle_4,7.0,86.2,,
1,Electric_Vehicle_4,6.0,86.2,,
1,Electric_Vehicle_4,5.0,86.2,,
1,Electric_Vehicle_4,4.0,86.2,,
1,Electric_Vehicle_4,3.0,86.2,,
1,Electric_Vehicle_4,2.0,86.2,,
1,Electric_Vehicle_4,1.0,86.2,,
1,Electric_Vehicle_4,0.0,86.2,,
3,,,,,
3,,,,,
3,,,,,
3,,,,,
3,,,,,
3,,,,,
3,,,,,
3,,,,,
3,,,,,
3,,,,,
2,Electric_Vehicle_4,,,0.0,30.0
1,Electric_Vehicle_4,13.0,74.1,,
1,Electric_Vehicle_4,12.0,74.1,,
1,Electric_Vehicle_4,11.0,74.1,,
1,Electric_Vehicle_4,10.0,74.1,,
1,Electric_Vehicle_4,9.0,74.1,,
1,Electric_Vehicle_4,8.0,74.1,,
1,Electric_Vehicle_4,7.0,74.1,,
1,Electric_Vehicle_4,6.0,74.1,,
1,Electric_Vehicle_4,5.0,74.1,,
1,Electric_Vehicle_4,4.0,74.1,,
1,Electric_Vehicle_4,3.0,74.1,,
1,Electric_Vehicle_4,2.0,74.1,,
1,Electric_Vehicle_4,1.0,74.1,,
1,Electric_Vehicle_4,0.0,74.1,,
3,,,,,
3,,,,,
3,,,,,
3,,,,,
3,,,,,
3,,,,,
3,,,,,
3,,,,,
3,,,,,
2,Electric_Vehicle_4,,,0.0,34.6
1,Electric_Vehicle_4,36.0,84.9,,
1,Electric_Vehicle_4,35.0,84.9,,
1,Electric_Vehicle_4,34.0,84.9,,
1,Electric_Vehicle_4,33.0,84.9,,
1,Electric_Vehicle_4,32.0,84.9,,
1,Electric_Vehicle_4,31.0,84.9,,
1,Electric_Vehicle_4,30.0,84.9,,
1,Electric_Vehicle_4,29.0,84.9,,
1,Electric_Vehicle_4,28.0,84.9,,
1,Electric_Vehicle_4,27.0,84.9,,
1,Electric_Vehicle_4,26.0,84.9,,
1,Electric_Vehicle_4,25.0,84.9,,
1,Electric_Vehicle_4,24.0,84.9,,
1,Electric_Vehicle_4,23.0,84.9,,
1,Electric_Vehicle_4,22.0,84.9,,
1,Electric_Vehicle_4,21.0,84.9,,
1,Electric_Vehicle_4,20.0,84.9,,
1,Electric_Vehicle_4,19.0,84.9,,
1,Electric_Vehicle_4,18.0,84.9,,
1,Electric_Vehicle_4,17.0,84.9,,
1,Electric_Vehicle_4,16.0,84.9,,
1,Electric_Vehicle_4,15.0,84.9,,
1,Electric_Vehicle_4,14.0,84.9,,
1,Electric_Vehicle_4,13.0,84.9,,
1,Electric_Vehicle_4,12.0,84.9,,
1,Electric_Vehicle_4,11.0,84.9,,
1,Electric_Vehicle_4,10.0,84.9,,
1,Electric_Vehicle_4,9.0,84.9,,
1,Electric_Vehicle_4,8.0,84.9,,
1,Electric_Vehicle_4,7.0,84.9,,
1,Electric_Vehicle_4,6.0,84.9,,
1,Electric_Vehicle_4,5.0,84.9,,
1,Electric_Vehicle_4,4.0,84.9,,
1,Electric_Vehicle_4,3.0,84.9,,
1,Electric_Vehicle_4,2.0,84.9,,
1,Electric_Vehicle_4,1.0,84.9,,
1,Electric_Vehicle_4,0.0,84.9,,
3,,,,,
3,,,,,
3,,,,,
3,,,,,
3,,,,,
3,,,,,
3,,,,,
3,,,,,
3,,,,,
3,,,,,
2,Electric_Vehicle_4,,,0.0,50.0
1,Electric_Vehicle_4,36.0,73.6,,
1,Electric_Vehicle_4,35.0,73.6,,
1,Electric_Vehicle_4,34.0,73.6,,
1,Electric_Vehicle_4,33.0,73.6,,
1,Electric_Vehicle_4,32.0,73.6,,
1,Electric_Vehicle_4,31.0,73.6,,
1,Electric_Vehicle_4,30.0,73.6,,
1,Electric_Vehicle_4,29.0,73.6,,
1,Electric_Vehicle_4,28.0,73.6,,
1,Electric_Vehicle_4,27.0,73.6,,
1,Electric_Vehicle_4,26.0,73.6,,
1,Electric_Vehicle_4,25.0,73.6,,
1,Electric_Vehicle_4,24.0,73.6,,
1,Electric_Vehicle_4,23.0,73.6,,
1,Electric_Vehicle_4,22.0,73.6,,
1,Electric_Vehicle_4,21.0,73.6,,
1,Electric_Vehicle_4,20.0,73.6,,
1,Electric_Vehicle_4,19.0,73.6,,
1,Electric_Vehicle_4,18.0,73.6,,
1,Electric_Vehicle_4,17.0,73.6,,
1,Electric_Vehicle_4,16.0,73.6,,
1,Electric_Vehicle_4,15.0,73.6,,
1,Electric_Vehicle_4,14.0,73.6,,
1,Electric_Vehicle_4,13.0,73.6,,
1,Electric_Vehicle_4,12.0,73.6,,
1,Electric_Vehicle_4,11.0,73.6,,
1,Electric_Vehicle_4,10.0,73.6,,
1,Electric_Vehicle_4,9.0,73.6,,
1,Electric_Vehicle_4,8.0,73.6,,
1,Electric_Vehicle_4,7.0,73.6,,
1,Electric_Vehicle_4,6.0,73.6,,
1,Electric_Vehicle_4,5.0,73.6,,
1,Electric_Vehicle_4,4.0,73.6,,
1,Electric_Vehicle_4,3.0,73.6,,
1,Electric_Vehicle_4,2.0,73.6,,
1,Electric_Vehicle_4,1.0,73.6,,
1,Electric_Vehicle_4,0.0,73.6,,
3,,,,,
3,,,,,
3,,,,,
3,,,,,
3,,,,,
3,,,,,
3,,,,,
3,,,,,
2,Electric_Vehicle_4,,,0.0,47.9
1,Electric_Vehicle_4,14.0,75.4,,
1,Electric_Vehicle_4,13.0,75.4,,
1,Electric_Vehicle_4,12.0,75.4,,
1,Electric_Vehicle_4,11.0,75.4,,
1,Electric_Vehicle_4,10.0,75.4,,
1,Electric_Vehicle_4,9.0,75.4,,
1,Electric_Vehicle_4,8.0,75.4,,
1,Electric_Vehicle_4,7.0,75.4,,
1,Electric_Vehicle_4,6.0,75.4,,
1,Electric_Vehicle_4,5.0,75.4,,
1,Electric_Vehicle_4,4.0,75.4,,
1,Electric_Vehicle_4,3.0,75.4,,
1,Electric_Vehicle_4,2.0,75.4,,
1,Electric_Vehicle_4,1.0,75.4,,
1,Electric_Vehicle_4,0.0,75.4,,
3,,,,,
3,,,,,
3,,,,,
3,,,,,
3,,,,,
3,,,,,
3,,,,,
3,,,,,
2,Electric_Vehicle_4,,,0.0,44.5
1,Electric_Vehicle_4,16.0,89.4,,
1,Electric_Vehicle_4,15.0,89.4,,
1,Electric_Vehicle_4,14.0,89.4,,
1,Electric_Vehicle_4,13.0,89.4,,
1,Electric_Vehicle_4,12.0,89.4,,
1,Electric_Vehicle_4,11.0,89.4,,
1,Electric_Vehicle_4,10.0,89.4,,
1,Electric_Vehicle_4,9.0,89.4,,
1,Electric_Vehicle_4,8.0,89.4,,
1,Electric_Vehicle_4,7.0,89.4,,
1,Electric_Vehicle_4,6.0,89.4,,
1,Electric_Vehicle_4,5.0,89.4,,
1,Electric_Vehicle_4,4.0,89.4,,
1,Electric_Vehicle_4,3.0,89.4,,
1,Electric_Vehicle_4,2.0,89.4,,
1,Electric_Vehicle_4,1.0,89.4,,
1,Electric_Vehicle_4,0.0,89.4,,
3,,,,,
3,,,,,
3,,,,,
3,,,,,
3,,,,,
3,,,,,
2,Electric_Vehicle_4,,,0.0,54.7
1,Electric_Vehicle_4,15.0,71.4,,
1,Electric_Vehicle_4,14.0,71.4,,
1,Electric_Vehicle_4,13.0,71.4,,
1,Electric_Vehicle_4,12.0,71.4,,
1,Electric_Vehicle_4,11.0,71.4,,
1,Electric_Vehicle_4,10.0,71.4,,
1,Electric_Vehicle_4,9.0,71.4,,
1,Electric_Vehicle_4,8.0,71.4,,
1,Electric_Vehicle_4,7.0,71.4,,
1,Electric_Vehicle_4,6.0,71.4,,
1,Electric_Vehicle_4,5.0,71.4,,
1,Electric_Vehicle_4,4.0,71.4,,
1,Electric_Vehicle_4,3.0,71.4,,
1,Electric_Vehicle_4,2.0,71.4,,
1,Electric_Vehicle_4,1.0,71.4,,
1,Electric_Vehicle_4,0.0,71.4,,
3,,,,,
3,,,,,
3,,,,,
3,,,,,
3,,,,,
3,,,,,
3,,,,,
3,,,,,
3,,,,,
2,Electric_Vehicle_4,,,0.0,33.1
1,Electric_Vehicle_4,12.0,74.8,,
1,Electric_Vehicle_4,11.0,74.8,,
1,Electric_Vehicle_4,10.0,74.8,,
1,Electric_Vehicle_4,9.0,74.8,,
1,Electric_Vehicle_4,8.0,74.8,,
1,Electric_Vehicle_4,7.0,74.8,,
1,Electric_Vehicle_4,6.0,74.8,,
1,Electric_Vehicle_4,5.0,74.8,,
1,Electric_Vehicle_4,4.0,74.8,,
1,Electric_Vehicle_4,3.0,74.8,,
1,Electric_Vehicle_4,2.0,74.8,,
1,Electric_Vehicle_4,1.0,74.8,,
1,Electric_Vehicle_4,0.0,74.8,,
3,,,,,
3,,,,,
3,,,,,
3,,,,,
3,,,,,
3,,,,,
3,,,,,
3,,,,,
3,,,,,
2,Electric_Vehicle_4,,,0.0,51.0
1,Electric_Vehicle_4,14.0,74.4,,
1,Electric_Vehicle_4,13.0,74.4,,
1,Electric_Vehicle_4,12.0,74.4,,
1,Electric_Vehicle_4,11.0,74.4,,
1,Electric_Vehicle_4,10.0,74.4,,
1,Electric_Vehicle_4,9.0,74.4,,
1,Electric_Vehicle_4,8.0,74.4,,
1,Electric_Vehicle_4,7.0,74.4,,
1,Electric_Vehicle_4,6.0,74.4,,
1,Electric_Vehicle_4,5.0,74.4,,
1,Electric_Vehicle_4,4.0,74.4,,
1,Electric_Vehicle_4,3.0,74.4,,
1,Electric_Vehicle_4,2.0,74.4,,
1,Electric_Vehicle_4,1.0,74.4,,
1,Electric_Vehicle_4,0.0,74.4,,
3,,,,,
3,,,,,
3,,,,,
3,,,,,
3,,,,,
3,,,,,
3,,,,,
3,,,,,
3,,,,,
3,,,,,
2,Electric_Vehicle_4,,,0.0,24.9
1,Electric_Vehicle_4,16.0,75.5,,
1,Electric_Vehicle_4,15.0,75.5,,
1,Electric_Vehicle_4,14.0,75.5,,
1,Electric_Vehicle_4,13.0,75.5,,
1,Electric_Vehicle_4,12.0,75.5,,
1,Electric_Vehicle_4,11.0,75.5,,
1,Electric_Vehicle_4,10.0,75.5,,
1,Electric_Vehicle_4,9.0,75.5,,
1,Electric_Vehicle_4,8.0,75.5,,
1,Electric_Vehicle_4,7.0,75.5,,
1,Electric_Vehicle_4,6.0,75.5,,
1,Electric_Vehicle_4,5.0,75.5,,
1,Electric_Vehicle_4,4.0,75.5,,
1,Electric_Vehicle_4,3.0,75.5,,
1,Electric_Vehicle_4,2.0,75.5,,
1,Electric_Vehicle_4,1.0,75.5,,
1,Electric_Vehicle_4,0.0,75.5,,
3,,,,,
3,,,,,
3,,,,,
3,,,,,
2,Electric_Vehicle_4,,,0.0,33.3
1,Electric_Vehicle_4,37.0,89.9,,
1,Electric_Vehicle_4,36.0,89.9,,
1,Electric_Vehicle_4,35.0,89.9,,
1,Electric_Vehicle_4,34.0,89.9,,
1,Electric_Vehicle_4,33.0,89.9,,
1,Electric_Vehicle_4,32.0,89.9,,
1,Electric_Vehicle_4,31.0,89.9,,
1,Electric_Vehicle_4,30.0,89.9,,
1,Electric_Vehicle_4,29.0,89.9,,
1,Electric_Vehicle_4,28.0,89.9,,
1,Electric_Vehicle_4,27.0,89.9,,
1,Electric_Vehicle_4,26.0,89.9,,
1,Electric_Vehicle_4,25.0,89.9,,
1,Electric_Vehicle_4,24.0,89.9,,
1,Electric_Vehicle_4,23.0,89.9,,
1,Electric_Vehicle_4,22.0,89.9,,
1,Electric_Vehicle_4,21.0,89.9,,
1,Electric_Vehicle_4,20.0,89.9,,
1,Electric_Vehicle_4,19.0,89.9,,
1,Electric_Vehicle_4,18.0,89.9,,
1,Electric_Vehicle_4,17.0,89.9,,
1,Electric_Vehicle_4,16.0,89.9,,
1,Electric_Vehicle_4,15.0,89.9,,
1,Electric_Vehicle_4,14.0,89.9,,
1,Electric_Vehicle_4,13.0,89.9,,
1,Electric_Vehicle_4,12.0,89.9,,
1,Electric_Vehicle_4,11.0,89.9,,
1,Electric_Vehicle_4,10.0,89.9,,
1,Electric_Vehicle_4,9.0,89.9,,
1,Electric_Vehicle_4,8.0,89.9,,
1,Electric_Vehicle_4,7.0,89.9,,
1,Electric_Vehicle_4,6.0,89.9,,
1,Electric_Vehicle_4,5.0,89.9,,
1,Electric_Vehicle_4,4.0,89.9,,
1,Electric_Vehicle_4,3.0,89.9,,
1,Electric_Vehicle_4,2.0,89.9,,
1,Electric_Vehicle_4,1.0,89.9,,
1,Electric_Vehicle_4,0.0,89.9,,
3,,,,,
3,,,,,
3,,,,,
3,,,,,
3,,,,,
3,,,,,
3,,,,,
3,,,,,
3,,,,,
2,Electric_Vehicle_4,,,0.0,50.8
1,Electric_Vehicle_4,12.0,79.5,,
1,Electric_Vehicle_4,11.0,79.5,,
1,Electric_Vehicle_4,10.0,79.5,,
1,Electric_Vehicle_4,9.0,79.5,,
1,Electric_Vehicle_4,8.0,79.5,,
1,Electric_Vehicle_4,7.0,79.5,,
1,Electric_Vehicle_4,6.0,79.5,,
1,Electric_Vehicle_4,5.0,79.5,,
1,Electric_Vehicle_4,4.0,79.5,,
1,Electric_Vehicle_4,3.0,79.5,,
1,Electric_Vehicle_4,2.0,79.5,,
1,Electric_Vehicle_4,1.0,79.5,,
1,Electric_Vehicle_4,0.0,79.5,,
3,,,,,
3,,,,,
3,,,,,
3,,,,,
3,,,,,
3,,,,,
3,,,,,
3,,,,,
3,,,,,
3,,,,,
2,Electric_Vehicle_4,,,0.0,40.8
1,Electric_Vehicle_4,14.0,73.7,,
1,Electric_Vehicle_4,13.0,73.7,,
1,Electric_Vehicle_4,12.0,73.7,,
1,Electric_Vehicle_4,11.0,73.7,,
1,Electric_Vehicle_4,10.0,73.7,,
1,Electric_Vehicle_4,9.0,73.7,,
1,Electric_Vehicle_4,8.0,73.7,,
1,Electric_Vehicle_4,7.0,73.7,,
1,Electric_Vehicle_4,6.0,73.7,,
1,Electric_Vehicle_4,5.0,73.7,,
1,Electric_Vehicle_4,4.0,73.7,,
1,Electric_Vehicle_4,3.0,73.7,,
1,Electric_Vehicle_4,2.0,73.7,,
1,Electric_Vehicle_4,1.0,73.7,,
1,Electric_Vehicle_4,0.0,73.7,,
3,,,,,
3,,,,,
3,,,,,
3,,,,,
3,,,,,
3,,,,,
3,,,,,
3,,,,,
2,Electric_Vehicle_4,,,0.0,41.2
1,Electric_Vehicle_4,38.0,86.0,,
1,Electric_Vehicle_4,37.0,86.0,,
1,Electric_Vehicle_4,36.0,86.0,,
1,Electric_Vehicle_4,35.0,86.0,,
1,Electric_Vehicle_4,34.0,86.0,,
1,Electric_Vehicle_4,33.0,86.0,,
1,Electric_Vehicle_4,32.0,86.0,,
1,Electric_Vehicle_4,31.0,86.0,,
1,Electric_Vehicle_4,30.0,86.0,,
1,Electric_Vehicle_4,29.0,86.0,,
1,Electric_Vehicle_4,28.0,86.0,,
1,Electric_Vehicle_4,27.0,86.0,,
1,Electric_Vehicle_4,26.0,86.0,,
1,Electric_Vehicle_4,25.0,86.0,,
1,Electric_Vehicle_4,24.0,86.0,,
1,Electric_Vehicle_4,23.0,86.0,,
1,Electric_Vehicle_4,22.0,86.0,,
1,Electric_Vehicle_4,21.0,86.0,,
1,Electric_Vehicle_4,20.0,86.0,,
1,Electric_Vehicle_4,19.0,86.0,,
1,Electric_Vehicle_4,18.0,86.0,,
1,Electric_Vehicle_4,17.0,86.0,,
1,Electric_Vehicle_4,16.0,86.0,,
1,Electric_Vehicle_4,15.0,86.0,,
1,Electric_Vehicle_4,14.0,86.0,,
1,Electric_Vehicle_4,13.0,86.0,,
1,Electric_Vehicle_4,12.0,86.0,,
1,Electric_Vehicle_4,11.0,86.0,,
1,Electric_Vehicle_4,10.0,86.0,,
1,Electric_Vehicle_4,9.0,86.0,,
1,Electric_Vehicle_4,8.0,86.0,,
1,Electric_Vehicle_4,7.0,86.0,,
1,Electric_Vehicle_4,6.0,86.0,,
1,Electric_Vehicle_4,5.0,86.0,,
1,Electric_Vehicle_4,4.0,86.0,,
1,Electric_Vehicle_4,3.0,86.0,,
1,Electric_Vehicle_4,2.0,86.0,,
1,Electric_Vehicle_4,1.0,86.0,,
1,Electric_Vehicle_4,0.0,86.0,,
3,,,,,
3,,,,,
3,,,,,
3,,,,,
3,,,,,
3,,,,,
3,,,,,
3,,,,,
2,Electric_Vehicle_4,,,0.0,31.2
1,Electric_Vehicle_4,40.0,85.0,,
1,Electric_Vehicle_4,39.0,85.0,,
1,Electric_Vehicle_4,38.0,85.0,,
1,Electric_Vehicle_4,37.0,85.0,,
1,Electric_Vehicle_4,36.0,85.0,,
1,Electric_Vehicle_4,35.0,85.0,,
1,Electric_Vehicle_4,34.0,85.0,,
1,Electric_Vehicle_4,33.0,85.0,,
1,Electric_Vehicle_4,32.0,85.0,,
1,Electric_Vehicle_4,31.0,85.0,,
1,Electric_Vehicle_4,30.0,85.0,,
1,Electric_Vehicle_4,29.0,85.0,,
1,Electric_Vehicle_4,28.0,85.0,,
1,Electric_Vehicle_4,27.0,85.0,,
1,Electric_Vehicle_4,26.0,85.0,,
1,Electric_Vehicle_4,25.0,85.0,,
1,Electric_Vehicle_4,24.0,85.0,,
1,Electric_Vehicle_4,23.0,85.0,,
1,Electric_Vehicle_4,22.0,85.0,,
1,Electric_Vehicle_4,21.0,85.0,,
1,Electric_Vehicle_4,20.0,85.0,,
1,Electric_Vehicle_4,19.0,85.0,,
1,Electric_Vehicle_4,18.0,85.0,,
1,Electric_Vehicle_4,17.0,85.0,,
1,Electric_Vehicle_4,16.0,85.0,,
1,Electric_Vehicle_4,15.0,85.0,,
1,Electric_Vehicle_4,14.0,85.0,,
1,Electric_Vehicle_4,13.0,85.0,,
1,Electric_Vehicle_4,12.0,85.0,,
1,Electric_Vehicle_4,11.0,85.0,,
1,Electric_Vehicle_4,10.0,85.0,,
1,Electric_Vehicle_4,9.0,85.0,,
1,Electric_Vehicle_4,8.0,85.0,,
1,Electric_Vehicle_4,7.0,85.0,,
1,Electric_Vehicle_4,6.0,85.0,,
1,Electric_Vehicle_4,5.0,85.0,,
1,Electric_Vehicle_4,4.0,85.0,,
1,Electric_Vehicle_4,3.0,85.0,,
1,Electric_Vehicle_4,2.0,85.0,,
1,Electric_Vehicle_4,1.0,85.0,,
1,Electric_Vehicle_4,0.0,85.0,,
3,,,,,
3,,,,,
3,,,,,
3,,,,,
3,,,,,
2,Electric_Vehicle_4,,,0.0,34.8
1,Electric_Vehicle_4,14.0,87.9,,
1,Electric_Vehicle_4,13.0,87.9,,
1,Electric_Vehicle_4,12.0,87.9,,
1,Electric_Vehicle_4,11.0,87.9,,
1,Electric_Vehicle_4,10.0,87.9,,
1,Electric_Vehicle_4,9.0,87.9,,
1,Electric_Vehicle_4,8.0,87.9,,
1,Electric_Vehicle_4,7.0,87.9,,
1,Electric_Vehicle_4,6.0,87.9,,
1,Electric_Vehicle_4,5.0,87.9,,
1,Electric_Vehicle_4,4.0,87.9,,
1,Electric_Vehicle_4,3.0,87.9,,
1,Electric_Vehicle_4,2.0,87.9,,
1,Electric_Vehicle_4,1.0,87.9,,
1,Electric_Vehicle_4,0.0,87.9,,
3,,,,,
3,,,,,
3,,,,,
3,,,,,
3,,,,,
3,,,,,
3,,,,,
3,,,,,
3,,,,,
3,,,,,
2,Electric_Vehicle_4,,,0.0,39.1
1,Electric_Vehicle_4,12.0,83.4,,
1,Electric_Vehicle_4,11.0,83.4,,
1,Electric_Vehicle_4,10.0,83.4,,
1,Electric_Vehicle_4,9.0,83.4,,
1,Electric_Vehicle_4,8.0,83.4,,
1,Electric_Vehicle_4,7.0,83.4,,
1,Electric_Vehicle_4,6.0,83.4,,
1,Electric_Vehicle_4,5.0,83.4,,
1,Electric_Vehicle_4,4.0,83.4,,
1,Electric_Vehicle_4,3.0,83.4,,
1,Electric_Vehicle_4,2.0,83.4,,
1,Electric_Vehicle_4,1.0,83.4,,
1,Electric_Vehicle_4,0.0,83.4,,
3,,,,,
3,,,,,
3,,,,,
3,,,,,
3,,,,,
3,,,,,
3,,,,,
3,,,,,
3,,,,,
3,,,,,
2,Electric_Vehicle_4,,,0.0,37.2
1,Electric_Vehicle_4,14.0,76.6,,
1,Electric_Vehicle_4,13.0,76.6,,
1,Electric_Vehicle_4,12.0,76.6,,
1,Electric_Vehicle_4,11.0,76.6,,
1,Electric_Vehicle_4,10.0,76.6,,
1,Electric_Vehicle_4,9.0,76.6,,
1,Electric_Vehicle_4,8.0,76.6,,
1,Electric_Vehicle_4,7.0,76.6,,
1,Electric_Vehicle_4,6.0,76.6,,
1,Electric_Vehicle_4,5.0,76.6,,
1,Electric_Vehicle_4,4.0,76.6,,
1,Electric_Vehicle_4,3.0,76.6,,
1,Electric_Vehicle_4,2.0,76.6,,
1,Electric_Vehicle_4,1.0,76.6,,
1,Electric_Vehicle_4,0.0,76.6,,
3,,,,,
3,,,,,
3,,,,,
3,,,,,
3,,,,,
3,,,,,
3,,,,,
3,,,,,
2,Electric_Vehicle_4,,,0.0,48.0
1,Electric_Vehicle_4,13.0,81.6,,
1,Electric_Vehicle_4,12.0,81.6,,
1,Electric_Vehicle_4,11.0,81.6,,
1,Electric_Vehicle_4,10.0,81.6,,
1,Electric_Vehicle_4,9.0,81.6,,
1,Electric_Vehicle_4,8.0,81.6,,
1,Electric_Vehicle_4,7.0,81.6,,
1,Electric_Vehicle_4,6.0,81.6,,
1,Electric_Vehicle_4,5.0,81.6,,
1,Electric_Vehicle_4,4.0,81.6,,
1,Electric_Vehicle_4,3.0,81.6,,
1,Electric_Vehicle_4,2.0,81.6,,
1,Electric_Vehicle_4,1.0,81.6,,
1,Electric_Vehicle_4,0.0,81.6,,
3,,,,,
3,,,,,
3,,,,,
3,,,,,
3,,,,,
3,,,,,
3,,,,,
3,,,,,
2,Electric_Vehicle_4,,,0.0,32.7
1,Electric_Vehicle_4,15.0,79.1,,
1,Electric_Vehicle_4,14.0,79.1,,
1,Electric_Vehicle_4,13.0,79.1,,
1,Electric_Vehicle_4,12.0,79.1,,
1,Electric_Vehicle_4,11.0,79.1,,
1,Electric_Vehicle_4,10.0,79.1,,
1,Electric_Vehicle_4,9.0,79.1,,
1,Electric_Vehicle_4,8.0,79.1,,
1,Electric_Vehicle_4,7.0,79.1,,
1,Electric_Vehicle_4,6.0,79.1,,
1,Electric_Vehicle_4,5.0,79.1,,
1,Electric_Vehicle_4,4.0,79.1,,
1,Electric_Vehicle_4,3.0,79.1,,
1,Electric_Vehicle_4,2.0,79.1,,
1,Electric_Vehicle_4,1.0,79.1,,
1,Electric_Vehicle_4,0.0,79.1,,
3,,,,,
3,,,,,
3,,,,,
3,,,,,
3,,,,,
3,,,,,
3,,,,,
3,,,,,
2,Electric_Vehicle_4,,,0.0,30.0
1,Electric_Vehicle_4,40.0,83.2,,
1,Electric_Vehicle_4,39.0,83.2,,
1,Electric_Vehicle_4,38.0,83.2,,
1,Electric_Vehicle_4,37.0,83.2,,
1,Electric_Vehicle_4,36.0,83.2,,
1,Electric_Vehicle_4,35.0,83.2,,
1,Electric_Vehicle_4,34.0,83.2,,
1,Electric_Vehicle_4,33.0,83.2,,
1,Electric_Vehicle_4,32.0,83.2,,
1,Electric_Vehicle_4,31.0,83.2,,
1,Electric_Vehicle_4,30.0,83.2,,
1,Electric_Vehicle_4,29.0,83.2,,
1,Electric_Vehicle_4,28.0,83.2,,
1,Electric_Vehicle_4,27.0,83.2,,
1,Electric_Vehicle_4,26.0,83.2,,
1,Electric_Vehicle_4,25.0,83.2,,
1,Electric_Vehicle_4,24.0,83.2,,
1,Electric_Vehicle_4,23.0,83.2,,
1,Electric_Vehicle_4,22.0,83.2,,
1,Electric_Vehicle_4,21.0,83.2,,
1,Electric_Vehicle_4,20.0,83.2,,
1,Electric_Vehicle_4,19.0,83.2,,
1,Electric_Vehicle_4,18.0,83.2,,
1,Electric_Vehicle_4,17.0,83.2,,
1,Electric_Vehicle_4,16.0,83.2,,
1,Electric_Vehicle_4,15.0,83.2,,
1,Electric_Vehicle_4,14.0,83.2,,
1,Electric_Vehicle_4,13.0,83.2,,
1,Electric_Vehicle_4,12.0,83.2,,
1,Electric_Vehicle_4,11.0,83.2,,
1,Electric_Vehicle_4,10.0,83.2,,
1,Electric_Vehicle_4,9.0,83.2,,
1,Electric_Vehicle_4,8.0,83.2,,
1,Electric_Vehicle_4,7.0,83.2,,
1,Electric_Vehicle_4,6.0,83.2,,
1,Electric_Vehicle_4,5.0,83.2,,
1,Electric_Vehicle_4,4.0,83.2,,
1,Electric_Vehicle_4,3.0,83.2,,
1,Electric_Vehicle_4,2.0,83.2,,
1,Electric_Vehicle_4,1.0,83.2,,
1,Electric_Vehicle_4,0.0,83.2,,
3,,,,,
3,,,,,
3,,,,,
3,,,,,
2,Electric_Vehicle_4,,,0.0,51.2
1,Electric_Vehicle_4,14.0,84.1,,
1,Electric_Vehicle_4,13.0,84.1,,
1,Electric_Vehicle_4,12.0,84.1,,
1,Electric_Vehicle_4,11.0,84.1,,
1,Electric_Vehicle_4,10.0,84.1,,
1,Electric_Vehicle_4,9.0,84.1,,
1,Electric_Vehicle_4,8.0,84.1,,
1,Electric_Vehicle_4,7.0,84.1,,
1,Electric_Vehicle_4,6.0,84.1,,
1,Electric_Vehicle_4,5.0,84.1,,
1,Electric_Vehicle_4,4.0,84.1,,
1,Electric_Vehicle_4,3.0,84.1,,
1,Electric_Vehicle_4,2.0,84.1,,
1,Electric_Vehicle_4,1.0,84.1,,
1,Electric_Vehicle_4,0.0,84.1,,
3,,,,,
3,,,,,
3,,,,,
3,,,,,
3,,,,,
3,,,,,
3,,,,,
3,,,,,
3,,,,,
2,Electric_Vehicle_4,,,0.0,50.4
1,Electric_Vehicle_4,13.0,78.3,,
1,Electric_Vehicle_4,12.0,78.3,,
1,Electric_Vehicle_4,11.0,78.3,,
1,Electric_Vehicle_4,10.0,78.3,,
1,Electric_Vehicle_4,9.0,78.3,,
1,Electric_Vehicle_4,8.0,78.3,,
1,Electric_Vehicle_4,7.0,78.3,,
1,Electric_Vehicle_4,6.0,78.3,,
1,Electric_Vehicle_4,5.0,78.3,,
1,Electric_Vehicle_4,4.0,78.3,,
1,Electric_Vehicle_4,3.0,78.3,,
1,Electric_Vehicle_4,2.0,78.3,,
1,Electric_Vehicle_4,1.0,78.3,,
1,Electric_Vehicle_4,0.0,78.3,,
3,,,,,
3,,,,,
3,,,,,
3,,,,,
3,,,,,
3,,,,,
3,,,,,
2,Electric_Vehicle_4,,,0.0,43.8
1,Electric_Vehicle_4,17.0,82.3,,
1,Electric_Vehicle_4,16.0,82.3,,
1,Electric_Vehicle_4,15.0,82.3,,
1,Electric_Vehicle_4,14.0,82.3,,
1,Electric_Vehicle_4,13.0,82.3,,
1,Electric_Vehicle_4,12.0,82.3,,
1,Electric_Vehicle_4,11.0,82.3,,
1,Electric_Vehicle_4,10.0,82.3,,
1,Electric_Vehicle_4,9.0,82.3,,
1,Electric_Vehicle_4,8.0,82.3,,
1,Electric_Vehicle_4,7.0,82.3,,
1,Electric_Vehicle_4,6.0,82.3,,
1,Electric_Vehicle_4,5.0,82.3,,
1,Electric_Vehicle_4,4.0,82.3,,
1,Electric_Vehicle_4,3.0,82.3,,
1,Electric_Vehicle_4,2.0,82.3,,
1,Electric_Vehicle_4,1.0,82.3,,
1,Electric_Vehicle_4,0.0,82.3,,
3,,,,,
3,,,,,
3,,,,,
3,,,,,
3,,,,,
2,Electric_Vehicle_4,,,0.0,45.9
1,Electric_Vehicle_4,16.0,82.4,,
1,Electric_Vehicle_4,15.0,82.4,,
1,Electric_Vehicle_4,14.0,82.4,,
1,Electric_Vehicle_4,13.0,82.4,,
1,Electric_Vehicle_4,12.0,82.4,,
1,Electric_Vehicle_4,11.0,82.4,,
1,Electric_Vehicle_4,10.0,82.4,,
1,Electric_Vehicle_4,9.0,82.4,,
1,Electric_Vehicle_4,8.0,82.4,,
1,Electric_Vehicle_4,7.0,82.4,,
1,Electric_Vehicle_4,6.0,82.4,,
1,Electric_Vehicle_4,5.0,82.4,,
1,Electric_Vehicle_4,4.0,82.4,,
1,Electric_Vehicle_4,3.0,82.4,,
1,Electric_Vehicle_4,2.0,82.4,,
1,Electric_Vehicle_4,1.0,82.4,,
1,Electric_Vehicle_4,0.0,82.4,,
3,,,,,
3,,,,,
3,,,,,
3,,,,,
3,,,,,
2,Electric_Vehicle_4,,,0.0,27.5
1,Electric_Vehicle_4,17.0,82.9,,
1,Electric_Vehicle_4,16.0,82.9,,
1,Electric_Vehicle_4,15.0,82.9,,
1,Electric_Vehicle_4,14.0,82.9,,
1,Electric_Vehicle_4,13.0,82.9,,
1,Electric_Vehicle_4,12.0,82.9,,
1,Electric_Vehicle_4,11.0,82.9,,
1,Electric_Vehicle_4,10.0,82.9,,
1,Electric_Vehicle_4,9.0,82.9,,
1,Electric_Vehicle_4,8.0,82.9,,
1,Electric_Vehicle_4,7.0,82.9,,
1,Electric_Vehicle_4,6.0,82.9,,
1,Electric_Vehicle_4,5.0,82.9,,
1,Electric_Vehicle_4,4.0,82.9,,
1,Electric_Vehicle_4,3.0,82.9,,
1,Electric_Vehicle_4,2.0,82.9,,
1,Electric_Vehicle_4,1.0,82.9,,
1,Electric_Vehicle_4,0.0,82.9,,
3,,,,,
3,,,,,
3,,,,,
3,,,,,
3,,,,,
3,,,,,
3,,,,,
3,,,,,
3,,,,,
3,,,,,
2,Electric_Vehicle_4,,,0.0,38.1
1,Electric_Vehicle_4,38.0,75.2,,
1,Electric_Vehicle_4,37.0,75.2,,
1,Electric_Vehicle_4,36.0,75.2,,
1,Electric_Vehicle_4,35.0,75.2,,
1,Electric_Vehicle_4,34.0,75.2,,
1,Electric_Vehicle_4,33.0,75.2,,
1,Electric_Vehicle_4,32.0,75.2,,
1,Electric_Vehicle_4,31.0,75.2,,
1,Electric_Vehicle_4,30.0,75.2,,
1,Electric_Vehicle_4,29.0,75.2,,
1,Electric_Vehicle_4,28.0,75.2,,
1,Electric_Vehicle_4,27.0,75.2,,
1,Electric_Vehicle_4,26.0,75.2,,
1,Electric_Vehicle_4,25.0,75.2,,
1,Electric_Vehicle_4,24.0,75.2,,
1,Electric_Vehicle_4,23.0,75.2,,
1,Electric_Vehicle_4,22.0,75.2,,
1,Electric_Vehicle_4,21.0,75.2,,
1,Electric_Vehicle_4,20.0,75.2,,
1,Electric_Vehicle_4,19.0,75.2,,
1,Electric_Vehicle_4,18.0,75.2,,
1,Electric_Vehicle_4,17.0,75.2,,
1,Electric_Vehicle_4,16.0,75.2,,
1,Electric_Vehicle_4,15.0,75.2,,
1,Electric_Vehicle_4,14.0,75.2,,
1,Electric_Vehicle_4,13.0,75.2,,
1,Electric_Vehicle_4,12.0,75.2,,
1,Electric_Vehicle_4,11.0,75.2,,
1,Electric_Vehicle_4,10.0,75.2,,
1,Electric_Vehicle_4,9.0,75.2,,
1,Electric_Vehicle_4,8.0,75.2,,
1,Electric_Vehicle_4,7.0,75.2,,
1,Electric_Vehicle_4,6.0,75.2,,
1,Electric_Vehicle_4,5.0,75.2,,
1,Electric_Vehicle_4,4.0,75.2,,
1,Electric_Vehicle_4,3.0,75.2,,
1,Electric_Vehicle_4,2.0,75.2,,
1,Electric_Vehicle_4,1.0,75.2,,
1,Electric_Vehicle_4,0.0,75.2,,
3,,,,,
3,,,,,
3,,,,,
3,,,,,
3,,,,,
3,,,,,
3,,,,,
2,Electric_Vehicle_4,,,0.0,38.8
1,Electric_Vehicle_4,12.0,77.2,,
1,Electric_Vehicle_4,11.0,77.2,,
1,Electric_Vehicle_4,10.0,77.2,,
1,Electric_Vehicle_4,9.0,77.2,,
1,Electric_Vehicle_4,8.0,77.2,,
1,Electric_Vehicle_4,7.0,77.2,,
1,Electric_Vehicle_4,6.0,77.2,,
1,Electric_Vehicle_4,5.0,77.2,,
1,Electric_Vehicle_4,4.0,77.2,,
1,Electric_Vehicle_4,3.0,77.2,,
1,Electric_Vehicle_4,2.0,77.2,,
1,Electric_Vehicle_4,1.0,77.2,,
1,Electric_Vehicle_4,0.0,77.2,,
3,,,,,
3,,,,,
3,,,,,
3,,,,,
3,,,,,
3,,,,,
3,,,,,
3,,,,,
3,,,,,
2,Electric_Vehicle_4,,,0.0,35.3
1,Electric_Vehicle_4,40.0,87.5,,
1,Electric_Vehicle_4,39.0,87.5,,
1,Electric_Vehicle_4,38.0,87.5,,
1,Electric_Vehicle_4,37.0,87.5,,
1,Electric_Vehicle_4,36.0,87.5,,
1,Electric_Vehicle_4,35.0,87.5,,
1,Electric_Vehicle_4,34.0,87.5,,
1,Electric_Vehicle_4,33.0,87.5,,
1,Electric_Vehicle_4,32.0,87.5,,
1,Electric_Vehicle_4,31.0,87.5,,
1,Electric_Vehicle_4,30.0,87.5,,
1,Electric_Vehicle_4,29.0,87.5,,
1,Electric_Vehicle_4,28.0,87.5,,
1,Electric_Vehicle_4,27.0,87.5,,
1,Electric_Vehicle_4,26.0,87.5,,
1,Electric_Vehicle_4,25.0,87.5,,
1,Electric_Vehicle_4,24.0,87.5,,
1,Electric_Vehicle_4,23.0,87.5,,
1,Electric_Vehicle_4,22.0,87.5,,
1,Electric_Vehicle_4,21.0,87.5,,
1,Electric_Vehicle_4,20.0,87.5,,
1,Electric_Vehicle_4,19.0,87.5,,
1,Electric_Vehicle_4,18.0,87.5,,
1,Electric_Vehicle_4,17.0,87.5,,
1,Electric_Vehicle_4,16.0,87.5,,
1,Electric_Vehicle_4,15.0,87.5,,
1,Electric_Vehicle_4,14.0,87.5,,
1,Electric_Vehicle_4,13.0,87.5,,
1,Electric_Vehicle_4,12.0,87.5,,
1,Electric_Vehicle_4,11.0,87.5,,
1,Electric_Vehicle_4,10.0,87.5,,
1,Electric_Vehicle_4,9.0,87.5,,
1,Electric_Vehicle_4,8.0,87.5,,
1,Electric_Vehicle_4,7.0,87.5,,
1,Electric_Vehicle_4,6.0,87.5,,
1,Electric_Vehicle_4,5.0,87.5,,
1,Electric_Vehicle_4,4.0,87.5,,
1,Electric_Vehicle_4,3.0,87.5,,
1,Electric_Vehicle_4,2.0,87.5,,
1,Electric_Vehicle_4,1.0,87.5,,
1,Electric_Vehicle_4,0.0,87.5,,
3,,,,,
3,,,,,
3,,,,,
3,,,,,
3,,,,,
3,,,,,
2,Electric_Vehicle_4,,,0.0,27.2
1,Electric_Vehicle_4,12.0,80.7,,
1,Electric_Vehicle_4,11.0,80.7,,
1,Electric_Vehicle_4,10.0,80.7,,
1,Electric_Vehicle_4,9.0,80.7,,
1,Electric_Vehicle_4,8.0,80.7,,
1,Electric_Vehicle_4,7.0,80.7,,
1,Electric_Vehicle_4,6.0,80.7,,
1,Electric_Vehicle_4,5.0,80.7,,
1,Electric_Vehicle_4,4.0,80.7,,
1,Electric_Vehicle_4,3.0,80.7,,
1,Electric_Vehicle_4,2.0,80.7,,
1,Electric_Vehicle_4,1.0,80.7,,
1,Electric_Vehicle_4,0.0,80.7,,
3,,,,,
3,,,,,
3,,,,,
3,,,,,
3,,,,,
3,,,,,
3,,,,,
3,,,,,
3,,,,,
2,Electric_Vehicle_4,,,0.0,47.1
1,Electric_Vehicle_4,64.0,72.6,,
1,Electric_Vehicle_4,63.0,72.6,,
1,Electric_Vehicle_4,62.0,72.6,,
1,Electric_Vehicle_4,61.0,72.6,,
1,Electric_Vehicle_4,60.0,72.6,,
1,Electric_Vehicle_4,59.0,72.6,,
1,Electric_Vehicle_4,58.0,72.6,,
1,Electric_Vehicle_4,57.0,72.6,,
1,Electric_Vehicle_4,56.0,72.6,,
1,Electric_Vehicle_4,55.0,72.6,,
1,Electric_Vehicle_4,54.0,72.6,,
1,Electric_Vehicle_4,53.0,72.6,,
1,Electric_Vehicle_4,52.0,72.6,,
1,Electric_Vehicle_4,51.0,72.6,,
1,Electric_Vehicle_4,50.0,72.6,,
1,Electric_Vehicle_4,49.0,72.6,,
1,Electric_Vehicle_4,48.0,72.6,,
1,Electric_Vehicle_4,47.0,72.6,,
1,Electric_Vehicle_4,46.0,72.6,,
1,Electric_Vehicle_4,45.0,72.6,,
1,Electric_Vehicle_4,44.0,72.6,,
1,Electric_Vehicle_4,43.0,72.6,,
1,Electric_Vehicle_4,42.0,72.6,,
1,Electric_Vehicle_4,41.0,72.6,,
1,Electric_Vehicle_4,40.0,72.6,,
1,Electric_Vehicle_4,39.0,72.6,,
1,Electric_Vehicle_4,38.0,72.6,,
1,Electric_Vehicle_4,37.0,72.6,,
1,Electric_Vehicle_4,36.0,72.6,,
1,Electric_Vehicle_4,35.0,72.6,,
1,Electric_Vehicle_4,34.0,72.6,,
1,Electric_Vehicle_4,33.0,72.6,,
1,Electric_Vehicle_4,32.0,72.6,,
1,Electric_Vehicle_4,31.0,72.6,,
1,Electric_Vehicle_4,30.0,72.6,,
1,Electric_Vehicle_4,29.0,72.6,,
1,Electric_Vehicle_4,28.0,72.6,,
1,Electric_Vehicle_4,27.0,72.6,,
1,Electric_Vehicle_4,26.0,72.6,,
1,Electric_Vehicle_4,25.0,72.6,,
1,Electric_Vehicle_4,24.0,72.6,,
1,Electric_Vehicle_4,23.0,72.6,,
1,Electric_Vehicle_4,22.0,72.6,,
1,Electric_Vehicle_4,21.0,72.6,,
1,Electric_Vehicle_4,20.0,72.6,,
1,Electric_Vehicle_4,19.0,72.6,,
1,Electric_Vehicle_4,18.0,72.6,,
1,Electric_Vehicle_4,17.0,72.6,,
1,Electric_Vehicle_4,16.0,72.6,,
1,Electric_Vehicle_4,15.0,72.6,,
1,Electric_Vehicle_4,14.0,72.6,,
1,Electric_Vehicle_4,13.0,72.6,,
1,Electric_Vehicle_4,12.0,72.6,,
1,Electric_Vehicle_4,11.0,72.6,,
1,Electric_Vehicle_4,10.0,72.6,,
1,Electric_Vehicle_4,9.0,72.6,,
1,Electric_Vehicle_4,8.0,72.6,,
1,Electric_Vehicle_4,7.0,72.6,,
1,Electric_Vehicle_4,6.0,72.6,,
1,Electric_Vehicle_4,5.0,72.6,,
1,Electric_Vehicle_4,4.0,72.6,,
1,Electric_Vehicle_4,3.0,72.6,,
1,Electric_Vehicle_4,2.0,72.6,,
1,Electric_Vehicle_4,1.0,72.6,,
1,Electric_Vehicle_4,0.0,72.6,,
3,,,,,
3,,,,,
3,,,,,
2,Electric_Vehicle_4,,,0.0,30.8
1,Electric_Vehicle_4,18.0,84.0,,
1,Electric_Vehicle_4,17.0,84.0,,
1,Electric_Vehicle_4,16.0,84.0,,
1,Electric_Vehicle_4,15.0,84.0,,
1,Electric_Vehicle_4,14.0,84.0,,
1,Electric_Vehicle_4,13.0,84.0,,
1,Electric_Vehicle_4,12.0,84.0,,
1,Electric_Vehicle_4,11.0,84.0,,
1,Electric_Vehicle_4,10.0,84.0,,
1,Electric_Vehicle_4,9.0,84.0,,
1,Electric_Vehicle_4,8.0,84.0,,
1,Electric_Vehicle_4,7.0,84.0,,
1,Electric_Vehicle_4,6.0,84.0,,
1,Electric_Vehicle_4,5.0,84.0,,
1,Electric_Vehicle_4,4.0,84.0,,
1,Electric_Vehicle_4,3.0,84.0,,
1,Electric_Vehicle_4,2.0,84.0,,
1,Electric_Vehicle_4,1.0,84.0,,
1,Electric_Vehicle_4,0.0,84.0,,
3,,,,,
3,,,,,
3,,,,,
3,,,,,
3,,,,,
3,,,,,
3,,,,,
2,Electric_Vehicle_4,,,0.0,42.6
1,Electric_Vehicle_4,14.0,77.9,,
1,Electric_Vehicle_4,13.0,77.9,,
1,Electric_Vehicle_4,12.0,77.9,,
1,Electric_Vehicle_4,11.0,77.9,,
1,Electric_Vehicle_4,10.0,77.9,,
1,Electric_Vehicle_4,9.0,77.9,,
1,Electric_Vehicle_4,8.0,77.9,,
1,Electric_Vehicle_4,7.0,77.9,,
1,Electric_Vehicle_4,6.0,77.9,,
1,Electric_Vehicle_4,5.0,77.9,,
1,Electric_Vehicle_4,4.0,77.9,,
1,Electric_Vehicle_4,3.0,77.9,,
1,Electric_Vehicle_4,2.0,77.9,,
1,Electric_Vehicle_4,1.0,77.9,,
1,Electric_Vehicle_4,0.0,77.9,,
3,,,,,
3,,,,,
3,,,,,
3,,,,,
3,,,,,
3,,,,,
3,,,,,
3,,,,,
2,Electric_Vehicle_4,,,0.0,45.4
1,Electric_Vehicle_4,14.0,87.7,,
1,Electric_Vehicle_4,13.0,87.7,,
1,Electric_Vehicle_4,12.0,87.7,,
1,Electric_Vehicle_4,11.0,87.7,,
1,Electric_Vehicle_4,10.0,87.7,,
1,Electric_Vehicle_4,9.0,87.7,,
1,Electric_Vehicle_4,8.0,87.7,,
1,Electric_Vehicle_4,7.0,87.7,,
1,Electric_Vehicle_4,6.0,87.7,,
1,Electric_Vehicle_4,5.0,87.7,,
1,Electric_Vehicle_4,4.0,87.7,,
1,Electric_Vehicle_4,3.0,87.7,,
1,Electric_Vehicle_4,2.0,87.7,,
1,Electric_Vehicle_4,1.0,87.7,,
1,Electric_Vehicle_4,0.0,87.7,,
3,,,,,
3,,,,,
3,,,,,
3,,,,,
3,,,,,
3,,,,,
3,,,,,
3,,,,,
3,,,,,
3,,,,,
3,,,,,
2,Electric_Vehicle_4,,,0.0,25.5
1,Electric_Vehicle_4,11.0,75.7,,
1,Electric_Vehicle_4,10.0,75.7,,
1,Electric_Vehicle_4,9.0,75.7,,
1,Electric_Vehicle_4,8.0,75.7,,
1,Electric_Vehicle_4,7.0,75.7,,
1,Electric_Vehicle_4,6.0,75.7,,
1,Electric_Vehicle_4,5.0,75.7,,
1,Electric_Vehicle_4,4.0,75.7,,
1,Electric_Vehicle_4,3.0,75.7,,
1,Electric_Vehicle_4,2.0,75.7,,
1,Electric_Vehicle_4,1.0,75.7,,
1,Electric_Vehicle_4,0.0,75.7,,
3,,,,,
3,,,,,
3,,,,,
3,,,,,
3,,,,,
3,,,,,
3,,,,,
3,,,,,
3,,,,,
2,Electric_Vehicle_4,,,0.0,25.5
1,Electric_Vehicle_4,13.0,82.6,,
1,Electric_Vehicle_4,12.0,82.6,,
1,Electric_Vehicle_4,11.0,82.6,,
1,Electric_Vehicle_4,10.0,82.6,,
1,Electric_Vehicle_4,9.0,82.6,,
1,Electric_Vehicle_4,8.0,82.6,,
1,Electric_Vehicle_4,7.0,82.6,,
1,Electric_Vehicle_4,6.0,82.6,,
1,Electric_Vehicle_4,5.0,82.6,,
1,Electric_Vehicle_4,4.0,82.6,,
1,Electric_Vehicle_4,3.0,82.6,,
1,Electric_Vehicle_4,2.0,82.6,,
1,Electric_Vehicle_4,1.0,82.6,,
1,Electric_Vehicle_4,0.0,82.6,,
3,,,,,
3,,,,,
3,,,,,
3,,,,,
3,,,,,
3,,,,,
3,,,,,
3,,,,,
3,,,,,
2,Electric_Vehicle_4,,,0.0,43.3
1,Electric_Vehicle_4,16.0,77.8,,
1,Electric_Vehicle_4,15.0,77.8,,
1,Electric_Vehicle_4,14.0,77.8,,
1,Electric_Vehicle_4,13.0,77.8,,
1,Electric_Vehicle_4,12.0,77.8,,
1,Electric_Vehicle_4,11.0,77.8,,
1,Electric_Vehicle_4,10.0,77.8,,
1,Electric_Vehicle_4,9.0,77.8,,
1,Electric_Vehicle_4,8.0,77.8,,
1,Electric_Vehicle_4,7.0,77.8,,
1,Electric_Vehicle_4,6.0,77.8,,
1,Electric_Vehicle_4,5.0,77.8,,
1,Electric_Vehicle_4,4.0,77.8,,
1,Electric_Vehicle_4,3.0,77.8,,
1,Electric_Vehicle_4,2.0,77.8,,
1,Electric_Vehicle_4,1.0,77.8,,
1,Electric_Vehicle_4,0.0,77.8,,
3,,,,,
3,,,,,
3,,,,,
3,,,,,
3,,,,,
3,,,,,
2,Electric_Vehicle_4,,,0.0,55.6
1,Electric_Vehicle_4,15.0,76.0,,
1,Electric_Vehicle_4,14.0,76.0,,
1,Electric_Vehicle_4,13.0,76.0,,
1,Electric_Vehicle_4,12.0,76.0,,
1,Electric_Vehicle_4,11.0,76.0,,
1,Electric_Vehicle_4,10.0,76.0,,
1,Electric_Vehicle_4,9.0,76.0,,
1,Electric_Vehicle_4,8.0,76.0,,
1,Electric_Vehicle_4,7.0,76.0,,
1,Electric_Vehicle_4,6.0,76.0,,
1,Electric_Vehicle_4,5.0,76.0,,
1,Electric_Vehicle_4,4.0,76.0,,
1,Electric_Vehicle_4,3.0,76.0,,
1,Electric_Vehicle_4,2.0,76.0,,
1,Electric_Vehicle_4,1.0,76.0,,
1,Electric_Vehicle_4,0.0,76.0,,
3,,,,,
3,,,,,
3,,,,,
3,,,,,
3,,,,,
3,,,,,
2,Electric_Vehicle_4,,,0.0,42.4
1,Electric_Vehicle_4,15.0,89.0,,
1,Electric_Vehicle_4,14.0,89.0,,
1,Electric_Vehicle_4,13.0,89.0,,
1,Electric_Vehicle_4,12.0,89.0,,
1,Electric_Vehicle_4,11.0,89.0,,
1,Electric_Vehicle_4,10.0,89.0,,
1,Electric_Vehicle_4,9.0,89.0,,
1,Electric_Vehicle_4,8.0,89.0,,
1,Electric_Vehicle_4,7.0,89.0,,
1,Electric_Vehicle_4,6.0,89.0,,
1,Electric_Vehicle_4,5.0,89.0,,
1,Electric_Vehicle_4,4.0,89.0,,
1,Electric_Vehicle_4,3.0,89.0,,
1,Electric_Vehicle_4,2.0,89.0,,
1,Electric_Vehicle_4,1.0,89.0,,
1,Electric_Vehicle_4,0.0,89.0,,
3,,,,,
3,,,,,
3,,,,,
3,,,,,
3,,,,,
3,,,,,
3,,,,,
3,,,,,
3,,,,,
2,Electric_Vehicle_4,,,0.0,31.7
1,Electric_Vehicle_4,13.0,71.6,,
1,Electric_Vehicle_4,12.0,71.6,,
1,Electric_Vehicle_4,11.0,71.6,,
1,Electric_Vehicle_4,10.0,71.6,,
1,Electric_Vehicle_4,9.0,71.6,,
1,Electric_Vehicle_4,8.0,71.6,,
1,Electric_Vehicle_4,7.0,71.6,,
1,Electric_Vehicle_4,6.0,71.6,,
1,Electric_Vehicle_4,5.0,71.6,,
1,Electric_Vehicle_4,4.0,71.6,,
1,Electric_Vehicle_4,3.0,71.6,,
1,Electric_Vehicle_4,2.0,71.6,,
1,Electric_Vehicle_4,1.0,71.6,,
1,Electric_Vehicle_4,0.0,71.6,,
3,,,,,
3,,,,,
3,,,,,
3,,,,,
3,,,,,
3,,,,,
3,,,,,
2,Electric_Vehicle_4,,,0.0,43.9
1,Electric_Vehicle_4,15.0,78.4,,
1,Electric_Vehicle_4,14.0,78.4,,
1,Electric_Vehicle_4,13.0,78.4,,
1,Electric_Vehicle_4,12.0,78.4,,
1,Electric_Vehicle_4,11.0,78.4,,
1,Electric_Vehicle_4,10.0,78.4,,
1,Electric_Vehicle_4,9.0,78.4,,
1,Electric_Vehicle_4,8.0,78.4,,
1,Electric_Vehicle_4,7.0,78.4,,
1,Electric_Vehicle_4,6.0,78.4,,
1,Electric_Vehicle_4,5.0,78.4,,
1,Electric_Vehicle_4,4.0,78.4,,
1,Electric_Vehicle_4,3.0,78.4,,
1,Electric_Vehicle_4,2.0,78.4,,
1,Electric_Vehicle_4,1.0,78.4,,
1,Electric_Vehicle_4,0.0,78.4,,
3,,,,,
3,,,,,
3,,,,,
3,,,,,
3,,,,,
3,,,,,
3,,,,,
3,,,,,
2,Electric_Vehicle_4,,,0.0,37.5
1,Electric_Vehicle_4,13.0,85.2,,
1,Electric_Vehicle_4,12.0,85.2,,
1,Electric_Vehicle_4,11.0,85.2,,
1,Electric_Vehicle_4,10.0,85.2,,
1,Electric_Vehicle_4,9.0,85.2,,
1,Electric_Vehicle_4,8.0,85.2,,
1,Electric_Vehicle_4,7.0,85.2,,
1,Electric_Vehicle_4,6.0,85.2,,
1,Electric_Vehicle_4,5.0,85.2,,
1,Electric_Vehicle_4,4.0,85.2,,
1,Electric_Vehicle_4,3.0,85.2,,
1,Electric_Vehicle_4,2.0,85.2,,
1,Electric_Vehicle_4,1.0,85.2,,
1,Electric_Vehicle_4,0.0,85.2,,
3,,,,,
3,,,,,
3,,,,,
3,,,,,
3,,,,,
3,,,,,
3,,,,,
3,,,,,
3,,,,,
2,Electric_Vehicle_4,,,0.0,27.6
1,Electric_Vehicle_4,13.0,86.8,,
1,Electric_Vehicle_4,12.0,86.8,,
1,Electric_Vehicle_4,11.0,86.8,,
1,Electric_Vehicle_4,10.0,86.8,,
1,Electric_Vehicle_4,9.0,86.8,,
1,Electric_Vehicle_4,8.0,86.8,,
1,Electric_Vehicle_4,7.0,86.8,,
1,Electric_Vehicle_4,6.0,86.8,,
1,Electric_Vehicle_4,5.0,86.8,,
1,Electric_Vehicle_4,4.0,86.8,,
1,Electric_Vehicle_4,3.0,86.8,,
1,Electric_Vehicle_4,2.0,86.8,,
1,Electric_Vehicle_4,1.0,86.8,,
1,Electric_Vehicle_4,0.0,86.8,,
3,,,,,
3,,,,,
3,,,,,
3,,,,,
3,,,,,
3,,,,,
3,,,,,
3,,,,,
2,Electric_Vehicle_4,,,0.0,36.9
1,Electric_Vehicle_4,18.0,76.6,,
1,Electric_Vehicle_4,17.0,76.6,,
1,Electric_Vehicle_4,16.0,76.6,,
1,Electric_Vehicle_4,15.0,76.6,,
1,Electric_Vehicle_4,14.0,76.6,,
1,Electric_Vehicle_4,13.0,76.6,,
1,Electric_Vehicle_4,12.0,76.6,,
1,Electric_Vehicle_4,11.0,76.6,,
1,Electric_Vehicle_4,10.0,76.6,,
1,Electric_Vehicle_4,9.0,76.6,,
1,Electric_Vehicle_4,8.0,76.6,,
1,Electric_Vehicle_4,7.0,76.6,,
1,Electric_Vehicle_4,6.0,76.6,,
1,Electric_Vehicle_4,5.0,76.6,,
1,Electric_Vehicle_4,4.0,76.6,,
1,Electric_Vehicle_4,3.0,76.6,,
1,Electric_Vehicle_4,2.0,76.6,,
1,Electric_Vehicle_4,1.0,76.6,,
1,Electric_Vehicle_4,0.0,76.6,,
3,,,,,
3,,,,,
3,,,,,
2,Electric_Vehicle_4,,,0.0,58.0
1,Electric_Vehicle_4,20.0,78.4,,
1,Electric_Vehicle_4,19.0,78.4,,
1,Electric_Vehicle_4,18.0,78.4,,
1,Electric_Vehicle_4,17.0,78.4,,
1,Electric_Vehicle_4,16.0,78.4,,
1,Electric_Vehicle_4,15.0,78.4,,
1,Electric_Vehicle_4,14.0,78.4,,
1,Electric_Vehicle_4,13.0,78.4,,
1,Electric_Vehicle_4,12.0,78.4,,
1,Electric_Vehicle_4,11.0,78.4,,
1,Electric_Vehicle_4,10.0,78.4,,
1,Electric_Vehicle_4,9.0,78.4,,
1,Electric_Vehicle_4,8.0,78.4,,
1,Electric_Vehicle_4,7.0,78.4,,
1,Electric_Vehicle_4,6.0,78.4,,
1,Electric_Vehicle_4,5.0,78.4,,
1,Electric_Vehicle_4,4.0,78.4,,
1,Electric_Vehicle_4,3.0,78.4,,
1,Electric_Vehicle_4,2.0,78.4,,
1,Electric_Vehicle_4,1.0,78.4,,
1,Electric_Vehicle_4,0.0,78.4,,
3,,,,,
3,,,,,
3,,,,,
3,,,,,
2,Electric_Vehicle_4,,,0.0,36.1
1,Electric_Vehicle_4,14.0,85.2,,
1,Electric_Vehicle_4,13.0,85.2,,
1,Electric_Vehicle_4,12.0,85.2,,
1,Electric_Vehicle_4,11.0,85.2,,
1,Electric_Vehicle_4,10.0,85.2,,
1,Electric_Vehicle_4,9.0,85.2,,
1,Electric_Vehicle_4,8.0,85.2,,
1,Electric_Vehicle_4,7.0,85.2,,
1,Electric_Vehicle_4,6.0,85.2,,
1,Electric_Vehicle_4,5.0,85.2,,
1,Electric_Vehicle_4,4.0,85.2,,
1,Electric_Vehicle_4,3.0,85.2,,
1,Electric_Vehicle_4,2.0,85.2,,
1,Electric_Vehicle_4,1.0,85.2,,
1,Electric_Vehicle_4,0.0,85.2,,
3,,,,,
3,,,,,
3,,,,,
3,,,,,
3,,,,,
3,,,,,
3,,,,,
3,,,,,
2,Electric_Vehicle_4,,,0.0,42.8
1,Electric_Vehicle_4,13.0,73.6,,
1,Electric_Vehicle_4,12.0,73.6,,
1,Electric_Vehicle_4,11.0,73.6,,
1,Electric_Vehicle_4,10.0,73.6,,
1,Electric_Vehicle_4,9.0,73.6,,
1,Electric_Vehicle_4,8.0,73.6,,
1,Electric_Vehicle_4,7.0,73.6,,
1,Electric_Vehicle_4,6.0,73.6,,
1,Electric_Vehicle_4,5.0,73.6,,
1,Electric_Vehicle_4,4.0,73.6,,
1,Electric_Vehicle_4,3.0,73.6,,
1,Electric_Vehicle_4,2.0,73.6,,
1,Electric_Vehicle_4,1.0,73.6,,
1,Electric_Vehicle_4,0.0,73.6,,
3,,,,,
3,,,,,
3,,,,,
3,,,,,
3,,,,,
3,,,,,
3,,,,,
3,,,,,
3,,,,,
3,,,,,
2,Electric_Vehicle_4,,,0.0,29.1
1,Electric_Vehicle_4,12.0,70.2,,
1,Electric_Vehicle_4,11.0,70.2,,
1,Electric_Vehicle_4,10.0,70.2,,
1,Electric_Vehicle_4,9.0,70.2,,
1,Electric_Vehicle_4,8.0,70.2,,
1,Electric_Vehicle_4,7.0,70.2,,
1,Electric_Vehicle_4,6.0,70.2,,
1,Electric_Vehicle_4,5.0,70.2,,
1,Electric_Vehicle_4,4.0,70.2,,
1,Electric_Vehicle_4,3.0,70.2,,
1,Electric_Vehicle_4,2.0,70.2,,
1,Electric_Vehicle_4,1.0,70.2,,
1,Electric_Vehicle_4,0.0,70.2,,
3,,,,,
3,,,,,
3,,,,,
3,,,,,
3,,,,,
3,,,,,
3,,,,,
3,,,,,
3,,,,,
3,,,,,
3,,,,,
3,,,,,
2,Electric_Vehicle_4,,,0.0,46.8
1,Electric_Vehicle_4,9.0,72.2,,
1,Electric_Vehicle_4,8.0,72.2,,
1,Electric_Vehicle_4,7.0,72.2,,
1,Electric_Vehicle_4,6.0,72.2,,
1,Electric_Vehicle_4,5.0,72.2,,
1,Electric_Vehicle_4,4.0,72.2,,
1,Electric_Vehicle_4,3.0,72.2,,
1,Electric_Vehicle_4,2.0,72.2,,
1,Electric_Vehicle_4,1.0,72.2,,
1,Electric_Vehicle_4,0.0,72.2,,
3,,,,,
3,,,,,
3,,,,,
3,,,,,
3,,,,,
3,,,,,
3,,,,,
3,,,,,
3,,,,,
3,,,,,
3,,,,,
2,Electric_Vehicle_4,,,0.0,27.5
1,Electric_Vehicle_4,13.0,85.8,,
1,Electric_Vehicle_4,12.0,85.8,,
1,Electric_Vehicle_4,11.0,85.8,,
1,Electric_Vehicle_4,10.0,85.8,,
1,Electric_Vehicle_4,9.0,85.8,,
1,Electric_Vehicle_4,8.0,85.8,,
1,Electric_Vehicle_4,7.0,85.8,,
1,Electric_Vehicle_4,6.0,85.8,,
1,Electric_Vehicle_4,5.0,85.8,,
1,Electric_Vehicle_4,4.0,85.8,,
1,Electric_Vehicle_4,3.0,85.8,,
1,Electric_Vehicle_4,2.0,85.8,,
1,Electric_Vehicle_4,1.0,85.8,,
1,Electric_Vehicle_4,0.0,85.8,,
3,,,,,
3,,,,,
3,,,,,
3,,,,,
3,,,,,
3,,,,,
3,,,,,
3,,,,,
3,,,,,
3,,,,,
2,Electric_Vehicle_4,,,0.0,36.3
1,Electric_Vehicle_4,14.0,73.7,,
1,Electric_Vehicle_4,13.0,73.7,,
1,Electric_Vehicle_4,12.0,73.7,,
1,Electric_Vehicle_4,11.0,73.7,,
1,Electric_Vehicle_4,10.0,73.7,,
1,Electric_Vehicle_4,9.0,73.7,,
1,Electric_Vehicle_4,8.0,73.7,,
1,Electric_Vehicle_4,7.0,73.7,,
1,Electric_Vehicle_4,6.0,73.7,,
1,Electric_Vehicle_4,5.0,73.7,,
1,Electric_Vehicle_4,4.0,73.7,,
1,Electric_Vehicle_4,3.0,73.7,,
1,Electric_Vehicle_4,2.0,73.7,,
1,Electric_Vehicle_4,1.0,73.7,,
1,Electric_Vehicle_4,0.0,73.7,,
3,,,,,
3,,,,,
3,,,,,
3,,,,,
3,,,,,
2,Electric_Vehicle_4,,,0.0,41.6
1,Electric_Vehicle_4,15.0,75.8,,
1,Electric_Vehicle_4,14.0,75.8,,
1,Electric_Vehicle_4,13.0,75.8,,
1,Electric_Vehicle_4,12.0,75.8,,
1,Electric_Vehicle_4,11.0,75.8,,
1,Electric_Vehicle_4,10.0,75.8,,
1,Electric_Vehicle_4,9.0,75.8,,
1,Electric_Vehicle_4,8.0,75.8,,
1,Electric_Vehicle_4,7.0,75.8,,
1,Electric_Vehicle_4,6.0,75.8,,
1,Electric_Vehicle_4,5.0,75.8,,
1,Electric_Vehicle_4,4.0,75.8,,
1,Electric_Vehicle_4,3.0,75.8,,
1,Electric_Vehicle_4,2.0,75.8,,
1,Electric_Vehicle_4,1.0,75.8,,
1,Electric_Vehicle_4,0.0,75.8,,
3,,,,,
3,,,,,
3,,,,,
3,,,,,
3,,,,,
3,,,,,
3,,,,,
3,,,,,
2,Electric_Vehicle_4,,,0.0,35.2
1,Electric_Vehicle_4,14.0,87.5,,
1,Electric_Vehicle_4,13.0,87.5,,
1,Electric_Vehicle_4,12.0,87.5,,
1,Electric_Vehicle_4,11.0,87.5,,
1,Electric_Vehicle_4,10.0,87.5,,
1,Electric_Vehicle_4,9.0,87.5,,
1,Electric_Vehicle_4,8.0,87.5,,
1,Electric_Vehicle_4,7.0,87.5,,
1,Electric_Vehicle_4,6.0,87.5,,
1,Electric_Vehicle_4,5.0,87.5,,
1,Electric_Vehicle_4,4.0,87.5,,
1,Electric_Vehicle_4,3.0,87.5,,
1,Electric_Vehicle_4,2.0,87.5,,
1,Electric_Vehicle_4,1.0,87.5,,
1,Electric_Vehicle_4,0.0,87.5,,
3,,,,,
3,,,,,
3,,,,,
3,,,,,
3,,,,,
3,,,,,
3,,,,,
3,,,,,
2,Electric_Vehicle_4,,,0.0,43.0
1,Electric_Vehicle_4,15.0,76.4,,
1,Electric_Vehicle_4,14.0,76.4,,
1,Electric_Vehicle_4,13.0,76.4,,
1,Electric_Vehicle_4,12.0,76.4,,
1,Electric_Vehicle_4,11.0,76.4,,
1,Electric_Vehicle_4,10.0,76.4,,
1,Electric_Vehicle_4,9.0,76.4,,
1,Electric_Vehicle_4,8.0,76.4,,
1,Electric_Vehicle_4,7.0,76.4,,
1,Electric_Vehicle_4,6.0,76.4,,
1,Electric_Vehicle_4,5.0,76.4,,
1,Electric_Vehicle_4,4.0,76.4,,
1,Electric_Vehicle_4,3.0,76.4,,
1,Electric_Vehicle_4,2.0,76.4,,
1,Electric_Vehicle_4,1.0,76.4,,
1,Electric_Vehicle_4,0.0,76.4,,
3,,,,,
3,,,,,
3,,,,,
3,,,,,
3,,,,,
3,,,,,
3,,,,,
3,,,,,
2,Electric_Vehicle_4,,,0.0,26.5
1,Electric_Vehicle_4,11.0,82.4,,
1,Electric_Vehicle_4,10.0,82.4,,
1,Electric_Vehicle_4,9.0,82.4,,
1,Electric_Vehicle_4,8.0,82.4,,
1,Electric_Vehicle_4,7.0,82.4,,
1,Electric_Vehicle_4,6.0,82.4,,
1,Electric_Vehicle_4,5.0,82.4,,
1,Electric_Vehicle_4,4.0,82.4,,
1,Electric_Vehicle_4,3.0,82.4,,
1,Electric_Vehicle_4,2.0,82.4,,
1,Electric_Vehicle_4,1.0,82.4,,
1,Electric_Vehicle_4,0.0,82.4,,
3,,,,,
3,,,,,
3,,,,,
3,,,,,
3,,,,,
3,,,,,
3,,,,,
3,,,,,
3,,,,,
3,,,,,
3,,,,,
2,Electric_Vehicle_4,,,0.0,22.3
1,Electric_Vehicle_4,13.0,81.0,,
1,Electric_Vehicle_4,12.0,81.0,,
1,Electric_Vehicle_4,11.0,81.0,,
1,Electric_Vehicle_4,10.0,81.0,,
1,Electric_Vehicle_4,9.0,81.0,,
1,Electric_Vehicle_4,8.0,81.0,,
1,Electric_Vehicle_4,7.0,81.0,,
1,Electric_Vehicle_4,6.0,81.0,,
1,Electric_Vehicle_4,5.0,81.0,,
1,Electric_Vehicle_4,4.0,81.0,,
1,Electric_Vehicle_4,3.0,81.0,,
1,Electric_Vehicle_4,2.0,81.0,,
1,Electric_Vehicle_4,1.0,81.0,,
1,Electric_Vehicle_4,0.0,81.0,,
3,,,,,
3,,,,,
3,,,,,
3,,,,,
3,,,,,
3,,,,,
3,,,,,
3,,,,,
2,Electric_Vehicle_4,,,0.0,46.1
1,Electric_Vehicle_4,14.0,82.1,,
1,Electric_Vehicle_4,13.0,82.1,,
1,Electric_Vehicle_4,12.0,82.1,,
1,Electric_Vehicle_4,11.0,82.1,,
1,Electric_Vehicle_4,10.0,82.1,,
1,Electric_Vehicle_4,9.0,82.1,,
1,Electric_Vehicle_4,8.0,82.1,,
1,Electric_Vehicle_4,7.0,82.1,,
1,Electric_Vehicle_4,6.0,82.1,,
1,Electric_Vehicle_4,5.0,82.1,,
1,Electric_Vehicle_4,4.0,82.1,,
1,Electric_Vehicle_4,3.0,82.1,,
1,Electric_Vehicle_4,2.0,82.1,,
1,Electric_Vehicle_4,1.0,82.1,,
1,Electric_Vehicle_4,0.0,82.1,,
3,,,,,
3,,,,,
3,,,,,
3,,,,,
3,,,,,
3,,,,,
3,,,,,
3,,,,,
2,Electric_Vehicle_4,,,0.0,36.2
1,Electric_Vehicle_4,38.0,80.1,,
1,Electric_Vehicle_4,37.0,80.1,,
1,Electric_Vehicle_4,36.0,80.1,,
1,Electric_Vehicle_4,35.0,80.1,,
1,Electric_Vehicle_4,34.0,80.1,,
1,Electric_Vehicle_4,33.0,80.1,,
1,Electric_Vehicle_4,32.0,80.1,,
1,Electric_Vehicle_4,31.0,80.1,,
1,Electric_Vehicle_4,30.0,80.1,,
1,Electric_Vehicle_4,29.0,80.1,,
1,Electric_Vehicle_4,28.0,80.1,,
1,Electric_Vehicle_4,27.0,80.1,,
1,Electric_Vehicle_4,26.0,80.1,,
1,Electric_Vehicle_4,25.0,80.1,,
1,Electric_Vehicle_4,24.0,80.1,,
1,Electric_Vehicle_4,23.0,80.1,,
1,Electric_Vehicle_4,22.0,80.1,,
1,Electric_Vehicle_4,21.0,80.1,,
1,Electric_Vehicle_4,20.0,80.1,,
1,Electric_Vehicle_4,19.0,80.1,,
1,Electric_Vehicle_4,18.0,80.1,,
1,Electric_Vehicle_4,17.0,80.1,,
1,Electric_Vehicle_4,16.0,80.1,,
1,Electric_Vehicle_4,15.0,80.1,,
1,Electric_Vehicle_4,14.0,80.1,,
1,Electric_Vehicle_4,13.0,80.1,,
1,Electric_Vehicle_4,12.0,80.1,,
1,Electric_Vehicle_4,11.0,80.1,,
1,Electric_Vehicle_4,10.0,80.1,,
1,Electric_Vehicle_4,9.0,80.1,,
1,Electric_Vehicle_4,8.0,80.1,,
1,Electric_Vehicle_4,7.0,80.1,,
1,Electric_Vehicle_4,6.0,80.1,,
1,Electric_Vehicle_4,5.0,80.1,,
1,Electric_Vehicle_4,4.0,80.1,,
1,Electric_Vehicle_4,3.0,80.1,,
1,Electric_Vehicle_4,2.0,80.1,,
1,Electric_Vehicle_4,1.0,80.1,,
1,Electric_Vehicle_4,0.0,80.1,,
3,,,,,
3,,,,,
3,,,,,
3,,,,,
3,,,,,
2,Electric_Vehicle_4,,,0.0,51.6
1,Electric_Vehicle_4,17.0,79.6,,
1,Electric_Vehicle_4,16.0,79.6,,
1,Electric_Vehicle_4,15.0,79.6,,
1,Electric_Vehicle_4,14.0,79.6,,
1,Electric_Vehicle_4,13.0,79.6,,
1,Electric_Vehicle_4,12.0,79.6,,
1,Electric_Vehicle_4,11.0,79.6,,
1,Electric_Vehicle_4,10.0,79.6,,
1,Electric_Vehicle_4,9.0,79.6,,
1,Electric_Vehicle_4,8.0,79.6,,
1,Electric_Vehicle_4,7.0,79.6,,
1,Electric_Vehicle_4,6.0,79.6,,
1,Electric_Vehicle_4,5.0,79.6,,
1,Electric_Vehicle_4,4.0,79.6,,
1,Electric_Vehicle_4,3.0,79.6,,
1,Electric_Vehicle_4,2.0,79.6,,
1,Electric_Vehicle_4,1.0,79.6,,
1,Electric_Vehicle_4,0.0,79.6,,
3,,,,,
3,,,,,
3,,,,,
3,,,,,
3,,,,,
3,,,,,
3,,,,,
3,,,,,
3,,,,,
3,,,,,
2,Electric_Vehicle_4,,,0.0,22.9
1,Electric_Vehicle_4,37.0,77.7,,
1,Electric_Vehicle_4,36.0,77.7,,
1,Electric_Vehicle_4,35.0,77.7,,
1,Electric_Vehicle_4,34.0,77.7,,
1,Electric_Vehicle_4,33.0,77.7,,
1,Electric_Vehicle_4,32.0,77.7,,
1,Electric_Vehicle_4,31.0,77.7,,
1,Electric_Vehicle_4,30.0,77.7,,
1,Electric_Vehicle_4,29.0,77.7,,
1,Electric_Vehicle_4,28.0,77.7,,
1,Electric_Vehicle_4,27.0,77.7,,
1,Electric_Vehicle_4,26.0,77.7,,
1,Electric_Vehicle_4,25.0,77.7,,
1,Electric_Vehicle_4,24.0,77.7,,
1,Electric_Vehicle_4,23.0,77.7,,
1,Electric_Vehicle_4,22.0,77.7,,
1,Electric_Vehicle_4,21.0,77.7,,
1,Electric_Vehicle_4,20.0,77.7,,
1,Electric_Vehicle_4,19.0,77.7,,
1,Electric_Vehicle_4,18.0,77.7,,
1,Electric_Vehicle_4,17.0,77.7,,
1,Electric_Vehicle_4,16.0,77.7,,
1,Electric_Vehicle_4,15.0,77.7,,
1,Electric_Vehicle_4,14.0,77.7,,
1,Electric_Vehicle_4,13.0,77.7,,
1,Electric_Vehicle_4,12.0,77.7,,
1,Electric_Vehicle_4,11.0,77.7,,
1,Electric_Vehicle_4,10.0,77.7,,
1,Electric_Vehicle_4,9.0,77.7,,
1,Electric_Vehicle_4,8.0,77.7,,
1,Electric_Vehicle_4,7.0,77.7,,
1,Electric_Vehicle_4,6.0,77.7,,
1,Electric_Vehicle_4,5.0,77.7,,
1,Electric_Vehicle_4,4.0,77.7,,
1,Electric_Vehicle_4,3.0,77.7,,
1,Electric_Vehicle_4,2.0,77.7,,
1,Electric_Vehicle_4,1.0,77.7,,
1,Electric_Vehicle_4,0.0,77.7,,
3,,,,,
3,,,,,
3,,,,,
3,,,,,
3,,,,,
3,,,,,
3,,,,,
3,,,,,
3,,,,,
2,Electric_Vehicle_4,,,0.0,48.3
1,Electric_Vehicle_4,12.0,72.8,,
1,Electric_Vehicle_4,11.0,72.8,,
1,Electric_Vehicle_4,10.0,72.8,,
1,Electric_Vehicle_4,9.0,72.8,,
1,Electric_Vehicle_4,8.0,72.8,,
1,Electric_Vehicle_4,7.0,72.8,,
1,Electric_Vehicle_4,6.0,72.8,,
1,Electric_Vehicle_4,5.0,72.8,,
1,Electric_Vehicle_4,4.0,72.8,,
1,Electric_Vehicle_4,3.0,72.8,,
1,Electric_Vehicle_4,2.0,72.8,,
1,Electric_Vehicle_4,1.0,72.8,,
1,Electric_Vehicle_4,0.0,72.8,,
3,,,,,
3,,,,,
3,,,,,
3,,,,,
3,,,,,
3,,,,,
3,,,,,
3,,,,,
3,,,,,
3,,,,,
2,Electric_Vehicle_4,,,0.0,50.1
1,Electric_Vehicle_4,38.0,78.9,,
1,Electric_Vehicle_4,37.0,78.9,,
1,Electric_Vehicle_4,36.0,78.9,,
1,Electric_Vehicle_4,35.0,78.9,,
1,Electric_Vehicle_4,34.0,78.9,,
1,Electric_Vehicle_4,33.0,78.9,,
1,Electric_Vehicle_4,32.0,78.9,,
1,Electric_Vehicle_4,31.0,78.9,,
1,Electric_Vehicle_4,30.0,78.9,,
1,Electric_Vehicle_4,29.0,78.9,,
1,Electric_Vehicle_4,28.0,78.9,,
1,Electric_Vehicle_4,27.0,78.9,,
1,Electric_Vehicle_4,26.0,78.9,,
1,Electric_Vehicle_4,25.0,78.9,,
1,Electric_Vehicle_4,24.0,78.9,,
1,Electric_Vehicle_4,23.0,78.9,,
1,Electric_Vehicle_4,22.0,78.9,,
1,Electric_Vehicle_4,21.0,78.9,,
1,Electric_Vehicle_4,20.0,78.9,,
1,Electric_Vehicle_4,19.0,78.9,,
1,Electric_Vehicle_4,18.0,78.9,,
1,Electric_Vehicle_4,17.0,78.9,,
1,Electric_Vehicle_4,16.0,78.9,,
1,Electric_Vehicle_4,15.0,78.9,,
1,Electric_Vehicle_4,14.0,78.9,,
1,Electric_Vehicle_4,13.0,78.9,,
1,Electric_Vehicle_4,12.0,78.9,,
1,Electric_Vehicle_4,11.0,78.9,,
1,Electric_Vehicle_4,10.0,78.9,,
1,Electric_Vehicle_4,9.0,78.9,,
1,Electric_Vehicle_4,8.0,78.9,,
1,Electric_Vehicle_4,7.0,78.9,,
1,Electric_Vehicle_4,6.0,78.9,,
1,Electric_Vehicle_4,5.0,78.9,,
1,Electric_Vehicle_4,4.0,78.9,,
1,Electric_Vehicle_4,3.0,78.9,,
1,Electric_Vehicle_4,2.0,78.9,,
1,Electric_Vehicle_4,1.0,78.9,,
1,Electric_Vehicle_4,0.0,78.9,,
3,,,,,
3,,,,,
3,,,,,
3,,,,,
3,,,,,
3,,,,,
3,,,,,
2,Electric_Vehicle_4,,,0.0,46.6
1,Electric_Vehicle_4,37.0,78.1,,
1,Electric_Vehicle_4,36.0,78.1,,
1,Electric_Vehicle_4,35.0,78.1,,
1,Electric_Vehicle_4,34.0,78.1,,
1,Electric_Vehicle_4,33.0,78.1,,
1,Electric_Vehicle_4,32.0,78.1,,
1,Electric_Vehicle_4,31.0,78.1,,
1,Electric_Vehicle_4,30.0,78.1,,
1,Electric_Vehicle_4,29.0,78.1,,
1,Electric_Vehicle_4,28.0,78.1,,
1,Electric_Vehicle_4,27.0,78.1,,
1,Electric_Vehicle_4,26.0,78.1,,
1,Electric_Vehicle_4,25.0,78.1,,
1,Electric_Vehicle_4,24.0,78.1,,
1,Electric_Vehicle_4,23.0,78.1,,
1,Electric_Vehicle_4,22.0,78.1,,
1,Electric_Vehicle_4,21.0,78.1,,
1,Electric_Vehicle_4,20.0,78.1,,
1,Electric_Vehicle_4,19.0,78.1,,
1,Electric_Vehicle_4,18.0,78.1,,
1,Electric_Vehicle_4,17.0,78.1,,
1,Electric_Vehicle_4,16.0,78.1,,
1,Electric_Vehicle_4,15.0,78.1,,
1,Electric_Vehicle_4,14.0,78.1,,
1,Electric_Vehicle_4,13.0,78.1,,
1,Electric_Vehicle_4,12.0,78.1,,
1,Electric_Vehicle_4,11.0,78.1,,
1,Electric_Vehicle_4,10.0,78.1,,
1,Electric_Vehicle_4,9.0,78.1,,
1,Electric_Vehicle_4,8.0,78.1,,
1,Electric_Vehicle_4,7.0,78.1,,
1,Electric_Vehicle_4,6.0,78.1,,
1,Electric_Vehicle_4,5.0,78.1,,
1,Electric_Vehicle_4,4.0,78.1,,
1,Electric_Vehicle_4,3.0,78.1,,
1,Electric_Vehicle_4,2.0,78.1,,
1,Electric_Vehicle_4,1.0,78.1,,
1,Electric_Vehicle_4,0.0,78.1,,
3,,,,,
3,,,,,
3,,,,,
3,,,,,
3,,,,,
3,,,,,
3,,,,,
3,,,,,
2,Electric_Vehicle_4,,,0.0,44.0
1,Electric_Vehicle_4,37.0,87.9,,
1,Electric_Vehicle_4,36.0,87.9,,
1,Electric_Vehicle_4,35.0,87.9,,
1,Electric_Vehicle_4,34.0,87.9,,
1,Electric_Vehicle_4,33.0,87.9,,
1,Electric_Vehicle_4,32.0,87.9,,
1,Electric_Vehicle_4,31.0,87.9,,
1,Electric_Vehicle_4,30.0,87.9,,
1,Electric_Vehicle_4,29.0,87.9,,
1,Electric_Vehicle_4,28.0,87.9,,
1,Electric_Vehicle_4,27.0,87.9,,
1,Electric_Vehicle_4,26.0,87.9,,
1,Electric_Vehicle_4,25.0,87.9,,
1,Electric_Vehicle_4,24.0,87.9,,
1,Electric_Vehicle_4,23.0,87.9,,
1,Electric_Vehicle_4,22.0,87.9,,
1,Electric_Vehicle_4,21.0,87.9,,
1,Electric_Vehicle_4,20.0,87.9,,
1,Electric_Vehicle_4,19.0,87.9,,
1,Electric_Vehicle_4,18.0,87.9,,
1,Electric_Vehicle_4,17.0,87.9,,
1,Electric_Vehicle_4,16.0,87.9,,
1,Electric_Vehicle_4,15.0,87.9,,
1,Electric_Vehicle_4,14.0,87.9,,
1,Electric_Vehicle_4,13.0,87.9,,
1,Electric_Vehicle_4,12.0,87.9,,
1,Electric_Vehicle_4,11.0,87.9,,
1,Electric_Vehicle_4,10.0,87.9,,
1,Electric_Vehicle_4,9.0,87.9,,
1,Electric_Vehicle_4,8.0,87.9,,
1,Electric_Vehicle_4,7.0,87.9,,
1,Electric_Vehicle_4,6.0,87.9,,
1,Electric_Vehicle_4,5.0,87.9,,
1,Electric_Vehicle_4,4.0,87.9,,
1,Electric_Vehicle_4,3.0,87.9,,
1,Electric_Vehicle_4,2.0,87.9,,
1,Electric_Vehicle_4,1.0,87.9,,
1,Electric_Vehicle_4,0.0,87.9,,
3,,,,,
3,,,,,
3,,,,,
3,,,,,
3,,,,,
3,,,,,
3,,,,,
3,,,,,
3,,,,,
2,Electric_Vehicle_4,,,0.0,39.7
1,Electric_Vehicle_4,13.0,86.9,,
1,Electric_Vehicle_4,12.0,86.9,,
1,Electric_Vehicle_4,11.0,86.9,,
1,Electric_Vehicle_4,10.0,86.9,,
1,Electric_Vehicle_4,9.0,86.9,,
1,Electric_Vehicle_4,8.0,86.9,,
1,Electric_Vehicle_4,7.0,86.9,,
1,Electric_Vehicle_4,6.0,86.9,,
1,Electric_Vehicle_4,5.0,86.9,,
1,Electric_Vehicle_4,4.0,86.9,,
1,Electric_Vehicle_4,3.0,86.9,,
1,Electric_Vehicle_4,2.0,86.9,,
1,Electric_Vehicle_4,1.0,86.9,,
1,Electric_Vehicle_4,0.0,86.9,,
3,,,,,
3,,,,,
3,,,,,
3,,,,,
3,,,,,
3,,,,,
3,,,,,
3,,,,,
3,,,,,
3,,,,,
3,,,,,
2,Electric_Vehicle_4,,,0.0,47.2
1,Electric_Vehicle_4,11.0,71.1,,
1,Electric_Vehicle_4,10.0,71.1,,
1,Electric_Vehicle_4,9.0,71.1,,
1,Electric_Vehicle_4,8.0,71.1,,
1,Electric_Vehicle_4,7.0,71.1,,
1,Electric_Vehicle_4,6.0,71.1,,
1,Electric_Vehicle_4,5.0,71.1,,
1,Electric_Vehicle_4,4.0,71.1,,
1,Electric_Vehicle_4,3.0,71.1,,
1,Electric_Vehicle_4,2.0,71.1,,
1,Electric_Vehicle_4,1.0,71.1,,
1,Electric_Vehicle_4,0.0,71.1,,
3,,,,,
3,,,,,
3,,,,,
3,,,,,
3,,,,,
3,,,,,
3,,,,,
3,,,,,
3,,,,,
3,,,,,
3,,,,,
2,Electric_Vehicle_4,,,0.0,24.1
1,Electric_Vehicle_4,12.0,73.0,,
1,Electric_Vehicle_4,11.0,73.0,,
1,Electric_Vehicle_4,10.0,73.0,,
1,Electric_Vehicle_4,9.0,73.0,,
1,Electric_Vehicle_4,8.0,73.0,,
1,Electric_Vehicle_4,7.0,73.0,,
1,Electric_Vehicle_4,6.0,73.0,,
1,Electric_Vehicle_4,5.0,73.0,,
1,Electric_Vehicle_4,4.0,73.0,,
1,Electric_Vehicle_4,3.0,73.0,,
1,Electric_Vehicle_4,2.0,73.0,,
1,Electric_Vehicle_4,1.0,73.0,,
1,Electric_Vehicle_4,0.0,73.0,,
3,,,,,
3,,,,,
3,,,,,
3,,,,,
3,,,,,
3,,,,,
2,Electric_Vehicle_4,,,0.0,52.2
1,Electric_Vehicle_4,39.0,86.1,,
1,Electric_Vehicle_4,38.0,86.1,,
1,Electric_Vehicle_4,37.0,86.1,,
1,Electric_Vehicle_4,36.0,86.1,,
1,Electric_Vehicle_4,35.0,86.1,,
1,Electric_Vehicle_4,34.0,86.1,,
1,Electric_Vehicle_4,33.0,86.1,,
1,Electric_Vehicle_4,32.0,86.1,,
1,Electric_Vehicle_4,31.0,86.1,,
1,Electric_Vehicle_4,30.0,86.1,,
1,Electric_Vehicle_4,29.0,86.1,,
1,Electric_Vehicle_4,28.0,86.1,,
1,Electric_Vehicle_4,27.0,86.1,,
1,Electric_Vehicle_4,26.0,86.1,,
1,Electric_Vehicle_4,25.0,86.1,,
1,Electric_Vehicle_4,24.0,86.1,,
1,Electric_Vehicle_4,23.0,86.1,,
1,Electric_Vehicle_4,22.0,86.1,,
1,Electric_Vehicle_4,21.0,86.1,,
1,Electric_Vehicle_4,20.0,86.1,,
1,Electric_Vehicle_4,19.0,86.1,,
1,Electric_Vehicle_4,18.0,86.1,,
1,Electric_Vehicle_4,17.0,86.1,,
1,Electric_Vehicle_4,16.0,86.1,,
1,Electric_Vehicle_4,15.0,86.1,,
1,Electric_Vehicle_4,14.0,86.1,,
1,Electric_Vehicle_4,13.0,86.1,,
1,Electric_Vehicle_4,12.0,86.1,,
1,Electric_Vehicle_4,11.0,86.1,,
1,Electric_Vehicle_4,10.0,86.1,,
1,Electric_Vehicle_4,9.0,86.1,,
1,Electric_Vehicle_4,8.0,86.1,,
1,Electric_Vehicle_4,7.0,86.1,,
1,Electric_Vehicle_4,6.0,86.1,,
1,Electric_Vehicle_4,5.0,86.1,,
1,Electric_Vehicle_4,4.0,86.1,,
1,Electric_Vehicle_4,3.0,86.1,,
1,Electric_Vehicle_4,2.0,86.1,,
1,Electric_Vehicle_4,1.0,86.1,,
1,Electric_Vehicle_4,0.0,86.1,,
3,,,,,
3,,,,,
3,,,,,
3,,,,,
3,,,,,
3,,,,,
3,,,,,
3,,,,,
3,,,,,
3,,,,,
2,Electric_Vehicle_4,,,0.0,26.7
1,Electric_Vehicle_4,37.0,81.5,,
1,Electric_Vehicle_4,36.0,81.5,,
1,Electric_Vehicle_4,35.0,81.5,,
1,Electric_Vehicle_4,34.0,81.5,,
1,Electric_Vehicle_4,33.0,81.5,,
1,Electric_Vehicle_4,32.0,81.5,,
1,Electric_Vehicle_4,31.0,81.5,,
1,Electric_Vehicle_4,30.0,81.5,,
1,Electric_Vehicle_4,29.0,81.5,,
1,Electric_Vehicle_4,28.0,81.5,,
1,Electric_Vehicle_4,27.0,81.5,,
1,Electric_Vehicle_4,26.0,81.5,,
1,Electric_Vehicle_4,25.0,81.5,,
1,Electric_Vehicle_4,24.0,81.5,,
1,Electric_Vehicle_4,23.0,81.5,,
1,Electric_Vehicle_4,22.0,81.5,,
1,Electric_Vehicle_4,21.0,81.5,,
1,Electric_Vehicle_4,20.0,81.5,,
1,Electric_Vehicle_4,19.0,81.5,,
1,Electric_Vehicle_4,18.0,81.5,,
1,Electric_Vehicle_4,17.0,81.5,,
1,Electric_Vehicle_4,16.0,81.5,,
1,Electric_Vehicle_4,15.0,81.5,,
1,Electric_Vehicle_4,14.0,81.5,,
1,Electric_Vehicle_4,13.0,81.5,,
1,Electric_Vehicle_4,12.0,81.5,,
1,Electric_Vehicle_4,11.0,81.5,,
1,Electric_Vehicle_4,10.0,81.5,,
1,Electric_Vehicle_4,9.0,81.5,,
1,Electric_Vehicle_4,8.0,81.5,,
1,Electric_Vehicle_4,7.0,81.5,,
1,Electric_Vehicle_4,6.0,81.5,,
1,Electric_Vehicle_4,5.0,81.5,,
1,Electric_Vehicle_4,4.0,81.5,,
1,Electric_Vehicle_4,3.0,81.5,,
1,Electric_Vehicle_4,2.0,81.5,,
1,Electric_Vehicle_4,1.0,81.5,,
1,Electric_Vehicle_4,0.0,81.5,,
3,,,,,
3,,,,,
3,,,,,
3,,,,,
3,,,,,
3,,,,,
3,,,,,
3,,,,,
2,Electric_Vehicle_4,,,0.0,50.3
1,Electric_Vehicle_4,14.0,76.5,,
1,Electric_Vehicle_4,13.0,76.5,,
1,Electric_Vehicle_4,12.0,76.5,,
1,Electric_Vehicle_4,11.0,76.5,,
1,Electric_Vehicle_4,10.0,76.5,,
1,Electric_Vehicle_4,9.0,76.5,,
1,Electric_Vehicle_4,8.0,76.5,,
1,Electric_Vehicle_4,7.0,76.5,,
1,Electric_Vehicle_4,6.0,76.5,,
1,Electric_Vehicle_4,5.0,76.5,,
1,Electric_Vehicle_4,4.0,76.5,,
1,Electric_Vehicle_4,3.0,76.5,,
1,Electric_Vehicle_4,2.0,76.5,,
1,Electric_Vehicle_4,1.0,76.5,,
1,Electric_Vehicle_4,0.0,76.5,,
3,,,,,
3,,,,,
3,,,,,
3,,,,,
3,,,,,
3,,,,,
3,,,,,
2,Electric_Vehicle_4,,,0.0,31.3
1,Electric_Vehicle_4,15.0,82.9,,
1,Electric_Vehicle_4,14.0,82.9,,
1,Electric_Vehicle_4,13.0,82.9,,
1,Electric_Vehicle_4,12.0,82.9,,
1,Electric_Vehicle_4,11.0,82.9,,
1,Electric_Vehicle_4,10.0,82.9,,
1,Electric_Vehicle_4,9.0,82.9,,
1,Electric_Vehicle_4,8.0,82.9,,
1,Electric_Vehicle_4,7.0,82.9,,
1,Electric_Vehicle_4,6.0,82.9,,
1,Electric_Vehicle_4,5.0,82.9,,
1,Electric_Vehicle_4,4.0,82.9,,
1,Electric_Vehicle_4,3.0,82.9,,
1,Electric_Vehicle_4,2.0,82.9,,
1,Electric_Vehicle_4,1.0,82.9,,
1,Electric_Vehicle_4,0.0,82.9,,
3,,,,,
3,,,,,
3,,,,,
3,,,,,
3,,,,,
3,,,,,
3,,,,,
3,,,,,
3,,,,,
3,,,,,
2,Electric_Vehicle_4,,,0.0,34.7
1,Electric_Vehicle_4,11.0,86.5,,
1,Electric_Vehicle_4,10.0,86.5,,
1,Electric_Vehicle_4,9.0,86.5,,
1,Electric_Vehicle_4,8.0,86.5,,
1,Electric_Vehicle_4,7.0,86.5,,
1,Electric_Vehicle_4,6.0,86.5,,
1,Electric_Vehicle_4,5.0,86.5,,
1,Electric_Vehicle_4,4.0,86.5,,
1,Electric_Vehicle_4,3.0,86.5,,
1,Electric_Vehicle_4,2.0,86.5,,
1,Electric_Vehicle_4,1.0,86.5,,
1,Electric_Vehicle_4,0.0,86.5,,
3,,,,,
3,,,,,
3,,,,,
3,,,,,
3,,,,,
3,,,,,
3,,,,,
3,,,,,
3,,,,,
2,Electric_Vehicle_4,,,0.0,40.8
1,Electric_Vehicle_4,37.0,72.7,,
1,Electric_Vehicle_4,36.0,72.7,,
1,Electric_Vehicle_4,35.0,72.7,,
1,Electric_Vehicle_4,34.0,72.7,,
1,Electric_Vehicle_4,33.0,72.7,,
1,Electric_Vehicle_4,32.0,72.7,,
1,Electric_Vehicle_4,31.0,72.7,,
1,Electric_Vehicle_4,30.0,72.7,,
1,Electric_Vehicle_4,29.0,72.7,,
1,Electric_Vehicle_4,28.0,72.7,,
1,Electric_Vehicle_4,27.0,72.7,,
1,Electric_Vehicle_4,26.0,72.7,,
1,Electric_Vehicle_4,25.0,72.7,,
1,Electric_Vehicle_4,24.0,72.7,,
1,Electric_Vehicle_4,23.0,72.7,,
1,Electric_Vehicle_4,22.0,72.7,,
1,Electric_Vehicle_4,21.0,72.7,,
1,Electric_Vehicle_4,20.0,72.7,,
1,Electric_Vehicle_4,19.0,72.7,,
1,Electric_Vehicle_4,18.0,72.7,,
1,Electric_Vehicle_4,17.0,72.7,,
1,Electric_Vehicle_4,16.0,72.7,,
1,Electric_Vehicle_4,15.0,72.7,,
1,Electric_Vehicle_4,14.0,72.7,,
1,Electric_Vehicle_4,13.0,72.7,,
1,Electric_Vehicle_4,12.0,72.7,,
1,Electric_Vehicle_4,11.0,72.7,,
1,Electric_Vehicle_4,10.0,72.7,,
1,Electric_Vehicle_4,9.0,72.7,,
1,Electric_Vehicle_4,8.0,72.7,,
1,Electric_Vehicle_4,7.0,72.7,,
1,Electric_Vehicle_4,6.0,72.7,,
1,Electric_Vehicle_4,5.0,72.7,,
1,Electric_Vehicle_4,4.0,72.7,,
1,Electric_Vehicle_4,3.0,72.7,,
1,Electric_Vehicle_4,2.0,72.7,,
1,Electric_Vehicle_4,1.0,72.7,,
1,Electric_Vehicle_4,0.0,72.7,,
3,,,,,
3,,,,,
3,,,,,
3,,,,,
3,,,,,
3,,,,,
3,,,,,
3,,,,,
3,,,,,
3,,,,,
2,Electric_Vehicle_4,,,0.0,36.7
1,Electric_Vehicle_4,12.0,71.8,,
1,Electric_Vehicle_4,11.0,71.8,,
1,Electric_Vehicle_4,10.0,71.8,,
1,Electric_Vehicle_4,9.0,71.8,,
1,Electric_Vehicle_4,8.0,71.8,,
1,Electric_Vehicle_4,7.0,71.8,,
1,Electric_Vehicle_4,6.0,71.8,,
1,Electric_Vehicle_4,5.0,71.8,,
1,Electric_Vehicle_4,4.0,71.8,,
1,Electric_Vehicle_4,3.0,71.8,,
1,Electric_Vehicle_4,2.0,71.8,,
1,Electric_Vehicle_4,1.0,71.8,,
1,Electric_Vehicle_4,0.0,71.8,,
3,,,,,
3,,,,,
3,,,,,
3,,,,,
3,,,,,
3,,,,,
3,,,,,
3,,,,,
3,,,,,
3,,,,,
2,Electric_Vehicle_4,,,0.0,25.1
1,Electric_Vehicle_4,13.0,79.5,,
1,Electric_Vehicle_4,12.0,79.5,,
1,Electric_Vehicle_4,11.0,79.5,,
1,Electric_Vehicle_4,10.0,79.5,,
1,Electric_Vehicle_4,9.0,79.5,,
1,Electric_Vehicle_4,8.0,79.5,,
1,Electric_Vehicle_4,7.0,79.5,,
1,Electric_Vehicle_4,6.0,79.5,,
1,Electric_Vehicle_4,5.0,79.5,,
1,Electric_Vehicle_4,4.0,79.5,,
1,Electric_Vehicle_4,3.0,79.5,,
1,Electric_Vehicle_4,2.0,79.5,,
1,Electric_Vehicle_4,1.0,79.5,,
1,Electric_Vehicle_4,0.0,79.5,,
3,,,,,
3,,,,,
3,,,,,
3,,,,,
3,,,,,
3,,,,,
3,,,,,
3,,,,,
2,Electric_Vehicle_4,,,0.0,50.2
1,Electric_Vehicle_4,13.0,70.4,,
1,Electric_Vehicle_4,12.0,70.4,,
1,Electric_Vehicle_4,11.0,70.4,,
1,Electric_Vehicle_4,10.0,70.4,,
1,Electric_Vehicle_4,9.0,70.4,,
1,Electric_Vehicle_4,8.0,70.4,,
1,Electric_Vehicle_4,7.0,70.4,,
1,Electric_Vehicle_4,6.0,70.4,,
1,Electric_Vehicle_4,5.0,70.4,,
1,Electric_Vehicle_4,4.0,70.4,,
1,Electric_Vehicle_4,3.0,70.4,,
1,Electric_Vehicle_4,2.0,70.4,,
1,Electric_Vehicle_4,1.0,70.4,,
1,Electric_Vehicle_4,0.0,70.4,,
3,,,,,
3,,,,,
3,,,,,
3,,,,,
3,,,,,
3,,,,,
3,,,,,
3,,,,,
3,,,,,
3,,,,,
2,Electric_Vehicle_4,,,0.0,25.4
1,Electric_Vehicle_4,12.0,71.7,,
1,Electric_Vehicle_4,11.0,71.7,,
1,Electric_Vehicle_4,10.0,71.7,,
1,Electric_Vehicle_4,9.0,71.7,,
1,Electric_Vehicle_4,8.0,71.7,,
1,Electric_Vehicle_4,7.0,71.7,,
1,Electric_Vehicle_4,6.0,71.7,,
1,Electric_Vehicle_4,5.0,71.7,,
1,Electric_Vehicle_4,4.0,71.7,,
1,Electric_Vehicle_4,3.0,71.7,,
1,Electric_Vehicle_4,2.0,71.7,,
1,Electric_Vehicle_4,1.0,71.7,,
1,Electric_Vehicle_4,0.0,71.7,,
3,,,,,
3,,,,,
3,,,,,
3,,,,,
3,,,,,
3,,,,,
3,,,,,
3,,,,,
3,,,,,
3,,,,,
3,,,,,
3,,,,,
2,Electric_Vehicle_4,,,0.0,26.7
1,Electric_Vehicle_4,36.0,89.3,,
1,Electric_Vehicle_4,35.0,89.3,,
1,Electric_Vehicle_4,34.0,89.3,,
1,Electric_Vehicle_4,33.0,89.3,,
1,Electric_Vehicle_4,32.0,89.3,,
1,Electric_Vehicle_4,31.0,89.3,,
1,Electric_Vehicle_4,30.0,89.3,,
1,Electric_Vehicle_4,29.0,89.3,,
1,Electric_Vehicle_4,28.0,89.3,,
1,Electric_Vehicle_4,27.0,89.3,,
1,Electric_Vehicle_4,26.0,89.3,,
1,Electric_Vehicle_4,25.0,89.3,,
1,Electric_Vehicle_4,24.0,89.3,,
1,Electric_Vehicle_4,23.0,89.3,,
1,Electric_Vehicle_4,22.0,89.3,,
1,Electric_Vehicle_4,21.0,89.3,,
1,Electric_Vehicle_4,20.0,89.3,,
1,Electric_Vehicle_4,19.0,89.3,,
1,Electric_Vehicle_4,18.0,89.3,,
1,Electric_Vehicle_4,17.0,89.3,,
1,Electric_Vehicle_4,16.0,89.3,,
1,Electric_Vehicle_4,15.0,89.3,,
1,Electric_Vehicle_4,14.0,89.3,,
1,Electric_Vehicle_4,13.0,89.3,,
1,Electric_Vehicle_4,12.0,89.3,,
1,Electric_Vehicle_4,11.0,89.3,,
1,Electric_Vehicle_4,10.0,89.3,,
1,Electric_Vehicle_4,9.0,89.3,,
1,Electric_Vehicle_4,8.0,89.3,,
1,Electric_Vehicle_4,7.0,89.3,,
1,Electric_Vehicle_4,6.0,89.3,,
1,Electric_Vehicle_4,5.0,89.3,,
1,Electric_Vehicle_4,4.0,89.3,,
1,Electric_Vehicle_4,3.0,89.3,,
1,Electric_Vehicle_4,2.0,89.3,,
1,Electric_Vehicle_4,1.0,89.3,,
1,Electric_Vehicle_4,0.0,89.3,,
3,,,,,
3,,,,,
3,,,,,
3,,,,,
2,Electric_Vehicle_4,,,0.0,49.8
1,Electric_Vehicle_4,16.0,81.3,,
1,Electric_Vehicle_4,15.0,81.3,,
1,Electric_Vehicle_4,14.0,81.3,,
1,Electric_Vehicle_4,13.0,81.3,,
1,Electric_Vehicle_4,12.0,81.3,,
1,Electric_Vehicle_4,11.0,81.3,,
1,Electric_Vehicle_4,10.0,81.3,,
1,Electric_Vehicle_4,9.0,81.3,,
1,Electric_Vehicle_4,8.0,81.3,,
1,Electric_Vehicle_4,7.0,81.3,,
1,Electric_Vehicle_4,6.0,81.3,,
1,Electric_Vehicle_4,5.0,81.3,,
1,Electric_Vehicle_4,4.0,81.3,,
1,Electric_Vehicle_4,3.0,81.3,,
1,Electric_Vehicle_4,2.0,81.3,,
1,Electric_Vehicle_4,1.0,81.3,,
1,Electric_Vehicle_4,0.0,81.3,,
3,,,,,
3,,,,,
3,,,,,
3,,,,,
3,,,,,
3,,,,,
3,,,,,
3,,,,,
3,,,,,
3,,,,,
3,,,,,
3,,,,,
2,Electric_Vehicle_4,,,0.0,20.5
1,Electric_Vehicle_4,10.0,73.0,,
1,Electric_Vehicle_4,9.0,73.0,,
1,Electric_Vehicle_4,8.0,73.0,,
1,Electric_Vehicle_4,7.0,73.0,,
1,Electric_Vehicle_4,6.0,73.0,,
1,Electric_Vehicle_4,5.0,73.0,,
1,Electric_Vehicle_4,4.0,73.0,,
1,Electric_Vehicle_4,3.0,73.0,,
1,Electric_Vehicle_4,2.0,73.0,,
1,Electric_Vehicle_4,1.0,73.0,,
1,Electric_Vehicle_4,0.0,73.0,,
3,,,,,
3,,,,,
3,,,,,
3,,,,,
3,,,,,
3,,,,,
3,,,,,
3,,,,,
3,,,,,
3,,,,,
2,Electric_Vehicle_4,,,0.0,35.9
1,Electric_Vehicle_4,10.0,78.6,,
1,Electric_Vehicle_4,9.0,78.6,,
1,Electric_Vehicle_4,8.0,78.6,,
1,Electric_Vehicle_4,7.0,78.6,,
1,Electric_Vehicle_4,6.0,78.6,,
1,Electric_Vehicle_4,5.0,78.6,,
1,Electric_Vehicle_4,4.0,78.6,,
1,Electric_Vehicle_4,3.0,78.6,,
1,Electric_Vehicle_4,2.0,78.6,,
1,Electric_Vehicle_4,1.0,78.6,,
1,Electric_Vehicle_4,0.0,78.6,,
3,,,,,
3,,,,,
3,,,,,
3,,,,,
3,,,,,
3,,,,,
3,,,,,
3,,,,,
3,,,,,
3,,,,,
3,,,,,
3,,,,,
3,,,,,
3,,,,,
2,Electric_Vehicle_4,,,0.0,31.9
1,Electric_Vehicle_4,11.0,75.9,,
1,Electric_Vehicle_4,10.0,75.9,,
1,Electric_Vehicle_4,9.0,75.9,,
1,Electric_Vehicle_4,8.0,75.9,,
1,Electric_Vehicle_4,7.0,75.9,,
1,Electric_Vehicle_4,6.0,75.9,,
1,Electric_Vehicle_4,5.0,75.9,,
1,Electric_Vehicle_4,4.0,75.9,,
1,Electric_Vehicle_4,3.0,75.9,,
1,Electric_Vehicle_4,2.0,75.9,,
1,Electric_Vehicle_4,1.0,75.9,,
1,Electric_Vehicle_4,0.0,75.9,,
3,,,,,
3,,,,,
3,,,,,
3,,,,,
3,,,,,
3,,,,,
3,,,,,
3,,,,,
2,Electric_Vehicle_4,,,0.0,38.6
1,Electric_Vehicle_4,13.0,87.1,,
1,Electric_Vehicle_4,12.0,87.1,,
1,Electric_Vehicle_4,11.0,87.1,,
1,Electric_Vehicle_4,10.0,87.1,,
1,Electric_Vehicle_4,9.0,87.1,,
1,Electric_Vehicle_4,8.0,87.1,,
1,Electric_Vehicle_4,7.0,87.1,,
1,Electric_Vehicle_4,6.0,87.1,,
1,Electric_Vehicle_4,5.0,87.1,,
1,Electric_Vehicle_4,4.0,87.1,,
1,Electric_Vehicle_4,3.0,87.1,,
1,Electric_Vehicle_4,2.0,87.1,,
1,Electric_Vehicle_4,1.0,87.1,,
1,Electric_Vehicle_4,0.0,87.1,,
3,,,,,
3,,,,,
3,,,,,
3,,,,,
3,,,,,
3,,,,,
3,,,,,
3,,,,,
3,,,,,
3,,,,,
2,Electric_Vehicle_4,,,0.0,33.3
1,Electric_Vehicle_4,62.0,76.9,,
1,Electric_Vehicle_4,61.0,76.9,,
1,Electric_Vehicle_4,60.0,76.9,,
1,Electric_Vehicle_4,59.0,76.9,,
1,Electric_Vehicle_4,58.0,76.9,,
1,Electric_Vehicle_4,57.0,76.9,,
1,Electric_Vehicle_4,56.0,76.9,,
1,Electric_Vehicle_4,55.0,76.9,,
1,Electric_Vehicle_4,54.0,76.9,,
1,Electric_Vehicle_4,53.0,76.9,,
1,Electric_Vehicle_4,52.0,76.9,,
1,Electric_Vehicle_4,51.0,76.9,,
1,Electric_Vehicle_4,50.0,76.9,,
1,Electric_Vehicle_4,49.0,76.9,,
1,Electric_Vehicle_4,48.0,76.9,,
1,Electric_Vehicle_4,47.0,76.9,,
1,Electric_Vehicle_4,46.0,76.9,,
1,Electric_Vehicle_4,45.0,76.9,,
1,Electric_Vehicle_4,44.0,76.9,,
1,Electric_Vehicle_4,43.0,76.9,,
1,Electric_Vehicle_4,42.0,76.9,,
1,Electric_Vehicle_4,41.0,76.9,,
1,Electric_Vehicle_4,40.0,76.9,,
1,Electric_Vehicle_4,39.0,76.9,,
1,Electric_Vehicle_4,38.0,76.9,,
1,Electric_Vehicle_4,37.0,76.9,,
1,Electric_Vehicle_4,36.0,76.9,,
1,Electric_Vehicle_4,35.0,76.9,,
1,Electric_Vehicle_4,34.0,76.9,,
1,Electric_Vehicle_4,33.0,76.9,,
1,Electric_Vehicle_4,32.0,76.9,,
1,Electric_Vehicle_4,31.0,76.9,,
1,Electric_Vehicle_4,30.0,76.9,,
1,Electric_Vehicle_4,29.0,76.9,,
1,Electric_Vehicle_4,28.0,76.9,,
1,Electric_Vehicle_4,27.0,76.9,,
1,Electric_Vehicle_4,26.0,76.9,,
1,Electric_Vehicle_4,25.0,76.9,,
1,Electric_Vehicle_4,24.0,76.9,,
1,Electric_Vehicle_4,23.0,76.9,,
1,Electric_Vehicle_4,22.0,76.9,,
1,Electric_Vehicle_4,21.0,76.9,,
1,Electric_Vehicle_4,20.0,76.9,,
1,Electric_Vehicle_4,19.0,76.9,,
1,Electric_Vehicle_4,18.0,76.9,,
1,Electric_Vehicle_4,17.0,76.9,,
1,Electric_Vehicle_4,16.0,76.9,,
1,Electric_Vehicle_4,15.0,76.9,,
1,Electric_Vehicle_4,14.0,76.9,,
1,Electric_Vehicle_4,13.0,76.9,,
1,Electric_Vehicle_4,12.0,76.9,,
1,Electric_Vehicle_4,11.0,76.9,,
1,Electric_Vehicle_4,10.0,76.9,,
1,Electric_Vehicle_4,9.0,76.9,,
1,Electric_Vehicle_4,8.0,76.9,,
1,Electric_Vehicle_4,7.0,76.9,,
1,Electric_Vehicle_4,6.0,76.9,,
1,Electric_Vehicle_4,5.0,76.9,,
1,Electric_Vehicle_4,4.0,76.9,,
1,Electric_Vehicle_4,3.0,76.9,,
1,Electric_Vehicle_4,2.0,76.9,,
1,Electric_Vehicle_4,1.0,76.9,,
1,Electric_Vehicle_4,0.0,76.9,,
3,,,,,
3,,,,,
3,,,,,
3,,,,,
3,,,,,
3,,,,,
3,,,,,
3,,,,,
3,,,,,
2,Electric_Vehicle_4,,,0.0,23.6
1,Electric_Vehicle_4,12.0,70.1,,
1,Electric_Vehicle_4,11.0,70.1,,
1,Electric_Vehicle_4,10.0,70.1,,
1,Electric_Vehicle_4,9.0,70.1,,
1,Electric_Vehicle_4,8.0,70.1,,
1,Electric_Vehicle_4,7.0,70.1,,
1,Electric_Vehicle_4,6.0,70.1,,
1,Electric_Vehicle_4,5.0,70.1,,
1,Electric_Vehicle_4,4.0,70.1,,
1,Electric_Vehicle_4,3.0,70.1,,
1,Electric_Vehicle_4,2.0,70.1,,
1,Electric_Vehicle_4,1.0,70.1,,
1,Electric_Vehicle_4,0.0,70.1,,
3,,,,,
3,,,,,
3,,,,,
3,,,,,
3,,,,,
3,,,,,
3,,,,,
2,Electric_Vehicle_4,,,0.0,26.1
1,Electric_Vehicle_4,63.0,87.3,,
1,Electric_Vehicle_4,62.0,87.3,,
1,Electric_Vehicle_4,61.0,87.3,,
1,Electric_Vehicle_4,60.0,87.3,,
1,Electric_Vehicle_4,59.0,87.3,,
1,Electric_Vehicle_4,58.0,87.3,,
1,Electric_Vehicle_4,57.0,87.3,,
1,Electric_Vehicle_4,56.0,87.3,,
1,Electric_Vehicle_4,55.0,87.3,,
1,Electric_Vehicle_4,54.0,87.3,,
1,Electric_Vehicle_4,53.0,87.3,,
1,Electric_Vehicle_4,52.0,87.3,,
1,Electric_Vehicle_4,51.0,87.3,,
1,Electric_Vehicle_4,50.0,87.3,,
1,Electric_Vehicle_4,49.0,87.3,,
1,Electric_Vehicle_4,48.0,87.3,,
1,Electric_Vehicle_4,47.0,87.3,,
1,Electric_Vehicle_4,46.0,87.3,,
1,Electric_Vehicle_4,45.0,87.3,,
1,Electric_Vehicle_4,44.0,87.3,,
1,Electric_Vehicle_4,43.0,87.3,,
1,Electric_Vehicle_4,42.0,87.3,,
1,Electric_Vehicle_4,41.0,87.3,,
1,Electric_Vehicle_4,40.0,87.3,,
1,Electric_Vehicle_4,39.0,87.3,,
1,Electric_Vehicle_4,38.0,87.3,,
1,Electric_Vehicle_4,37.0,87.3,,
1,Electric_Vehicle_4,36.0,87.3,,
1,Electric_Vehicle_4,35.0,87.3,,
1,Electric_Vehicle_4,34.0,87.3,,
1,Electric_Vehicle_4,33.0,87.3,,
1,Electric_Vehicle_4,32.0,87.3,,
1,Electric_Vehicle_4,31.0,87.3,,
1,Electric_Vehicle_4,30.0,87.3,,
1,Electric_Vehicle_4,29.0,87.3,,
1,Electric_Vehicle_4,28.0,87.3,,
1,Electric_Vehicle_4,27.0,87.3,,
1,Electric_Vehicle_4,26.0,87.3,,
1,Electric_Vehicle_4,25.0,87.3,,
1,Electric_Vehicle_4,24.0,87.3,,
1,Electric_Vehicle_4,23.0,87.3,,
1,Electric_Vehicle_4,22.0,87.3,,
1,Electric_Vehicle_4,21.0,87.3,,
1,Electric_Vehicle_4,20.0,87.3,,
1,Electric_Vehicle_4,19.0,87.3,,
1,Electric_Vehicle_4,18.0,87.3,,
1,Electric_Vehicle_4,17.0,87.3,,
1,Electric_Vehicle_4,16.0,87.3,,
1,Electric_Vehicle_4,15.0,87.3,,
1,Electric_Vehicle_4,14.0,87.3,,
1,Electric_Vehicle_4,13.0,87.3,,
1,Electric_Vehicle_4,12.0,87.3,,
1,Electric_Vehicle_4,11.0,87.3,,
1,Electric_Vehicle_4,10.0,87.3,,
1,Electric_Vehicle_4,9.0,87.3,,
1,Electric_Vehicle_4,8.0,87.3,,
1,Electric_Vehicle_4,7.0,87.3,,
1,Electric_Vehicle_4,6.0,87.3,,
1,Electric_Vehicle_4,5.0,87.3,,
1,Electric_Vehicle_4,4.0,87.3,,
1,Electric_Vehicle_4,3.0,87.3,,
1,Electric_Vehicle_4,2.0,87.3,,
1,Electric_Vehicle_4,1.0,87.3,,
1,Electric_Vehicle_4,0.0,87.3,,
3,,,,,
3,,,,,
3,,,,,
3,,,,,
3,,,,,
3,,,,,
3,,,,,
3,,,,,
3,,,,,
2,Electric_Vehicle_4,,,0.0,36.9
1,Electric_Vehicle_4,60.0,75.6,,
1,Electric_Vehicle_4,59.0,75.6,,
1,Electric_Vehicle_4,58.0,75.6,,
1,Electric_Vehicle_4,57.0,75.6,,
1,Electric_Vehicle_4,56.0,75.6,,
1,Electric_Vehicle_4,55.0,75.6,,
1,Electric_Vehicle_4,54.0,75.6,,
1,Electric_Vehicle_4,53.0,75.6,,
1,Electric_Vehicle_4,52.0,75.6,,
1,Electric_Vehicle_4,51.0,75.6,,
1,Electric_Vehicle_4,50.0,75.6,,
1,Electric_Vehicle_4,49.0,75.6,,
1,Electric_Vehicle_4,48.0,75.6,,
1,Electric_Vehicle_4,47.0,75.6,,
1,Electric_Vehicle_4,46.0,75.6,,
1,Electric_Vehicle_4,45.0,75.6,,
1,Electric_Vehicle_4,44.0,75.6,,
1,Electric_Vehicle_4,43.0,75.6,,
1,Electric_Vehicle_4,42.0,75.6,,
1,Electric_Vehicle_4,41.0,75.6,,
1,Electric_Vehicle_4,40.0,75.6,,
1,Electric_Vehicle_4,39.0,75.6,,
1,Electric_Vehicle_4,38.0,75.6,,
1,Electric_Vehicle_4,37.0,75.6,,
1,Electric_Vehicle_4,36.0,75.6,,
1,Electric_Vehicle_4,35.0,75.6,,
1,Electric_Vehicle_4,34.0,75.6,,
1,Electric_Vehicle_4,33.0,75.6,,
1,Electric_Vehicle_4,32.0,75.6,,
1,Electric_Vehicle_4,31.0,75.6,,
1,Electric_Vehicle_4,30.0,75.6,,
1,Electric_Vehicle_4,29.0,75.6,,
1,Electric_Vehicle_4,28.0,75.6,,
1,Electric_Vehicle_4,27.0,75.6,,
1,Electric_Vehicle_4,26.0,75.6,,
1,Electric_Vehicle_4,25.0,75.6,,
1,Electric_Vehicle_4,24.0,75.6,,
1,Electric_Vehicle_4,23.0,75.6,,
1,Electric_Vehicle_4,22.0,75.6,,
1,Electric_Vehicle_4,21.0,75.6,,
1,Electric_Vehicle_4,20.0,75.6,,
1,Electric_Vehicle_4,19.0,75.6,,
1,Electric_Vehicle_4,18.0,75.6,,
1,Electric_Vehicle_4,17.0,75.6,,
1,Electric_Vehicle_4,16.0,75.6,,
1,Electric_Vehicle_4,15.0,75.6,,
1,Electric_Vehicle_4,14.0,75.6,,
1,Electric_Vehicle_4,13.0,75.6,,
1,Electric_Vehicle_4,12.0,75.6,,
1,Electric_Vehicle_4,11.0,75.6,,
1,Electric_Vehicle_4,10.0,75.6,,
1,Electric_Vehicle_4,9.0,75.6,,
1,Electric_Vehicle_4,8.0,75.6,,
1,Electric_Vehicle_4,7.0,75.6,,
1,Electric_Vehicle_4,6.0,75.6,,
1,Electric_Vehicle_4,5.0,75.6,,
1,Electric_Vehicle_4,4.0,75.6,,
1,Electric_Vehicle_4,3.0,75.6,,
1,Electric_Vehicle_4,2.0,75.6,,
1,Electric_Vehicle_4,1.0,75.6,,
1,Electric_Vehicle_4,0.0,75.6,,
3,,,,,
3,,,,,
3,,,,,
3,,,,,
3,,,,,
3,,,,,
3,,,,,
3,,,,,
2,Electric_Vehicle_4,,,0.0,45.5
1,Electric_Vehicle_4,14.0,71.0,,
1,Electric_Vehicle_4,13.0,71.0,,
1,Electric_Vehicle_4,12.0,71.0,,
1,Electric_Vehicle_4,11.0,71.0,,
1,Electric_Vehicle_4,10.0,71.0,,
1,Electric_Vehicle_4,9.0,71.0,,
1,Electric_Vehicle_4,8.0,71.0,,
1,Electric_Vehicle_4,7.0,71.0,,
1,Electric_Vehicle_4,6.0,71.0,,
1,Electric_Vehicle_4,5.0,71.0,,
1,Electric_Vehicle_4,4.0,71.0,,
1,Electric_Vehicle_4,3.0,71.0,,
1,Electric_Vehicle_4,2.0,71.0,,
1,Electric_Vehicle_4,1.0,71.0,,
1,Electric_Vehicle_4,0.0,71.0,,
3,,,,,
3,,,,,
3,,,,,
3,,,,,
3,,,,,
3,,,,,
3,,,,,
3,,,,,
3,,,,,
3,,,,,
2,Electric_Vehicle_4,,,0.0,42.4
1,Electric_Vehicle_4,13.0,80.6,,
1,Electric_Vehicle_4,12.0,80.6,,
1,Electric_Vehicle_4,11.0,80.6,,
1,Electric_Vehicle_4,10.0,80.6,,
1,Electric_Vehicle_4,9.0,80.6,,
1,Electric_Vehicle_4,8.0,80.6,,
1,Electric_Vehicle_4,7.0,80.6,,
1,Electric_Vehicle_4,6.0,80.6,,
1,Electric_Vehicle_4,5.0,80.6,,
1,Electric_Vehicle_4,4.0,80.6,,
1,Electric_Vehicle_4,3.0,80.6,,
1,Electric_Vehicle_4,2.0,80.6,,
1,Electric_Vehicle_4,1.0,80.6,,
1,Electric_Vehicle_4,0.0,80.6,,
3,,,,,
3,,,,,
3,,,,,
3,,,,,
3,,,,,
3,,,,,
3,,,,,
3,,,,,
3,,,,,
3,,,,,
2,Electric_Vehicle_4,,,0.0,49.4
1,Electric_Vehicle_4,12.0,72.1,,
1,Electric_Vehicle_4,11.0,72.1,,
1,Electric_Vehicle_4,10.0,72.1,,
1,Electric_Vehicle_4,9.0,72.1,,
1,Electric_Vehicle_4,8.0,72.1,,
1,Electric_Vehicle_4,7.0,72.1,,
1,Electric_Vehicle_4,6.0,72.1,,
1,Electric_Vehicle_4,5.0,72.1,,
1,Electric_Vehicle_4,4.0,72.1,,
1,Electric_Vehicle_4,3.0,72.1,,
1,Electric_Vehicle_4,2.0,72.1,,
1,Electric_Vehicle_4,1.0,72.1,,
1,Electric_Vehicle_4,0.0,72.1,,
3,,,,,
3,,,,,
3,,,,,
3,,,,,
3,,,,,
3,,,,,
3,,,,,
3,,,,,
2,Electric_Vehicle_4,,,0.0,33.4
1,Electric_Vehicle_4,37.0,81.1,,
1,Electric_Vehicle_4,36.0,81.1,,
1,Electric_Vehicle_4,35.0,81.1,,
1,Electric_Vehicle_4,34.0,81.1,,
1,Electric_Vehicle_4,33.0,81.1,,
1,Electric_Vehicle_4,32.0,81.1,,
1,Electric_Vehicle_4,31.0,81.1,,
1,Electric_Vehicle_4,30.0,81.1,,
1,Electric_Vehicle_4,29.0,81.1,,
1,Electric_Vehicle_4,28.0,81.1,,
1,Electric_Vehicle_4,27.0,81.1,,
1,Electric_Vehicle_4,26.0,81.1,,
1,Electric_Vehicle_4,25.0,81.1,,
1,Electric_Vehicle_4,24.0,81.1,,
1,Electric_Vehicle_4,23.0,81.1,,
1,Electric_Vehicle_4,22.0,81.1,,
1,Electric_Vehicle_4,21.0,81.1,,
1,Electric_Vehicle_4,20.0,81.1,,
1,Electric_Vehicle_4,19.0,81.1,,
1,Electric_Vehicle_4,18.0,81.1,,
1,Electric_Vehicle_4,17.0,81.1,,
1,Electric_Vehicle_4,16.0,81.1,,
1,Electric_Vehicle_4,15.0,81.1,,
1,Electric_Vehicle_4,14.0,81.1,,
1,Electric_Vehicle_4,13.0,81.1,,
1,Electric_Vehicle_4,12.0,81.1,,
1,Electric_Vehicle_4,11.0,81.1,,
1,Electric_Vehicle_4,10.0,81.1,,
1,Electric_Vehicle_4,9.0,81.1,,
1,Electric_Vehicle_4,8.0,81.1,,
1,Electric_Vehicle_4,7.0,81.1,,
1,Electric_Vehicle_4,6.0,81.1,,
1,Electric_Vehicle_4,5.0,81.1,,
1,Electric_Vehicle_4,4.0,81.1,,
1,Electric_Vehicle_4,3.0,81.1,,
1,Electric_Vehicle_4,2.0,81.1,,
1,Electric_Vehicle_4,1.0,81.1,,
1,Electric_Vehicle_4,0.0,81.1,,
3,,,,,
3,,,,,
3,,,,,
3,,,,,
3,,,,,
3,,,,,
3,,,,,
3,,,,,
3,,,,,
2,Electric_Vehicle_4,,,0.0,49.6
1,Electric_Vehicle_4,38.0,89.9,,
1,Electric_Vehicle_4,37.0,89.9,,
1,Electric_Vehicle_4,36.0,89.9,,
1,Electric_Vehicle_4,35.0,89.9,,
1,Electric_Vehicle_4,34.0,89.9,,
1,Electric_Vehicle_4,33.0,89.9,,
1,Electric_Vehicle_4,32.0,89.9,,
1,Electric_Vehicle_4,31.0,89.9,,
1,Electric_Vehicle_4,30.0,89.9,,
1,Electric_Vehicle_4,29.0,89.9,,
1,Electric_Vehicle_4,28.0,89.9,,
1,Electric_Vehicle_4,27.0,89.9,,
1,Electric_Vehicle_4,26.0,89.9,,
1,Electric_Vehicle_4,25.0,89.9,,
1,Electric_Vehicle_4,24.0,89.9,,
1,Electric_Vehicle_4,23.0,89.9,,
1,Electric_Vehicle_4,22.0,89.9,,
1,Electric_Vehicle_4,21.0,89.9,,
1,Electric_Vehicle_4,20.0,89.9,,
1,Electric_Vehicle_4,19.0,89.9,,
1,Electric_Vehicle_4,18.0,89.9,,
1,Electric_Vehicle_4,17.0,89.9,,
1,Electric_Vehicle_4,16.0,89.9,,
1,Electric_Vehicle_4,15.0,89.9,,
1,Electric_Vehicle_4,14.0,89.9,,
1,Electric_Vehicle_4,13.0,89.9,,
1,Electric_Vehicle_4,12.0,89.9,,
1,Electric_Vehicle_4,11.0,89.9,,
1,Electric_Vehicle_4,10.0,89.9,,
1,Electric_Vehicle_4,9.0,89.9,,
1,Electric_Vehicle_4,8.0,89.9,,
1,Electric_Vehicle_4,7.0,89.9,,
1,Electric_Vehicle_4,6.0,89.9,,
1,Electric_Vehicle_4,5.0,89.9,,
1,Electric_Vehicle_4,4.0,89.9,,
1,Electric_Vehicle_4,3.0,89.9,,
1,Electric_Vehicle_4,2.0,89.9,,
1,Electric_Vehicle_4,1.0,89.9,,
1,Electric_Vehicle_4,0.0,89.9,,
3,,,,,
3,,,,,
3,,,,,
3,,,,,
3,,,,,
3,,,,,
3,,,,,
2,Electric_Vehicle_4,,,0.0,30.0
1,Electric_Vehicle_4,39.0,84.6,,
1,Electric_Vehicle_4,38.0,84.6,,
1,Electric_Vehicle_4,37.0,84.6,,
1,Electric_Vehicle_4,36.0,84.6,,
1,Electric_Vehicle_4,35.0,84.6,,
1,Electric_Vehicle_4,34.0,84.6,,
1,Electric_Vehicle_4,33.0,84.6,,
1,Electric_Vehicle_4,32.0,84.6,,
1,Electric_Vehicle_4,31.0,84.6,,
1,Electric_Vehicle_4,30.0,84.6,,
1,Electric_Vehicle_4,29.0,84.6,,
1,Electric_Vehicle_4,28.0,84.6,,
1,Electric_Vehicle_4,27.0,84.6,,
1,Electric_Vehicle_4,26.0,84.6,,
1,Electric_Vehicle_4,25.0,84.6,,
1,Electric_Vehicle_4,24.0,84.6,,
1,Electric_Vehicle_4,23.0,84.6,,
1,Electric_Vehicle_4,22.0,84.6,,
1,Electric_Vehicle_4,21.0,84.6,,
1,Electric_Vehicle_4,20.0,84.6,,
1,Electric_Vehicle_4,19.0,84.6,,
1,Electric_Vehicle_4,18.0,84.6,,
1,Electric_Vehicle_4,17.0,84.6,,
1,Electric_Vehicle_4,16.0,84.6,,
1,Electric_Vehicle_4,15.0,84.6,,
1,Electric_Vehicle_4,14.0,84.6,,
1,Electric_Vehicle_4,13.0,84.6,,
1,Electric_Vehicle_4,12.0,84.6,,
1,Electric_Vehicle_4,11.0,84.6,,
1,Electric_Vehicle_4,10.0,84.6,,
1,Electric_Vehicle_4,9.0,84.6,,
1,Electric_Vehicle_4,8.0,84.6,,
1,Electric_Vehicle_4,7.0,84.6,,
1,Electric_Vehicle_4,6.0,84.6,,
1,Electric_Vehicle_4,5.0,84.6,,
1,Electric_Vehicle_4,4.0,84.6,,
1,Electric_Vehicle_4,3.0,84.6,,
1,Electric_Vehicle_4,2.0,84.6,,
1,Electric_Vehicle_4,1.0,84.6,,
1,Electric_Vehicle_4,0.0,84.6,,
3,,,,,
3,,,,,
3,,,,,
3,,,,,
3,,,,,
3,,,,,
3,,,,,
3,,,,,
2,Electric_Vehicle_4,,,0.0,27.7
1,Electric_Vehicle_4,15.0,74.8,,
1,Electric_Vehicle_4,14.0,74.8,,
1,Electric_Vehicle_4,13.0,74.8,,
1,Electric_Vehicle_4,12.0,74.8,,
1,Electric_Vehicle_4,11.0,74.8,,
1,Electric_Vehicle_4,10.0,74.8,,
1,Electric_Vehicle_4,9.0,74.8,,
1,Electric_Vehicle_4,8.0,74.8,,
1,Electric_Vehicle_4,7.0,74.8,,
1,Electric_Vehicle_4,6.0,74.8,,
1,Electric_Vehicle_4,5.0,74.8,,
1,Electric_Vehicle_4,4.0,74.8,,
1,Electric_Vehicle_4,3.0,74.8,,
1,Electric_Vehicle_4,2.0,74.8,,
1,Electric_Vehicle_4,1.0,74.8,,
1,Electric_Vehicle_4,0.0,74.8,,
3,,,,,
3,,,,,
3,,,,,
3,,,,,
3,,,,,
3,,,,,
3,,,,,
2,Electric_Vehicle_4,,,0.0,49.6
1,Electric_Vehicle_4,14.0,83.2,,
1,Electric_Vehicle_4,13.0,83.2,,
1,Electric_Vehicle_4,12.0,83.2,,
1,Electric_Vehicle_4,11.0,83.2,,
1,Electric_Vehicle_4,10.0,83.2,,
1,Electric_Vehicle_4,9.0,83.2,,
1,Electric_Vehicle_4,8.0,83.2,,
1,Electric_Vehicle_4,7.0,83.2,,
1,Electric_Vehicle_4,6.0,83.2,,
1,Electric_Vehicle_4,5.0,83.2,,
1,Electric_Vehicle_4,4.0,83.2,,
1,Electric_Vehicle_4,3.0,83.2,,
1,Electric_Vehicle_4,2.0,83.2,,
1,Electric_Vehicle_4,1.0,83.2,,
1,Electric_Vehicle_4,0.0,83.2,,
3,,,,,
3,,,,,
3,,,,,
3,,,,,
3,,,,,
3,,,,,
2,Electric_Vehicle_4,,,0.0,28.0
1,Electric_Vehicle_4,38.0,78.3,,
1,Electric_Vehicle_4,37.0,78.3,,
1,Electric_Vehicle_4,36.0,78.3,,
1,Electric_Vehicle_4,35.0,78.3,,
1,Electric_Vehicle_4,34.0,78.3,,
1,Electric_Vehicle_4,33.0,78.3,,
1,Electric_Vehicle_4,32.0,78.3,,
1,Electric_Vehicle_4,31.0,78.3,,
1,Electric_Vehicle_4,30.0,78.3,,
1,Electric_Vehicle_4,29.0,78.3,,
1,Electric_Vehicle_4,28.0,78.3,,
1,Electric_Vehicle_4,27.0,78.3,,
1,Electric_Vehicle_4,26.0,78.3,,
1,Electric_Vehicle_4,25.0,78.3,,
1,Electric_Vehicle_4,24.0,78.3,,
1,Electric_Vehicle_4,23.0,78.3,,
1,Electric_Vehicle_4,22.0,78.3,,
1,Electric_Vehicle_4,21.0,78.3,,
1,Electric_Vehicle_4,20.0,78.3,,
1,Electric_Vehicle_4,19.0,78.3,,
1,Electric_Vehicle_4,18.0,78.3,,
1,Electric_Vehicle_4,17.0,78.3,,
1,Electric_Vehicle_4,16.0,78.3,,
1,Electric_Vehicle_4,15.0,78.3,,
1,Electric_Vehicle_4,14.0,78.3,,
1,Electric_Vehicle_4,13.0,78.3,,
1,Electric_Vehicle_4,12.0,78.3,,
1,Electric_Vehicle_4,11.0,78.3,,
1,Electric_Vehicle_4,10.0,78.3,,
1,Electric_Vehicle_4,9.0,78.3,,
1,Electric_Vehicle_4,8.0,78.3,,
1,Electric_Vehicle_4,7.0,78.3,,
1,Electric_Vehicle_4,6.0,78.3,,
1,Electric_Vehicle_4,5.0,78.3,,
1,Electric_Vehicle_4,4.0,78.3,,
1,Electric_Vehicle_4,3.0,78.3,,
1,Electric_Vehicle_4,2.0,78.3,,
1,Electric_Vehicle_4,1.0,78.3,,
1,Electric_Vehicle_4,0.0,78.3,,
3,,,,,
3,,,,,
3,,,,,
3,,,,,
3,,,,,
3,,,,,
3,,,,,
3,,,,,
2,Electric_Vehicle_4,,,0.0,45.3
1,Electric_Vehicle_4,17.0,86.4,,
1,Electric_Vehicle_4,16.0,86.4,,
1,Electric_Vehicle_4,15.0,86.4,,
1,Electric_Vehicle_4,14.0,86.4,,
1,Electric_Vehicle_4,13.0,86.4,,
1,Electric_Vehicle_4,12.0,86.4,,
1,Electric_Vehicle_4,11.0,86.4,,
1,Electric_Vehicle_4,10.0,86.4,,
1,Electric_Vehicle_4,9.0,86.4,,
1,Electric_Vehicle_4,8.0,86.4,,
1,Electric_Vehicle_4,7.0,86.4,,
1,Electric_Vehicle_4,6.0,86.4,,
1,Electric_Vehicle_4,5.0,86.4,,
1,Electric_Vehicle_4,4.0,86.4,,
1,Electric_Vehicle_4,3.0,86.4,,
1,Electric_Vehicle_4,2.0,86.4,,
1,Electric_Vehicle_4,1.0,86.4,,
1,Electric_Vehicle_4,0.0,86.4,,
3,,,,,
3,,,,,
3,,,,,
3,,,,,
3,,,,,
3,,,,,
2,Electric_Vehicle_4,,,0.0,31.6
1,Electric_Vehicle_4,15.0,77.2,,
1,Electric_Vehicle_4,14.0,77.2,,
1,Electric_Vehicle_4,13.0,77.2,,
1,Electric_Vehicle_4,12.0,77.2,,
1,Electric_Vehicle_4,11.0,77.2,,
1,Electric_Vehicle_4,10.0,77.2,,
1,Electric_Vehicle_4,9.0,77.2,,
1,Electric_Vehicle_4,8.0,77.2,,
1,Electric_Vehicle_4,7.0,77.2,,
1,Electric_Vehicle_4,6.0,77.2,,
1,Electric_Vehicle_4,5.0,77.2,,
1,Electric_Vehicle_4,4.0,77.2,,
1,Electric_Vehicle_4,3.0,77.2,,
1,Electric_Vehicle_4,2.0,77.2,,
1,Electric_Vehicle_4,1.0,77.2,,
1,Electric_Vehicle_4,0.0,77.2,,
3,,,,,
3,,,,,
3,,,,,
3,,,,,
3,,,,,
3,,,,,
3,,,,,
3,,,,,
2,Electric_Vehicle_4,,,0.0,37.1
1,Electric_Vehicle_4,14.0,78.6,,
1,Electric_Vehicle_4,13.0,78.6,,
1,Electric_Vehicle_4,12.0,78.6,,
1,Electric_Vehicle_4,11.0,78.6,,
1,Electric_Vehicle_4,10.0,78.6,,
1,Electric_Vehicle_4,9.0,78.6,,
1,Electric_Vehicle_4,8.0,78.6,,
1,Electric_Vehicle_4,7.0,78.6,,
1,Electric_Vehicle_4,6.0,78.6,,
1,Electric_Vehicle_4,5.0,78.6,,
1,Electric_Vehicle_4,4.0,78.6,,
1,Electric_Vehicle_4,3.0,78.6,,
1,Electric_Vehicle_4,2.0,78.6,,
1,Electric_Vehicle_4,1.0,78.6,,
1,Electric_Vehicle_4,0.0,78.6,,
3,,,,,
3,,,,,
3,,,,,
3,,,,,
3,,,,,
3,,,,,
3,,,,,
3,,,,,
3,,,,,
2,Electric_Vehicle_4,,,0.0,45.3
1,Electric_Vehicle_4,12.0,87.0,,
1,Electric_Vehicle_4,11.0,87.0,,
1,Electric_Vehicle_4,10.0,87.0,,
1,Electric_Vehicle_4,9.0,87.0,,
1,Electric_Vehicle_4,8.0,87.0,,
1,Electric_Vehicle_4,7.0,87.0,,
1,Electric_Vehicle_4,6.0,87.0,,
1,Electric_Vehicle_4,5.0,87.0,,
1,Electric_Vehicle_4,4.0,87.0,,
1,Electric_Vehicle_4,3.0,87.0,,
1,Electric_Vehicle_4,2.0,87.0,,
1,Electric_Vehicle_4,1.0,87.0,,
1,Electric_Vehicle_4,0.0,87.0,,
3,,,,,
3,,,,,
3,,,,,
3,,,,,
3,,,,,
3,,,,,
3,,,,,
3,,,,,
3,,,,,
3,,,,,
3,,,,,
2,Electric_Vehicle_4,,,0.0,36.9
1,Electric_Vehicle_4,11.0,73.9,,
1,Electric_Vehicle_4,10.0,73.9,,
1,Electric_Vehicle_4,9.0,73.9,,
1,Electric_Vehicle_4,8.0,73.9,,
1,Electric_Vehicle_4,7.0,73.9,,
1,Electric_Vehicle_4,6.0,73.9,,
1,Electric_Vehicle_4,5.0,73.9,,
1,Electric_Vehicle_4,4.0,73.9,,
1,Electric_Vehicle_4,3.0,73.9,,
1,Electric_Vehicle_4,2.0,73.9,,
1,Electric_Vehicle_4,1.0,73.9,,
1,Electric_Vehicle_4,0.0,73.9,,
3,,,,,
3,,,,,
3,,,,,
3,,,,,
3,,,,,
3,,,,,
3,,,,,
3,,,,,
3,,,,,
3,,,,,
3,,,,,
3,,,,,
2,Electric_Vehicle_4,,,0.0,33.6
1,Electric_Vehicle_4,58.0,70.1,,
1,Electric_Vehicle_4,57.0,70.1,,
1,Electric_Vehicle_4,56.0,70.1,,
1,Electric_Vehicle_4,55.0,70.1,,
1,Electric_Vehicle_4,54.0,70.1,,
1,Electric_Vehicle_4,53.0,70.1,,
1,Electric_Vehicle_4,52.0,70.1,,
1,Electric_Vehicle_4,51.0,70.1,,
1,Electric_Vehicle_4,50.0,70.1,,
1,Electric_Vehicle_4,49.0,70.1,,
1,Electric_Vehicle_4,48.0,70.1,,
1,Electric_Vehicle_4,47.0,70.1,,
1,Electric_Vehicle_4,46.0,70.1,,
1,Electric_Vehicle_4,45.0,70.1,,
1,Electric_Vehicle_4,44.0,70.1,,
1,Electric_Vehicle_4,43.0,70.1,,
1,Electric_Vehicle_4,42.0,70.1,,
1,Electric_Vehicle_4,41.0,70.1,,
1,Electric_Vehicle_4,40.0,70.1,,
1,Electric_Vehicle_4,39.0,70.1,,
1,Electric_Vehicle_4,38.0,70.1,,
1,Electric_Vehicle_4,37.0,70.1,,
1,Electric_Vehicle_4,36.0,70.1,,
1,Electric_Vehicle_4,35.0,70.1,,
1,Electric_Vehicle_4,34.0,70.1,,
1,Electric_Vehicle_4,33.0,70.1,,
1,Electric_Vehicle_4,32.0,70.1,,
1,Electric_Vehicle_4,31.0,70.1,,
1,Electric_Vehicle_4,30.0,70.1,,
1,Electric_Vehicle_4,29.0,70.1,,
1,Electric_Vehicle_4,28.0,70.1,,
1,Electric_Vehicle_4,27.0,70.1,,
1,Electric_Vehicle_4,26.0,70.1,,
1,Electric_Vehicle_4,25.0,70.1,,
1,Electric_Vehicle_4,24.0,70.1,,
1,Electric_Vehicle_4,23.0,70.1,,
1,Electric_Vehicle_4,22.0,70.1,,
1,Electric_Vehicle_4,21.0,70.1,,
1,Electric_Vehicle_4,20.0,70.1,,
1,Electric_Vehicle_4,19.0,70.1,,
1,Electric_Vehicle_4,18.0,70.1,,
1,Electric_Vehicle_4,17.0,70.1,,
1,Electric_Vehicle_4,16.0,70.1,,
1,Electric_Vehicle_4,15.0,70.1,,
1,Electric_Vehicle_4,14.0,70.1,,
1,Electric_Vehicle_4,13.0,70.1,,
1,Electric_Vehicle_4,12.0,70.1,,
1,Electric_Vehicle_4,11.0,70.1,,
1,Electric_Vehicle_4,10.0,70.1,,
1,Electric_Vehicle_4,9.0,70.1,,
1,Electric_Vehicle_4,8.0,70.1,,
1,Electric_Vehicle_4,7.0,70.1,,
1,Electric_Vehicle_4,6.0,70.1,,
1,Electric_Vehicle_4,5.0,70.1,,
1,Electric_Vehicle_4,4.0,70.1,,
1,Electric_Vehicle_4,3.0,70.1,,
1,Electric_Vehicle_4,2.0,70.1,,
1,Electric_Vehicle_4,1.0,70.1,,
1,Electric_Vehicle_4,0.0,70.1,,
3,,,,,
3,,,,,
3,,,,,
3,,,,,
3,,,,,
3,,,,,
3,,,,,
3,,,,,
3,,,,,
3,,,,,
3,,,,,
2,Electric_Vehicle_4,,,0.0,43.5
1,Electric_Vehicle_4,12.0,89.9,,
1,Electric_Vehicle_4,11.0,89.9,,
1,Electric_Vehicle_4,10.0,89.9,,
1,Electric_Vehicle_4,9.0,89.9,,
1,Electric_Vehicle_4,8.0,89.9,,
1,Electric_Vehicle_4,7.0,89.9,,
1,Electric_Vehicle_4,6.0,89.9,,
1,Electric_Vehicle_4,5.0,89.9,,
1,Electric_Vehicle_4,4.0,89.9,,
1,Electric_Vehicle_4,3.0,89.9,,
1,Electric_Vehicle_4,2.0,89.9,,
1,Electric_Vehicle_4,1.0,89.9,,
1,Electric_Vehicle_4,0.0,89.9,,
3,,,,,
3,,,,,
3,,,,,
3,,,,,
3,,,,,
3,,,,,
3,,,,,
2,Electric_Vehicle_4,,,0.0,52.1
1,Electric_Vehicle_4,15.0,85.3,,
1,Electric_Vehicle_4,14.0,85.3,,
1,Electric_Vehicle_4,13.0,85.3,,
1,Electric_Vehicle_4,12.0,85.3,,
1,Electric_Vehicle_4,11.0,85.3,,
1,Electric_Vehicle_4,10.0,85.3,,
1,Electric_Vehicle_4,9.0,85.3,,
1,Electric_Vehicle_4,8.0,85.3,,
1,Electric_Vehicle_4,7.0,85.3,,
1,Electric_Vehicle_4,6.0,85.3,,
1,Electric_Vehicle_4,5.0,85.3,,
1,Electric_Vehicle_4,4.0,85.3,,
1,Electric_Vehicle_4,3.0,85.3,,
1,Electric_Vehicle_4,2.0,85.3,,
1,Electric_Vehicle_4,1.0,85.3,,
1,Electric_Vehicle_4,0.0,85.3,,
3,,,,,
3,,,,,
3,,,,,
3,,,,,
3,,,,,
3,,,,,
3,,,,,
3,,,,,
3,,,,,
2,Electric_Vehicle_4,,,0.0,28.1
1,Electric_Vehicle_4,12.0,83.5,,
1,Electric_Vehicle_4,11.0,83.5,,
1,Electric_Vehicle_4,10.0,83.5,,
1,Electric_Vehicle_4,9.0,83.5,,
1,Electric_Vehicle_4,8.0,83.5,,
1,Electric_Vehicle_4,7.0,83.5,,
1,Electric_Vehicle_4,6.0,83.5,,
1,Electric_Vehicle_4,5.0,83.5,,
1,Electric_Vehicle_4,4.0,83.5,,
1,Electric_Vehicle_4,3.0,83.5,,
1,Electric_Vehicle_4,2.0,83.5,,
1,Electric_Vehicle_4,1.0,83.5,,
1,Electric_Vehicle_4,0.0,83.5,,
3,,,,,
3,,,,,
3,,,,,
3,,,,,
3,,,,,
3,,,,,
3,,,,,
3,,,,,
3,,,,,
2,Electric_Vehicle_4,,,0.0,31.3
1,Electric_Vehicle_4,12.0,87.3,,
1,Electric_Vehicle_4,11.0,87.3,,
1,Electric_Vehicle_4,10.0,87.3,,
1,Electric_Vehicle_4,9.0,87.3,,
1,Electric_Vehicle_4,8.0,87.3,,
1,Electric_Vehicle_4,7.0,87.3,,
1,Electric_Vehicle_4,6.0,87.3,,
1,Electric_Vehicle_4,5.0,87.3,,
1,Electric_Vehicle_4,4.0,87.3,,
1,Electric_Vehicle_4,3.0,87.3,,
1,Electric_Vehicle_4,2.0,87.3,,
1,Electric_Vehicle_4,1.0,87.3,,
1,Electric_Vehicle_4,0.0,87.3,,
3,,,,,
3,,,,,
3,,,,,
3,,,,,
3,,,,,
3,,,,,
3,,,,,
3,,,,,
3,,,,,
3,,,,,
2,Electric_Vehicle_4,,,0.0,28.0
1,Electric_Vehicle_4,40.0,82.7,,
1,Electric_Vehicle_4,39.0,82.7,,
1,Electric_Vehicle_4,38.0,82.7,,
1,Electric_Vehicle_4,37.0,82.7,,
1,Electric_Vehicle_4,36.0,82.7,,
1,Electric_Vehicle_4,35.0,82.7,,
1,Electric_Vehicle_4,34.0,82.7,,
1,Electric_Vehicle_4,33.0,82.7,,
1,Electric_Vehicle_4,32.0,82.7,,
1,Electric_Vehicle_4,31.0,82.7,,
1,Electric_Vehicle_4,30.0,82.7,,
1,Electric_Vehicle_4,29.0,82.7,,
1,Electric_Vehicle_4,28.0,82.7,,
1,Electric_Vehicle_4,27.0,82.7,,
1,Electric_Vehicle_4,26.0,82.7,,
1,Electric_Vehicle_4,25.0,82.7,,
1,Electric_Vehicle_4,24.0,82.7,,
1,Electric_Vehicle_4,23.0,82.7,,
1,Electric_Vehicle_4,22.0,82.7,,
1,Electric_Vehicle_4,21.0,82.7,,
1,Electric_Vehicle_4,20.0,82.7,,
1,Electric_Vehicle_4,19.0,82.7,,
1,Electric_Vehicle_4,18.0,82.7,,
1,Electric_Vehicle_4,17.0,82.7,,
1,Electric_Vehicle_4,16.0,82.7,,
1,Electric_Vehicle_4,15.0,82.7,,
1,Electric_Vehicle_4,14.0,82.7,,
1,Electric_Vehicle_4,13.0,82.7,,
1,Electric_Vehicle_4,12.0,82.7,,
1,Electric_Vehicle_4,11.0,82.7,,
1,Electric_Vehicle_4,10.0,82.7,,
1,Electric_Vehicle_4,9.0,82.7,,
1,Electric_Vehicle_4,8.0,82.7,,
1,Electric_Vehicle_4,7.0,82.7,,
1,Electric_Vehicle_4,6.0,82.7,,
1,Electric_Vehicle_4,5.0,82.7,,
1,Electric_Vehicle_4,4.0,82.7,,
1,Electric_Vehicle_4,3.0,82.7,,
1,Electric_Vehicle_4,2.0,82.7,,
1,Electric_Vehicle_4,1.0,82.7,,
1,Electric_Vehicle_4,0.0,82.7,,
3,,,,,
3,,,,,
2,Electric_Vehicle_4,,,0.0,53.5
1,Electric_Vehicle_4,42.0,79.7,,
1,Electric_Vehicle_4,41.0,79.7,,
1,Electric_Vehicle_4,40.0,79.7,,
1,Electric_Vehicle_4,39.0,79.7,,
1,Electric_Vehicle_4,38.0,79.7,,
1,Electric_Vehicle_4,37.0,79.7,,
1,Electric_Vehicle_4,36.0,79.7,,
1,Electric_Vehicle_4,35.0,79.7,,
1,Electric_Vehicle_4,34.0,79.7,,
1,Electric_Vehicle_4,33.0,79.7,,
1,Electric_Vehicle_4,32.0,79.7,,
1,Electric_Vehicle_4,31.0,79.7,,
1,Electric_Vehicle_4,30.0,79.7,,
1,Electric_Vehicle_4,29.0,79.7,,
1,Electric_Vehicle_4,28.0,79.7,,
1,Electric_Vehicle_4,27.0,79.7,,
1,Electric_Vehicle_4,26.0,79.7,,
1,Electric_Vehicle_4,25.0,79.7,,
1,Electric_Vehicle_4,24.0,79.7,,
1,Electric_Vehicle_4,23.0,79.7,,
1,Electric_Vehicle_4,22.0,79.7,,
1,Electric_Vehicle_4,21.0,79.7,,
1,Electric_Vehicle_4,20.0,79.7,,
1,Electric_Vehicle_4,19.0,79.7,,
1,Electric_Vehicle_4,18.0,79.7,,
1,Electric_Vehicle_4,17.0,79.7,,
1,Electric_Vehicle_4,16.0,79.7,,
1,Electric_Vehicle_4,15.0,79.7,,
1,Electric_Vehicle_4,14.0,79.7,,
1,Electric_Vehicle_4,13.0,79.7,,
1,Electric_Vehicle_4,12.0,79.7,,
1,Electric_Vehicle_4,11.0,79.7,,
1,Electric_Vehicle_4,10.0,79.7,,
1,Electric_Vehicle_4,9.0,79.7,,
1,Electric_Vehicle_4,8.0,79.7,,
1,Electric_Vehicle_4,7.0,79.7,,
1,Electric_Vehicle_4,6.0,79.7,,
1,Electric_Vehicle_4,5.0,79.7,,
1,Electric_Vehicle_4,4.0,79.7,,
1,Electric_Vehicle_4,3.0,79.7,,
1,Electric_Vehicle_4,2.0,79.7,,
1,Electric_Vehicle_4,1.0,79.7,,
1,Electric_Vehicle_4,0.0,79.7,,
3,,,,,
3,,,,,
3,,,,,
3,,,,,
3,,,,,
3,,,,,
3,,,,,
3,,,,,
2,Electric_Vehicle_4,,,0.0,40.9
1,Electric_Vehicle_4,12.0,79.0,,
1,Electric_Vehicle_4,11.0,79.0,,
1,Electric_Vehicle_4,10.0,79.0,,
1,Electric_Vehicle_4,9.0,79.0,,
1,Electric_Vehicle_4,8.0,79.0,,
1,Electric_Vehicle_4,7.0,79.0,,
1,Electric_Vehicle_4,6.0,79.0,,
1,Electric_Vehicle_4,5.0,79.0,,
1,Electric_Vehicle_4,4.0,79.0,,
1,Electric_Vehicle_4,3.0,79.0,,
1,Electric_Vehicle_4,2.0,79.0,,
1,Electric_Vehicle_4,1.0,79.0,,
1,Electric_Vehicle_4,0.0,79.0,,
3,,,,,
3,,,,,
3,,,,,
3,,,,,
3,,,,,
3,,,,,
3,,,,,
3,,,,,
3,,,,,
3,,,,,
2,Electric_Vehicle_4,,,0.0,27.4
1,Electric_Vehicle_4,13.0,86.2,,
1,Electric_Vehicle_4,12.0,86.2,,
1,Electric_Vehicle_4,11.0,86.2,,
1,Electric_Vehicle_4,10.0,86.2,,
1,Electric_Vehicle_4,9.0,86.2,,
1,Electric_Vehicle_4,8.0,86.2,,
1,Electric_Vehicle_4,7.0,86.2,,
1,Electric_Vehicle_4,6.0,86.2,,
1,Electric_Vehicle_4,5.0,86.2,,
1,Electric_Vehicle_4,4.0,86.2,,
1,Electric_Vehicle_4,3.0,86.2,,
1,Electric_Vehicle_4,2.0,86.2,,
1,Electric_Vehicle_4,1.0,86.2,,
1,Electric_Vehicle_4,0.0,86.2,,
3,,,,,
3,,,,,
3,,,,,
3,,,,,
3,,,,,
3,,,,,
3,,,,,
3,,,,,
3,,,,,
3,,,,,
3,,,,,
3,,,,,
2,Electric_Vehicle_4,,,0.0,26.2
1,Electric_Vehicle_4,11.0,83.4,,
1,Electric_Vehicle_4,10.0,83.4,,
1,Electric_Vehicle_4,9.0,83.4,,
1,Electric_Vehicle_4,8.0,83.4,,
1,Electric_Vehicle_4,7.0,83.4,,
1,Electric_Vehicle_4,6.0,83.4,,
1,Electric_Vehicle_4,5.0,83.4,,
1,Electric_Vehicle_4,4.0,83.4,,
1,Electric_Vehicle_4,3.0,83.4,,
1,Electric_Vehicle_4,2.0,83.4,,
1,Electric_Vehicle_4,1.0,83.4,,
1,Electric_Vehicle_4,0.0,83.4,,
3,,,,,
3,,,,,
3,,,,,
3,,,,,
3,,,,,
3,,,,,
3,,,,,
3,,,,,
2,Electric_Vehicle_4,,,0.0,50.4
1,Electric_Vehicle_4,38.0,83.8,,
1,Electric_Vehicle_4,37.0,83.8,,
1,Electric_Vehicle_4,36.0,83.8,,
1,Electric_Vehicle_4,35.0,83.8,,
1,Electric_Vehicle_4,34.0,83.8,,
1,Electric_Vehicle_4,33.0,83.8,,
1,Electric_Vehicle_4,32.0,83.8,,
1,Electric_Vehicle_4,31.0,83.8,,
1,Electric_Vehicle_4,30.0,83.8,,
1,Electric_Vehicle_4,29.0,83.8,,
1,Electric_Vehicle_4,28.0,83.8,,
1,Electric_Vehicle_4,27.0,83.8,,
1,Electric_Vehicle_4,26.0,83.8,,
1,Electric_Vehicle_4,25.0,83.8,,
1,Electric_Vehicle_4,24.0,83.8,,
1,Electric_Vehicle_4,23.0,83.8,,
1,Electric_Vehicle_4,22.0,83.8,,
1,Electric_Vehicle_4,21.0,83.8,,
1,Electric_Vehicle_4,20.0,83.8,,
1,Electric_Vehicle_4,19.0,83.8,,
1,Electric_Vehicle_4,18.0,83.8,,
1,Electric_Vehicle_4,17.0,83.8,,
1,Electric_Vehicle_4,16.0,83.8,,
1,Electric_Vehicle_4,15.0,83.8,,
1,Electric_Vehicle_4,14.0,83.8,,
1,Electric_Vehicle_4,13.0,83.8,,
1,Electric_Vehicle_4,12.0,83.8,,
1,Electric_Vehicle_4,11.0,83.8,,
1,Electric_Vehicle_4,10.0,83.8,,
1,Electric_Vehicle_4,9.0,83.8,,
1,Electric_Vehicle_4,8.0,83.8,,
1,Electric_Vehicle_4,7.0,83.8,,
1,Electric_Vehicle_4,6.0,83.8,,
1,Electric_Vehicle_4,5.0,83.8,,
1,Electric_Vehicle_4,4.0,83.8,,
1,Electric_Vehicle_4,3.0,83.8,,
1,Electric_Vehicle_4,2.0,83.8,,
1,Electric_Vehicle_4,1.0,83.8,,
1,Electric_Vehicle_4,0.0,83.8,,
3,,,,,
3,,,,,
3,,,,,
3,,,,,
3,,,,,
3,,,,,
3,,,,,
3,,,,,
2,Electric_Vehicle_4,,,0.0,44.4
1,Electric_Vehicle_4,62.0,86.0,,
1,Electric_Vehicle_4,61.0,86.0,,
1,Electric_Vehicle_4,60.0,86.0,,
1,Electric_Vehicle_4,59.0,86.0,,
1,Electric_Vehicle_4,58.0,86.0,,
1,Electric_Vehicle_4,57.0,86.0,,
1,Electric_Vehicle_4,56.0,86.0,,
1,Electric_Vehicle_4,55.0,86.0,,
1,Electric_Vehicle_4,54.0,86.0,,
1,Electric_Vehicle_4,53.0,86.0,,
1,Electric_Vehicle_4,52.0,86.0,,
1,Electric_Vehicle_4,51.0,86.0,,
1,Electric_Vehicle_4,50.0,86.0,,
1,Electric_Vehicle_4,49.0,86.0,,
1,Electric_Vehicle_4,48.0,86.0,,
1,Electric_Vehicle_4,47.0,86.0,,
1,Electric_Vehicle_4,46.0,86.0,,
1,Electric_Vehicle_4,45.0,86.0,,
1,Electric_Vehicle_4,44.0,86.0,,
1,Electric_Vehicle_4,43.0,86.0,,
1,Electric_Vehicle_4,42.0,86.0,,
1,Electric_Vehicle_4,41.0,86.0,,
1,Electric_Vehicle_4,40.0,86.0,,
1,Electric_Vehicle_4,39.0,86.0,,
1,Electric_Vehicle_4,38.0,86.0,,
1,Electric_Vehicle_4,37.0,86.0,,
1,Electric_Vehicle_4,36.0,86.0,,
1,Electric_Vehicle_4,35.0,86.0,,
1,Electric_Vehicle_4,34.0,86.0,,
1,Electric_Vehicle_4,33.0,86.0,,
1,Electric_Vehicle_4,32.0,86.0,,
1,Electric_Vehicle_4,31.0,86.0,,
1,Electric_Vehicle_4,30.0,86.0,,
1,Electric_Vehicle_4,29.0,86.0,,
1,Electric_Vehicle_4,28.0,86.0,,
1,Electric_Vehicle_4,27.0,86.0,,
1,Electric_Vehicle_4,26.0,86.0,,
1,Electric_Vehicle_4,25.0,86.0,,
1,Electric_Vehicle_4,24.0,86.0,,
1,Electric_Vehicle_4,23.0,86.0,,
1,Electric_Vehicle_4,22.0,86.0,,
1,Electric_Vehicle_4,21.0,86.0,,
1,Electric_Vehicle_4,20.0,86.0,,
1,Electric_Vehicle_4,19.0,86.0,,
1,Electric_Vehicle_4,18.0,86.0,,
1,Electric_Vehicle_4,17.0,86.0,,
1,Electric_Vehicle_4,16.0,86.0,,
1,Electric_Vehicle_4,15.0,86.0,,
1,Electric_Vehicle_4,14.0,86.0,,
1,Electric_Vehicle_4,13.0,86.0,,
1,Electric_Vehicle_4,12.0,86.0,,
1,Electric_Vehicle_4,11.0,86.0,,
1,Electric_Vehicle_4,10.0,86.0,,
1,Electric_Vehicle_4,9.0,86.0,,
1,Electric_Vehicle_4,8.0,86.0,,
1,Electric_Vehicle_4,7.0,86.0,,
1,Electric_Vehicle_4,6.0,86.0,,
1,Electric_Vehicle_4,5.0,86.0,,
1,Electric_Vehicle_4,4.0,86.0,,
1,Electric_Vehicle_4,3.0,86.0,,
1,Electric_Vehicle_4,2.0,86.0,,
1,Electric_Vehicle_4,1.0,86.0,,
1,Electric_Vehicle_4,0.0,86.0,,
3,,,,,
3,,,,,
3,,,,,
3,,,,,
3,,,,,
3,,,,,
3,,,,,
3,,,,,
2,Electric_Vehicle_4,,,0.0,25.3
1,Electric_Vehicle_4,14.0,82.7,,
1,Electric_Vehicle_4,13.0,82.7,,
1,Electric_Vehicle_4,12.0,82.7,,
1,Electric_Vehicle_4,11.0,82.7,,
1,Electric_Vehicle_4,10.0,82.7,,
1,Electric_Vehicle_4,9.0,82.7,,
1,Electric_Vehicle_4,8.0,82.7,,
1,Electric_Vehicle_4,7.0,82.7,,
1,Electric_Vehicle_4,6.0,82.7,,
1,Electric_Vehicle_4,5.0,82.7,,
1,Electric_Vehicle_4,4.0,82.7,,
1,Electric_Vehicle_4,3.0,82.7,,
1,Electric_Vehicle_4,2.0,82.7,,
1,Electric_Vehicle_4,1.0,82.7,,
1,Electric_Vehicle_4,0.0,82.7,,
3,,,,,
3,,,,,
3,,,,,
3,,,,,
3,,,,,
3,,,,,
3,,,,,
3,,,,,
2,Electric_Vehicle_4,,,0.0,49.8
1,Electric_Vehicle_4,14.0,72.8,,
1,Electric_Vehicle_4,13.0,72.8,,
1,Electric_Vehicle_4,12.0,72.8,,
1,Electric_Vehicle_4,11.0,72.8,,
1,Electric_Vehicle_4,10.0,72.8,,
1,Electric_Vehicle_4,9.0,72.8,,
1,Electric_Vehicle_4,8.0,72.8,,
1,Electric_Vehicle_4,7.0,72.8,,
1,Electric_Vehicle_4,6.0,72.8,,
1,Electric_Vehicle_4,5.0,72.8,,
1,Electric_Vehicle_4,4.0,72.8,,
1,Electric_Vehicle_4,3.0,72.8,,
1,Electric_Vehicle_4,2.0,72.8,,
1,Electric_Vehicle_4,1.0,72.8,,
1,Electric_Vehicle_4,0.0,72.8,,
3,,,,,
3,,,,,
3,,,,,
3,,,,,
3,,,,,
3,,,,,
3,,,,,
3,,,,,
3,,,,,
2,Electric_Vehicle_4,,,0.0,27.9
1,Electric_Vehicle_4,15.0,78.0,,
1,Electric_Vehicle_4,14.0,78.0,,
1,Electric_Vehicle_4,13.0,78.0,,
1,Electric_Vehicle_4,12.0,78.0,,
1,Electric_Vehicle_4,11.0,78.0,,
1,Electric_Vehicle_4,10.0,78.0,,
1,Electric_Vehicle_4,9.0,78.0,,
1,Electric_Vehicle_4,8.0,78.0,,
1,Electric_Vehicle_4,7.0,78.0,,
1,Electric_Vehicle_4,6.0,78.0,,
1,Electric_Vehicle_4,5.0,78.0,,
1,Electric_Vehicle_4,4.0,78.0,,
1,Electric_Vehicle_4,3.0,78.0,,
1,Electric_Vehicle_4,2.0,78.0,,
1,Electric_Vehicle_4,1.0,78.0,,
1,Electric_Vehicle_4,0.0,78.0,,
3,,,,,
2,Electric_Vehicle_4,,,0.0,37.4
1,Electric_Vehicle_4,22.0,77.0,,
1,Electric_Vehicle_4,21.0,77.0,,
1,Electric_Vehicle_4,20.0,77.0,,
1,Electric_Vehicle_4,19.0,77.0,,
1,Electric_Vehicle_4,18.0,77.0,,
1,Electric_Vehicle_4,17.0,77.0,,
1,Electric_Vehicle_4,16.0,77.0,,
1,Electric_Vehicle_4,15.0,77.0,,
1,Electric_Vehicle_4,14.0,77.0,,
1,Electric_Vehicle_4,13.0,77.0,,
1,Electric_Vehicle_4,12.0,77.0,,
1,Electric_Vehicle_4,11.0,77.0,,
1,Electric_Vehicle_4,10.0,77.0,,
1,Electric_Vehicle_4,9.0,77.0,,
1,Electric_Vehicle_4,8.0,77.0,,
1,Electric_Vehicle_4,7.0,77.0,,
1,Electric_Vehicle_4,6.0,77.0,,
1,Electric_Vehicle_4,5.0,77.0,,
1,Electric_Vehicle_4,4.0,77.0,,
1,Electric_Vehicle_4,3.0,77.0,,
1,Electric_Vehicle_4,2.0,77.0,,
1,Electric_Vehicle_4,1.0,77.0,,
1,Electric_Vehicle_4,0.0,77.0,,
3,,,,,
3,,,,,
3,,,,,
3,,,,,
3,,,,,
3,,,,,
2,Electric_Vehicle_4,,,0.0,45.9
1,Electric_Vehicle_4,12.0,89.2,,
1,Electric_Vehicle_4,11.0,89.2,,
1,Electric_Vehicle_4,10.0,89.2,,
1,Electric_Vehicle_4,9.0,89.2,,
1,Electric_Vehicle_4,8.0,89.2,,
1,Electric_Vehicle_4,7.0,89.2,,
1,Electric_Vehicle_4,6.0,89.2,,
1,Electric_Vehicle_4,5.0,89.2,,
1,Electric_Vehicle_4,4.0,89.2,,
1,Electric_Vehicle_4,3.0,89.2,,
1,Electric_Vehicle_4,2.0,89.2,,
1,Electric_Vehicle_4,1.0,89.2,,
1,Electric_Vehicle_4,0.0,89.2,,
3,,,,,
3,,,,,
3,,,,,
3,,,,,
3,,,,,
3,,,,,
3,,,,,
3,,,,,
3,,,,,
2,Electric_Vehicle_4,,,0.0,51.6
1,Electric_Vehicle_4,13.0,79.8,,
1,Electric_Vehicle_4,12.0,79.8,,
1,Electric_Vehicle_4,11.0,79.8,,
1,Electric_Vehicle_4,10.0,79.8,,
1,Electric_Vehicle_4,9.0,79.8,,
1,Electric_Vehicle_4,8.0,79.8,,
1,Electric_Vehicle_4,7.0,79.8,,
1,Electric_Vehicle_4,6.0,79.8,,
1,Electric_Vehicle_4,5.0,79.8,,
1,Electric_Vehicle_4,4.0,79.8,,
1,Electric_Vehicle_4,3.0,79.8,,
1,Electric_Vehicle_4,2.0,79.8,,
1,Electric_Vehicle_4,1.0,79.8,,
1,Electric_Vehicle_4,0.0,79.8,,
3,,,,,
3,,,,,
3,,,,,
3,,,,,
3,,,,,
3,,,,,
3,,,,,
3,,,,,
3,,,,,
3,,,,,
3,,,,,
2,Electric_Vehicle_4,,,0.0,40.6
1,Electric_Vehicle_4,12.0,75.8,,
1,Electric_Vehicle_4,11.0,75.8,,
1,Electric_Vehicle_4,10.0,75.8,,
1,Electric_Vehicle_4,9.0,75.8,,
1,Electric_Vehicle_4,8.0,75.8,,
1,Electric_Vehicle_4,7.0,75.8,,
1,Electric_Vehicle_4,6.0,75.8,,
1,Electric_Vehicle_4,5.0,75.8,,
1,Electric_Vehicle_4,4.0,75.8,,
1,Electric_Vehicle_4,3.0,75.8,,
1,Electric_Vehicle_4,2.0,75.8,,
1,Electric_Vehicle_4,1.0,75.8,,
1,Electric_Vehicle_4,0.0,75.8,,
3,,,,,
3,,,,,
3,,,,,
3,,,,,
3,,,,,
3,,,,,
3,,,,,
3,,,,,
3,,,,,
2,Electric_Vehicle_4,,,0.0,48.6
1,Electric_Vehicle_4,12.0,80.8,,
1,Electric_Vehicle_4,11.0,80.8,,
1,Electric_Vehicle_4,10.0,80.8,,
1,Electric_Vehicle_4,9.0,80.8,,
1,Electric_Vehicle_4,8.0,80.8,,
1,Electric_Vehicle_4,7.0,80.8,,
1,Electric_Vehicle_4,6.0,80.8,,
1,Electric_Vehicle_4,5.0,80.8,,
1,Electric_Vehicle_4,4.0,80.8,,
1,Electric_Vehicle_4,3.0,80.8,,
1,Electric_Vehicle_4,2.0,80.8,,
1,Electric_Vehicle_4,1.0,80.8,,
1,Electric_Vehicle_4,0.0,80.8,,
3,,,,,
3,,,,,
3,,,,,
3,,,,,
3,,,,,
3,,,,,
3,,,,,
3,,,,,
3,,,,,
3,,,,,
2,Electric_Vehicle_4,,,0.0,51.7
1,Electric_Vehicle_4,14.0,81.2,,
1,Electric_Vehicle_4,13.0,81.2,,
1,Electric_Vehicle_4,12.0,81.2,,
1,Electric_Vehicle_4,11.0,81.2,,
1,Electric_Vehicle_4,10.0,81.2,,
1,Electric_Vehicle_4,9.0,81.2,,
1,Electric_Vehicle_4,8.0,81.2,,
1,Electric_Vehicle_4,7.0,81.2,,
1,Electric_Vehicle_4,6.0,81.2,,
1,Electric_Vehicle_4,5.0,81.2,,
1,Electric_Vehicle_4,4.0,81.2,,
1,Electric_Vehicle_4,3.0,81.2,,
1,Electric_Vehicle_4,2.0,81.2,,
1,Electric_Vehicle_4,1.0,81.2,,
1,Electric_Vehicle_4,0.0,81.2,,
3,,,,,
3,,,,,
3,,,,,
3,,,,,
3,,,,,
3,,,,,
3,,,,,
2,Electric_Vehicle_4,,,0.0,39.8
1,Electric_Vehicle_4,16.0,70.5,,
1,Electric_Vehicle_4,15.0,70.5,,
1,Electric_Vehicle_4,14.0,70.5,,
1,Electric_Vehicle_4,13.0,70.5,,
1,Electric_Vehicle_4,12.0,70.5,,
1,Electric_Vehicle_4,11.0,70.5,,
1,Electric_Vehicle_4,10.0,70.5,,
1,Electric_Vehicle_4,9.0,70.5,,
1,Electric_Vehicle_4,8.0,70.5,,
1,Electric_Vehicle_4,7.0,70.5,,
1,Electric_Vehicle_4,6.0,70.5,,
1,Electric_Vehicle_4,5.0,70.5,,
1,Electric_Vehicle_4,4.0,70.5,,
1,Electric_Vehicle_4,3.0,70.5,,
1,Electric_Vehicle_4,2.0,70.5,,
1,Electric_Vehicle_4,1.0,70.5,,
1,Electric_Vehicle_4,0.0,70.5,,
3,,,,,
3,,,,,
3,,,,,
3,,,,,
3,,,,,
3,,,,,
2,Electric_Vehicle_4,,,0.0,30.4
1,Electric_Vehicle_4,16.0,88.4,,
1,Electric_Vehicle_4,15.0,88.4,,
1,Electric_Vehicle_4,14.0,88.4,,
1,Electric_Vehicle_4,13.0,88.4,,
1,Electric_Vehicle_4,12.0,88.4,,
1,Electric_Vehicle_4,11.0,88.4,,
1,Electric_Vehicle_4,10.0,88.4,,
1,Electric_Vehicle_4,9.0,88.4,,
1,Electric_Vehicle_4,8.0,88.4,,
1,Electric_Vehicle_4,7.0,88.4,,
1,Electric_Vehicle_4,6.0,88.4,,
1,Electric_Vehicle_4,5.0,88.4,,
1,Electric_Vehicle_4,4.0,88.4,,
1,Electric_Vehicle_4,3.0,88.4,,
1,Electric_Vehicle_4,2.0,88.4,,
1,Electric_Vehicle_4,1.0,88.4,,
1,Electric_Vehicle_4,0.0,88.4,,
3,,,,,
3,,,,,
3,,,,,
3,,,,,
3,,,,,
2,Electric_Vehicle_4,,,0.0,40.5
1,Electric_Vehicle_4,13.0,78.8,,
1,Electric_Vehicle_4,12.0,78.8,,
1,Electric_Vehicle_4,11.0,78.8,,
1,Electric_Vehicle_4,10.0,78.8,,
1,Electric_Vehicle_4,9.0,78.8,,
1,Electric_Vehicle_4,8.0,78.8,,
1,Electric_Vehicle_4,7.0,78.8,,
1,Electric_Vehicle_4,6.0,78.8,,
1,Electric_Vehicle_4,5.0,78.8,,
1,Electric_Vehicle_4,4.0,78.8,,
1,Electric_Vehicle_4,3.0,78.8,,
1,Electric_Vehicle_4,2.0,78.8,,
1,Electric_Vehicle_4,1.0,78.8,,
1,Electric_Vehicle_4,0.0,78.8,,
3,,,,,
3,,,,,
3,,,,,
3,,,,,
3,,,,,
3,,,,,
3,,,,,
3,,,,,
3,,,,,
3,,,,,
2,Electric_Vehicle_4,,,0.0,39.6
1,Electric_Vehicle_4,13.0,79.7,,
1,Electric_Vehicle_4,12.0,79.7,,
1,Electric_Vehicle_4,11.0,79.7,,
1,Electric_Vehicle_4,10.0,79.7,,
1,Electric_Vehicle_4,9.0,79.7,,
1,Electric_Vehicle_4,8.0,79.7,,
1,Electric_Vehicle_4,7.0,79.7,,
1,Electric_Vehicle_4,6.0,79.7,,
1,Electric_Vehicle_4,5.0,79.7,,
1,Electric_Vehicle_4,4.0,79.7,,
1,Electric_Vehicle_4,3.0,79.7,,
1,Electric_Vehicle_4,2.0,79.7,,
1,Electric_Vehicle_4,1.0,79.7,,
1,Electric_Vehicle_4,0.0,79.7,,
3,,,,,
3,,,,,
3,,,,,
3,,,,,
3,,,,,
3,,,,,
3,,,,,
3,,,,,
3,,,,,
2,Electric_Vehicle_4,,,0.0,47.3
1,Electric_Vehicle_4,38.0,84.9,,
1,Electric_Vehicle_4,37.0,84.9,,
1,Electric_Vehicle_4,36.0,84.9,,
1,Electric_Vehicle_4,35.0,84.9,,
1,Electric_Vehicle_4,34.0,84.9,,
1,Electric_Vehicle_4,33.0,84.9,,
1,Electric_Vehicle_4,32.0,84.9,,
1,Electric_Vehicle_4,31.0,84.9,,
1,Electric_Vehicle_4,30.0,84.9,,
1,Electric_Vehicle_4,29.0,84.9,,
1,Electric_Vehicle_4,28.0,84.9,,
1,Electric_Vehicle_4,27.0,84.9,,
1,Electric_Vehicle_4,26.0,84.9,,
1,Electric_Vehicle_4,25.0,84.9,,
1,Electric_Vehicle_4,24.0,84.9,,
1,Electric_Vehicle_4,23.0,84.9,,
1,Electric_Vehicle_4,22.0,84.9,,
1,Electric_Vehicle_4,21.0,84.9,,
1,Electric_Vehicle_4,20.0,84.9,,
1,Electric_Vehicle_4,19.0,84.9,,
1,Electric_Vehicle_4,18.0,84.9,,
1,Electric_Vehicle_4,17.0,84.9,,
1,Electric_Vehicle_4,16.0,84.9,,
1,Electric_Vehicle_4,15.0,84.9,,
1,Electric_Vehicle_4,14.0,84.9,,
1,Electric_Vehicle_4,13.0,84.9,,
1,Electric_Vehicle_4,12.0,84.9,,
1,Electric_Vehicle_4,11.0,84.9,,
1,Electric_Vehicle_4,10.0,84.9,,
1,Electric_Vehicle_4,9.0,84.9,,
1,Electric_Vehicle_4,8.0,84.9,,
1,Electric_Vehicle_4,7.0,84.9,,
1,Electric_Vehicle_4,6.0,84.9,,
1,Electric_Vehicle_4,5.0,84.9,,
1,Electric_Vehicle_4,4.0,84.9,,
1,Electric_Vehicle_4,3.0,84.9,,
1,Electric_Vehicle_4,2.0,84.9,,
1,Electric_Vehicle_4,1.0,84.9,,
1,Electric_Vehicle_4,0.0,84.9,,
3,,,,,
3,,,,,
3,,,,,
3,,,,,
3,,,,,
3,,,,,
3,,,,,
3,,,,,
2,Electric_Vehicle_4,,,0.0,48.9
1,Electric_Vehicle_4,14.0,84.0,,
1,Electric_Vehicle_4,13.0,84.0,,
1,Electric_Vehicle_4,12.0,84.0,,
1,Electric_Vehicle_4,11.0,84.0,,
1,Electric_Vehicle_4,10.0,84.0,,
1,Electric_Vehicle_4,9.0,84.0,,
1,Electric_Vehicle_4,8.0,84.0,,
1,Electric_Vehicle_4,7.0,84.0,,
1,Electric_Vehicle_4,6.0,84.0,,
1,Electric_Vehicle_4,5.0,84.0,,
1,Electric_Vehicle_4,4.0,84.0,,
1,Electric_Vehicle_4,3.0,84.0,,
1,Electric_Vehicle_4,2.0,84.0,,
1,Electric_Vehicle_4,1.0,84.0,,
1,Electric_Vehicle_4,0.0,84.0,,
3,,,,,
3,,,,,
3,,,,,
3,,,,,
3,,,,,
3,,,,,
3,,,,,
3,,,,,
3,,,,,
2,Electric_Vehicle_4,,,0.0,49.9
1,Electric_Vehicle_4,41.0,82.5,,
1,Electric_Vehicle_4,40.0,82.5,,
1,Electric_Vehicle_4,39.0,82.5,,
1,Electric_Vehicle_4,38.0,82.5,,
1,Electric_Vehicle_4,37.0,82.5,,
1,Electric_Vehicle_4,36.0,82.5,,
1,Electric_Vehicle_4,35.0,82.5,,
1,Electric_Vehicle_4,34.0,82.5,,
1,Electric_Vehicle_4,33.0,82.5,,
1,Electric_Vehicle_4,32.0,82.5,,
1,Electric_Vehicle_4,31.0,82.5,,
1,Electric_Vehicle_4,30.0,82.5,,
1,Electric_Vehicle_4,29.0,82.5,,
1,Electric_Vehicle_4,28.0,82.5,,
1,Electric_Vehicle_4,27.0,82.5,,
1,Electric_Vehicle_4,26.0,82.5,,
1,Electric_Vehicle_4,25.0,82.5,,
1,Electric_Vehicle_4,24.0,82.5,,
1,Electric_Vehicle_4,23.0,82.5,,
1,Electric_Vehicle_4,22.0,82.5,,
1,Electric_Vehicle_4,21.0,82.5,,
1,Electric_Vehicle_4,20.0,82.5,,
1,Electric_Vehicle_4,19.0,82.5,,
1,Electric_Vehicle_4,18.0,82.5,,
1,Electric_Vehicle_4,17.0,82.5,,
1,Electric_Vehicle_4,16.0,82.5,,
1,Electric_Vehicle_4,15.0,82.5,,
1,Electric_Vehicle_4,14.0,82.5,,
1,Electric_Vehicle_4,13.0,82.5,,
1,Electric_Vehicle_4,12.0,82.5,,
1,Electric_Vehicle_4,11.0,82.5,,
1,Electric_Vehicle_4,10.0,82.5,,
1,Electric_Vehicle_4,9.0,82.5,,
1,Electric_Vehicle_4,8.0,82.5,,
1,Electric_Vehicle_4,7.0,82.5,,
1,Electric_Vehicle_4,6.0,82.5,,
1,Electric_Vehicle_4,5.0,82.5,,
1,Electric_Vehicle_4,4.0,82.5,,
1,Electric_Vehicle_4,3.0,82.5,,
1,Electric_Vehicle_4,2.0,82.5,,
1,Electric_Vehicle_4,1.0,82.5,,
1,Electric_Vehicle_4,0.0,82.5,,
3,,,,,
2,Electric_Vehicle_4,,,0.0,56.9
1,Electric_Vehicle_4,17.0,89.4,,
1,Electric_Vehicle_4,16.0,89.4,,
1,Electric_Vehicle_4,15.0,89.4,,
1,Electric_Vehicle_4,14.0,89.4,,
1,Electric_Vehicle_4,13.0,89.4,,
1,Electric_Vehicle_4,12.0,89.4,,
1,Electric_Vehicle_4,11.0,89.4,,
1,Electric_Vehicle_4,10.0,89.4,,
1,Electric_Vehicle_4,9.0,89.4,,
1,Electric_Vehicle_4,8.0,89.4,,
1,Electric_Vehicle_4,7.0,89.4,,
1,Electric_Vehicle_4,6.0,89.4,,
1,Electric_Vehicle_4,5.0,89.4,,
1,Electric_Vehicle_4,4.0,89.4,,
1,Electric_Vehicle_4,3.0,89.4,,
1,Electric_Vehicle_4,2.0,89.4,,
1,Electric_Vehicle_4,1.0,89.4,,
1,Electric_Vehicle_4,0.0,89.4,,
3,,,,,
3,,,,,
3,,,,,
3,,,,,
3,,,,,
3,,,,,
3,,,,,
3,,,,,
3,,,,,
3,,,,,
2,Electric_Vehicle_4,,,0.0,49.9
1,Electric_Vehicle_4,37.0,83.0,,
1,Electric_Vehicle_4,36.0,83.0,,
1,Electric_Vehicle_4,35.0,83.0,,
1,Electric_Vehicle_4,34.0,83.0,,
1,Electric_Vehicle_4,33.0,83.0,,
1,Electric_Vehicle_4,32.0,83.0,,
1,Electric_Vehicle_4,31.0,83.0,,
1,Electric_Vehicle_4,30.0,83.0,,
1,Electric_Vehicle_4,29.0,83.0,,
1,Electric_Vehicle_4,28.0,83.0,,
1,Electric_Vehicle_4,27.0,83.0,,
1,Electric_Vehicle_4,26.0,83.0,,
1,Electric_Vehicle_4,25.0,83.0,,
1,Electric_Vehicle_4,24.0,83.0,,
1,Electric_Vehicle_4,23.0,83.0,,
1,Electric_Vehicle_4,22.0,83.0,,
1,Electric_Vehicle_4,21.0,83.0,,
1,Electric_Vehicle_4,20.0,83.0,,
1,Electric_Vehicle_4,19.0,83.0,,
1,Electric_Vehicle_4,18.0,83.0,,
1,Electric_Vehicle_4,17.0,83.0,,
1,Electric_Vehicle_4,16.0,83.0,,
1,Electric_Vehicle_4,15.0,83.0,,
1,Electric_Vehicle_4,14.0,83.0,,
1,Electric_Vehicle_4,13.0,83.0,,
1,Electric_Vehicle_4,12.0,83.0,,
1,Electric_Vehicle_4,11.0,83.0,,
1,Electric_Vehicle_4,10.0,83.0,,
1,Electric_Vehicle_4,9.0,83.0,,
1,Electric_Vehicle_4,8.0,83.0,,
1,Electric_Vehicle_4,7.0,83.0,,
1,Electric_Vehicle_4,6.0,83.0,,
1,Electric_Vehicle_4,5.0,83.0,,
1,Electric_Vehicle_4,4.0,83.0,,
1,Electric_Vehicle_4,3.0,83.0,,
1,Electric_Vehicle_4,2.0,83.0,,
1,Electric_Vehicle_4,1.0,83.0,,
1,Electric_Vehicle_4,0.0,83.0,,
3,,,,,
3,,,,,
3,,,,,
3,,,,,
3,,,,,
3,,,,,
2,Electric_Vehicle_4,,,0.0,32.2
1,Electric_Vehicle_4,15.0,87.5,,
1,Electric_Vehicle_4,14.0,87.5,,
1,Electric_Vehicle_4,13.0,87.5,,
1,Electric_Vehicle_4,12.0,87.5,,
1,Electric_Vehicle_4,11.0,87.5,,
1,Electric_Vehicle_4,10.0,87.5,,
1,Electric_Vehicle_4,9.0,87.5,,
1,Electric_Vehicle_4,8.0,87.5,,
1,Electric_Vehicle_4,7.0,87.5,,
1,Electric_Vehicle_4,6.0,87.5,,
1,Electric_Vehicle_4,5.0,87.5,,
1,Electric_Vehicle_4,4.0,87.5,,
1,Electric_Vehicle_4,3.0,87.5,,
1,Electric_Vehicle_4,2.0,87.5,,
1,Electric_Vehicle_4,1.0,87.5,,
1,Electric_Vehicle_4,0.0,87.5,,
3,,,,,
3,,,,,
3,,,,,
3,,,,,
3,,,,,
3,,,,,
3,,,,,
2,Electric_Vehicle_4,,,0.0,38.6
1,Electric_Vehicle_4,86.0,73.8,,
1,Electric_Vehicle_4,85.0,73.8,,
1,Electric_Vehicle_4,84.0,73.8,,
1,Electric_Vehicle_4,83.0,73.8,,
1,Electric_Vehicle_4,82.0,73.8,,
1,Electric_Vehicle_4,81.0,73.8,,
1,Electric_Vehicle_4,80.0,73.8,,
1,Electric_Vehicle_4,79.0,73.8,,
1,Electric_Vehicle_4,78.0,73.8,,
1,Electric_Vehicle_4,77.0,73.8,,
1,Electric_Vehicle_4,76.0,73.8,,
1,Electric_Vehicle_4,75.0,73.8,,
1,Electric_Vehicle_4,74.0,73.8,,
1,Electric_Vehicle_4,73.0,73.8,,
1,Electric_Vehicle_4,72.0,73.8,,
1,Electric_Vehicle_4,71.0,73.8,,
1,Electric_Vehicle_4,70.0,73.8,,
1,Electric_Vehicle_4,69.0,73.8,,
1,Electric_Vehicle_4,68.0,73.8,,
1,Electric_Vehicle_4,67.0,73.8,,
1,Electric_Vehicle_4,66.0,73.8,,
1,Electric_Vehicle_4,65.0,73.8,,
1,Electric_Vehicle_4,64.0,73.8,,
1,Electric_Vehicle_4,63.0,73.8,,
1,Electric_Vehicle_4,62.0,73.8,,
1,Electric_Vehicle_4,61.0,73.8,,
1,Electric_Vehicle_4,60.0,73.8,,
1,Electric_Vehicle_4,59.0,73.8,,
1,Electric_Vehicle_4,58.0,73.8,,
1,Electric_Vehicle_4,57.0,73.8,,
1,Electric_Vehicle_4,56.0,73.8,,
1,Electric_Vehicle_4,55.0,73.8,,
1,Electric_Vehicle_4,54.0,73.8,,
1,Electric_Vehicle_4,53.0,73.8,,
1,Electric_Vehicle_4,52.0,73.8,,
1,Electric_Vehicle_4,51.0,73.8,,
1,Electric_Vehicle_4,50.0,73.8,,
1,Electric_Vehicle_4,49.0,73.8,,
1,Electric_Vehicle_4,48.0,73.8,,
1,Electric_Vehicle_4,47.0,73.8,,
1,Electric_Vehicle_4,46.0,73.8,,
1,Electric_Vehicle_4,45.0,73.8,,
1,Electric_Vehicle_4,44.0,73.8,,
1,Electric_Vehicle_4,43.0,73.8,,
1,Electric_Vehicle_4,42.0,73.8,,
1,Electric_Vehicle_4,41.0,73.8,,
1,Electric_Vehicle_4,40.0,73.8,,
1,Electric_Vehicle_4,39.0,73.8,,
1,Electric_Vehicle_4,38.0,73.8,,
1,Electric_Vehicle_4,37.0,73.8,,
1,Electric_Vehicle_4,36.0,73.8,,
1,Electric_Vehicle_4,35.0,73.8,,
1,Electric_Vehicle_4,34.0,73.8,,
1,Electric_Vehicle_4,33.0,73.8,,
1,Electric_Vehicle_4,32.0,73.8,,
1,Electric_Vehicle_4,31.0,73.8,,
1,Electric_Vehicle_4,30.0,73.8,,
1,Electric_Vehicle_4,29.0,73.8,,
1,Electric_Vehicle_4,28.0,73.8,,
1,Electric_Vehicle_4,27.0,73.8,,
1,Electric_Vehicle_4,26.0,73.8,,
1,Electric_Vehicle_4,25.0,73.8,,
1,Electric_Vehicle_4,24.0,73.8,,
1,Electric_Vehicle_4,23.0,73.8,,
1,Electric_Vehicle_4,22.0,73.8,,
1,Electric_Vehicle_4,21.0,73.8,,
1,Electric_Vehicle_4,20.0,73.8,,
1,Electric_Vehicle_4,19.0,73.8,,
1,Electric_Vehicle_4,18.0,73.8,,
1,Electric_Vehicle_4,17.0,73.8,,
1,Electric_Vehicle_4,16.0,73.8,,
1,Electric_Vehicle_4,15.0,73.8,,
1,Electric_Vehicle_4,14.0,73.8,,
1,Electric_Vehicle_4,13.0,73.8,,
1,Electric_Vehicle_4,12.0,73.8,,
1,Electric_Vehicle_4,11.0,73.8,,
1,Electric_Vehicle_4,10.0,73.8,,
1,Electric_Vehicle_4,9.0,73.8,,
1,Electric_Vehicle_4,8.0,73.8,,
1,Electric_Vehicle_4,7.0,73.8,,
1,Electric_Vehicle_4,6.0,73.8,,
1,Electric_Vehicle_4,5.0,73.8,,
1,Electric_Vehicle_4,4.0,73.8,,
1,Electric_Vehicle_4,3.0,73.8,,
1,Electric_Vehicle_4,2.0,73.8,,
1,Electric_Vehicle_4,1.0,73.8,,
1,Electric_Vehicle_4,0.0,73.8,,
3,,,,,
3,,,,,
3,,,,,
3,,,,,
3,,,,,
3,,,,,
3,,,,,
3,,,,,
3,,,,,
3,,,,,
3,,,,,
2,Electric_Vehicle_4,,,0.0,30.2
1,Electric_Vehicle_4,12.0,83.8,,
1,Electric_Vehicle_4,11.0,83.8,,
1,Electric_Vehicle_4,10.0,83.8,,
1,Electric_Vehicle_4,9.0,83.8,,
1,Electric_Vehicle_4,8.0,83.8,,
1,Electric_Vehicle_4,7.0,83.8,,
1,Electric_Vehicle_4,6.0,83.8,,
1,Electric_Vehicle_4,5.0,83.8,,
1,Electric_Vehicle_4,4.0,83.8,,
1,Electric_Vehicle_4,3.0,83.8,,
1,Electric_Vehicle_4,2.0,83.8,,
1,Electric_Vehicle_4,1.0,83.8,,
1,Electric_Vehicle_4,0.0,83.8,,
3,,,,,
3,,,,,
3,,,,,
3,,,,,
3,,,,,
3,,,,,
3,,,,,
3,,,,,
3,,,,,
2,Electric_Vehicle_4,,,0.0,40.6
1,Electric_Vehicle_4,13.0,88.4,,
1,Electric_Vehicle_4,12.0,88.4,,
1,Electric_Vehicle_4,11.0,88.4,,
1,Electric_Vehicle_4,10.0,88.4,,
1,Electric_Vehicle_4,9.0,88.4,,
1,Electric_Vehicle_4,8.0,88.4,,
1,Electric_Vehicle_4,7.0,88.4,,
1,Electric_Vehicle_4,6.0,88.4,,
1,Electric_Vehicle_4,5.0,88.4,,
1,Electric_Vehicle_4,4.0,88.4,,
1,Electric_Vehicle_4,3.0,88.4,,
1,Electric_Vehicle_4,2.0,88.4,,
1,Electric_Vehicle_4,1.0,88.4,,
1,Electric_Vehicle_4,0.0,88.4,,
3,,,,,
3,,,,,
3,,,,,
3,,,,,
3,,,,,
3,,,,,
3,,,,,
3,,,,,
2,Electric_Vehicle_4,,,0.0,54.0
1,Electric_Vehicle_4,15.0,84.8,,
1,Electric_Vehicle_4,14.0,84.8,,
1,Electric_Vehicle_4,13.0,84.8,,
1,Electric_Vehicle_4,12.0,84.8,,
1,Electric_Vehicle_4,11.0,84.8,,
1,Electric_Vehicle_4,10.0,84.8,,
1,Electric_Vehicle_4,9.0,84.8,,
1,Electric_Vehicle_4,8.0,84.8,,
1,Electric_Vehicle_4,7.0,84.8,,
1,Electric_Vehicle_4,6.0,84.8,,
1,Electric_Vehicle_4,5.0,84.8,,
1,Electric_Vehicle_4,4.0,84.8,,
1,Electric_Vehicle_4,3.0,84.8,,
1,Electric_Vehicle_4,2.0,84.8,,
1,Electric_Vehicle_4,1.0,84.8,,
1,Electric_Vehicle_4,0.0,84.8,,
3,,,,,
3,,,,,
3,,,,,
3,,,,,
3,,,,,
3,,,,,
3,,,,,
2,Electric_Vehicle_4,,,0.0,28.1
1,Electric_Vehicle_4,13.0,76.0,,
1,Electric_Vehicle_4,12.0,76.0,,
1,Electric_Vehicle_4,11.0,76.0,,
1,Electric_Vehicle_4,10.0,76.0,,
1,Electric_Vehicle_4,9.0,76.0,,
1,Electric_Vehicle_4,8.0,76.0,,
1,Electric_Vehicle_4,7.0,76.0,,
1,Electric_Vehicle_4,6.0,76.0,,
1,Electric_Vehicle_4,5.0,76.0,,
1,Electric_Vehicle_4,4.0,76.0,,
1,Electric_Vehicle_4,3.0,76.0,,
1,Electric_Vehicle_4,2.0,76.0,,
1,Electric_Vehicle_4,1.0,76.0,,
1,Electric_Vehicle_4,0.0,76.0,,
3,,,,,
3,,,,,
3,,,,,
3,,,,,
3,,,,,
3,,,,,
3,,,,,
3,,,,,
3,,,,,
3,,,,,
2,Electric_Vehicle_4,,,0.0,37.0
1,Electric_Vehicle_4,60.0,73.0,,
1,Electric_Vehicle_4,59.0,73.0,,
1,Electric_Vehicle_4,58.0,73.0,,
1,Electric_Vehicle_4,57.0,73.0,,
1,Electric_Vehicle_4,56.0,73.0,,
1,Electric_Vehicle_4,55.0,73.0,,
1,Electric_Vehicle_4,54.0,73.0,,
1,Electric_Vehicle_4,53.0,73.0,,
1,Electric_Vehicle_4,52.0,73.0,,
1,Electric_Vehicle_4,51.0,73.0,,
1,Electric_Vehicle_4,50.0,73.0,,
1,Electric_Vehicle_4,49.0,73.0,,
1,Electric_Vehicle_4,48.0,73.0,,
1,Electric_Vehicle_4,47.0,73.0,,
1,Electric_Vehicle_4,46.0,73.0,,
1,Electric_Vehicle_4,45.0,73.0,,
1,Electric_Vehicle_4,44.0,73.0,,
1,Electric_Vehicle_4,43.0,73.0,,
1,Electric_Vehicle_4,42.0,73.0,,
1,Electric_Vehicle_4,41.0,73.0,,
1,Electric_Vehicle_4,40.0,73.0,,
1,Electric_Vehicle_4,39.0,73.0,,
1,Electric_Vehicle_4,38.0,73.0,,
1,Electric_Vehicle_4,37.0,73.0,,
1,Electric_Vehicle_4,36.0,73.0,,
1,Electric_Vehicle_4,35.0,73.0,,
1,Electric_Vehicle_4,34.0,73.0,,
1,Electric_Vehicle_4,33.0,73.0,,
1,Electric_Vehicle_4,32.0,73.0,,
1,Electric_Vehicle_4,31.0,73.0,,
1,Electric_Vehicle_4,30.0,73.0,,
1,Electric_Vehicle_4,29.0,73.0,,
1,Electric_Vehicle_4,28.0,73.0,,
1,Electric_Vehicle_4,27.0,73.0,,
1,Electric_Vehicle_4,26.0,73.0,,
1,Electric_Vehicle_4,25.0,73.0,,
1,Electric_Vehicle_4,24.0,73.0,,
1,Electric_Vehicle_4,23.0,73.0,,
1,Electric_Vehicle_4,22.0,73.0,,
1,Electric_Vehicle_4,21.0,73.0,,
1,Electric_Vehicle_4,20.0,73.0,,
1,Electric_Vehicle_4,19.0,73.0,,
1,Electric_Vehicle_4,18.0,73.0,,
1,Electric_Vehicle_4,17.0,73.0,,
1,Electric_Vehicle_4,16.0,73.0,,
1,Electric_Vehicle_4,15.0,73.0,,
1,Electric_Vehicle_4,14.0,73.0,,
1,Electric_Vehicle_4,13.0,73.0,,
1,Electric_Vehicle_4,12.0,73.0,,
1,Electric_Vehicle_4,11.0,73.0,,
1,Electric_Vehicle_4,10.0,73.0,,
1,Electric_Vehicle_4,9.0,73.0,,
1,Electric_Vehicle_4,8.0,73.0,,
1,Electric_Vehicle_4,7.0,73.0,,
1,Electric_Vehicle_4,6.0,73.0,,
1,Electric_Vehicle_4,5.0,73.0,,
1,Electric_Vehicle_4,4.0,73.0,,
1,Electric_Vehicle_4,3.0,73.0,,
1,Electric_Vehicle_4,2.0,73.0,,
1,Electric_Vehicle_4,1.0,73.0,,
1,Electric_Vehicle_4,0.0,73.0,,
3,,,,,
3,,,,,
3,,,,,
3,,,,,
3,,,,,
3,,,,,
3,,,,,
3,,,,,
3,,,,,
3,,,,,
3,,,,,
2,Electric_Vehicle_4,,,0.0,33.9
1,Electric_Vehicle_4,13.0,73.4,,
1,Electric_Vehicle_4,12.0,73.4,,
1,Electric_Vehicle_4,11.0,73.4,,
1,Electric_Vehicle_4,10.0,73.4,,
1,Electric_Vehicle_4,9.0,73.4,,
1,Electric_Vehicle_4,8.0,73.4,,
1,Electric_Vehicle_4,7.0,73.4,,
1,Electric_Vehicle_4,6.0,73.4,,
1,Electric_Vehicle_4,5.0,73.4,,
1,Electric_Vehicle_4,4.0,73.4,,
1,Electric_Vehicle_4,3.0,73.4,,
1,Electric_Vehicle_4,2.0,73.4,,
1,Electric_Vehicle_4,1.0,73.4,,
1,Electric_Vehicle_4,0.0,73.4,,
3,,,,,
3,,,,,
3,,,,,
3,,,,,
3,,,,,
3,,,,,
3,,,,,
2,Electric_Vehicle_4,,,0.0,53.6
1,Electric_Vehicle_4,13.0,82.9,,
1,Electric_Vehicle_4,12.0,82.9,,
1,Electric_Vehicle_4,11.0,82.9,,
1,Electric_Vehicle_4,10.0,82.9,,
1,Electric_Vehicle_4,9.0,82.9,,
1,Electric_Vehicle_4,8.0,82.9,,
1,Electric_Vehicle_4,7.0,82.9,,
1,Electric_Vehicle_4,6.0,82.9,,
1,Electric_Vehicle_4,5.0,82.9,,
1,Electric_Vehicle_4,4.0,82.9,,
1,Electric_Vehicle_4,3.0,82.9,,
1,Electric_Vehicle_4,2.0,82.9,,
1,Electric_Vehicle_4,1.0,82.9,,
1,Electric_Vehicle_4,0.0,82.9,,
3,,,,,
3,,,,,
3,,,,,
3,,,,,
3,,,,,
3,,,,,
3,,,,,
3,,,,,
3,,,,,
3,,,,,
3,,,,,
2,Electric_Vehicle_4,,,0.0,44.8
1,Electric_Vehicle_4,12.0,76.3,,
1,Electric_Vehicle_4,11.0,76.3,,
1,Electric_Vehicle_4,10.0,76.3,,
1,Electric_Vehicle_4,9.0,76.3,,
1,Electric_Vehicle_4,8.0,76.3,,
1,Electric_Vehicle_4,7.0,76.3,,
1,Electric_Vehicle_4,6.0,76.3,,
1,Electric_Vehicle_4,5.0,76.3,,
1,Electric_Vehicle_4,4.0,76.3,,
1,Electric_Vehicle_4,3.0,76.3,,
1,Electric_Vehicle_4,2.0,76.3,,
1,Electric_Vehicle_4,1.0,76.3,,
1,Electric_Vehicle_4,0.0,76.3,,
3,,,,,
3,,,,,
3,,,,,
3,,,,,
3,,,,,
3,,,,,
3,,,,,
3,,,,,
3,,,,,
2,Electric_Vehicle_4,,,0.0,46.8
1,Electric_Vehicle_4,13.0,83.0,,
1,Electric_Vehicle_4,12.0,83.0,,
1,Electric_Vehicle_4,11.0,83.0,,
1,Electric_Vehicle_4,10.0,83.0,,
1,Electric_Vehicle_4,9.0,83.0,,
1,Electric_Vehicle_4,8.0,83.0,,
1,Electric_Vehicle_4,7.0,83.0,,
1,Electric_Vehicle_4,6.0,83.0,,
1,Electric_Vehicle_4,5.0,83.0,,
1,Electric_Vehicle_4,4.0,83.0,,
1,Electric_Vehicle_4,3.0,83.0,,
1,Electric_Vehicle_4,2.0,83.0,,
1,Electric_Vehicle_4,1.0,83.0,,
1,Electric_Vehicle_4,0.0,83.0,,
3,,,,,
3,,,,,
3,,,,,
3,,,,,
3,,,,,
3,,,,,
3,,,,,
2,Electric_Vehicle_4,,,0.0,37.5
1,Electric_Vehicle_4,14.0,77.2,,
1,Electric_Vehicle_4,13.0,77.2,,
1,Electric_Vehicle_4,12.0,77.2,,
1,Electric_Vehicle_4,11.0,77.2,,
1,Electric_Vehicle_4,10.0,77.2,,
1,Electric_Vehicle_4,9.0,77.2,,
1,Electric_Vehicle_4,8.0,77.2,,
1,Electric_Vehicle_4,7.0,77.2,,
1,Electric_Vehicle_4,6.0,77.2,,
1,Electric_Vehicle_4,5.0,77.2,,
1,Electric_Vehicle_4,4.0,77.2,,
1,Electric_Vehicle_4,3.0,77.2,,
1,Electric_Vehicle_4,2.0,77.2,,
1,Electric_Vehicle_4,1.0,77.2,,
1,Electric_Vehicle_4,0.0,77.2,,
3,,,,,
3,,,,,
3,,,,,
3,,,,,
3,,,,,
3,,,,,
3,,,,,
3,,,,,
2,Electric_Vehicle_4,,,0.0,53.8
1,Electric_Vehicle_4,15.0,70.7,,
1,Electric_Vehicle_4,14.0,70.7,,
1,Electric_Vehicle_4,13.0,70.7,,
1,Electric_Vehicle_4,12.0,70.7,,
1,Electric_Vehicle_4,11.0,70.7,,
1,Electric_Vehicle_4,10.0,70.7,,
1,Electric_Vehicle_4,9.0,70.7,,
1,Electric_Vehicle_4,8.0,70.7,,
1,Electric_Vehicle_4,7.0,70.7,,
1,Electric_Vehicle_4,6.0,70.7,,
1,Electric_Vehicle_4,5.0,70.7,,
1,Electric_Vehicle_4,4.0,70.7,,
1,Electric_Vehicle_4,3.0,70.7,,
1,Electric_Vehicle_4,2.0,70.7,,
1,Electric_Vehicle_4,1.0,70.7,,
1,Electric_Vehicle_4,0.0,70.7,,
3,,,,,
3,,,,,
3,,,,,
3,,,,,
3,,,,,
3,,,,,
2,Electric_Vehicle_4,,,0.0,50.5
1,Electric_Vehicle_4,16.0,81.1,,
1,Electric_Vehicle_4,15.0,81.1,,
1,Electric_Vehicle_4,14.0,81.1,,
1,Electric_Vehicle_4,13.0,81.1,,
1,Electric_Vehicle_4,12.0,81.1,,
1,Electric_Vehicle_4,11.0,81.1,,
1,Electric_Vehicle_4,10.0,81.1,,
1,Electric_Vehicle_4,9.0,81.1,,
1,Electric_Vehicle_4,8.0,81.1,,
1,Electric_Vehicle_4,7.0,81.1,,
1,Electric_Vehicle_4,6.0,81.1,,
1,Electric_Vehicle_4,5.0,81.1,,
1,Electric_Vehicle_4,4.0,81.1,,
1,Electric_Vehicle_4,3.0,81.1,,
1,Electric_Vehicle_4,2.0,81.1,,
1,Electric_Vehicle_4,1.0,81.1,,
1,Electric_Vehicle_4,0.0,81.1,,
3,,,,,
3,,,,,
3,,,,,
3,,,,,
3,,,,,
3,,,,,
3,,,,,
2,Electric_Vehicle_4,,,0.0,47.9
1,Electric_Vehicle_4,15.0,81.5,,
1,Electric_Vehicle_4,14.0,81.5,,
1,Electric_Vehicle_4,13.0,81.5,,
1,Electric_Vehicle_4,12.0,81.5,,
1,Electric_Vehicle_4,11.0,81.5,,
1,Electric_Vehicle_4,10.0,81.5,,
1,Electric_Vehicle_4,9.0,81.5,,
1,Electric_Vehicle_4,8.0,81.5,,
1,Electric_Vehicle_4,7.0,81.5,,
1,Electric_Vehicle_4,6.0,81.5,,
1,Electric_Vehicle_4,5.0,81.5,,
1,Electric_Vehicle_4,4.0,81.5,,
1,Electric_Vehicle_4,3.0,81.5,,
1,Electric_Vehicle_4,2.0,81.5,,
1,Electric_Vehicle_4,1.0,81.5,,
1,Electric_Vehicle_4,0.0,81.5,,
3,,,,,
3,,,,,
3,,,,,
3,,,,,
3,,,,,
3,,,,,
3,,,,,
2,Electric_Vehicle_4,,,0.0,27.0
1,Electric_Vehicle_4,17.0,89.2,,
1,Electric_Vehicle_4,16.0,89.2,,
1,Electric_Vehicle_4,15.0,89.2,,
1,Electric_Vehicle_4,14.0,89.2,,
1,Electric_Vehicle_4,13.0,89.2,,
1,Electric_Vehicle_4,12.0,89.2,,
1,Electric_Vehicle_4,11.0,89.2,,
1,Electric_Vehicle_4,10.0,89.2,,
1,Electric_Vehicle_4,9.0,89.2,,
1,Electric_Vehicle_4,8.0,89.2,,
1,Electric_Vehicle_4,7.0,89.2,,
1,Electric_Vehicle_4,6.0,89.2,,
1,Electric_Vehicle_4,5.0,89.2,,
1,Electric_Vehicle_4,4.0,89.2,,
1,Electric_Vehicle_4,3.0,89.2,,
1,Electric_Vehicle_4,2.0,89.2,,
1,Electric_Vehicle_4,1.0,89.2,,
1,Electric_Vehicle_4,0.0,89.2,,
3,,,,,
3,,,,,
3,,,,,
3,,,,,
3,,,,,
3,,,,,
3,,,,,
3,,,,,
3,,,,,
2,Electric_Vehicle_4,,,0.0,47.7
1,Electric_Vehicle_4,9.0,74.4,,
1,Electric_Vehicle_4,8.0,74.4,,
1,Electric_Vehicle_4,7.0,74.4,,
1,Electric_Vehicle_4,6.0,74.4,,
1,Electric_Vehicle_4,5.0,74.4,,
1,Electric_Vehicle_4,4.0,74.4,,
1,Electric_Vehicle_4,3.0,74.4,,
1,Electric_Vehicle_4,2.0,74.4,,
1,Electric_Vehicle_4,1.0,74.4,,
1,Electric_Vehicle_4,0.0,74.4,,
3,,,,,
3,,,,,
3,,,,,
3,,,,,
3,,,,,
3,,,,,
3,,,,,
3,,,,,
3,,,,,
3,,,,,
3,,,,,
2,Electric_Vehicle_4,,,0.0,49.3
1,Electric_Vehicle_4,41.0,85.4,,
1,Electric_Vehicle_4,40.0,85.4,,
1,Electric_Vehicle_4,39.0,85.4,,
1,Electric_Vehicle_4,38.0,85.4,,
1,Electric_Vehicle_4,37.0,85.4,,
1,Electric_Vehicle_4,36.0,85.4,,
1,Electric_Vehicle_4,35.0,85.4,,
1,Electric_Vehicle_4,34.0,85.4,,
1,Electric_Vehicle_4,33.0,85.4,,
1,Electric_Vehicle_4,32.0,85.4,,
1,Electric_Vehicle_4,31.0,85.4,,
1,Electric_Vehicle_4,30.0,85.4,,
1,Electric_Vehicle_4,29.0,85.4,,
1,Electric_Vehicle_4,28.0,85.4,,
1,Electric_Vehicle_4,27.0,85.4,,
1,Electric_Vehicle_4,26.0,85.4,,
1,Electric_Vehicle_4,25.0,85.4,,
1,Electric_Vehicle_4,24.0,85.4,,
1,Electric_Vehicle_4,23.0,85.4,,
1,Electric_Vehicle_4,22.0,85.4,,
1,Electric_Vehicle_4,21.0,85.4,,
1,Electric_Vehicle_4,20.0,85.4,,
1,Electric_Vehicle_4,19.0,85.4,,
1,Electric_Vehicle_4,18.0,85.4,,
1,Electric_Vehicle_4,17.0,85.4,,
1,Electric_Vehicle_4,16.0,85.4,,
1,Electric_Vehicle_4,15.0,85.4,,
1,Electric_Vehicle_4,14.0,85.4,,
1,Electric_Vehicle_4,13.0,85.4,,
1,Electric_Vehicle_4,12.0,85.4,,
1,Electric_Vehicle_4,11.0,85.4,,
1,Electric_Vehicle_4,10.0,85.4,,
1,Electric_Vehicle_4,9.0,85.4,,
1,Electric_Vehicle_4,8.0,85.4,,
1,Electric_Vehicle_4,7.0,85.4,,
1,Electric_Vehicle_4,6.0,85.4,,
1,Electric_Vehicle_4,5.0,85.4,,
1,Electric_Vehicle_4,4.0,85.4,,
1,Electric_Vehicle_4,3.0,85.4,,
1,Electric_Vehicle_4,2.0,85.4,,
1,Electric_Vehicle_4,1.0,85.4,,
1,Electric_Vehicle_4,0.0,85.4,,
3,,,,,
3,,,,,
3,,,,,
3,,,,,
3,,,,,
2,Electric_Vehicle_4,,,0.0,35.1
1,Electric_Vehicle_4,15.0,89.5,,
1,Electric_Vehicle_4,14.0,89.5,,
1,Electric_Vehicle_4,13.0,89.5,,
1,Electric_Vehicle_4,12.0,89.5,,
1,Electric_Vehicle_4,11.0,89.5,,
1,Electric_Vehicle_4,10.0,89.5,,
1,Electric_Vehicle_4,9.0,89.5,,
1,Electric_Vehicle_4,8.0,89.5,,
1,Electric_Vehicle_4,7.0,89.5,,
1,Electric_Vehicle_4,6.0,89.5,,
1,Electric_Vehicle_4,5.0,89.5,,
1,Electric_Vehicle_4,4.0,89.5,,
1,Electric_Vehicle_4,3.0,89.5,,
1,Electric_Vehicle_4,2.0,89.5,,
1,Electric_Vehicle_4,1.0,89.5,,
1,Electric_Vehicle_4,0.0,89.5,,
3,,,,,
3,,,,,
3,,,,,
3,,,,,
3,,,,,
3,,,,,
2,Electric_Vehicle_4,,,0.0,55.6
1,Electric_Vehicle_4,15.0,70.4,,
1,Electric_Vehicle_4,14.0,70.4,,
1,Electric_Vehicle_4,13.0,70.4,,
1,Electric_Vehicle_4,12.0,70.4,,
1,Electric_Vehicle_4,11.0,70.4,,
1,Electric_Vehicle_4,10.0,70.4,,
1,Electric_Vehicle_4,9.0,70.4,,
1,Electric_Vehicle_4,8.0,70.4,,
1,Electric_Vehicle_4,7.0,70.4,,
1,Electric_Vehicle_4,6.0,70.4,,
1,Electric_Vehicle_4,5.0,70.4,,
1,Electric_Vehicle_4,4.0,70.4,,
1,Electric_Vehicle_4,3.0,70.4,,
1,Electric_Vehicle_4,2.0,70.4,,
1,Electric_Vehicle_4,1.0,70.4,,
1,Electric_Vehicle_4,0.0,70.4,,
3,,,,,
3,,,,,
3,,,,,
3,,,,,
3,,,,,
3,,,,,
3,,,,,
2,Electric_Vehicle_4,,,0.0,45.5
1,Electric_Vehicle_4,13.0,79.4,,
1,Electric_Vehicle_4,12.0,79.4,,
1,Electric_Vehicle_4,11.0,79.4,,
1,Electric_Vehicle_4,10.0,79.4,,
1,Electric_Vehicle_4,9.0,79.4,,
1,Electric_Vehicle_4,8.0,79.4,,
1,Electric_Vehicle_4,7.0,79.4,,
1,Electric_Vehicle_4,6.0,79.4,,
1,Electric_Vehicle_4,5.0,79.4,,
1,Electric_Vehicle_4,4.0,79.4,,
1,Electric_Vehicle_4,3.0,79.4,,
1,Electric_Vehicle_4,2.0,79.4,,
1,Electric_Vehicle_4,1.0,79.4,,
1,Electric_Vehicle_4,0.0,79.4,,
3,,,,,
3,,,,,
3,,,,,
3,,,,,
3,,,,,
3,,,,,
3,,,,,
3,,,,,
3,,,,,
3,,,,,
3,,,,,
2,Electric_Vehicle_4,,,0.0,28.4
1,Electric_Vehicle_4,11.0,86.1,,
1,Electric_Vehicle_4,10.0,86.1,,
1,Electric_Vehicle_4,9.0,86.1,,
1,Electric_Vehicle_4,8.0,86.1,,
1,Electric_Vehicle_4,7.0,86.1,,
1,Electric_Vehicle_4,6.0,86.1,,
1,Electric_Vehicle_4,5.0,86.1,,
1,Electric_Vehicle_4,4.0,86.1,,
1,Electric_Vehicle_4,3.0,86.1,,
1,Electric_Vehicle_4,2.0,86.1,,
1,Electric_Vehicle_4,1.0,86.1,,
1,Electric_Vehicle_4,0.0,86.1,,
3,,,,,
3,,,,,
3,,,,,
3,,,,,
3,,,,,
3,,,,,
3,,,,,
3,,,,,
3,,,,,
3,,,,,
2,Electric_Vehicle_4,,,0.0,35.1
1,Electric_Vehicle_4,10.0,86.9,,
1,Electric_Vehicle_4,9.0,86.9,,
1,Electric_Vehicle_4,8.0,86.9,,
1,Electric_Vehicle_4,7.0,86.9,,
1,Electric_Vehicle_4,6.0,86.9,,
1,Electric_Vehicle_4,5.0,86.9,,
1,Electric_Vehicle_4,4.0,86.9,,
1,Electric_Vehicle_4,3.0,86.9,,
1,Electric_Vehicle_4,2.0,86.9,,
1,Electric_Vehicle_4,1.0,86.9,,
1,Electric_Vehicle_4,0.0,86.9,,
3,,,,,
3,,,,,
3,,,,,
3,,,,,
3,,,,,
3,,,,,
3,,,,,
3,,,,,
3,,,,,
3,,,,,
3,,,,,
3,,,,,
2,Electric_Vehicle_4,,,0.0,37.4
1,Electric_Vehicle_4,13.0,82.9,,
1,Electric_Vehicle_4,12.0,82.9,,
1,Electric_Vehicle_4,11.0,82.9,,
1,Electric_Vehicle_4,10.0,82.9,,
1,Electric_Vehicle_4,9.0,82.9,,
1,Electric_Vehicle_4,8.0,82.9,,
1,Electric_Vehicle_4,7.0,82.9,,
1,Electric_Vehicle_4,6.0,82.9,,
1,Electric_Vehicle_4,5.0,82.9,,
1,Electric_Vehicle_4,4.0,82.9,,
1,Electric_Vehicle_4,3.0,82.9,,
1,Electric_Vehicle_4,2.0,82.9,,
1,Electric_Vehicle_4,1.0,82.9,,
1,Electric_Vehicle_4,0.0,82.9,,
3,,,,,
3,,,,,
3,,,,,
3,,,,,
3,,,,,
3,,,,,
3,,,,,
3,,,,,
2,Electric_Vehicle_4,,,0.0,25.3
1,Electric_Vehicle_4,36.0,79.1,,
1,Electric_Vehicle_4,35.0,79.1,,
1,Electric_Vehicle_4,34.0,79.1,,
1,Electric_Vehicle_4,33.0,79.1,,
1,Electric_Vehicle_4,32.0,79.1,,
1,Electric_Vehicle_4,31.0,79.1,,
1,Electric_Vehicle_4,30.0,79.1,,
1,Electric_Vehicle_4,29.0,79.1,,
1,Electric_Vehicle_4,28.0,79.1,,
1,Electric_Vehicle_4,27.0,79.1,,
1,Electric_Vehicle_4,26.0,79.1,,
1,Electric_Vehicle_4,25.0,79.1,,
1,Electric_Vehicle_4,24.0,79.1,,
1,Electric_Vehicle_4,23.0,79.1,,
1,Electric_Vehicle_4,22.0,79.1,,
1,Electric_Vehicle_4,21.0,79.1,,
1,Electric_Vehicle_4,20.0,79.1,,
1,Electric_Vehicle_4,19.0,79.1,,
1,Electric_Vehicle_4,18.0,79.1,,
1,Electric_Vehicle_4,17.0,79.1,,
1,Electric_Vehicle_4,16.0,79.1,,
1,Electric_Vehicle_4,15.0,79.1,,
1,Electric_Vehicle_4,14.0,79.1,,
1,Electric_Vehicle_4,13.0,79.1,,
1,Electric_Vehicle_4,12.0,79.1,,
1,Electric_Vehicle_4,11.0,79.1,,
1,Electric_Vehicle_4,10.0,79.1,,
1,Electric_Vehicle_4,9.0,79.1,,
1,Electric_Vehicle_4,8.0,79.1,,
1,Electric_Vehicle_4,7.0,79.1,,
1,Electric_Vehicle_4,6.0,79.1,,
1,Electric_Vehicle_4,5.0,79.1,,
1,Electric_Vehicle_4,4.0,79.1,,
1,Electric_Vehicle_4,3.0,79.1,,
1,Electric_Vehicle_4,2.0,79.1,,
1,Electric_Vehicle_4,1.0,79.1,,
1,Electric_Vehicle_4,0.0,79.1,,
3,,,,,
3,,,,,
3,,,,,
3,,,,,
3,,,,,
3,,,,,
3,,,,,
3,,,,,
3,,,,,
3,,,,,
3,,,,,
2,Electric_Vehicle_4,,,0.0,50.0
1,Electric_Vehicle_4,37.0,82.2,,
1,Electric_Vehicle_4,36.0,82.2,,
1,Electric_Vehicle_4,35.0,82.2,,
1,Electric_Vehicle_4,34.0,82.2,,
1,Electric_Vehicle_4,33.0,82.2,,
1,Electric_Vehicle_4,32.0,82.2,,
1,Electric_Vehicle_4,31.0,82.2,,
1,Electric_Vehicle_4,30.0,82.2,,
1,Electric_Vehicle_4,29.0,82.2,,
1,Electric_Vehicle_4,28.0,82.2,,
1,Electric_Vehicle_4,27.0,82.2,,
1,Electric_Vehicle_4,26.0,82.2,,
1,Electric_Vehicle_4,25.0,82.2,,
1,Electric_Vehicle_4,24.0,82.2,,
1,Electric_Vehicle_4,23.0,82.2,,
1,Electric_Vehicle_4,22.0,82.2,,
1,Electric_Vehicle_4,21.0,82.2,,
1,Electric_Vehicle_4,20.0,82.2,,
1,Electric_Vehicle_4,19.0,82.2,,
1,Electric_Vehicle_4,18.0,82.2,,
1,Electric_Vehicle_4,17.0,82.2,,
1,Electric_Vehicle_4,16.0,82.2,,
1,Electric_Vehicle_4,15.0,82.2,,
1,Electric_Vehicle_4,14.0,82.2,,
1,Electric_Vehicle_4,13.0,82.2,,
1,Electric_Vehicle_4,12.0,82.2,,
1,Electric_Vehicle_4,11.0,82.2,,
1,Electric_Vehicle_4,10.0,82.2,,
1,Electric_Vehicle_4,9.0,82.2,,
1,Electric_Vehicle_4,8.0,82.2,,
1,Electric_Vehicle_4,7.0,82.2,,
1,Electric_Vehicle_4,6.0,82.2,,
1,Electric_Vehicle_4,5.0,82.2,,
1,Electric_Vehicle_4,4.0,82.2,,
1,Electric_Vehicle_4,3.0,82.2,,
1,Electric_Vehicle_4,2.0,82.2,,
1,Electric_Vehicle_4,1.0,82.2,,
1,Electric_Vehicle_4,0.0,82.2,,
3,,,,,
3,,,,,
3,,,,,
3,,,,,
3,,,,,
3,,,,,
3,,,,,
3,,,,,
2,Electric_Vehicle_4,,,0.0,41.0
1,Electric_Vehicle_4,13.0,77.0,,
1,Electric_Vehicle_4,12.0,77.0,,
1,Electric_Vehicle_4,11.0,77.0,,
1,Electric_Vehicle_4,10.0,77.0,,
1,Electric_Vehicle_4,9.0,77.0,,
1,Electric_Vehicle_4,8.0,77.0,,
1,Electric_Vehicle_4,7.0,77.0,,
1,Electric_Vehicle_4,6.0,77.0,,
1,Electric_Vehicle_4,5.0,77.0,,
1,Electric_Vehicle_4,4.0,77.0,,
1,Electric_Vehicle_4,3.0,77.0,,
1,Electric_Vehicle_4,2.0,77.0,,
1,Electric_Vehicle_4,1.0,77.0,,
1,Electric_Vehicle_4,0.0,77.0,,
3,,,,,
3,,,,,
3,,,,,
3,,,,,
3,,,,,
3,,,,,
3,,,,,
3,,,,,
3,,,,,
2,Electric_Vehicle_4,,,0.0,52.8
1,Electric_Vehicle_4,14.0,74.8,,
1,Electric_Vehicle_4,13.0,74.8,,
1,Electric_Vehicle_4,12.0,74.8,,
1,Electric_Vehicle_4,11.0,74.8,,
1,Electric_Vehicle_4,10.0,74.8,,
1,Electric_Vehicle_4,9.0,74.8,,
1,Electric_Vehicle_4,8.0,74.8,,
1,Electric_Vehicle_4,7.0,74.8,,
1,Electric_Vehicle_4,6.0,74.8,,
1,Electric_Vehicle_4,5.0,74.8,,
1,Electric_Vehicle_4,4.0,74.8,,
1,Electric_Vehicle_4,3.0,74.8,,
1,Electric_Vehicle_4,2.0,74.8,,
1,Electric_Vehicle_4,1.0,74.8,,
1,Electric_Vehicle_4,0.0,74.8,,
3,,,,,
3,,,,,
3,,,,,
3,,,,,
3,,,,,
3,,,,,
3,,,,,
3,,,,,
3,,,,,
2,Electric_Vehicle_4,,,0.0,39.6
1,Electric_Vehicle_4,10.0,71.8,,
1,Electric_Vehicle_4,9.0,71.8,,
1,Electric_Vehicle_4,8.0,71.8,,
1,Electric_Vehicle_4,7.0,71.8,,
1,Electric_Vehicle_4,6.0,71.8,,
1,Electric_Vehicle_4,5.0,71.8,,
1,Electric_Vehicle_4,4.0,71.8,,
1,Electric_Vehicle_4,3.0,71.8,,
1,Electric_Vehicle_4,2.0,71.8,,
1,Electric_Vehicle_4,1.0,71.8,,
1,Electric_Vehicle_4,0.0,71.8,,
3,,,,,
3,,,,,
3,,,,,
3,,,,,
3,,,,,
3,,,,,
3,,,,,
3,,,,,
3,,,,,
3,,,,,
3,,,,,
2,Electric_Vehicle_4,,,0.0,32.5
1,Electric_Vehicle_4,41.0,84.3,,
1,Electric_Vehicle_4,40.0,84.3,,
1,Electric_Vehicle_4,39.0,84.3,,
1,Electric_Vehicle_4,38.0,84.3,,
1,Electric_Vehicle_4,37.0,84.3,,
1,Electric_Vehicle_4,36.0,84.3,,
1,Electric_Vehicle_4,35.0,84.3,,
1,Electric_Vehicle_4,34.0,84.3,,
1,Electric_Vehicle_4,33.0,84.3,,
1,Electric_Vehicle_4,32.0,84.3,,
1,Electric_Vehicle_4,31.0,84.3,,
1,Electric_Vehicle_4,30.0,84.3,,
1,Electric_Vehicle_4,29.0,84.3,,
1,Electric_Vehicle_4,28.0,84.3,,
1,Electric_Vehicle_4,27.0,84.3,,
1,Electric_Vehicle_4,26.0,84.3,,
1,Electric_Vehicle_4,25.0,84.3,,
1,Electric_Vehicle_4,24.0,84.3,,
1,Electric_Vehicle_4,23.0,84.3,,
1,Electric_Vehicle_4,22.0,84.3,,
1,Electric_Vehicle_4,21.0,84.3,,
1,Electric_Vehicle_4,20.0,84.3,,
1,Electric_Vehicle_4,19.0,84.3,,
1,Electric_Vehicle_4,18.0,84.3,,
1,Electric_Vehicle_4,17.0,84.3,,
1,Electric_Vehicle_4,16.0,84.3,,
1,Electric_Vehicle_4,15.0,84.3,,
1,Electric_Vehicle_4,14.0,84.3,,
1,Electric_Vehicle_4,13.0,84.3,,
1,Electric_Vehicle_4,12.0,84.3,,
1,Electric_Vehicle_4,11.0,84.3,,
1,Electric_Vehicle_4,10.0,84.3,,
1,Electric_Vehicle_4,9.0,84.3,,
1,Electric_Vehicle_4,8.0,84.3,,
1,Electric_Vehicle_4,7.0,84.3,,
1,Electric_Vehicle_4,6.0,84.3,,
1,Electric_Vehicle_4,5.0,84.3,,
1,Electric_Vehicle_4,4.0,84.3,,
1,Electric_Vehicle_4,3.0,84.3,,
1,Electric_Vehicle_4,2.0,84.3,,
1,Electric_Vehicle_4,1.0,84.3,,
1,Electric_Vehicle_4,0.0,84.3,,
3,,,,,
2,Electric_Vehicle_4,,,0.0,38.9
1,Electric_Vehicle_4,19.0,74.8,,
1,Electric_Vehicle_4,18.0,74.8,,
1,Electric_Vehicle_4,17.0,74.8,,
1,Electric_Vehicle_4,16.0,74.8,,
1,Electric_Vehicle_4,15.0,74.8,,
1,Electric_Vehicle_4,14.0,74.8,,
1,Electric_Vehicle_4,13.0,74.8,,
1,Electric_Vehicle_4,12.0,74.8,,
1,Electric_Vehicle_4,11.0,74.8,,
1,Electric_Vehicle_4,10.0,74.8,,
1,Electric_Vehicle_4,9.0,74.8,,
1,Electric_Vehicle_4,8.0,74.8,,
1,Electric_Vehicle_4,7.0,74.8,,
1,Electric_Vehicle_4,6.0,74.8,,
1,Electric_Vehicle_4,5.0,74.8,,
1,Electric_Vehicle_4,4.0,74.8,,
1,Electric_Vehicle_4,3.0,74.8,,
1,Electric_Vehicle_4,2.0,74.8,,
1,Electric_Vehicle_4,1.0,74.8,,
1,Electric_Vehicle_4,0.0,74.8,,
3,,,,,
3,,,,,
3,,,,,
3,,,,,
3,,,,,
3,,,,,
3,,,,,
3,,,,,
3,,,,,
2,Electric_Vehicle_4,,,0.0,25.2
1,Electric_Vehicle_4,12.0,75.8,,
1,Electric_Vehicle_4,11.0,75.8,,
1,Electric_Vehicle_4,10.0,75.8,,
1,Electric_Vehicle_4,9.0,75.8,,
1,Electric_Vehicle_4,8.0,75.8,,
1,Electric_Vehicle_4,7.0,75.8,,
1,Electric_Vehicle_4,6.0,75.8,,
1,Electric_Vehicle_4,5.0,75.8,,
1,Electric_Vehicle_4,4.0,75.8,,
1,Electric_Vehicle_4,3.0,75.8,,
1,Electric_Vehicle_4,2.0,75.8,,
1,Electric_Vehicle_4,1.0,75.8,,
1,Electric_Vehicle_4,0.0,75.8,,
3,,,,,
3,,,,,
3,,,,,
3,,,,,
3,,,,,
3,,,,,
3,,,,,
3,,,,,
2,Electric_Vehicle_4,,,0.0,34.2
1,Electric_Vehicle_4,12.0,78.0,,
1,Electric_Vehicle_4,11.0,78.0,,
1,Electric_Vehicle_4,10.0,78.0,,
1,Electric_Vehicle_4,9.0,78.0,,
1,Electric_Vehicle_4,8.0,78.0,,
1,Electric_Vehicle_4,7.0,78.0,,
1,Electric_Vehicle_4,6.0,78.0,,
1,Electric_Vehicle_4,5.0,78.0,,
1,Electric_Vehicle_4,4.0,78.0,,
1,Electric_Vehicle_4,3.0,78.0,,
1,Electric_Vehicle_4,2.0,78.0,,
1,Electric_Vehicle_4,1.0,78.0,,
1,Electric_Vehicle_4,0.0,78.0,,
3,,,,,
3,,,,,
3,,,,,
3,,,,,
3,,,,,
3,,,,,
3,,,,,
3,,,,,
3,,,,,
3,,,,,
3,,,,,
2,Electric_Vehicle_4,,,0.0,36.1
1,Electric_Vehicle_4,11.0,73.5,,
1,Electric_Vehicle_4,10.0,73.5,,
1,Electric_Vehicle_4,9.0,73.5,,
1,Electric_Vehicle_4,8.0,73.5,,
1,Electric_Vehicle_4,7.0,73.5,,
1,Electric_Vehicle_4,6.0,73.5,,
1,Electric_Vehicle_4,5.0,73.5,,
1,Electric_Vehicle_4,4.0,73.5,,
1,Electric_Vehicle_4,3.0,73.5,,
1,Electric_Vehicle_4,2.0,73.5,,
1,Electric_Vehicle_4,1.0,73.5,,
1,Electric_Vehicle_4,0.0,73.5,,
3,,,,,
3,,,,,
3,,,,,
3,,,,,
3,,,,,
3,,,,,
3,,,,,
3,,,,,
3,,,,,
3,,,,,
3,,,,,
2,Electric_Vehicle_4,,,0.0,31.0
1,Electric_Vehicle_4,12.0,80.3,,
1,Electric_Vehicle_4,11.0,80.3,,
1,Electric_Vehicle_4,10.0,80.3,,
1,Electric_Vehicle_4,9.0,80.3,,
1,Electric_Vehicle_4,8.0,80.3,,
1,Electric_Vehicle_4,7.0,80.3,,
1,Electric_Vehicle_4,6.0,80.3,,
1,Electric_Vehicle_4,5.0,80.3,,
1,Electric_Vehicle_4,4.0,80.3,,
1,Electric_Vehicle_4,3.0,80.3,,
1,Electric_Vehicle_4,2.0,80.3,,
1,Electric_Vehicle_4,1.0,80.3,,
1,Electric_Vehicle_4,0.0,80.3,,
3,,,,,
3,,,,,
3,,,,,
3,,,,,
3,,,,,
3,,,,,
3,,,,,
3,,,,,
3,,,,,
2,Electric_Vehicle_4,,,0.0,39.4
1,Electric_Vehicle_4,38.0,80.8,,
1,Electric_Vehicle_4,37.0,80.8,,
1,Electric_Vehicle_4,36.0,80.8,,
1,Electric_Vehicle_4,35.0,80.8,,
1,Electric_Vehicle_4,34.0,80.8,,
1,Electric_Vehicle_4,33.0,80.8,,
1,Electric_Vehicle_4,32.0,80.8,,
1,Electric_Vehicle_4,31.0,80.8,,
1,Electric_Vehicle_4,30.0,80.8,,
1,Electric_Vehicle_4,29.0,80.8,,
1,Electric_Vehicle_4,28.0,80.8,,
1,Electric_Vehicle_4,27.0,80.8,,
1,Electric_Vehicle_4,26.0,80.8,,
1,Electric_Vehicle_4,25.0,80.8,,
1,Electric_Vehicle_4,24.0,80.8,,
1,Electric_Vehicle_4,23.0,80.8,,
1,Electric_Vehicle_4,22.0,80.8,,
1,Electric_Vehicle_4,21.0,80.8,,
1,Electric_Vehicle_4,20.0,80.8,,
1,Electric_Vehicle_4,19.0,80.8,,
1,Electric_Vehicle_4,18.0,80.8,,
1,Electric_Vehicle_4,17.0,80.8,,
1,Electric_Vehicle_4,16.0,80.8,,
1,Electric_Vehicle_4,15.0,80.8,,
1,Electric_Vehicle_4,14.0,80.8,,
1,Electric_Vehicle_4,13.0,80.8,,
1,Electric_Vehicle_4,12.0,80.8,,
1,Electric_Vehicle_4,11.0,80.8,,
1,Electric_Vehicle_4,10.0,80.8,,
1,Electric_Vehicle_4,9.0,80.8,,
1,Electric_Vehicle_4,8.0,80.8,,
1,Electric_Vehicle_4,7.0,80.8,,
1,Electric_Vehicle_4,6.0,80.8,,
1,Electric_Vehicle_4,5.0,80.8,,
1,Electric_Vehicle_4,4.0,80.8,,
1,Electric_Vehicle_4,3.0,80.8,,
1,Electric_Vehicle_4,2.0,80.8,,
1,Electric_Vehicle_4,1.0,80.8,,
1,Electric_Vehicle_4,0.0,80.8,,
3,,,,,
3,,,,,
3,,,,,
3,,,,,
3,,,,,
3,,,,,
2,Electric_Vehicle_4,,,0.0,36.6
1,Electric_Vehicle_4,39.0,74.4,,
1,Electric_Vehicle_4,38.0,74.4,,
1,Electric_Vehicle_4,37.0,74.4,,
1,Electric_Vehicle_4,36.0,74.4,,
1,Electric_Vehicle_4,35.0,74.4,,
1,Electric_Vehicle_4,34.0,74.4,,
1,Electric_Vehicle_4,33.0,74.4,,
1,Electric_Vehicle_4,32.0,74.4,,
1,Electric_Vehicle_4,31.0,74.4,,
1,Electric_Vehicle_4,30.0,74.4,,
1,Electric_Vehicle_4,29.0,74.4,,
1,Electric_Vehicle_4,28.0,74.4,,
1,Electric_Vehicle_4,27.0,74.4,,
1,Electric_Vehicle_4,26.0,74.4,,
1,Electric_Vehicle_4,25.0,74.4,,
1,Electric_Vehicle_4,24.0,74.4,,
1,Electric_Vehicle_4,23.0,74.4,,
1,Electric_Vehicle_4,22.0,74.4,,
1,Electric_Vehicle_4,21.0,74.4,,
1,Electric_Vehicle_4,20.0,74.4,,
1,Electric_Vehicle_4,19.0,74.4,,
1,Electric_Vehicle_4,18.0,74.4,,
1,Electric_Vehicle_4,17.0,74.4,,
1,Electric_Vehicle_4,16.0,74.4,,
1,Electric_Vehicle_4,15.0,74.4,,
1,Electric_Vehicle_4,14.0,74.4,,
1,Electric_Vehicle_4,13.0,74.4,,
1,Electric_Vehicle_4,12.0,74.4,,
1,Electric_Vehicle_4,11.0,74.4,,
1,Electric_Vehicle_4,10.0,74.4,,
1,Electric_Vehicle_4,9.0,74.4,,
1,Electric_Vehicle_4,8.0,74.4,,
1,Electric_Vehicle_4,7.0,74.4,,
1,Electric_Vehicle_4,6.0,74.4,,
1,Electric_Vehicle_4,5.0,74.4,,
1,Electric_Vehicle_4,4.0,74.4,,
1,Electric_Vehicle_4,3.0,74.4,,
1,Electric_Vehicle_4,2.0,74.4,,
1,Electric_Vehicle_4,1.0,74.4,,
1,Electric_Vehicle_4,0.0,74.4,,
3,,,,,
3,,,,,
3,,,,,
3,,,,,
3,,,,,
3,,,,,
3,,,,,
3,,,,,
3,,,,,
3,,,,,
2,Electric_Vehicle_4,,,0.0,22.5
1,Electric_Vehicle_4,13.0,77.3,,
1,Electric_Vehicle_4,12.0,77.3,,
1,Electric_Vehicle_4,11.0,77.3,,
1,Electric_Vehicle_4,10.0,77.3,,
1,Electric_Vehicle_4,9.0,77.3,,
1,Electric_Vehicle_4,8.0,77.3,,
1,Electric_Vehicle_4,7.0,77.3,,
1,Electric_Vehicle_4,6.0,77.3,,
1,Electric_Vehicle_4,5.0,77.3,,
1,Electric_Vehicle_4,4.0,77.3,,
1,Electric_Vehicle_4,3.0,77.3,,
1,Electric_Vehicle_4,2.0,77.3,,
1,Electric_Vehicle_4,1.0,77.3,,
1,Electric_Vehicle_4,0.0,77.3,,
3,,,,,
3,,,,,
3,,,,,
3,,,,,
3,,,,,
3,,,,,
3,,,,,
3,,,,,
3,,,,,
2,Electric_Vehicle_4,,,0.0,40.5
1,Electric_Vehicle_4,13.0,74.3,,
1,Electric_Vehicle_4,12.0,74.3,,
1,Electric_Vehicle_4,11.0,74.3,,
1,Electric_Vehicle_4,10.0,74.3,,
1,Electric_Vehicle_4,9.0,74.3,,
1,Electric_Vehicle_4,8.0,74.3,,
1,Electric_Vehicle_4,7.0,74.3,,
1,Electric_Vehicle_4,6.0,74.3,,
1,Electric_Vehicle_4,5.0,74.3,,
1,Electric_Vehicle_4,4.0,74.3,,
1,Electric_Vehicle_4,3.0,74.3,,
1,Electric_Vehicle_4,2.0,74.3,,
1,Electric_Vehicle_4,1.0,74.3,,
1,Electric_Vehicle_4,0.0,74.3,,
3,,,,,
3,,,,,
3,,,,,
3,,,,,
3,,,,,
3,,,,,
3,,,,,
3,,,,,
2,Electric_Vehicle_4,,,0.0,29.9
1,Electric_Vehicle_4,13.0,78.2,,
1,Electric_Vehicle_4,12.0,78.2,,
1,Electric_Vehicle_4,11.0,78.2,,
1,Electric_Vehicle_4,10.0,78.2,,
1,Electric_Vehicle_4,9.0,78.2,,
1,Electric_Vehicle_4,8.0,78.2,,
1,Electric_Vehicle_4,7.0,78.2,,
1,Electric_Vehicle_4,6.0,78.2,,
1,Electric_Vehicle_4,5.0,78.2,,
1,Electric_Vehicle_4,4.0,78.2,,
1,Electric_Vehicle_4,3.0,78.2,,
1,Electric_Vehicle_4,2.0,78.2,,
1,Electric_Vehicle_4,1.0,78.2,,
1,Electric_Vehicle_4,0.0,78.2,,
3,,,,,
3,,,,,
3,,,,,
3,,,,,
3,,,,,
3,,,,,
3,,,,,
3,,,,,
3,,,,,
3,,,,,
2,Electric_Vehicle_4,,,0.0,42.4
1,Electric_Vehicle_4,15.0,82.9,,
1,Electric_Vehicle_4,14.0,82.9,,
1,Electric_Vehicle_4,13.0,82.9,,
1,Electric_Vehicle_4,12.0,82.9,,
1,Electric_Vehicle_4,11.0,82.9,,
1,Electric_Vehicle_4,10.0,82.9,,
1,Electric_Vehicle_4,9.0,82.9,,
1,Electric_Vehicle_4,8.0,82.9,,
1,Electric_Vehicle_4,7.0,82.9,,
1,Electric_Vehicle_4,6.0,82.9,,
1,Electric_Vehicle_4,5.0,82.9,,
1,Electric_Vehicle_4,4.0,82.9,,
1,Electric_Vehicle_4,3.0,82.9,,
1,Electric_Vehicle_4,2.0,82.9,,
1,Electric_Vehicle_4,1.0,82.9,,
1,Electric_Vehicle_4,0.0,82.9,,
3,,,,,
3,,,,,
3,,,,,
2,Electric_Vehicle_4,,,0.0,47.9
1,Electric_Vehicle_4,40.0,85.8,,
1,Electric_Vehicle_4,39.0,85.8,,
1,Electric_Vehicle_4,38.0,85.8,,
1,Electric_Vehicle_4,37.0,85.8,,
1,Electric_Vehicle_4,36.0,85.8,,
1,Electric_Vehicle_4,35.0,85.8,,
1,Electric_Vehicle_4,34.0,85.8,,
1,Electric_Vehicle_4,33.0,85.8,,
1,Electric_Vehicle_4,32.0,85.8,,
1,Electric_Vehicle_4,31.0,85.8,,
1,Electric_Vehicle_4,30.0,85.8,,
1,Electric_Vehicle_4,29.0,85.8,,
1,Electric_Vehicle_4,28.0,85.8,,
1,Electric_Vehicle_4,27.0,85.8,,
1,Electric_Vehicle_4,26.0,85.8,,
1,Electric_Vehicle_4,25.0,85.8,,
1,Electric_Vehicle_4,24.0,85.8,,
1,Electric_Vehicle_4,23.0,85.8,,
1,Electric_Vehicle_4,22.0,85.8,,
1,Electric_Vehicle_4,21.0,85.8,,
1,Electric_Vehicle_4,20.0,85.8,,
1,Electric_Vehicle_4,19.0,85.8,,
1,Electric_Vehicle_4,18.0,85.8,,
1,Electric_Vehicle_4,17.0,85.8,,
1,Electric_Vehicle_4,16.0,85.8,,
1,Electric_Vehicle_4,15.0,85.8,,
1,Electric_Vehicle_4,14.0,85.8,,
1,Electric_Vehicle_4,13.0,85.8,,
1,Electric_Vehicle_4,12.0,85.8,,
1,Electric_Vehicle_4,11.0,85.8,,
1,Electric_Vehicle_4,10.0,85.8,,
1,Electric_Vehicle_4,9.0,85.8,,
1,Electric_Vehicle_4,8.0,85.8,,
1,Electric_Vehicle_4,7.0,85.8,,
1,Electric_Vehicle_4,6.0,85.8,,
1,Electric_Vehicle_4,5.0,85.8,,
1,Electric_Vehicle_4,4.0,85.8,,
1,Electric_Vehicle_4,3.0,85.8,,
1,Electric_Vehicle_4,2.0,85.8,,
1,Electric_Vehicle_4,1.0,85.8,,
1,Electric_Vehicle_4,0.0,85.8,,
3,,,,,
3,,,,,
3,,,,,
3,,,,,
3,,,,,
3,,,,,
3,,,,,
3,,,,,
3,,,,,
3,,,,,
3,,,,,
3,,,,,
2,Electric_Vehicle_4,,,0.0,24.4
1,Electric_Vehicle_4,11.0,85.4,,
1,Electric_Vehicle_4,10.0,85.4,,
1,Electric_Vehicle_4,9.0,85.4,,
1,Electric_Vehicle_4,8.0,85.4,,
1,Electric_Vehicle_4,7.0,85.4,,
1,Electric_Vehicle_4,6.0,85.4,,
1,Electric_Vehicle_4,5.0,85.4,,
1,Electric_Vehicle_4,4.0,85.4,,
1,Electric_Vehicle_4,3.0,85.4,,
1,Electric_Vehicle_4,2.0,85.4,,
1,Electric_Vehicle_4,1.0,85.4,,
1,Electric_Vehicle_4,0.0,85.4,,
3,,,,,
3,,,,,
3,,,,,
3,,,,,
3,,,,,
3,,,,,
3,,,,,
3,,,,,
2,Electric_Vehicle_4,,,0.0,27.9
1,Electric_Vehicle_4,14.0,89.1,,
1,Electric_Vehicle_4,13.0,89.1,,
1,Electric_Vehicle_4,12.0,89.1,,
1,Electric_Vehicle_4,11.0,89.1,,
1,Electric_Vehicle_4,10.0,89.1,,
1,Electric_Vehicle_4,9.0,89.1,,
1,Electric_Vehicle_4,8.0,89.1,,
1,Electric_Vehicle_4,7.0,89.1,,
1,Electric_Vehicle_4,6.0,89.1,,
1,Electric_Vehicle_4,5.0,89.1,,
1,Electric_Vehicle_4,4.0,89.1,,
1,Electric_Vehicle_4,3.0,89.1,,
1,Electric_Vehicle_4,2.0,89.1,,
1,Electric_Vehicle_4,1.0,89.1,,
1,Electric_Vehicle_4,0.0,89.1,,
3,,,,,
3,,,,,
3,,,,,
3,,,,,
3,,,,,
3,,,,,
3,,,,,
3,,,,,
3,,,,,
2,Electric_Vehicle_4,,,0.0,38.8
1,Electric_Vehicle_4,12.0,84.1,,
1,Electric_Vehicle_4,11.0,84.1,,
1,Electric_Vehicle_4,10.0,84.1,,
1,Electric_Vehicle_4,9.0,84.1,,
1,Electric_Vehicle_4,8.0,84.1,,
1,Electric_Vehicle_4,7.0,84.1,,
1,Electric_Vehicle_4,6.0,84.1,,
1,Electric_Vehicle_4,5.0,84.1,,
1,Electric_Vehicle_4,4.0,84.1,,
1,Electric_Vehicle_4,3.0,84.1,,
1,Electric_Vehicle_4,2.0,84.1,,
1,Electric_Vehicle_4,1.0,84.1,,
1,Electric_Vehicle_4,0.0,84.1,,
3,,,,,
3,,,,,
3,,,,,
3,,,,,
3,,,,,
3,,,,,
2,Electric_Vehicle_4,,,0.0,28.6
1,Electric_Vehicle_4,16.0,83.5,,
1,Electric_Vehicle_4,15.0,83.5,,
1,Electric_Vehicle_4,14.0,83.5,,
1,Electric_Vehicle_4,13.0,83.5,,
1,Electric_Vehicle_4,12.0,83.5,,
1,Electric_Vehicle_4,11.0,83.5,,
1,Electric_Vehicle_4,10.0,83.5,,
1,Electric_Vehicle_4,9.0,83.5,,
1,Electric_Vehicle_4,8.0,83.5,,
1,Electric_Vehicle_4,7.0,83.5,,
1,Electric_Vehicle_4,6.0,83.5,,
1,Electric_Vehicle_4,5.0,83.5,,
1,Electric_Vehicle_4,4.0,83.5,,
1,Electric_Vehicle_4,3.0,83.5,,
1,Electric_Vehicle_4,2.0,83.5,,
1,Electric_Vehicle_4,1.0,83.5,,
1,Electric_Vehicle_4,0.0,83.5,,
3,,,,,
3,,,,,
3,,,,,
3,,,,,
3,,,,,
3,,,,,
3,,,,,
3,,,,,
3,,,,,
2,Electric_Vehicle_4,,,0.0,52.2
1,Electric_Vehicle_4,16.0,81.3,,
1,Electric_Vehicle_4,15.0,81.3,,
1,Electric_Vehicle_4,14.0,81.3,,
1,Electric_Vehicle_4,13.0,81.3,,
1,Electric_Vehicle_4,12.0,81.3,,
1,Electric_Vehicle_4,11.0,81.3,,
1,Electric_Vehicle_4,10.0,81.3,,
1,Electric_Vehicle_4,9.0,81.3,,
1,Electric_Vehicle_4,8.0,81.3,,
1,Electric_Vehicle_4,7.0,81.3,,
1,Electric_Vehicle_4,6.0,81.3,,
1,Electric_Vehicle_4,5.0,81.3,,
1,Electric_Vehicle_4,4.0,81.3,,
1,Electric_Vehicle_4,3.0,81.3,,
1,Electric_Vehicle_4,2.0,81.3,,
1,Electric_Vehicle_4,1.0,81.3,,
1,Electric_Vehicle_4,0.0,81.3,,
3,,,,,
3,,,,,
3,,,,,
2,Electric_Vehicle_4,,,0.0,47.2
1,Electric_Vehicle_4,40.0,83.3,,
1,Electric_Vehicle_4,39.0,83.3,,
1,Electric_Vehicle_4,38.0,83.3,,
1,Electric_Vehicle_4,37.0,83.3,,
1,Electric_Vehicle_4,36.0,83.3,,
1,Electric_Vehicle_4,35.0,83.3,,
1,Electric_Vehicle_4,34.0,83.3,,
1,Electric_Vehicle_4,33.0,83.3,,
1,Electric_Vehicle_4,32.0,83.3,,
1,Electric_Vehicle_4,31.0,83.3,,
1,Electric_Vehicle_4,30.0,83.3,,
1,Electric_Vehicle_4,29.0,83.3,,
1,Electric_Vehicle_4,28.0,83.3,,
1,Electric_Vehicle_4,27.0,83.3,,
1,Electric_Vehicle_4,26.0,83.3,,
1,Electric_Vehicle_4,25.0,83.3,,
1,Electric_Vehicle_4,24.0,83.3,,
1,Electric_Vehicle_4,23.0,83.3,,
1,Electric_Vehicle_4,22.0,83.3,,
1,Electric_Vehicle_4,21.0,83.3,,
1,Electric_Vehicle_4,20.0,83.3,,
1,Electric_Vehicle_4,19.0,83.3,,
1,Electric_Vehicle_4,18.0,83.3,,
1,Electric_Vehicle_4,17.0,83.3,,
1,Electric_Vehicle_4,16.0,83.3,,
1,Electric_Vehicle_4,15.0,83.3,,
1,Electric_Vehicle_4,14.0,83.3,,
1,Electric_Vehicle_4,13.0,83.3,,
1,Electric_Vehicle_4,12.0,83.3,,
1,Electric_Vehicle_4,11.0,83.3,,
1,Electric_Vehicle_4,10.0,83.3,,
1,Electric_Vehicle_4,9.0,83.3,,
1,Electric_Vehicle_4,8.0,83.3,,
1,Electric_Vehicle_4,7.0,83.3,,
1,Electric_Vehicle_4,6.0,83.3,,
1,Electric_Vehicle_4,5.0,83.3,,
1,Electric_Vehicle_4,4.0,83.3,,
1,Electric_Vehicle_4,3.0,83.3,,
1,Electric_Vehicle_4,2.0,83.3,,
1,Electric_Vehicle_4,1.0,83.3,,
1,Electric_Vehicle_4,0.0,83.3,,
3,,,,,
3,,,,,
3,,,,,
3,,,,,
3,,,,,
3,,,,,
3,,,,,
3,,,,,
3,,,,,
3,,,,,
3,,,,,
2,Electric_Vehicle_4,,,0.0,40.2
1,Electric_Vehicle_4,11.0,86.6,,
1,Electric_Vehicle_4,10.0,86.6,,
1,Electric_Vehicle_4,9.0,86.6,,
1,Electric_Vehicle_4,8.0,86.6,,
1,Electric_Vehicle_4,7.0,86.6,,
1,Electric_Vehicle_4,6.0,86.6,,
1,Electric_Vehicle_4,5.0,86.6,,
1,Electric_Vehicle_4,4.0,86.6,,
1,Electric_Vehicle_4,3.0,86.6,,
1,Electric_Vehicle_4,2.0,86.6,,
1,Electric_Vehicle_4,1.0,86.6,,
1,Electric_Vehicle_4,0.0,86.6,,
3,,,,,
3,,,,,
3,,,,,
3,,,,,
3,,,,,
3,,,,,
3,,,,,
3,,,,,
3,,,,,
3,,,,,
2,Electric_Vehicle_4,,,0.0,26.3
1,Electric_Vehicle_4,12.0,77.0,,
1,Electric_Vehicle_4,11.0,77.0,,
1,Electric_Vehicle_4,10.0,77.0,,
1,Electric_Vehicle_4,9.0,77.0,,
1,Electric_Vehicle_4,8.0,77.0,,
1,Electric_Vehicle_4,7.0,77.0,,
1,Electric_Vehicle_4,6.0,77.0,,
1,Electric_Vehicle_4,5.0,77.0,,
1,Electric_Vehicle_4,4.0,77.0,,
1,Electric_Vehicle_4,3.0,77.0,,
1,Electric_Vehicle_4,2.0,77.0,,
1,Electric_Vehicle_4,1.0,77.0,,
1,Electric_Vehicle_4,0.0,77.0,,
3,,,,,
3,,,,,
3,,,,,
3,,,,,
3,,,,,
3,,,,,
3,,,,,
3,,,,,
2,Electric_Vehicle_4,,,0.0,28.3
1,Electric_Vehicle_4,14.0,81.3,,
1,Electric_Vehicle_4,13.0,81.3,,
1,Electric_Vehicle_4,12.0,81.3,,
1,Electric_Vehicle_4,11.0,81.3,,
1,Electric_Vehicle_4,10.0,81.3,,
1,Electric_Vehicle_4,9.0,81.3,,
1,Electric_Vehicle_4,8.0,81.3,,
1,Electric_Vehicle_4,7.0,81.3,,
1,Electric_Vehicle_4,6.0,81.3,,
1,Electric_Vehicle_4,5.0,81.3,,
1,Electric_Vehicle_4,4.0,81.3,,
1,Electric_Vehicle_4,3.0,81.3,,
1,Electric_Vehicle_4,2.0,81.3,,
1,Electric_Vehicle_4,1.0,81.3,,
1,Electric_Vehicle_4,0.0,81.3,,
3,,,,,
3,,,,,
3,,,,,
3,,,,,
3,,,,,
3,,,,,
3,,,,,
3,,,,,
3,,,,,
2,Electric_Vehicle_4,,,0.0,23.3
1,Electric_Vehicle_4,12.0,78.6,,
1,Electric_Vehicle_4,11.0,78.6,,
1,Electric_Vehicle_4,10.0,78.6,,
1,Electric_Vehicle_4,9.0,78.6,,
1,Electric_Vehicle_4,8.0,78.6,,
1,Electric_Vehicle_4,7.0,78.6,,
1,Electric_Vehicle_4,6.0,78.6,,
1,Electric_Vehicle_4,5.0,78.6,,
1,Electric_Vehicle_4,4.0,78.6,,
1,Electric_Vehicle_4,3.0,78.6,,
1,Electric_Vehicle_4,2.0,78.6,,
1,Electric_Vehicle_4,1.0,78.6,,
1,Electric_Vehicle_4,0.0,78.6,,
3,,,,,
3,,,,,
3,,,,,
3,,,,,
3,,,,,
3,,,,,
3,,,,,
3,,,,,
3,,,,,
3,,,,,
3,,,,,
3,,,,,
2,Electric_Vehicle_4,,,0.0,23.7
1,Electric_Vehicle_4,13.0,71.5,,
1,Electric_Vehicle_4,12.0,71.5,,
1,Electric_Vehicle_4,11.0,71.5,,
1,Electric_Vehicle_4,10.0,71.5,,
1,Electric_Vehicle_4,9.0,71.5,,
1,Electric_Vehicle_4,8.0,71.5,,
1,Electric_Vehicle_4,7.0,71.5,,
1,Electric_Vehicle_4,6.0,71.5,,
1,Electric_Vehicle_4,5.0,71.5,,
1,Electric_Vehicle_4,4.0,71.5,,
1,Electric_Vehicle_4,3.0,71.5,,
1,Electric_Vehicle_4,2.0,71.5,,
1,Electric_Vehicle_4,1.0,71.5,,
1,Electric_Vehicle_4,0.0,71.5,,
3,,,,,
3,,,,,
3,,,,,
3,,,,,
3,,,,,
3,,,,,
3,,,,,
3,,,,,
3,,,,,
2,Electric_Vehicle_4,,,0.0,45.8
1,Electric_Vehicle_4,16.0,78.0,,
1,Electric_Vehicle_4,15.0,78.0,,
1,Electric_Vehicle_4,14.0,78.0,,
1,Electric_Vehicle_4,13.0,78.0,,
1,Electric_Vehicle_4,12.0,78.0,,
1,Electric_Vehicle_4,11.0,78.0,,
1,Electric_Vehicle_4,10.0,78.0,,
1,Electric_Vehicle_4,9.0,78.0,,
1,Electric_Vehicle_4,8.0,78.0,,
1,Electric_Vehicle_4,7.0,78.0,,
1,Electric_Vehicle_4,6.0,78.0,,
1,Electric_Vehicle_4,5.0,78.0,,
1,Electric_Vehicle_4,4.0,78.0,,
1,Electric_Vehicle_4,3.0,78.0,,
1,Electric_Vehicle_4,2.0,78.0,,
1,Electric_Vehicle_4,1.0,78.0,,
1,Electric_Vehicle_4,0.0,78.0,,
3,,,,,
3,,,,,
3,,,,,
3,,,,,
2,Electric_Vehicle_4,,,0.0,35.7
1,Electric_Vehicle_4,36.0,86.7,,
1,Electric_Vehicle_4,35.0,86.7,,
1,Electric_Vehicle_4,34.0,86.7,,
1,Electric_Vehicle_4,33.0,86.7,,
1,Electric_Vehicle_4,32.0,86.7,,
1,Electric_Vehicle_4,31.0,86.7,,
1,Electric_Vehicle_4,30.0,86.7,,
1,Electric_Vehicle_4,29.0,86.7,,
1,Electric_Vehicle_4,28.0,86.7,,
1,Electric_Vehicle_4,27.0,86.7,,
1,Electric_Vehicle_4,26.0,86.7,,
1,Electric_Vehicle_4,25.0,86.7,,
1,Electric_Vehicle_4,24.0,86.7,,
1,Electric_Vehicle_4,23.0,86.7,,
1,Electric_Vehicle_4,22.0,86.7,,
1,Electric_Vehicle_4,21.0,86.7,,
1,Electric_Vehicle_4,20.0,86.7,,
1,Electric_Vehicle_4,19.0,86.7,,
1,Electric_Vehicle_4,18.0,86.7,,
1,Electric_Vehicle_4,17.0,86.7,,
1,Electric_Vehicle_4,16.0,86.7,,
1,Electric_Vehicle_4,15.0,86.7,,
1,Electric_Vehicle_4,14.0,86.7,,
1,Electric_Vehicle_4,13.0,86.7,,
1,Electric_Vehicle_4,12.0,86.7,,
1,Electric_Vehicle_4,11.0,86.7,,
1,Electric_Vehicle_4,10.0,86.7,,
1,Electric_Vehicle_4,9.0,86.7,,
1,Electric_Vehicle_4,8.0,86.7,,
1,Electric_Vehicle_4,7.0,86.7,,
1,Electric_Vehicle_4,6.0,86.7,,
1,Electric_Vehicle_4,5.0,86.7,,
1,Electric_Vehicle_4,4.0,86.7,,
1,Electric_Vehicle_4,3.0,86.7,,
1,Electric_Vehicle_4,2.0,86.7,,
1,Electric_Vehicle_4,1.0,86.7,,
1,Electric_Vehicle_4,0.0,86.7,,
3,,,,,
3,,,,,
3,,,,,
3,,,,,
3,,,,,
3,,,,,
3,,,,,
3,,,,,
3,,,,,
2,Electric_Vehicle_4,,,0.0,40.1
1,Electric_Vehicle_4,15.0,71.4,,
1,Electric_Vehicle_4,14.0,71.4,,
1,Electric_Vehicle_4,13.0,71.4,,
1,Electric_Vehicle_4,12.0,71.4,,
1,Electric_Vehicle_4,11.0,71.4,,
1,Electric_Vehicle_4,10.0,71.4,,
1,Electric_Vehicle_4,9.0,71.4,,
1,Electric_Vehicle_4,8.0,71.4,,
1,Electric_Vehicle_4,7.0,71.4,,
1,Electric_Vehicle_4,6.0,71.4,,
1,Electric_Vehicle_4,5.0,71.4,,
1,Electric_Vehicle_4,4.0,71.4,,
1,Electric_Vehicle_4,3.0,71.4,,
1,Electric_Vehicle_4,2.0,71.4,,
1,Electric_Vehicle_4,1.0,71.4,,
1,Electric_Vehicle_4,0.0,71.4,,
3,,,,,
3,,,,,
3,,,,,
3,,,,,
3,,,,,
3,,,,,
3,,,,,
3,,,,,
3,,,,,
2,Electric_Vehicle_4,,,0.0,34.5
1,Electric_Vehicle_4,14.0,72.1,,
1,Electric_Vehicle_4,13.0,72.1,,
1,Electric_Vehicle_4,12.0,72.1,,
1,Electric_Vehicle_4,11.0,72.1,,
1,Electric_Vehicle_4,10.0,72.1,,
1,Electric_Vehicle_4,9.0,72.1,,
1,Electric_Vehicle_4,8.0,72.1,,
1,Electric_Vehicle_4,7.0,72.1,,
1,Electric_Vehicle_4,6.0,72.1,,
1,Electric_Vehicle_4,5.0,72.1,,
1,Electric_Vehicle_4,4.0,72.1,,
1,Electric_Vehicle_4,3.0,72.1,,
1,Electric_Vehicle_4,2.0,72.1,,
1,Electric_Vehicle_4,1.0,72.1,,
1,Electric_Vehicle_4,0.0,72.1,,
3,,,,,
3,,,,,
3,,,,,
3,,,,,
3,,,,,
3,,,,,
3,,,,,
3,,,,,
3,,,,,
3,,,,,
3,,,,,
2,Electric_Vehicle_4,,,0.0,27.8
1,Electric_Vehicle_4,10.0,72.7,,
1,Electric_Vehicle_4,9.0,72.7,,
1,Electric_Vehicle_4,8.0,72.7,,
1,Electric_Vehicle_4,7.0,72.7,,
1,Electric_Vehicle_4,6.0,72.7,,
1,Electric_Vehicle_4,5.0,72.7,,
1,Electric_Vehicle_4,4.0,72.7,,
1,Electric_Vehicle_4,3.0,72.7,,
1,Electric_Vehicle_4,2.0,72.7,,
1,Electric_Vehicle_4,1.0,72.7,,
1,Electric_Vehicle_4,0.0,72.7,,
3,,,,,
3,,,,,
3,,,,,
3,,,,,
3,,,,,
3,,,,,
3,,,,,
3,,,,,
3,,,,,
2,Electric_Vehicle_4,,,0.0,38.8
1,Electric_Vehicle_4,13.0,72.1,,
1,Electric_Vehicle_4,12.0,72.1,,
1,Electric_Vehicle_4,11.0,72.1,,
1,Electric_Vehicle_4,10.0,72.1,,
1,Electric_Vehicle_4,9.0,72.1,,
1,Electric_Vehicle_4,8.0,72.1,,
1,Electric_Vehicle_4,7.0,72.1,,
1,Electric_Vehicle_4,6.0,72.1,,
1,Electric_Vehicle_4,5.0,72.1,,
1,Electric_Vehicle_4,4.0,72.1,,
1,Electric_Vehicle_4,3.0,72.1,,
1,Electric_Vehicle_4,2.0,72.1,,
1,Electric_Vehicle_4,1.0,72.1,,
1,Electric_Vehicle_4,0.0,72.1,,
3,,,,,
3,,,,,
3,,,,,
3,,,,,
3,,,,,
3,,,,,
3,,,,,
2,Electric_Vehicle_4,,,0.0,47.4
1,Electric_Vehicle_4,62.0,85.0,,
1,Electric_Vehicle_4,61.0,85.0,,
1,Electric_Vehicle_4,60.0,85.0,,
1,Electric_Vehicle_4,59.0,85.0,,
1,Electric_Vehicle_4,58.0,85.0,,
1,Electric_Vehicle_4,57.0,85.0,,
1,Electric_Vehicle_4,56.0,85.0,,
1,Electric_Vehicle_4,55.0,85.0,,
1,Electric_Vehicle_4,54.0,85.0,,
1,Electric_Vehicle_4,53.0,85.0,,
1,Electric_Vehicle_4,52.0,85.0,,
1,Electric_Vehicle_4,51.0,85.0,,
1,Electric_Vehicle_4,50.0,85.0,,
1,Electric_Vehicle_4,49.0,85.0,,
1,Electric_Vehicle_4,48.0,85.0,,
1,Electric_Vehicle_4,47.0,85.0,,
1,Electric_Vehicle_4,46.0,85.0,,
1,Electric_Vehicle_4,45.0,85.0,,
1,Electric_Vehicle_4,44.0,85.0,,
1,Electric_Vehicle_4,43.0,85.0,,
1,Electric_Vehicle_4,42.0,85.0,,
1,Electric_Vehicle_4,41.0,85.0,,
1,Electric_Vehicle_4,40.0,85.0,,
1,Electric_Vehicle_4,39.0,85.0,,
1,Electric_Vehicle_4,38.0,85.0,,
1,Electric_Vehicle_4,37.0,85.0,,
1,Electric_Vehicle_4,36.0,85.0,,
1,Electric_Vehicle_4,35.0,85.0,,
1,Electric_Vehicle_4,34.0,85.0,,
1,Electric_Vehicle_4,33.0,85.0,,
1,Electric_Vehicle_4,32.0,85.0,,
1,Electric_Vehicle_4,31.0,85.0,,
1,Electric_Vehicle_4,30.0,85.0,,
1,Electric_Vehicle_4,29.0,85.0,,
1,Electric_Vehicle_4,28.0,85.0,,
1,Electric_Vehicle_4,27.0,85.0,,
1,Electric_Vehicle_4,26.0,85.0,,
1,Electric_Vehicle_4,25.0,85.0,,
1,Electric_Vehicle_4,24.0,85.0,,
1,Electric_Vehicle_4,23.0,85.0,,
1,Electric_Vehicle_4,22.0,85.0,,
1,Electric_Vehicle_4,21.0,85.0,,
1,Electric_Vehicle_4,20.0,85.0,,
1,Electric_Vehicle_4,19.0,85.0,,
1,Electric_Vehicle_4,18.0,85.0,,
1,Electric_Vehicle_4,17.0,85.0,,
1,Electric_Vehicle_4,16.0,85.0,,
1,Electric_Vehicle_4,15.0,85.0,,
1,Electric_Vehicle_4,14.0,85.0,,
1,Electric_Vehicle_4,13.0,85.0,,
1,Electric_Vehicle_4,12.0,85.0,,
1,Electric_Vehicle_4,11.0,85.0,,
1,Electric_Vehicle_4,10.0,85.0,,
1,Electric_Vehicle_4,9.0,85.0,,
1,Electric_Vehicle_4,8.0,85.0,,
1,Electric_Vehicle_4,7.0,85.0,,
1,Electric_Vehicle_4,6.0,85.0,,
1,Electric_Vehicle_4,5.0,85.0,,
1,Electric_Vehicle_4,4.0,85.0,,
1,Electric_Vehicle_4,3.0,85.0,,
1,Electric_Vehicle_4,2.0,85.0,,
1,Electric_Vehicle_4,1.0,85.0,,
1,Electric_Vehicle_4,0.0,85.0,,
3,,,,,
3,,,,,
3,,,,,
3,,,,,
3,,,,,
3,,,,,
3,,,,,
3,,,,,
3,,,,,
3,,,,,
2,Electric_Vehicle_4,,,0.0,26.5
1,Electric_Vehicle_4,12.0,79.6,,
1,Electric_Vehicle_4,11.0,79.6,,
1,Electric_Vehicle_4,10.0,79.6,,
1,Electric_Vehicle_4,9.0,79.6,,
1,Electric_Vehicle_4,8.0,79.6,,
1,Electric_Vehicle_4,7.0,79.6,,
1,Electric_Vehicle_4,6.0,79.6,,
1,Electric_Vehicle_4,5.0,79.6,,
1,Electric_Vehicle_4,4.0,79.6,,
1,Electric_Vehicle_4,3.0,79.6,,
1,Electric_Vehicle_4,2.0,79.6,,
1,Electric_Vehicle_4,1.0,79.6,,
1,Electric_Vehicle_4,0.0,79.6,,
3,,,,,
3,,,,,
3,,,,,
3,,,,,
3,,,,,
3,,,,,
3,,,,,
3,,,,,
3,,,,,
3,,,,,
3,,,,,
3,,,,,
2,Electric_Vehicle_4,,,0.0,31.5
1,Electric_Vehicle_4,10.0,88.8,,
1,Electric_Vehicle_4,9.0,88.8,,
1,Electric_Vehicle_4,8.0,88.8,,
1,Electric_Vehicle_4,7.0,88.8,,
1,Electric_Vehicle_4,6.0,88.8,,
1,Electric_Vehicle_4,5.0,88.8,,
1,Electric_Vehicle_4,4.0,88.8,,
1,Electric_Vehicle_4,3.0,88.8,,
1,Electric_Vehicle_4,2.0,88.8,,
1,Electric_Vehicle_4,1.0,88.8,,
1,Electric_Vehicle_4,0.0,88.8,,
3,,,,,
3,,,,,
3,,,,,
3,,,,,
3,,,,,
3,,,,,
3,,,,,
3,,,,,
3,,,,,
3,,,,,
3,,,,,
3,,,,,
2,Electric_Vehicle_4,,,0.0,29.5
1,Electric_Vehicle_4,11.0,82.7,,
1,Electric_Vehicle_4,10.0,82.7,,
1,Electric_Vehicle_4,9.0,82.7,,
1,Electric_Vehicle_4,8.0,82.7,,
1,Electric_Vehicle_4,7.0,82.7,,
1,Electric_Vehicle_4,6.0,82.7,,
1,Electric_Vehicle_4,5.0,82.7,,
1,Electric_Vehicle_4,4.0,82.7,,
1,Electric_Vehicle_4,3.0,82.7,,
1,Electric_Vehicle_4,2.0,82.7,,
1,Electric_Vehicle_4,1.0,82.7,,
1,Electric_Vehicle_4,0.0,82.7,,
3,,,,,
3,,,,,
3,,,,,
3,,,,,
3,,,,,
3,,,,,
3,,,,,
3,,,,,
3,,,,,
2,Electric_Vehicle_4,,,0.0,32.9
1,Electric_Vehicle_4,61.0,84.4,,
1,Electric_Vehicle_4,60.0,84.4,,
1,Electric_Vehicle_4,59.0,84.4,,
1,Electric_Vehicle_4,58.0,84.4,,
1,Electric_Vehicle_4,57.0,84.4,,
1,Electric_Vehicle_4,56.0,84.4,,
1,Electric_Vehicle_4,55.0,84.4,,
1,Electric_Vehicle_4,54.0,84.4,,
1,Electric_Vehicle_4,53.0,84.4,,
1,Electric_Vehicle_4,52.0,84.4,,
1,Electric_Vehicle_4,51.0,84.4,,
1,Electric_Vehicle_4,50.0,84.4,,
1,Electric_Vehicle_4,49.0,84.4,,
1,Electric_Vehicle_4,48.0,84.4,,
1,Electric_Vehicle_4,47.0,84.4,,
1,Electric_Vehicle_4,46.0,84.4,,
1,Electric_Vehicle_4,45.0,84.4,,
1,Electric_Vehicle_4,44.0,84.4,,
1,Electric_Vehicle_4,43.0,84.4,,
1,Electric_Vehicle_4,42.0,84.4,,
1,Electric_Vehicle_4,41.0,84.4,,
1,Electric_Vehicle_4,40.0,84.4,,
1,Electric_Vehicle_4,39.0,84.4,,
1,Electric_Vehicle_4,38.0,84.4,,
1,Electric_Vehicle_4,37.0,84.4,,
1,Electric_Vehicle_4,36.0,84.4,,
1,Electric_Vehicle_4,35.0,84.4,,
1,Electric_Vehicle_4,34.0,84.4,,
1,Electric_Vehicle_4,33.0,84.4,,
1,Electric_Vehicle_4,32.0,84.4,,
1,Electric_Vehicle_4,31.0,84.4,,
1,Electric_Vehicle_4,30.0,84.4,,
1,Electric_Vehicle_4,29.0,84.4,,
1,Electric_Vehicle_4,28.0,84.4,,
1,Electric_Vehicle_4,27.0,84.4,,
1,Electric_Vehicle_4,26.0,84.4,,
1,Electric_Vehicle_4,25.0,84.4,,
1,Electric_Vehicle_4,24.0,84.4,,
1,Electric_Vehicle_4,23.0,84.4,,
1,Electric_Vehicle_4,22.0,84.4,,
1,Electric_Vehicle_4,21.0,84.4,,
1,Electric_Vehicle_4,20.0,84.4,,
1,Electric_Vehicle_4,19.0,84.4,,
1,Electric_Vehicle_4,18.0,84.4,,
1,Electric_Vehicle_4,17.0,84.4,,
1,Electric_Vehicle_4,16.0,84.4,,
1,Electric_Vehicle_4,15.0,84.4,,
1,Electric_Vehicle_4,14.0,84.4,,
1,Electric_Vehicle_4,13.0,84.4,,
1,Electric_Vehicle_4,12.0,84.4,,
1,Electric_Vehicle_4,11.0,84.4,,
1,Electric_Vehicle_4,10.0,84.4,,
1,Electric_Vehicle_4,9.0,84.4,,
1,Electric_Vehicle_4,8.0,84.4,,
1,Electric_Vehicle_4,7.0,84.4,,
1,Electric_Vehicle_4,6.0,84.4,,
1,Electric_Vehicle_4,5.0,84.4,,
1,Electric_Vehicle_4,4.0,84.4,,
1,Electric_Vehicle_4,3.0,84.4,,
1,Electric_Vehicle_4,2.0,84.4,,
1,Electric_Vehicle_4,1.0,84.4,,
1,Electric_Vehicle_4,0.0,84.4,,
3,,,,,
3,,,,,
3,,,,,
3,,,,,
3,,,,,
3,,,,,
3,,,,,
3,,,,,
3,,,,,
3,,,,,
2,Electric_Vehicle_4,,,0.0,46.7
1,Electric_Vehicle_4,12.0,74.7,,
1,Electric_Vehicle_4,11.0,74.7,,
1,Electric_Vehicle_4,10.0,74.7,,
1,Electric_Vehicle_4,9.0,74.7,,
1,Electric_Vehicle_4,8.0,74.7,,
1,Electric_Vehicle_4,7.0,74.7,,
1,Electric_Vehicle_4,6.0,74.7,,
1,Electric_Vehicle_4,5.0,74.7,,
1,Electric_Vehicle_4,4.0,74.7,,
1,Electric_Vehicle_4,3.0,74.7,,
1,Electric_Vehicle_4,2.0,74.7,,
1,Electric_Vehicle_4,1.0,74.7,,
1,Electric_Vehicle_4,0.0,74.7,,
3,,,,,
3,,,,,
3,,,,,
3,,,,,
3,,,,,
3,,,,,
3,,,,,
3,,,,,
2,Electric_Vehicle_4,,,0.0,47.8
1,Electric_Vehicle_4,13.0,73.7,,
1,Electric_Vehicle_4,12.0,73.7,,
1,Electric_Vehicle_4,11.0,73.7,,
1,Electric_Vehicle_4,10.0,73.7,,
1,Electric_Vehicle_4,9.0,73.7,,
1,Electric_Vehicle_4,8.0,73.7,,
1,Electric_Vehicle_4,7.0,73.7,,
1,Electric_Vehicle_4,6.0,73.7,,
1,Electric_Vehicle_4,5.0,73.7,,
1,Electric_Vehicle_4,4.0,73.7,,
1,Electric_Vehicle_4,3.0,73.7,,
1,Electric_Vehicle_4,2.0,73.7,,
1,Electric_Vehicle_4,1.0,73.7,,
1,Electric_Vehicle_4,0.0,73.7,,
3,,,,,
3,,,,,
3,,,,,
3,,,,,
3,,,,,
3,,,,,
3,,,,,
3,,,,,
3,,,,,
2,Electric_Vehicle_4,,,0.0,23.6
1,Electric_Vehicle_4,37.0,76.0,,
1,Electric_Vehicle_4,36.0,76.0,,
1,Electric_Vehicle_4,35.0,76.0,,
1,Electric_Vehicle_4,34.0,76.0,,
1,Electric_Vehicle_4,33.0,76.0,,
1,Electric_Vehicle_4,32.0,76.0,,
1,Electric_Vehicle_4,31.0,76.0,,
1,Electric_Vehicle_4,30.0,76.0,,
1,Electric_Vehicle_4,29.0,76.0,,
1,Electric_Vehicle_4,28.0,76.0,,
1,Electric_Vehicle_4,27.0,76.0,,
1,Electric_Vehicle_4,26.0,76.0,,
1,Electric_Vehicle_4,25.0,76.0,,
1,Electric_Vehicle_4,24.0,76.0,,
1,Electric_Vehicle_4,23.0,76.0,,
1,Electric_Vehicle_4,22.0,76.0,,
1,Electric_Vehicle_4,21.0,76.0,,
1,Electric_Vehicle_4,20.0,76.0,,
1,Electric_Vehicle_4,19.0,76.0,,
1,Electric_Vehicle_4,18.0,76.0,,
1,Electric_Vehicle_4,17.0,76.0,,
1,Electric_Vehicle_4,16.0,76.0,,
1,Electric_Vehicle_4,15.0,76.0,,
1,Electric_Vehicle_4,14.0,76.0,,
1,Electric_Vehicle_4,13.0,76.0,,
1,Electric_Vehicle_4,12.0,76.0,,
1,Electric_Vehicle_4,11.0,76.0,,
1,Electric_Vehicle_4,10.0,76.0,,
1,Electric_Vehicle_4,9.0,76.0,,
1,Electric_Vehicle_4,8.0,76.0,,
1,Electric_Vehicle_4,7.0,76.0,,
1,Electric_Vehicle_4,6.0,76.0,,
1,Electric_Vehicle_4,5.0,76.0,,
1,Electric_Vehicle_4,4.0,76.0,,
1,Electric_Vehicle_4,3.0,76.0,,
1,Electric_Vehicle_4,2.0,76.0,,
1,Electric_Vehicle_4,1.0,76.0,,
1,Electric_Vehicle_4,0.0,76.0,,
3,,,,,
3,,,,,
3,,,,,
3,,,,,
3,,,,,
3,,,,,
3,,,,,
3,,,,,
2,Electric_Vehicle_4,,,0.0,39.2
1,Electric_Vehicle_4,16.0,85.5,,
1,Electric_Vehicle_4,15.0,85.5,,
1,Electric_Vehicle_4,14.0,85.5,,
1,Electric_Vehicle_4,13.0,85.5,,
1,Electric_Vehicle_4,12.0,85.5,,
1,Electric_Vehicle_4,11.0,85.5,,
1,Electric_Vehicle_4,10.0,85.5,,
1,Electric_Vehicle_4,9.0,85.5,,
1,Electric_Vehicle_4,8.0,85.5,,
1,Electric_Vehicle_4,7.0,85.5,,
1,Electric_Vehicle_4,6.0,85.5,,
1,Electric_Vehicle_4,5.0,85.5,,
1,Electric_Vehicle_4,4.0,85.5,,
1,Electric_Vehicle_4,3.0,85.5,,
1,Electric_Vehicle_4,2.0,85.5,,
1,Electric_Vehicle_4,1.0,85.5,,
1,Electric_Vehicle_4,0.0,85.5,,
3,,,,,
3,,,,,
3,,,,,
3,,,,,
3,,,,,
3,,,,,
2,Electric_Vehicle_4,,,0.0,37.0
1,Electric_Vehicle_4,38.0,81.9,,
1,Electric_Vehicle_4,37.0,81.9,,
1,Electric_Vehicle_4,36.0,81.9,,
1,Electric_Vehicle_4,35.0,81.9,,
1,Electric_Vehicle_4,34.0,81.9,,
1,Electric_Vehicle_4,33.0,81.9,,
1,Electric_Vehicle_4,32.0,81.9,,
1,Electric_Vehicle_4,31.0,81.9,,
1,Electric_Vehicle_4,30.0,81.9,,
1,Electric_Vehicle_4,29.0,81.9,,
1,Electric_Vehicle_4,28.0,81.9,,
1,Electric_Vehicle_4,27.0,81.9,,
1,Electric_Vehicle_4,26.0,81.9,,
1,Electric_Vehicle_4,25.0,81.9,,
1,Electric_Vehicle_4,24.0,81.9,,
1,Electric_Vehicle_4,23.0,81.9,,
1,Electric_Vehicle_4,22.0,81.9,,
1,Electric_Vehicle_4,21.0,81.9,,
1,Electric_Vehicle_4,20.0,81.9,,
1,Electric_Vehicle_4,19.0,81.9,,
1,Electric_Vehicle_4,18.0,81.9,,
1,Electric_Vehicle_4,17.0,81.9,,
1,Electric_Vehicle_4,16.0,81.9,,
1,Electric_Vehicle_4,15.0,81.9,,
1,Electric_Vehicle_4,14.0,81.9,,
1,Electric_Vehicle_4,13.0,81.9,,
1,Electric_Vehicle_4,12.0,81.9,,
1,Electric_Vehicle_4,11.0,81.9,,
1,Electric_Vehicle_4,10.0,81.9,,
1,Electric_Vehicle_4,9.0,81.9,,
1,Electric_Vehicle_4,8.0,81.9,,
1,Electric_Vehicle_4,7.0,81.9,,
1,Electric_Vehicle_4,6.0,81.9,,
1,Electric_Vehicle_4,5.0,81.9,,
1,Electric_Vehicle_4,4.0,81.9,,
1,Electric_Vehicle_4,3.0,81.9,,
1,Electric_Vehicle_4,2.0,81.9,,
1,Electric_Vehicle_4,1.0,81.9,,
1,Electric_Vehicle_4,0.0,81.9,,
3,,,,,
3,,,,,
3,,,,,
3,,,,,
3,,,,,
3,,,,,
3,,,,,
3,,,,,
3,,,,,
3,,,,,
2,Electric_Vehicle_4,,,0.0,47.3
1,Electric_Vehicle_4,0.0,80.0,,
1,Electric_Vehicle_4,0.0,80.0,,
1,Electric_Vehicle_4,0.0,80.0,,
1,Electric_Vehicle_4,0.0,80.0,,
1,Electric_Vehicle_4,0.0,80.0,,
