electric_vehicle_charger_state,electric_vehicle_id,electric_vehicle_departure_time,electric_vehicle_required_soc_departure,electric_vehicle_estimated_arrival_time,electric_vehicle_estimated_soc_arrival
1,Electric_Vehicle_2,6.0,86.5,,
1,Electric_Vehicle_2,5.0,86.5,,
1,Electric_Vehicle_2,4.0,86.5,,
1,Electric_Vehicle_2,3.0,86.5,,
1,Electric_Vehicle_2,2.0,86.5,,
1,Electric_Vehicle_2,1.0,86.5,,
1,Electric_Vehicle_2,0.0,86.5,,
3,,,,,
3,,,,,
3,,,,,
3,,,,,
3,,,,,
3,,,,,
3,,,,,
3,,,,,
3,,,,,
3,,,,,
2,Electric_Vehicle_2,,,0.0,44.8
1,Electric_Vehicle_2,13.0,84.1,,
1,Electric_Vehicle_2,12.0,84.1,,
1,Electric_Vehicle_2,11.0,84.1,,
1,Electric_Vehicle_2,10.0,84.1,,
1,Electric_Vehicle_2,9.0,84.1,,
1,Electric_Vehicle_2,8.0,84.1,,
1,Electric_Vehicle_2,7.0,84.1,,
1,Electric_Vehicle_2,6.0,84.1,,
1,Electric_Vehicle_2,5.0,84.1,,
1,Electric_Vehicle_2,4.0,84.1,,
1,Electric_Vehicle_2,3.0,84.1,,
1,Electric_Vehicle_2,2.0,84.1,,
1,Electric_Vehicle_2,1.0,84.1,,
1,Electric_Vehicle_2,0.0,84.1,,
3,,,,,
3,,,,,
3,,,,,
3,,,,,
3,,,,,
3,,,,,
3,,,,,
3,,,,,
3,,,,,
3,,,,,
2,Electric_Vehicle_2,,,0.0,22.1
1,Electric_Vehicle_2,36.0,80.1,,
1,Electric_Vehicle_2,35.0,80.1,,
1,Electric_Vehicle_2,34.0,80.1,,
1,Electric_Vehicle_2,33.0,80.1,,
1,Electric_Vehicle_2,32.0,80.1,,
1,Electric_Vehicle_2,31.0,80.1,,
1,Electric_Vehicle_2,30.0,80.1,,
1,Electric_Vehicle_2,29.0,80.1,,
1,Electric_Vehicle_2,28.0,80.1,,
1,Electric_Vehicle_2,27.0,80.1,,
1,Electric_Vehicle_2,26.0,80.1,,
1,Electric_Vehicle_2,25.0,80.1,,
1,Electric_Vehicle_2,24.0,80.1,,
1,Electric_Vehicle_2,23.0,80.1,,
1,Electric_Vehicle_2,22.0,80.1,,
1,Electric_Vehicle_2,21.0,80.1,,
1,Electric_Vehicle_2,20.0,80.1,,
1,Electric_Vehicle_2,19.0,80.1,,
1,Electric_Vehicle_2,18.0,80.1,,
1,Electric_Vehicle_2,17.0,80.1,,
1,Electric_Vehicle_2,16.0,80.1,,
1,Electric_Vehicle_2,15.0,80.1,,
1,Electric_Vehicle_2,14.0,80.1,,
1,Electric_Vehicle_2,13.0,80.1,,
1,Electric_Vehicle_2,12.0,80.1,,
1,Electric_Vehicle_2,11.0,80.1,,
1,Electric_Vehicle_2,10.0,80.1,,
1,Electric_Vehicle_2,9.0,80.1,,
1,Electric_Vehicle_2,8.0,80.1,,
1,Electric_Vehicle_2,7.0,80.1,,
1,Electric_Vehicle_2,6.0,80.1,,
1,Electric_Vehicle_2,5.0,80.1,,
1,Electric_Vehicle_2,4.0,80.1,,
1,Electric_Vehicle_2,3.0,80.1,,
1,Electric_Vehicle_2,2.0,80.1,,
1,Electric_Vehicle_2,1.0,80.1,,
1,Electric_Vehicle_2,0.0,80.1,,
3,,,,,
3,,,,,
3,,,,,
3,,,,,
3,,,,,
3,,,,,
3,,,,,
3,,,,,
3,,,,,
2,Electric_Vehicle_2,,,0.0,46.3
1,Electric_Vehicle_2,13.0,78.9,,
1,Electric_Vehicle_2,12.0,78.9,,
1,Electric_Vehicle_2,11.0,78.9,,
1,Electric_Vehicle_2,10.0,78.9,,
1,Electric_Vehicle_2,9.0,78.9,,
1,Electric_Vehicle_2,8.0,78.9,,
1,Electric_Vehicle_2,7.0,78.9,,
1,Electric_Vehicle_2,6.0,78.9,,
1,Electric_Vehicle_2,5.0,78.9,,
1,Electric_Vehicle_2,4.0,78.9,,
1,Electric_Vehicle_2,3.0,78.9,,
1,Electric_Vehicle_2,2.0,78.9,,
1,Electric_Vehicle_2,1.0,78.9,,
1,Electric_Vehicle_2,0.0,78.9,,
3,,,,,
3,,,,,
3,,,,,
3,,,,,
3,,,,,
3,,,,,
3,,,,,
3,,,,,
3,,,,,
2,Electric_Vehicle_2,,,0.0,24.7
1,Electric_Vehicle_2,42.0,76.5,,
1,Electric_Vehicle_2,41.0,76.5,,
1,Electric_Vehicle_2,40.0,76.5,,
1,Electric_Vehicle_2,39.0,76.5,,
1,Electric_Vehicle_2,38.0,76.5,,
1,Electric_Vehicle_2,37.0,76.5,,
1,Electric_Vehicle_2,36.0,76.5,,
1,Electric_Vehicle_2,35.0,76.5,,
1,Electric_Vehicle_2,34.0,76.5,,
1,Electric_Vehicle_2,33.0,76.5,,
1,Electric_Vehicle_2,32.0,76.5,,
1,Electric_Vehicle_2,31.0,76.5,,
1,Electric_Vehicle_2,30.0,76.5,,
1,Electric_Vehicle_2,29.0,76.5,,
1,Electric_Vehicle_2,28.0,76.5,,
1,Electric_Vehicle_2,27.0,76.5,,
1,Electric_Vehicle_2,26.0,76.5,,
1,Electric_Vehicle_2,25.0,76.5,,
1,Electric_Vehicle_2,24.0,76.5,,
1,Electric_Vehicle_2,23.0,76.5,,
1,Electric_Vehicle_2,22.0,76.5,,
1,Electric_Vehicle_2,21.0,76.5,,
1,Electric_Vehicle_2,20.0,76.5,,
1,Electric_Vehicle_2,19.0,76.5,,
1,Electric_Vehicle_2,18.0,76.5,,
1,Electric_Vehicle_2,17.0,76.5,,
1,Electric_Vehicle_2,16.0,76.5,,
1,Electric_Vehicle_2,15.0,76.5,,
1,Electric_Vehicle_2,14.0,76.5,,
1,Electric_Vehicle_2,13.0,76.5,,
1,Electric_Vehicle_2,12.0,76.5,,
1,Electric_Vehicle_2,11.0,76.5,,
1,Electric_Vehicle_2,10.0,76.5,,
1,Electric_Vehicle_2,9.0,76.5,,
1,Electric_Vehicle_2,8.0,76.5,,
1,Electric_Vehicle_2,7.0,76.5,,
1,Electric_Vehicle_2,6.0,76.5,,
1,Electric_Vehicle_2,5.0,76.5,,
1,Electric_Vehicle_2,4.0,76.5,,
1,Electric_Vehicle_2,3.0,76.5,,
1,Electric_Vehicle_2,2.0,76.5,,
1,Electric_Vehicle_2,1.0,76.5,,
1,Electric_Vehicle_2,0.0,76.5,,
3,,,,,
2,Electric_Vehicle_2,,,0.0,42.0
1,Electric_Vehicle_2,16.0,75.4,,
1,Electric_Vehicle_2,15.0,75.4,,
1,Electric_Vehicle_2,14.0,75.4,,
1,Electric_Vehicle_2,13.0,75.4,,
1,Electric_Vehicle_2,12.0,75.4,,
1,Electric_Vehicle_2,11.0,75.4,,
1,Electric_Vehicle_2,10.0,75.4,,
1,Electric_Vehicle_2,9.0,75.4,,
1,Electric_Vehicle_2,8.0,75.4,,
1,Electric_Vehicle_2,7.0,75.4,,
1,Electric_Vehicle_2,6.0,75.4,,
1,Electric_Vehicle_2,5.0,75.4,,
1,Electric_Vehicle_2,4.0,75.4,,
1,Electric_Vehicle_2,3.0,75.4,,
1,Electric_Vehicle_2,2.0,75.4,,
1,Electric_Vehicle_2,1.0,75.4,,
1,Electric_Vehicle_2,0.0,75.4,,
3,,,,,
3,,,,,
3,,,,,
3,,,,,
3,,,,,
3,,,,,
3,,,,,
3,,,,,
3,,,,,
2,Electric_Vehicle_2,,,0.0,43.7
1,Electric_Vehicle_2,14.0,71.1,,
1,Electric_Vehicle_2,13.0,71.1,,
1,Electric_Vehicle_2,12.0,71.1,,
1,Electric_Vehicle_2,11.0,71.1,,
1,Electric_Vehicle_2,10.0,71.1,,
1,Electric_Vehicle_2,9.0,71.1,,
1,Electric_Vehicle_2,8.0,71.1,,
1,Electric_Vehicle_2,7.0,71.1,,
1,Electric_Vehicle_2,6.0,71.1,,
1,Electric_Vehicle_2,5.0,71.1,,
1,Electric_Vehicle_2,4.0,71.1,,
1,Electric_Vehicle_2,3.0,71.1,,
1,Electric_Vehicle_2,2.0,71.1,,
1,Electric_Vehicle_2,1.0,71.1,,
1,Electric_Vehicle_2,0.0,71.1,,
3,,,,,
3,,,,,
3,,,,,
3,,,,,
3,,,,,
3,,,,,
3,,,,,
3,,,,,
3,,,,,
3,,,,,
3,,,,,
2,Electric_Vehicle_2,,,0.0,43.9
1,Electric_Vehicle_2,10.0,77.0,,
1,Electric_Vehicle_2,9.0,77.0,,
1,Electric_Vehicle_2,8.0,77.0,,
1,Electric_Vehicle_2,7.0,77.0,,
1,Electric_Vehicle_2,6.0,77.0,,
1,Electric_Vehicle_2,5.0,77.0,,
1,Electric_Vehicle_2,4.0,77.0,,
1,Electric_Vehicle_2,3.0,77.0,,
1,Electric_Vehicle_2,2.0,77.0,,
1,Electric_Vehicle_2,1.0,77.0,,
1,Electric_Vehicle_2,0.0,77.0,,
3,,,,,
3,,,,,
3,,,,,
3,,,,,
3,,,,,
3,,,,,
3,,,,,
3,,,,,
2,Electric_Vehicle_2,,,0.0,27.4
1,Electric_Vehicle_2,14.0,72.7,,
1,Electric_Vehicle_2,13.0,72.7,,
1,Electric_Vehicle_2,12.0,72.7,,
1,Electric_Vehicle_2,11.0,72.7,,
1,Electric_Vehicle_2,10.0,72.7,,
1,Electric_Vehicle_2,9.0,72.7,,
1,Electric_Vehicle_2,8.0,72.7,,
1,Electric_Vehicle_2,7.0,72.7,,
1,Electric_Vehicle_2,6.0,72.7,,
1,Electric_Vehicle_2,5.0,72.7,,
1,Electric_Vehicle_2,4.0,72.7,,
1,Electric_Vehicle_2,3.0,72.7,,
1,Electric_Vehicle_2,2.0,72.7,,
1,Electric_Vehicle_2,1.0,72.7,,
1,Electric_Vehicle_2,0.0,72.7,,
3,,,,,
3,,,,,
3,,,,,
3,,,,,
3,,,,,
3,,,,,
3,,,,,
3,,,,,
3,,,,,
2,Electric_Vehicle_2,,,0.0,28.8
1,Electric_Vehicle_2,14.0,74.4,,
1,Electric_Vehicle_2,13.0,74.4,,
1,Electric_Vehicle_2,12.0,74.4,,
1,Electric_Vehicle_2,11.0,74.4,,
1,Electric_Vehicle_2,10.0,74.4,,
1,Electric_Vehicle_2,9.0,74.4,,
1,Electric_Vehicle_2,8.0,74.4,,
1,Electric_Vehicle_2,7.0,74.4,,
1,Electric_Vehicle_2,6.0,74.4,,
1,Electric_Vehicle_2,5.0,74.4,,
1,Electric_Vehicle_2,4.0,74.4,,
1,Electric_Vehicle_2,3.0,74.4,,
1,Electric_Vehicle_2,2.0,74.4,,
1,Electric_Vehicle_2,1.0,74.4,,
1,Electric_Vehicle_2,0.0,74.4,,
3,,,,,
3,,,,,
3,,,,,
3,,,,,
3,,,,,
3,,,,,
3,,,,,
3,,,,,
2,Electric_Vehicle_2,,,0.0,50.8
1,Electric_Vehicle_2,17.0,75.6,,
1,Electric_Vehicle_2,16.0,75.6,,
1,Electric_Vehicle_2,15.0,75.6,,
1,Electric_Vehicle_2,14.0,75.6,,
1,Electric_Vehicle_2,13.0,75.6,,
1,Electric_Vehicle_2,12.0,75.6,,
1,Electric_Vehicle_2,11.0,75.6,,
1,Electric_Vehicle_2,10.0,75.6,,
1,Electric_Vehicle_2,9.0,75.6,,
1,Electric_Vehicle_2,8.0,75.6,,
1,Electric_Vehicle_2,7.0,75.6,,
1,Electric_Vehicle_2,6.0,75.6,,
1,Electric_Vehicle_2,5.0,75.6,,
1,Electric_Vehicle_2,4.0,75.6,,
1,Electric_Vehicle_2,3.0,75.6,,
1,Electric_Vehicle_2,2.0,75.6,,
1,Electric_Vehicle_2,1.0,75.6,,
1,Electric_Vehicle_2,0.0,75.6,,
3,,,,,
2,Electric_Vehicle_2,,,0.0,41.5
1,Electric_Vehicle_2,19.0,76.7,,
1,Electric_Vehicle_2,18.0,76.7,,
1,Electric_Vehicle_2,17.0,76.7,,
1,Electric_Vehicle_2,16.0,76.7,,
1,Electric_Vehicle_2,15.0,76.7,,
1,Electric_Vehicle_2,14.0,76.7,,
1,Electric_Vehicle_2,13.0,76.7,,
1,Electric_Vehicle_2,12.0,76.7,,
1,Electric_Vehicle_2,11.0,76.7,,
1,Electric_Vehicle_2,10.0,76.7,,
1,Electric_Vehicle_2,9.0,76.7,,
1,Electric_Vehicle_2,8.0,76.7,,
1,Electric_Vehicle_2,7.0,76.7,,
1,Electric_Vehicle_2,6.0,76.7,,
1,Electric_Vehicle_2,5.0,76.7,,
1,Electric_Vehicle_2,4.0,76.7,,
1,Electric_Vehicle_2,3.0,76.7,,
1,Electric_Vehicle_2,2.0,76.7,,
1,Electric_Vehicle_2,1.0,76.7,,
1,Electric_Vehicle_2,0.0,76.7,,
3,,,,,
3,,,,,
3,,,,,
3,,,,,
3,,,,,
2,Electric_Vehicle_2,,,0.0,40.5
1,Electric_Vehicle_2,14.0,81.6,,
1,Electric_Vehicle_2,13.0,81.6,,
1,Electric_Vehicle_2,12.0,81.6,,
1,Electric_Vehicle_2,11.0,81.6,,
1,Electric_Vehicle_2,10.0,81.6,,
1,Electric_Vehicle_2,9.0,81.6,,
1,Electric_Vehicle_2,8.0,81.6,,
1,Electric_Vehicle_2,7.0,81.6,,
1,Electric_Vehicle_2,6.0,81.6,,
1,Electric_Vehicle_2,5.0,81.6,,
1,Electric_Vehicle_2,4.0,81.6,,
1,Electric_Vehicle_2,3.0,81.6,,
1,Electric_Vehicle_2,2.0,81.6,,
1,Electric_Vehicle_2,1.0,81.6,,
1,Electric_Vehicle_2,0.0,81.6,,
3,,,,,
3,,,,,
3,,,,,
3,,,,,
3,,,,,
3,,,,,
3,,,,,
3,,,,,
3,,,,,
2,Electric_Vehicle_2,,,0.0,52.3
1,Electric_Vehicle_2,14.0,83.3,,
1,Electric_Vehicle_2,13.0,83.3,,
1,Electric_Vehicle_2,12.0,83.3,,
1,Electric_Vehicle_2,11.0,83.3,,
1,Electric_Vehicle_2,10.0,83.3,,
1,Electric_Vehicle_2,9.0,83.3,,
1,Electric_Vehicle_2,8.0,83.3,,
1,Electric_Vehicle_2,7.0,83.3,,
1,Electric_Vehicle_2,6.0,83.3,,
1,Electric_Vehicle_2,5.0,83.3,,
1,Electric_Vehicle_2,4.0,83.3,,
1,Electric_Vehicle_2,3.0,83.3,,
1,Electric_Vehicle_2,2.0,83.3,,
1,Electric_Vehicle_2,1.0,83.3,,
1,Electric_Vehicle_2,0.0,83.3,,
3,,,,,
3,,,,,
3,,,,,
3,,,,,
3,,,,,
3,,,,,
3,,,,,
3,,,,,
3,,,,,
3,,,,,
3,,,,,
2,Electric_Vehicle_2,,,0.0,43.4
1,Electric_Vehicle_2,37.0,80.0,,
1,Electric_Vehicle_2,36.0,80.0,,
1,Electric_Vehicle_2,35.0,80.0,,
1,Electric_Vehicle_2,34.0,80.0,,
1,Electric_Vehicle_2,33.0,80.0,,
1,Electric_Vehicle_2,32.0,80.0,,
1,Electric_Vehicle_2,31.0,80.0,,
1,Electric_Vehicle_2,30.0,80.0,,
1,Electric_Vehicle_2,29.0,80.0,,
1,Electric_Vehicle_2,28.0,80.0,,
1,Electric_Vehicle_2,27.0,80.0,,
1,Electric_Vehicle_2,26.0,80.0,,
1,Electric_Vehicle_2,25.0,80.0,,
1,Electric_Vehicle_2,24.0,80.0,,
1,Electric_Vehicle_2,23.0,80.0,,
1,Electric_Vehicle_2,22.0,80.0,,
1,Electric_Vehicle_2,21.0,80.0,,
1,Electric_Vehicle_2,20.0,80.0,,
1,Electric_Vehicle_2,19.0,80.0,,
1,Electric_Vehicle_2,18.0,80.0,,
1,Electric_Vehicle_2,17.0,80.0,,
1,Electric_Vehicle_2,16.0,80.0,,
1,Electric_Vehicle_2,15.0,80.0,,
1,Electric_Vehicle_2,14.0,80.0,,
1,Electric_Vehicle_2,13.0,80.0,,
1,Electric_Vehicle_2,12.0,80.0,,
1,Electric_Vehicle_2,11.0,80.0,,
1,Electric_Vehicle_2,10.0,80.0,,
1,Electric_Vehicle_2,9.0,80.0,,
1,Electric_Vehicle_2,8.0,80.0,,
1,Electric_Vehicle_2,7.0,80.0,,
1,Electric_Vehicle_2,6.0,80.0,,
1,Electric_Vehicle_2,5.0,80.0,,
1,Electric_Vehicle_2,4.0,80.0,,
1,Electric_Vehicle_2,3.0,80.0,,
1,Electric_Vehicle_2,2.0,80.0,,
1,Electric_Vehicle_2,1.0,80.0,,
1,Electric_Vehicle_2,0.0,80.0,,
3,,,,,
3,,,,,
3,,,,,
3,,,,,
3,,,,,
3,,,,,
3,,,,,
2,Electric_Vehicle_2,,,0.0,25.4
1,Electric_Vehicle_2,38.0,85.5,,
1,Electric_Vehicle_2,37.0,85.5,,
1,Electric_Vehicle_2,36.0,85.5,,
1,Electric_Vehicle_2,35.0,85.5,,
1,Electric_Vehicle_2,34.0,85.5,,
1,Electric_Vehicle_2,33.0,85.5,,
1,Electric_Vehicle_2,32.0,85.5,,
1,Electric_Vehicle_2,31.0,85.5,,
1,Electric_Vehicle_2,30.0,85.5,,
1,Electric_Vehicle_2,29.0,85.5,,
1,Electric_Vehicle_2,28.0,85.5,,
1,Electric_Vehicle_2,27.0,85.5,,
1,Electric_Vehicle_2,26.0,85.5,,
1,Electric_Vehicle_2,25.0,85.5,,
1,Electric_Vehicle_2,24.0,85.5,,
1,Electric_Vehicle_2,23.0,85.5,,
1,Electric_Vehicle_2,22.0,85.5,,
1,Electric_Vehicle_2,21.0,85.5,,
1,Electric_Vehicle_2,20.0,85.5,,
1,Electric_Vehicle_2,19.0,85.5,,
1,Electric_Vehicle_2,18.0,85.5,,
1,Electric_Vehicle_2,17.0,85.5,,
1,Electric_Vehicle_2,16.0,85.5,,
1,Electric_Vehicle_2,15.0,85.5,,
1,Electric_Vehicle_2,14.0,85.5,,
1,Electric_Vehicle_2,13.0,85.5,,
1,Electric_Vehicle_2,12.0,85.5,,
1,Electric_Vehicle_2,11.0,85.5,,
1,Electric_Vehicle_2,10.0,85.5,,
1,Electric_Vehicle_2,9.0,85.5,,
1,Electric_Vehicle_2,8.0,85.5,,
1,Electric_Vehicle_2,7.0,85.5,,
1,Electric_Vehicle_2,6.0,85.5,,
1,Electric_Vehicle_2,5.0,85.5,,
1,Electric_Vehicle_2,4.0,85.5,,
1,Electric_Vehicle_2,3.0,85.5,,
1,Electric_Vehicle_2,2.0,85.5,,
1,Electric_Vehicle_2,1.0,85.5,,
1,Electric_Vehicle_2,0.0,85.5,,
3,,,,,
3,,,,,
3,,,,,
3,,,,,
3,,,,,
3,,,,,
3,,,,,
2,Electric_Vehicle_2,,,0.0,41.4
1,Electric_Vehicle_2,38.0,77.4,,
1,Electric_Vehicle_2,37.0,77.4,,
1,Electric_Vehicle_2,36.0,77.4,,
1,Electric_Vehicle_2,35.0,77.4,,
1,Electric_Vehicle_2,34.0,77.4,,
1,Electric_Vehicle_2,33.0,77.4,,
1,Electric_Vehicle_2,32.0,77.4,,
1,Electric_Vehicle_2,31.0,77.4,,
1,Electric_Vehicle_2,30.0,77.4,,
1,Electric_Vehicle_2,29.0,77.4,,
1,Electric_Vehicle_2,28.0,77.4,,
1,Electric_Vehicle_2,27.0,77.4,,
1,Electric_Vehicle_2,26.0,77.4,,
1,Electric_Vehicle_2,25.0,77.4,,
1,Electric_Vehicle_2,24.0,77.4,,
1,Electric_Vehicle_2,23.0,77.4,,
1,Electric_Vehicle_2,22.0,77.4,,
1,Electric_Vehicle_2,21.0,77.4,,
1,Electric_Vehicle_2,20.0,77.4,,
1,Electric_Vehicle_2,19.0,77.4,,
1,Electric_Vehicle_2,18.0,77.4,,
1,Electric_Vehicle_2,17.0,77.4,,
1,Electric_Vehicle_2,16.0,77.4,,
1,Electric_Vehicle_2,15.0,77.4,,
1,Electric_Vehicle_2,14.0,77.4,,
1,Electric_Vehicle_2,13.0,77.4,,
1,Electric_Vehicle_2,12.0,77.4,,
1,Electric_Vehicle_2,11.0,77.4,,
1,Electric_Vehicle_2,10.0,77.4,,
1,Electric_Vehicle_2,9.0,77.4,,
1,Electric_Vehicle_2,8.0,77.4,,
1,Electric_Vehicle_2,7.0,77.4,,
1,Electric_Vehicle_2,6.0,77.4,,
1,Electric_Vehicle_2,5.0,77.4,,
1,Electric_Vehicle_2,4.0,77.4,,
1,Electric_Vehicle_2,3.0,77.4,,
1,Electric_Vehicle_2,2.0,77.4,,
1,Electric_Vehicle_2,1.0,77.4,,
1,Electric_Vehicle_2,0.0,77.4,,
3,,,,,
3,,,,,
3,,,,,
3,,,,,
3,,,,,
3,,,,,
3,,,,,
3,,,,,
3,,,,,
3,,,,,
3,,,,,
3,,,,,
3,,,,,
2,Electric_Vehicle_2,,,0.0,45.6
1,Electric_Vehicle_2,10.0,87.2,,
1,Electric_Vehicle_2,9.0,87.2,,
1,Electric_Vehicle_2,8.0,87.2,,
1,Electric_Vehicle_2,7.0,87.2,,
1,Electric_Vehicle_2,6.0,87.2,,
1,Electric_Vehicle_2,5.0,87.2,,
1,Electric_Vehicle_2,4.0,87.2,,
1,Electric_Vehicle_2,3.0,87.2,,
1,Electric_Vehicle_2,2.0,87.2,,
1,Electric_Vehicle_2,1.0,87.2,,
1,Electric_Vehicle_2,0.0,87.2,,
3,,,,,
3,,,,,
3,,,,,
3,,,,,
3,,,,,
3,,,,,
3,,,,,
3,,,,,
2,Electric_Vehicle_2,,,0.0,50.9
1,Electric_Vehicle_2,15.0,73.6,,
1,Electric_Vehicle_2,14.0,73.6,,
1,Electric_Vehicle_2,13.0,73.6,,
1,Electric_Vehicle_2,12.0,73.6,,
1,Electric_Vehicle_2,11.0,73.6,,
1,Electric_Vehicle_2,10.0,73.6,,
1,Electric_Vehicle_2,9.0,73.6,,
1,Electric_Vehicle_2,8.0,73.6,,
1,Electric_Vehicle_2,7.0,73.6,,
1,Electric_Vehicle_2,6.0,73.6,,
1,Electric_Vehicle_2,5.0,73.6,,
1,Electric_Vehicle_2,4.0,73.6,,
1,Electric_Vehicle_2,3.0,73.6,,
1,Electric_Vehicle_2,2.0,73.6,,
1,Electric_Vehicle_2,1.0,73.6,,
1,Electric_Vehicle_2,0.0,73.6,,
3,,,,,
3,,,,,
3,,,,,
3,,,,,
3,,,,,
3,,,,,
3,,,,,
3,,,,,
3,,,,,
3,,,,,
2,Electric_Vehicle_2,,,0.0,27.4
1,Electric_Vehicle_2,12.0,86.9,,
1,Electric_Vehicle_2,11.0,86.9,,
1,Electric_Vehicle_2,10.0,86.9,,
1,Electric_Vehicle_2,9.0,86.9,,
1,Electric_Vehicle_2,8.0,86.9,,
1,Electric_Vehicle_2,7.0,86.9,,
1,Electric_Vehicle_2,6.0,86.9,,
1,Electric_Vehicle_2,5.0,86.9,,
1,Electric_Vehicle_2,4.0,86.9,,
1,Electric_Vehicle_2,3.0,86.9,,
1,Electric_Vehicle_2,2.0,86.9,,
1,Electric_Vehicle_2,1.0,86.9,,
1,Electric_Vehicle_2,0.0,86.9,,
3,,,,,
3,,,,,
3,,,,,
3,,,,,
3,,,,,
3,,,,,
3,,,,,
3,,,,,
2,Electric_Vehicle_2,,,0.0,51.0
1,Electric_Vehicle_2,13.0,87.1,,
1,Electric_Vehicle_2,12.0,87.1,,
1,Electric_Vehicle_2,11.0,87.1,,
1,Electric_Vehicle_2,10.0,87.1,,
1,Electric_Vehicle_2,9.0,87.1,,
1,Electric_Vehicle_2,8.0,87.1,,
1,Electric_Vehicle_2,7.0,87.1,,
1,Electric_Vehicle_2,6.0,87.1,,
1,Electric_Vehicle_2,5.0,87.1,,
1,Electric_Vehicle_2,4.0,87.1,,
1,Electric_Vehicle_2,3.0,87.1,,
1,Electric_Vehicle_2,2.0,87.1,,
1,Electric_Vehicle_2,1.0,87.1,,
1,Electric_Vehicle_2,0.0,87.1,,
3,,,,,
3,,,,,
3,,,,,
3,,,,,
3,,,,,
3,,,,,
3,,,,,
3,,,,,
3,,,,,
3,,,,,
2,Electric_Vehicle_2,,,0.0,45.6
1,Electric_Vehicle_2,14.0,71.8,,
1,Electric_Vehicle_2,13.0,71.8,,
1,Electric_Vehicle_2,12.0,71.8,,
1,Electric_Vehicle_2,11.0,71.8,,
1,Electric_Vehicle_2,10.0,71.8,,
1,Electric_Vehicle_2,9.0,71.8,,
1,Electric_Vehicle_2,8.0,71.8,,
1,Electric_Vehicle_2,7.0,71.8,,
1,Electric_Vehicle_2,6.0,71.8,,
1,Electric_Vehicle_2,5.0,71.8,,
1,Electric_Vehicle_2,4.0,71.8,,
1,Electric_Vehicle_2,3.0,71.8,,
1,Electric_Vehicle_2,2.0,71.8,,
1,Electric_Vehicle_2,1.0,71.8,,
1,Electric_Vehicle_2,0.0,71.8,,
3,,,,,
3,,,,,
3,,,,,
3,,,,,
3,,,,,
2,Electric_Vehicle_2,,,0.0,31.8
1,Electric_Vehicle_2,40.0,78.5,,
1,Electric_Vehicle_2,39.0,78.5,,
1,Electric_Vehicle_2,38.0,78.5,,
1,Electric_Vehicle_2,37.0,78.5,,
1,Electric_Vehicle_2,36.0,78.5,,
1,Electric_Vehicle_2,35.0,78.5,,
1,Electric_Vehicle_2,34.0,78.5,,
1,Electric_Vehicle_2,33.0,78.5,,
1,Electric_Vehicle_2,32.0,78.5,,
1,Electric_Vehicle_2,31.0,78.5,,
1,Electric_Vehicle_2,30.0,78.5,,
1,Electric_Vehicle_2,29.0,78.5,,
1,Electric_Vehicle_2,28.0,78.5,,
1,Electric_Vehicle_2,27.0,78.5,,
1,Electric_Vehicle_2,26.0,78.5,,
1,Electric_Vehicle_2,25.0,78.5,,
1,Electric_Vehicle_2,24.0,78.5,,
1,Electric_Vehicle_2,23.0,78.5,,
1,Electric_Vehicle_2,22.0,78.5,,
1,Electric_Vehicle_2,21.0,78.5,,
1,Electric_Vehicle_2,20.0,78.5,,
1,Electric_Vehicle_2,19.0,78.5,,
1,Electric_Vehicle_2,18.0,78.5,,
1,Electric_Vehicle_2,17.0,78.5,,
1,Electric_Vehicle_2,16.0,78.5,,
1,Electric_Vehicle_2,15.0,78.5,,
1,Electric_Vehicle_2,14.0,78.5,,
1,Electric_Vehicle_2,13.0,78.5,,
1,Electric_Vehicle_2,12.0,78.5,,
1,Electric_Vehicle_2,11.0,78.5,,
1,Electric_Vehicle_2,10.0,78.5,,
1,Electric_Vehicle_2,9.0,78.5,,
1,Electric_Vehicle_2,8.0,78.5,,
1,Electric_Vehicle_2,7.0,78.5,,
1,Electric_Vehicle_2,6.0,78.5,,
1,Electric_Vehicle_2,5.0,78.5,,
1,Electric_Vehicle_2,4.0,78.5,,
1,Electric_Vehicle_2,3.0,78.5,,
1,Electric_Vehicle_2,2.0,78.5,,
1,Electric_Vehicle_2,1.0,78.5,,
1,Electric_Vehicle_2,0.0,78.5,,
3,,,,,
3,,,,,
3,,,,,
3,,,,,
3,,,,,
3,,,,,
3,,,,,
2,Electric_Vehicle_2,,,0.0,36.0
1,Electric_Vehicle_2,37.0,81.4,,
1,Electric_Vehicle_2,36.0,81.4,,
1,Electric_Vehicle_2,35.0,81.4,,
1,Electric_Vehicle_2,34.0,81.4,,
1,Electric_Vehicle_2,33.0,81.4,,
1,Electric_Vehicle_2,32.0,81.4,,
1,Electric_Vehicle_2,31.0,81.4,,
1,Electric_Vehicle_2,30.0,81.4,,
1,Electric_Vehicle_2,29.0,81.4,,
1,Electric_Vehicle_2,28.0,81.4,,
1,Electric_Vehicle_2,27.0,81.4,,
1,Electric_Vehicle_2,26.0,81.4,,
1,Electric_Vehicle_2,25.0,81.4,,
1,Electric_Vehicle_2,24.0,81.4,,
1,Electric_Vehicle_2,23.0,81.4,,
1,Electric_Vehicle_2,22.0,81.4,,
1,Electric_Vehicle_2,21.0,81.4,,
1,Electric_Vehicle_2,20.0,81.4,,
1,Electric_Vehicle_2,19.0,81.4,,
1,Electric_Vehicle_2,18.0,81.4,,
1,Electric_Vehicle_2,17.0,81.4,,
1,Electric_Vehicle_2,16.0,81.4,,
1,Electric_Vehicle_2,15.0,81.4,,
1,Electric_Vehicle_2,14.0,81.4,,
1,Electric_Vehicle_2,13.0,81.4,,
1,Electric_Vehicle_2,12.0,81.4,,
1,Electric_Vehicle_2,11.0,81.4,,
1,Electric_Vehicle_2,10.0,81.4,,
1,Electric_Vehicle_2,9.0,81.4,,
1,Electric_Vehicle_2,8.0,81.4,,
1,Electric_Vehicle_2,7.0,81.4,,
1,Electric_Vehicle_2,6.0,81.4,,
1,Electric_Vehicle_2,5.0,81.4,,
1,Electric_Vehicle_2,4.0,81.4,,
1,Electric_Vehicle_2,3.0,81.4,,
1,Electric_Vehicle_2,2.0,81.4,,
1,Electric_Vehicle_2,1.0,81.4,,
1,Electric_Vehicle_2,0.0,81.4,,
3,,,,,
3,,,,,
3,,,,,
3,,,,,
3,,,,,
3,,,,,
3,,,,,
3,,,,,
3,,,,,
2,Electric_Vehicle_2,,,0.0,43.2
1,Electric_Vehicle_2,14.0,74.3,,
1,Electric_Vehicle_2,13.0,74.3,,
1,Electric_Vehicle_2,12.0,74.3,,
1,Electric_Vehicle_2,11.0,74.3,,
1,Electric_Vehicle_2,10.0,74.3,,
1,Electric_Vehicle_2,9.0,74.3,,
1,Electric_Vehicle_2,8.0,74.3,,
1,Electric_Vehicle_2,7.0,74.3,,
1,Electric_Vehicle_2,6.0,74.3,,
1,Electric_Vehicle_2,5.0,74.3,,
1,Electric_Vehicle_2,4.0,74.3,,
1,Electric_Vehicle_2,3.0,74.3,,
1,Electric_Vehicle_2,2.0,74.3,,
1,Electric_Vehicle_2,1.0,74.3,,
1,Electric_Vehicle_2,0.0,74.3,,
3,,,,,
3,,,,,
3,,,,,
3,,,,,
3,,,,,
3,,,,,
3,,,,,
3,,,,,
3,,,,,
3,,,,,
2,Electric_Vehicle_2,,,0.0,33.4
1,Electric_Vehicle_2,12.0,76.3,,
1,Electric_Vehicle_2,11.0,76.3,,
1,Electric_Vehicle_2,10.0,76.3,,
1,Electric_Vehicle_2,9.0,76.3,,
1,Electric_Vehicle_2,8.0,76.3,,
1,Electric_Vehicle_2,7.0,76.3,,
1,Electric_Vehicle_2,6.0,76.3,,
1,Electric_Vehicle_2,5.0,76.3,,
1,Electric_Vehicle_2,4.0,76.3,,
1,Electric_Vehicle_2,3.0,76.3,,
1,Electric_Vehicle_2,2.0,76.3,,
1,Electric_Vehicle_2,1.0,76.3,,
1,Electric_Vehicle_2,0.0,76.3,,
3,,,,,
3,,,,,
3,,,,,
3,,,,,
3,,,,,
3,,,,,
3,,,,,
3,,,,,
3,,,,,
3,,,,,
2,Electric_Vehicle_2,,,0.0,29.4
1,Electric_Vehicle_2,59.0,88.1,,
1,Electric_Vehicle_2,58.0,88.1,,
1,Electric_Vehicle_2,57.0,88.1,,
1,Electric_Vehicle_2,56.0,88.1,,
1,Electric_Vehicle_2,55.0,88.1,,
1,Electric_Vehicle_2,54.0,88.1,,
1,Electric_Vehicle_2,53.0,88.1,,
1,Electric_Vehicle_2,52.0,88.1,,
1,Electric_Vehicle_2,51.0,88.1,,
1,Electric_Vehicle_2,50.0,88.1,,
1,Electric_Vehicle_2,49.0,88.1,,
1,Electric_Vehicle_2,48.0,88.1,,
1,Electric_Vehicle_2,47.0,88.1,,
1,Electric_Vehicle_2,46.0,88.1,,
1,Electric_Vehicle_2,45.0,88.1,,
1,Electric_Vehicle_2,44.0,88.1,,
1,Electric_Vehicle_2,43.0,88.1,,
1,Electric_Vehicle_2,42.0,88.1,,
1,Electric_Vehicle_2,41.0,88.1,,
1,Electric_Vehicle_2,40.0,88.1,,
1,Electric_Vehicle_2,39.0,88.1,,
1,Electric_Vehicle_2,38.0,88.1,,
1,Electric_Vehicle_2,37.0,88.1,,
1,Electric_Vehicle_2,36.0,88.1,,
1,Electric_Vehicle_2,35.0,88.1,,
1,Electric_Vehicle_2,34.0,88.1,,
1,Electric_Vehicle_2,33.0,88.1,,
1,Electric_Vehicle_2,32.0,88.1,,
1,Electric_Vehicle_2,31.0,88.1,,
1,Electric_Vehicle_2,30.0,88.1,,
1,Electric_Vehicle_2,29.0,88.1,,
1,Electric_Vehicle_2,28.0,88.1,,
1,Electric_Vehicle_2,27.0,88.1,,
1,Electric_Vehicle_2,26.0,88.1,,
1,Electric_Vehicle_2,25.0,88.1,,
1,Electric_Vehicle_2,24.0,88.1,,
1,Electric_Vehicle_2,23.0,88.1,,
1,Electric_Vehicle_2,22.0,88.1,,
1,Electric_Vehicle_2,21.0,88.1,,
1,Electric_Vehicle_2,20.0,88.1,,
1,Electric_Vehicle_2,19.0,88.1,,
1,Electric_Vehicle_2,18.0,88.1,,
1,Electric_Vehicle_2,17.0,88.1,,
1,Electric_Vehicle_2,16.0,88.1,,
1,Electric_Vehicle_2,15.0,88.1,,
1,Electric_Vehicle_2,14.0,88.1,,
1,Electric_Vehicle_2,13.0,88.1,,
1,Electric_Vehicle_2,12.0,88.1,,
1,Electric_Vehicle_2,11.0,88.1,,
1,Electric_Vehicle_2,10.0,88.1,,
1,Electric_Vehicle_2,9.0,88.1,,
1,Electric_Vehicle_2,8.0,88.1,,
1,Electric_Vehicle_2,7.0,88.1,,
1,Electric_Vehicle_2,6.0,88.1,,
1,Electric_Vehicle_2,5.0,88.1,,
1,Electric_Vehicle_2,4.0,88.1,,
1,Electric_Vehicle_2,3.0,88.1,,
1,Electric_Vehicle_2,2.0,88.1,,
1,Electric_Vehicle_2,1.0,88.1,,
1,Electric_Vehicle_2,0.0,88.1,,
3,,,,,
3,,,,,
3,,,,,
3,,,,,
3,,,,,
3,,,,,
3,,,,,
3,,,,,
3,,,,,
3,,,,,
2,Electric_Vehicle_2,,,0.0,43.6
1,Electric_Vehicle_2,12.0,81.2,,
1,Electric_Vehicle_2,11.0,81.2,,
1,Electric_Vehicle_2,10.0,81.2,,
1,Electric_Vehicle_2,9.0,81.2,,
1,Electric_Vehicle_2,8.0,81.2,,
1,Electric_Vehicle_2,7.0,81.2,,
1,Electric_Vehicle_2,6.0,81.2,,
1,Electric_Vehicle_2,5.0,81.2,,
1,Electric_Vehicle_2,4.0,81.2,,
1,Electric_Vehicle_2,3.0,81.2,,
1,Electric_Vehicle_2,2.0,81.2,,
1,Electric_Vehicle_2,1.0,81.2,,
1,Electric_Vehicle_2,0.0,81.2,,
3,,,,,
3,,,,,
3,,,,,
3,,,,,
3,,,,,
3,,,,,
3,,,,,
3,,,,,
3,,,,,
3,,,,,
3,,,,,
3,,,,,
2,Electric_Vehicle_2,,,0.0,25.9
1,Electric_Vehicle_2,11.0,76.7,,
1,Electric_Vehicle_2,10.0,76.7,,
1,Electric_Vehicle_2,9.0,76.7,,
1,Electric_Vehicle_2,8.0,76.7,,
1,Electric_Vehicle_2,7.0,76.7,,
1,Electric_Vehicle_2,6.0,76.7,,
1,Electric_Vehicle_2,5.0,76.7,,
1,Electric_Vehicle_2,4.0,76.7,,
1,Electric_Vehicle_2,3.0,76.7,,
1,Electric_Vehicle_2,2.0,76.7,,
1,Electric_Vehicle_2,1.0,76.7,,
1,Electric_Vehicle_2,0.0,76.7,,
3,,,,,
3,,,,,
3,,,,,
3,,,,,
3,,,,,
3,,,,,
3,,,,,
3,,,,,
3,,,,,
3,,,,,
2,Electric_Vehicle_2,,,0.0,46.8
1,Electric_Vehicle_2,12.0,73.7,,
1,Electric_Vehicle_2,11.0,73.7,,
1,Electric_Vehicle_2,10.0,73.7,,
1,Electric_Vehicle_2,9.0,73.7,,
1,Electric_Vehicle_2,8.0,73.7,,
1,Electric_Vehicle_2,7.0,73.7,,
1,Electric_Vehicle_2,6.0,73.7,,
1,Electric_Vehicle_2,5.0,73.7,,
1,Electric_Vehicle_2,4.0,73.7,,
1,Electric_Vehicle_2,3.0,73.7,,
1,Electric_Vehicle_2,2.0,73.7,,
1,Electric_Vehicle_2,1.0,73.7,,
1,Electric_Vehicle_2,0.0,73.7,,
3,,,,,
3,,,,,
3,,,,,
3,,,,,
3,,,,,
3,,,,,
3,,,,,
3,,,,,
3,,,,,
2,Electric_Vehicle_2,,,0.0,30.0
1,Electric_Vehicle_2,13.0,70.8,,
1,Electric_Vehicle_2,12.0,70.8,,
1,Electric_Vehicle_2,11.0,70.8,,
1,Electric_Vehicle_2,10.0,70.8,,
1,Electric_Vehicle_2,9.0,70.8,,
1,Electric_Vehicle_2,8.0,70.8,,
1,Electric_Vehicle_2,7.0,70.8,,
1,Electric_Vehicle_2,6.0,70.8,,
1,Electric_Vehicle_2,5.0,70.8,,
1,Electric_Vehicle_2,4.0,70.8,,
1,Electric_Vehicle_2,3.0,70.8,,
1,Electric_Vehicle_2,2.0,70.8,,
1,Electric_Vehicle_2,1.0,70.8,,
1,Electric_Vehicle_2,0.0,70.8,,
3,,,,,
3,,,,,
3,,,,,
3,,,,,
3,,,,,
3,,,,,
3,,,,,
3,,,,,
3,,,,,
2,Electric_Vehicle_2,,,0.0,28.9
1,Electric_Vehicle_2,41.0,72.5,,
1,Electric_Vehicle_2,40.0,72.5,,
1,Electric_Vehicle_2,39.0,72.5,,
1,Electric_Vehicle_2,38.0,72.5,,
1,Electric_Vehicle_2,37.0,72.5,,
1,Electric_Vehicle_2,36.0,72.5,,
1,Electric_Vehicle_2,35.0,72.5,,
1,Electric_Vehicle_2,34.0,72.5,,
1,Electric_Vehicle_2,33.0,72.5,,
1,Electric_Vehicle_2,32.0,72.5,,
1,Electric_Vehicle_2,31.0,72.5,,
1,Electric_Vehicle_2,30.0,72.5,,
1,Electric_Vehicle_2,29.0,72.5,,
1,Electric_Vehicle_2,28.0,72.5,,
1,Electric_Vehicle_2,27.0,72.5,,
1,Electric_Vehicle_2,26.0,72.5,,
1,Electric_Vehicle_2,25.0,72.5,,
1,Electric_Vehicle_2,24.0,72.5,,
1,Electric_Vehicle_2,23.0,72.5,,
1,Electric_Vehicle_2,22.0,72.5,,
1,Electric_Vehicle_2,21.0,72.5,,
1,Electric_Vehicle_2,20.0,72.5,,
1,Electric_Vehicle_2,19.0,72.5,,
1,Electric_Vehicle_2,18.0,72.5,,
1,Electric_Vehicle_2,17.0,72.5,,
1,Electric_Vehicle_2,16.0,72.5,,
1,Electric_Vehicle_2,15.0,72.5,,
1,Electric_Vehicle_2,14.0,72.5,,
1,Electric_Vehicle_2,13.0,72.5,,
1,Electric_Vehicle_2,12.0,72.5,,
1,Electric_Vehicle_2,11.0,72.5,,
1,Electric_Vehicle_2,10.0,72.5,,
1,Electric_Vehicle_2,9.0,72.5,,
1,Electric_Vehicle_2,8.0,72.5,,
1,Electric_Vehicle_2,7.0,72.5,,
1,Electric_Vehicle_2,6.0,72.5,,
1,Electric_Vehicle_2,5.0,72.5,,
1,Electric_Vehicle_2,4.0,72.5,,
1,Electric_Vehicle_2,3.0,72.5,,
1,Electric_Vehicle_2,2.0,72.5,,
1,Electric_Vehicle_2,1.0,72.5,,
1,Electric_Vehicle_2,0.0,72.5,,
3,,,,,
3,,,,,
3,,,,,
2,Electric_Vehicle_2,,,0.0,44.6
1,Electric_Vehicle_2,14.0,89.0,,
1,Electric_Vehicle_2,13.0,89.0,,
1,Electric_Vehicle_2,12.0,89.0,,
1,Electric_Vehicle_2,11.0,89.0,,
1,Electric_Vehicle_2,10.0,89.0,,
1,Electric_Vehicle_2,9.0,89.0,,
1,Electric_Vehicle_2,8.0,89.0,,
1,Electric_Vehicle_2,7.0,89.0,,
1,Electric_Vehicle_2,6.0,89.0,,
1,Electric_Vehicle_2,5.0,89.0,,
1,Electric_Vehicle_2,4.0,89.0,,
1,Electric_Vehicle_2,3.0,89.0,,
1,Electric_Vehicle_2,2.0,89.0,,
1,Electric_Vehicle_2,1.0,89.0,,
1,Electric_Vehicle_2,0.0,89.0,,
3,,,,,
3,,,,,
3,,,,,
3,,,,,
3,,,,,
3,,,,,
3,,,,,
3,,,,,
2,Electric_Vehicle_2,,,0.0,46.7
1,Electric_Vehicle_2,14.0,83.2,,
1,Electric_Vehicle_2,13.0,83.2,,
1,Electric_Vehicle_2,12.0,83.2,,
1,Electric_Vehicle_2,11.0,83.2,,
1,Electric_Vehicle_2,10.0,83.2,,
1,Electric_Vehicle_2,9.0,83.2,,
1,Electric_Vehicle_2,8.0,83.2,,
1,Electric_Vehicle_2,7.0,83.2,,
1,Electric_Vehicle_2,6.0,83.2,,
1,Electric_Vehicle_2,5.0,83.2,,
1,Electric_Vehicle_2,4.0,83.2,,
1,Electric_Vehicle_2,3.0,83.2,,
1,Electric_Vehicle_2,2.0,83.2,,
1,Electric_Vehicle_2,1.0,83.2,,
1,Electric_Vehicle_2,0.0,83.2,,
3,,,,,
3,,,,,
3,,,,,
3,,,,,
3,,,,,
3,,,,,
3,,,,,
3,,,,,
3,,,,,
3,,,,,
3,,,,,
3,,,,,
2,Electric_Vehicle_2,,,0.0,24.1
1,Electric_Vehicle_2,10.0,83.1,,
1,Electric_Vehicle_2,9.0,83.1,,
1,Electric_Vehicle_2,8.0,83.1,,
1,Electric_Vehicle_2,7.0,83.1,,
1,Electric_Vehicle_2,6.0,83.1,,
1,Electric_Vehicle_2,5.0,83.1,,
1,Electric_Vehicle_2,4.0,83.1,,
1,Electric_Vehicle_2,3.0,83.1,,
1,Electric_Vehicle_2,2.0,83.1,,
1,Electric_Vehicle_2,1.0,83.1,,
1,Electric_Vehicle_2,0.0,83.1,,
3,,,,,
3,,,,,
3,,,,,
3,,,,,
3,,,,,
3,,,,,
3,,,,,
3,,,,,
3,,,,,
3,,,,,
2,Electric_Vehicle_2,,,0.0,23.1
1,Electric_Vehicle_2,11.0,89.9,,
1,Electric_Vehicle_2,10.0,89.9,,
1,Electric_Vehicle_2,9.0,89.9,,
1,Electric_Vehicle_2,8.0,89.9,,
1,Electric_Vehicle_2,7.0,89.9,,
1,Electric_Vehicle_2,6.0,89.9,,
1,Electric_Vehicle_2,5.0,89.9,,
1,Electric_Vehicle_2,4.0,89.9,,
1,Electric_Vehicle_2,3.0,89.9,,
1,Electric_Vehicle_2,2.0,89.9,,
1,Electric_Vehicle_2,1.0,89.9,,
1,Electric_Vehicle_2,0.0,89.9,,
3,,,,,
3,,,,,
3,,,,,
3,,,,,
3,,,,,
3,,,,,
3,,,,,
3,,,,,
2,Electric_Vehicle_2,,,0.0,38.1
1,Electric_Vehicle_2,15.0,82.2,,
1,Electric_Vehicle_2,14.0,82.2,,
1,Electric_Vehicle_2,13.0,82.2,,
1,Electric_Vehicle_2,12.0,82.2,,
1,Electric_Vehicle_2,11.0,82.2,,
1,Electric_Vehicle_2,10.0,82.2,,
1,Electric_Vehicle_2,9.0,82.2,,
1,Electric_Vehicle_2,8.0,82.2,,
1,Electric_Vehicle_2,7.0,82.2,,
1,Electric_Vehicle_2,6.0,82.2,,
1,Electric_Vehicle_2,5.0,82.2,,
1,Electric_Vehicle_2,4.0,82.2,,
1,Electric_Vehicle_2,3.0,82.2,,
1,Electric_Vehicle_2,2.0,82.2,,
1,Electric_Vehicle_2,1.0,82.2,,
1,Electric_Vehicle_2,0.0,82.2,,
3,,,,,
3,,,,,
3,,,,,
3,,,,,
3,,,,,
3,,,,,
3,,,,,
3,,,,,
3,,,,,
3,,,,,
2,Electric_Vehicle_2,,,0.0,25.3
1,Electric_Vehicle_2,15.0,80.7,,
1,Electric_Vehicle_2,14.0,80.7,,
1,Electric_Vehicle_2,13.0,80.7,,
1,Electric_Vehicle_2,12.0,80.7,,
1,Electric_Vehicle_2,11.0,80.7,,
1,Electric_Vehicle_2,10.0,80.7,,
1,Electric_Vehicle_2,9.0,80.7,,
1,Electric_Vehicle_2,8.0,80.7,,
1,Electric_Vehicle_2,7.0,80.7,,
1,Electric_Vehicle_2,6.0,80.7,,
1,Electric_Vehicle_2,5.0,80.7,,
1,Electric_Vehicle_2,4.0,80.7,,
1,Electric_Vehicle_2,3.0,80.7,,
1,Electric_Vehicle_2,2.0,80.7,,
1,Electric_Vehicle_2,1.0,80.7,,
1,Electric_Vehicle_2,0.0,80.7,,
3,,,,,
3,,,,,
3,,,,,
3,,,,,
3,,,,,
3,,,,,
2,Electric_Vehicle_2,,,0.0,44.6
1,Electric_Vehicle_2,37.0,79.1,,
1,Electric_Vehicle_2,36.0,79.1,,
1,Electric_Vehicle_2,35.0,79.1,,
1,Electric_Vehicle_2,34.0,79.1,,
1,Electric_Vehicle_2,33.0,79.1,,
1,Electric_Vehicle_2,32.0,79.1,,
1,Electric_Vehicle_2,31.0,79.1,,
1,Electric_Vehicle_2,30.0,79.1,,
1,Electric_Vehicle_2,29.0,79.1,,
1,Electric_Vehicle_2,28.0,79.1,,
1,Electric_Vehicle_2,27.0,79.1,,
1,Electric_Vehicle_2,26.0,79.1,,
1,Electric_Vehicle_2,25.0,79.1,,
1,Electric_Vehicle_2,24.0,79.1,,
1,Electric_Vehicle_2,23.0,79.1,,
1,Electric_Vehicle_2,22.0,79.1,,
1,Electric_Vehicle_2,21.0,79.1,,
1,Electric_Vehicle_2,20.0,79.1,,
1,Electric_Vehicle_2,19.0,79.1,,
1,Electric_Vehicle_2,18.0,79.1,,
1,Electric_Vehicle_2,17.0,79.1,,
1,Electric_Vehicle_2,16.0,79.1,,
1,Electric_Vehicle_2,15.0,79.1,,
1,Electric_Vehicle_2,14.0,79.1,,
1,Electric_Vehicle_2,13.0,79.1,,
1,Electric_Vehicle_2,12.0,79.1,,
1,Electric_Vehicle_2,11.0,79.1,,
1,Electric_Vehicle_2,10.0,79.1,,
1,Electric_Vehicle_2,9.0,79.1,,
1,Electric_Vehicle_2,8.0,79.1,,
1,Electric_Vehicle_2,7.0,79.1,,
1,Electric_Vehicle_2,6.0,79.1,,
1,Electric_Vehicle_2,5.0,79.1,,
1,Electric_Vehicle_2,4.0,79.1,,
1,Electric_Vehicle_2,3.0,79.1,,
1,Electric_Vehicle_2,2.0,79.1,,
1,Electric_Vehicle_2,1.0,79.1,,
1,Electric_Vehicle_2,0.0,79.1,,
3,,,,,
3,,,,,
3,,,,,
3,,,,,
3,,,,,
3,,,,,
3,,,,,
3,,,,,
3,,,,,
2,Electric_Vehicle_2,,,0.0,25.9
1,Electric_Vehicle_2,13.0,81.0,,
1,Electric_Vehicle_2,12.0,81.0,,
1,Electric_Vehicle_2,11.0,81.0,,
1,Electric_Vehicle_2,10.0,81.0,,
1,Electric_Vehicle_2,9.0,81.0,,
1,Electric_Vehicle_2,8.0,81.0,,
1,Electric_Vehicle_2,7.0,81.0,,
1,Electric_Vehicle_2,6.0,81.0,,
1,Electric_Vehicle_2,5.0,81.0,,
1,Electric_Vehicle_2,4.0,81.0,,
1,Electric_Vehicle_2,3.0,81.0,,
1,Electric_Vehicle_2,2.0,81.0,,
1,Electric_Vehicle_2,1.0,81.0,,
1,Electric_Vehicle_2,0.0,81.0,,
3,,,,,
3,,,,,
3,,,,,
3,,,,,
3,,,,,
3,,,,,
3,,,,,
3,,,,,
3,,,,,
3,,,,,
3,,,,,
2,Electric_Vehicle_2,,,0.0,50.8
1,Electric_Vehicle_2,11.0,74.4,,
1,Electric_Vehicle_2,10.0,74.4,,
1,Electric_Vehicle_2,9.0,74.4,,
1,Electric_Vehicle_2,8.0,74.4,,
1,Electric_Vehicle_2,7.0,74.4,,
1,Electric_Vehicle_2,6.0,74.4,,
1,Electric_Vehicle_2,5.0,74.4,,
1,Electric_Vehicle_2,4.0,74.4,,
1,Electric_Vehicle_2,3.0,74.4,,
1,Electric_Vehicle_2,2.0,74.4,,
1,Electric_Vehicle_2,1.0,74.4,,
1,Electric_Vehicle_2,0.0,74.4,,
3,,,,,
3,,,,,
3,,,,,
3,,,,,
3,,,,,
3,,,,,
3,,,,,
3,,,,,
2,Electric_Vehicle_2,,,0.0,25.3
1,Electric_Vehicle_2,14.0,73.3,,
1,Electric_Vehicle_2,13.0,73.3,,
1,Electric_Vehicle_2,12.0,73.3,,
1,Electric_Vehicle_2,11.0,73.3,,
1,Electric_Vehicle_2,10.0,73.3,,
1,Electric_Vehicle_2,9.0,73.3,,
1,Electric_Vehicle_2,8.0,73.3,,
1,Electric_Vehicle_2,7.0,73.3,,
1,Electric_Vehicle_2,6.0,73.3,,
1,Electric_Vehicle_2,5.0,73.3,,
1,Electric_Vehicle_2,4.0,73.3,,
1,Electric_Vehicle_2,3.0,73.3,,
1,Electric_Vehicle_2,2.0,73.3,,
1,Electric_Vehicle_2,1.0,73.3,,
1,Electric_Vehicle_2,0.0,73.3,,
3,,,,,
3,,,,,
3,,,,,
3,,,,,
3,,,,,
3,,,,,
3,,,,,
3,,,,,
3,,,,,
3,,,,,
2,Electric_Vehicle_2,,,0.0,37.0
1,Electric_Vehicle_2,11.0,74.9,,
1,Electric_Vehicle_2,10.0,74.9,,
1,Electric_Vehicle_2,9.0,74.9,,
1,Electric_Vehicle_2,8.0,74.9,,
1,Electric_Vehicle_2,7.0,74.9,,
1,Electric_Vehicle_2,6.0,74.9,,
1,Electric_Vehicle_2,5.0,74.9,,
1,Electric_Vehicle_2,4.0,74.9,,
1,Electric_Vehicle_2,3.0,74.9,,
1,Electric_Vehicle_2,2.0,74.9,,
1,Electric_Vehicle_2,1.0,74.9,,
1,Electric_Vehicle_2,0.0,74.9,,
3,,,,,
3,,,,,
3,,,,,
3,,,,,
3,,,,,
3,,,,,
3,,,,,
3,,,,,
3,,,,,
3,,,,,
2,Electric_Vehicle_2,,,0.0,31.8
1,Electric_Vehicle_2,14.0,71.0,,
1,Electric_Vehicle_2,13.0,71.0,,
1,Electric_Vehicle_2,12.0,71.0,,
1,Electric_Vehicle_2,11.0,71.0,,
1,Electric_Vehicle_2,10.0,71.0,,
1,Electric_Vehicle_2,9.0,71.0,,
1,Electric_Vehicle_2,8.0,71.0,,
1,Electric_Vehicle_2,7.0,71.0,,
1,Electric_Vehicle_2,6.0,71.0,,
1,Electric_Vehicle_2,5.0,71.0,,
1,Electric_Vehicle_2,4.0,71.0,,
1,Electric_Vehicle_2,3.0,71.0,,
1,Electric_Vehicle_2,2.0,71.0,,
1,Electric_Vehicle_2,1.0,71.0,,
1,Electric_Vehicle_2,0.0,71.0,,
3,,,,,
3,,,,,
3,,,,,
3,,,,,
3,,,,,
3,,,,,
3,,,,,
3,,,,,
2,Electric_Vehicle_2,,,0.0,36.9
1,Electric_Vehicle_2,16.0,87.9,,
1,Electric_Vehicle_2,15.0,87.9,,
1,Electric_Vehicle_2,14.0,87.9,,
1,Electric_Vehicle_2,13.0,87.9,,
1,Electric_Vehicle_2,12.0,87.9,,
1,Electric_Vehicle_2,11.0,87.9,,
1,Electric_Vehicle_2,10.0,87.9,,
1,Electric_Vehicle_2,9.0,87.9,,
1,Electric_Vehicle_2,8.0,87.9,,
1,Electric_Vehicle_2,7.0,87.9,,
1,Electric_Vehicle_2,6.0,87.9,,
1,Electric_Vehicle_2,5.0,87.9,,
1,Electric_Vehicle_2,4.0,87.9,,
1,Electric_Vehicle_2,3.0,87.9,,
1,Electric_Vehicle_2,2.0,87.9,,
1,Electric_Vehicle_2,1.0,87.9,,
1,Electric_Vehicle_2,0.0,87.9,,
3,,,,,
3,,,,,
3,,,,,
3,,,,,
3,,,,,
3,,,,,
3,,,,,
2,Electric_Vehicle_2,,,0.0,42.3
1,Electric_Vehicle_2,13.0,75.3,,
1,Electric_Vehicle_2,12.0,75.3,,
1,Electric_Vehicle_2,11.0,75.3,,
1,Electric_Vehicle_2,10.0,75.3,,
1,Electric_Vehicle_2,9.0,75.3,,
1,Electric_Vehicle_2,8.0,75.3,,
1,Electric_Vehicle_2,7.0,75.3,,
1,Electric_Vehicle_2,6.0,75.3,,
1,Electric_Vehicle_2,5.0,75.3,,
1,Electric_Vehicle_2,4.0,75.3,,
1,Electric_Vehicle_2,3.0,75.3,,
1,Electric_Vehicle_2,2.0,75.3,,
1,Electric_Vehicle_2,1.0,75.3,,
1,Electric_Vehicle_2,0.0,75.3,,
3,,,,,
3,,,,,
3,,,,,
3,,,,,
3,,,,,
3,,,,,
3,,,,,
3,,,,,
3,,,,,
2,Electric_Vehicle_2,,,0.0,24.1
1,Electric_Vehicle_2,13.0,73.0,,
1,Electric_Vehicle_2,12.0,73.0,,
1,Electric_Vehicle_2,11.0,73.0,,
1,Electric_Vehicle_2,10.0,73.0,,
1,Electric_Vehicle_2,9.0,73.0,,
1,Electric_Vehicle_2,8.0,73.0,,
1,Electric_Vehicle_2,7.0,73.0,,
1,Electric_Vehicle_2,6.0,73.0,,
1,Electric_Vehicle_2,5.0,73.0,,
1,Electric_Vehicle_2,4.0,73.0,,
1,Electric_Vehicle_2,3.0,73.0,,
1,Electric_Vehicle_2,2.0,73.0,,
1,Electric_Vehicle_2,1.0,73.0,,
1,Electric_Vehicle_2,0.0,73.0,,
3,,,,,
3,,,,,
3,,,,,
3,,,,,
3,,,,,
3,,,,,
3,,,,,
2,Electric_Vehicle_2,,,0.0,50.3
1,Electric_Vehicle_2,14.0,76.7,,
1,Electric_Vehicle_2,13.0,76.7,,
1,Electric_Vehicle_2,12.0,76.7,,
1,Electric_Vehicle_2,11.0,76.7,,
1,Electric_Vehicle_2,10.0,76.7,,
1,Electric_Vehicle_2,9.0,76.7,,
1,Electric_Vehicle_2,8.0,76.7,,
1,Electric_Vehicle_2,7.0,76.7,,
1,Electric_Vehicle_2,6.0,76.7,,
1,Electric_Vehicle_2,5.0,76.7,,
1,Electric_Vehicle_2,4.0,76.7,,
1,Electric_Vehicle_2,3.0,76.7,,
1,Electric_Vehicle_2,2.0,76.7,,
1,Electric_Vehicle_2,1.0,76.7,,
1,Electric_Vehicle_2,0.0,76.7,,
3,,,,,
3,,,,,
3,,,,,
3,,,,,
3,,,,,
3,,,,,
3,,,,,
3,,,,,
3,,,,,
2,Electric_Vehicle_2,,,0.0,30.4
1,Electric_Vehicle_2,13.0,72.0,,
1,Electric_Vehicle_2,12.0,72.0,,
1,Electric_Vehicle_2,11.0,72.0,,
1,Electric_Vehicle_2,10.0,72.0,,
1,Electric_Vehicle_2,9.0,72.0,,
1,Electric_Vehicle_2,8.0,72.0,,
1,Electric_Vehicle_2,7.0,72.0,,
1,Electric_Vehicle_2,6.0,72.0,,
1,Electric_Vehicle_2,5.0,72.0,,
1,Electric_Vehicle_2,4.0,72.0,,
1,Electric_Vehicle_2,3.0,72.0,,
1,Electric_Vehicle_2,2.0,72.0,,
1,Electric_Vehicle_2,1.0,72.0,,
1,Electric_Vehicle_2,0.0,72.0,,
3,,,,,
3,,,,,
3,,,,,
3,,,,,
3,,,,,
3,,,,,
3,,,,,
3,,,,,
2,Electric_Vehicle_2,,,0.0,35.8
1,Electric_Vehicle_2,16.0,70.4,,
1,Electric_Vehicle_2,15.0,70.4,,
1,Electric_Vehicle_2,14.0,70.4,,
1,Electric_Vehicle_2,13.0,70.4,,
1,Electric_Vehicle_2,12.0,70.4,,
1,Electric_Vehicle_2,11.0,70.4,,
1,Electric_Vehicle_2,10.0,70.4,,
1,Electric_Vehicle_2,9.0,70.4,,
1,Electric_Vehicle_2,8.0,70.4,,
1,Electric_Vehicle_2,7.0,70.4,,
1,Electric_Vehicle_2,6.0,70.4,,
1,Electric_Vehicle_2,5.0,70.4,,
1,Electric_Vehicle_2,4.0,70.4,,
1,Electric_Vehicle_2,3.0,70.4,,
1,Electric_Vehicle_2,2.0,70.4,,
1,Electric_Vehicle_2,1.0,70.4,,
1,Electric_Vehicle_2,0.0,70.4,,
3,,,,,
3,,,,,
3,,,,,
3,,,,,
3,,,,,
3,,,,,
3,,,,,
3,,,,,
2,Electric_Vehicle_2,,,0.0,31.4
1,Electric_Vehicle_2,37.0,70.6,,
1,Electric_Vehicle_2,36.0,70.6,,
1,Electric_Vehicle_2,35.0,70.6,,
1,Electric_Vehicle_2,34.0,70.6,,
1,Electric_Vehicle_2,33.0,70.6,,
1,Electric_Vehicle_2,32.0,70.6,,
1,Electric_Vehicle_2,31.0,70.6,,
1,Electric_Vehicle_2,30.0,70.6,,
1,Electric_Vehicle_2,29.0,70.6,,
1,Electric_Vehicle_2,28.0,70.6,,
1,Electric_Vehicle_2,27.0,70.6,,
1,Electric_Vehicle_2,26.0,70.6,,
1,Electric_Vehicle_2,25.0,70.6,,
1,Electric_Vehicle_2,24.0,70.6,,
1,Electric_Vehicle_2,23.0,70.6,,
1,Electric_Vehicle_2,22.0,70.6,,
1,Electric_Vehicle_2,21.0,70.6,,
1,Electric_Vehicle_2,20.0,70.6,,
1,Electric_Vehicle_2,19.0,70.6,,
1,Electric_Vehicle_2,18.0,70.6,,
1,Electric_Vehicle_2,17.0,70.6,,
1,Electric_Vehicle_2,16.0,70.6,,
1,Electric_Vehicle_2,15.0,70.6,,
1,Electric_Vehicle_2,14.0,70.6,,
1,Electric_Vehicle_2,13.0,70.6,,
1,Electric_Vehicle_2,12.0,70.6,,
1,Electric_Vehicle_2,11.0,70.6,,
1,Electric_Vehicle_2,10.0,70.6,,
1,Electric_Vehicle_2,9.0,70.6,,
1,Electric_Vehicle_2,8.0,70.6,,
1,Electric_Vehicle_2,7.0,70.6,,
1,Electric_Vehicle_2,6.0,70.6,,
1,Electric_Vehicle_2,5.0,70.6,,
1,Electric_Vehicle_2,4.0,70.6,,
1,Electric_Vehicle_2,3.0,70.6,,
1,Electric_Vehicle_2,2.0,70.6,,
1,Electric_Vehicle_2,1.0,70.6,,
1,Electric_Vehicle_2,0.0,70.6,,
3,,,,,
3,,,,,
3,,,,,
3,,,,,
3,,,,,
3,,,,,
3,,,,,
3,,,,,
2,Electric_Vehicle_2,,,0.0,51.4
1,Electric_Vehicle_2,14.0,75.0,,
1,Electric_Vehicle_2,13.0,75.0,,
1,Electric_Vehicle_2,12.0,75.0,,
1,Electric_Vehicle_2,11.0,75.0,,
1,Electric_Vehicle_2,10.0,75.0,,
1,Electric_Vehicle_2,9.0,75.0,,
1,Electric_Vehicle_2,8.0,75.0,,
1,Electric_Vehicle_2,7.0,75.0,,
1,Electric_Vehicle_2,6.0,75.0,,
1,Electric_Vehicle_2,5.0,75.0,,
1,Electric_Vehicle_2,4.0,75.0,,
1,Electric_Vehicle_2,3.0,75.0,,
1,Electric_Vehicle_2,2.0,75.0,,
1,Electric_Vehicle_2,1.0,75.0,,
1,Electric_Vehicle_2,0.0,75.0,,
3,,,,,
3,,,,,
3,,,,,
3,,,,,
3,,,,,
3,,,,,
3,,,,,
3,,,,,
2,Electric_Vehicle_2,,,0.0,30.3
1,Electric_Vehicle_2,14.0,88.6,,
1,Electric_Vehicle_2,13.0,88.6,,
1,Electric_Vehicle_2,12.0,88.6,,
1,Electric_Vehicle_2,11.0,88.6,,
1,Electric_Vehicle_2,10.0,88.6,,
1,Electric_Vehicle_2,9.0,88.6,,
1,Electric_Vehicle_2,8.0,88.6,,
1,Electric_Vehicle_2,7.0,88.6,,
1,Electric_Vehicle_2,6.0,88.6,,
1,Electric_Vehicle_2,5.0,88.6,,
1,Electric_Vehicle_2,4.0,88.6,,
1,Electric_Vehicle_2,3.0,88.6,,
1,Electric_Vehicle_2,2.0,88.6,,
1,Electric_Vehicle_2,1.0,88.6,,
1,Electric_Vehicle_2,0.0,88.6,,
3,,,,,
3,,,,,
3,,,,,
3,,,,,
3,,,,,
3,,,,,
3,,,,,
2,Electric_Vehicle_2,,,0.0,49.7
1,Electric_Vehicle_2,14.0,84.3,,
1,Electric_Vehicle_2,13.0,84.3,,
1,Electric_Vehicle_2,12.0,84.3,,
1,Electric_Vehicle_2,11.0,84.3,,
1,Electric_Vehicle_2,10.0,84.3,,
1,Electric_Vehicle_2,9.0,84.3,,
1,Electric_Vehicle_2,8.0,84.3,,
1,Electric_Vehicle_2,7.0,84.3,,
1,Electric_Vehicle_2,6.0,84.3,,
1,Electric_Vehicle_2,5.0,84.3,,
1,Electric_Vehicle_2,4.0,84.3,,
1,Electric_Vehicle_2,3.0,84.3,,
1,Electric_Vehicle_2,2.0,84.3,,
1,Electric_Vehicle_2,1.0,84.3,,
1,Electric_Vehicle_2,0.0,84.3,,
3,,,,,
3,,,,,
3,,,,,
3,,,,,
3,,,,,
3,,,,,
3,,,,,
3,,,,,
2,Electric_Vehicle_2,,,0.0,50.1
1,Electric_Vehicle_2,13.0,73.9,,
1,Electric_Vehicle_2,12.0,73.9,,
1,Electric_Vehicle_2,11.0,73.9,,
1,Electric_Vehicle_2,10.0,73.9,,
1,Electric_Vehicle_2,9.0,73.9,,
1,Electric_Vehicle_2,8.0,73.9,,
1,Electric_Vehicle_2,7.0,73.9,,
1,Electric_Vehicle_2,6.0,73.9,,
1,Electric_Vehicle_2,5.0,73.9,,
1,Electric_Vehicle_2,4.0,73.9,,
1,Electric_Vehicle_2,3.0,73.9,,
1,Electric_Vehicle_2,2.0,73.9,,
1,Electric_Vehicle_2,1.0,73.9,,
1,Electric_Vehicle_2,0.0,73.9,,
3,,,,,
3,,,,,
3,,,,,
3,,,,,
3,,,,,
3,,,,,
3,,,,,
3,,,,,
3,,,,,
3,,,,,
3,,,,,
3,,,,,
2,Electric_Vehicle_2,,,0.0,43.8
1,Electric_Vehicle_2,13.0,71.6,,
1,Electric_Vehicle_2,12.0,71.6,,
1,Electric_Vehicle_2,11.0,71.6,,
1,Electric_Vehicle_2,10.0,71.6,,
1,Electric_Vehicle_2,9.0,71.6,,
1,Electric_Vehicle_2,8.0,71.6,,
1,Electric_Vehicle_2,7.0,71.6,,
1,Electric_Vehicle_2,6.0,71.6,,
1,Electric_Vehicle_2,5.0,71.6,,
1,Electric_Vehicle_2,4.0,71.6,,
1,Electric_Vehicle_2,3.0,71.6,,
1,Electric_Vehicle_2,2.0,71.6,,
1,Electric_Vehicle_2,1.0,71.6,,
1,Electric_Vehicle_2,0.0,71.6,,
3,,,,,
3,,,,,
3,,,,,
3,,,,,
3,,,,,
3,,,,,
3,,,,,
3,,,,,
2,Electric_Vehicle_2,,,0.0,51.3
1,Electric_Vehicle_2,41.0,86.0,,
1,Electric_Vehicle_2,40.0,86.0,,
1,Electric_Vehicle_2,39.0,86.0,,
1,Electric_Vehicle_2,38.0,86.0,,
1,Electric_Vehicle_2,37.0,86.0,,
1,Electric_Vehicle_2,36.0,86.0,,
1,Electric_Vehicle_2,35.0,86.0,,
1,Electric_Vehicle_2,34.0,86.0,,
1,Electric_Vehicle_2,33.0,86.0,,
1,Electric_Vehicle_2,32.0,86.0,,
1,Electric_Vehicle_2,31.0,86.0,,
1,Electric_Vehicle_2,30.0,86.0,,
1,Electric_Vehicle_2,29.0,86.0,,
1,Electric_Vehicle_2,28.0,86.0,,
1,Electric_Vehicle_2,27.0,86.0,,
1,Electric_Vehicle_2,26.0,86.0,,
1,Electric_Vehicle_2,25.0,86.0,,
1,Electric_Vehicle_2,24.0,86.0,,
1,Electric_Vehicle_2,23.0,86.0,,
1,Electric_Vehicle_2,22.0,86.0,,
1,Electric_Vehicle_2,21.0,86.0,,
1,Electric_Vehicle_2,20.0,86.0,,
1,Electric_Vehicle_2,19.0,86.0,,
1,Electric_Vehicle_2,18.0,86.0,,
1,Electric_Vehicle_2,17.0,86.0,,
1,Electric_Vehicle_2,16.0,86.0,,
1,Electric_Vehicle_2,15.0,86.0,,
1,Electric_Vehicle_2,14.0,86.0,,
1,Electric_Vehicle_2,13.0,86.0,,
1,Electric_Vehicle_2,12.0,86.0,,
1,Electric_Vehicle_2,11.0,86.0,,
1,Electric_Vehicle_2,10.0,86.0,,
1,Electric_Vehicle_2,9.0,86.0,,
1,Electric_Vehicle_2,8.0,86.0,,
1,Electric_Vehicle_2,7.0,86.0,,
1,Electric_Vehicle_2,6.0,86.0,,
1,Electric_Vehicle_2,5.0,86.0,,
1,Electric_Vehicle_2,4.0,86.0,,
1,Electric_Vehicle_2,3.0,86.0,,
1,Electric_Vehicle_2,2.0,86.0,,
1,Electric_Vehicle_2,1.0,86.0,,
1,Electric_Vehicle_2,0.0,86.0,,
3,,,,,
3,,,,,
2,Electric_Vehicle_2,,,0.0,39.3
1,Electric_Vehicle_2,15.0,82.7,,
1,Electric_Vehicle_2,14.0,82.7,,
1,Electric_Vehicle_2,13.0,82.7,,
1,Electric_Vehicle_2,12.0,82.7,,
1,Electric_Vehicle_2,11.0,82.7,,
1,Electric_Vehicle_2,10.0,82.7,,
1,Electric_Vehicle_2,9.0,82.7,,
1,Electric_Vehicle_2,8.0,82.7,,
1,Electric_Vehicle_2,7.0,82.7,,
1,Electric_Vehicle_2,6.0,82.7,,
1,Electric_Vehicle_2,5.0,82.7,,
1,Electric_Vehicle_2,4.0,82.7,,
1,Electric_Vehicle_2,3.0,82.7,,
1,Electric_Vehicle_2,2.0,82.7,,
1,Electric_Vehicle_2,1.0,82.7,,
1,Electric_Vehicle_2,0.0,82.7,,
3,,,,,
3,,,,,
3,,,,,
3,,,,,
3,,,,,
3,,,,,
3,,,,,
3,,,,,
3,,,,,
2,Electric_Vehicle_2,,,0.0,43.1
1,Electric_Vehicle_2,14.0,85.6,,
1,Electric_Vehicle_2,13.0,85.6,,
1,Electric_Vehicle_2,12.0,85.6,,
1,Electric_Vehicle_2,11.0,85.6,,
1,Electric_Vehicle_2,10.0,85.6,,
1,Electric_Vehicle_2,9.0,85.6,,
1,Electric_Vehicle_2,8.0,85.6,,
1,Electric_Vehicle_2,7.0,85.6,,
1,Electric_Vehicle_2,6.0,85.6,,
1,Electric_Vehicle_2,5.0,85.6,,
1,Electric_Vehicle_2,4.0,85.6,,
1,Electric_Vehicle_2,3.0,85.6,,
1,Electric_Vehicle_2,2.0,85.6,,
1,Electric_Vehicle_2,1.0,85.6,,
1,Electric_Vehicle_2,0.0,85.6,,
3,,,,,
3,,,,,
3,,,,,
3,,,,,
3,,,,,
3,,,,,
3,,,,,
3,,,,,
2,Electric_Vehicle_2,,,0.0,26.2
1,Electric_Vehicle_2,15.0,73.9,,
1,Electric_Vehicle_2,14.0,73.9,,
1,Electric_Vehicle_2,13.0,73.9,,
1,Electric_Vehicle_2,12.0,73.9,,
1,Electric_Vehicle_2,11.0,73.9,,
1,Electric_Vehicle_2,10.0,73.9,,
1,Electric_Vehicle_2,9.0,73.9,,
1,Electric_Vehicle_2,8.0,73.9,,
1,Electric_Vehicle_2,7.0,73.9,,
1,Electric_Vehicle_2,6.0,73.9,,
1,Electric_Vehicle_2,5.0,73.9,,
1,Electric_Vehicle_2,4.0,73.9,,
1,Electric_Vehicle_2,3.0,73.9,,
1,Electric_Vehicle_2,2.0,73.9,,
1,Electric_Vehicle_2,1.0,73.9,,
1,Electric_Vehicle_2,0.0,73.9,,
3,,,,,
3,,,,,
3,,,,,
3,,,,,
3,,,,,
3,,,,,
3,,,,,
3,,,,,
3,,,,,
3,,,,,
2,Electric_Vehicle_2,,,0.0,30.4
1,Electric_Vehicle_2,35.0,88.7,,
1,Electric_Vehicle_2,34.0,88.7,,
1,Electric_Vehicle_2,33.0,88.7,,
1,Electric_Vehicle_2,32.0,88.7,,
1,Electric_Vehicle_2,31.0,88.7,,
1,Electric_Vehicle_2,30.0,88.7,,
1,Electric_Vehicle_2,29.0,88.7,,
1,Electric_Vehicle_2,28.0,88.7,,
1,Electric_Vehicle_2,27.0,88.7,,
1,Electric_Vehicle_2,26.0,88.7,,
1,Electric_Vehicle_2,25.0,88.7,,
1,Electric_Vehicle_2,24.0,88.7,,
1,Electric_Vehicle_2,23.0,88.7,,
1,Electric_Vehicle_2,22.0,88.7,,
1,Electric_Vehicle_2,21.0,88.7,,
1,Electric_Vehicle_2,20.0,88.7,,
1,Electric_Vehicle_2,19.0,88.7,,
1,Electric_Vehicle_2,18.0,88.7,,
1,Electric_Vehicle_2,17.0,88.7,,
1,Electric_Vehicle_2,16.0,88.7,,
1,Electric_Vehicle_2,15.0,88.7,,
1,Electric_Vehicle_2,14.0,88.7,,
1,Electric_Vehicle_2,13.0,88.7,,
1,Electric_Vehicle_2,12.0,88.7,,
1,Electric_Vehicle_2,11.0,88.7,,
1,Electric_Vehicle_2,10.0,88.7,,
1,Electric_Vehicle_2,9.0,88.7,,
1,Electric_Vehicle_2,8.0,88.7,,
1,Electric_Vehicle_2,7.0,88.7,,
1,Electric_Vehicle_2,6.0,88.7,,
1,Electric_Vehicle_2,5.0,88.7,,
1,Electric_Vehicle_2,4.0,88.7,,
1,Electric_Vehicle_2,3.0,88.7,,
1,Electric_Vehicle_2,2.0,88.7,,
1,Electric_Vehicle_2,1.0,88.7,,
1,Electric_Vehicle_2,0.0,88.7,,
3,,,,,
3,,,,,
3,,,,,
3,,,,,
3,,,,,
3,,,,,
3,,,,,
3,,,,,
2,Electric_Vehicle_2,,,0.0,31.8
1,Electric_Vehicle_2,40.0,75.5,,
1,Electric_Vehicle_2,39.0,75.5,,
1,Electric_Vehicle_2,38.0,75.5,,
1,Electric_Vehicle_2,37.0,75.5,,
1,Electric_Vehicle_2,36.0,75.5,,
1,Electric_Vehicle_2,35.0,75.5,,
1,Electric_Vehicle_2,34.0,75.5,,
1,Electric_Vehicle_2,33.0,75.5,,
1,Electric_Vehicle_2,32.0,75.5,,
1,Electric_Vehicle_2,31.0,75.5,,
1,Electric_Vehicle_2,30.0,75.5,,
1,Electric_Vehicle_2,29.0,75.5,,
1,Electric_Vehicle_2,28.0,75.5,,
1,Electric_Vehicle_2,27.0,75.5,,
1,Electric_Vehicle_2,26.0,75.5,,
1,Electric_Vehicle_2,25.0,75.5,,
1,Electric_Vehicle_2,24.0,75.5,,
1,Electric_Vehicle_2,23.0,75.5,,
1,Electric_Vehicle_2,22.0,75.5,,
1,Electric_Vehicle_2,21.0,75.5,,
1,Electric_Vehicle_2,20.0,75.5,,
1,Electric_Vehicle_2,19.0,75.5,,
1,Electric_Vehicle_2,18.0,75.5,,
1,Electric_Vehicle_2,17.0,75.5,,
1,Electric_Vehicle_2,16.0,75.5,,
1,Electric_Vehicle_2,15.0,75.5,,
1,Electric_Vehicle_2,14.0,75.5,,
1,Electric_Vehicle_2,13.0,75.5,,
1,Electric_Vehicle_2,12.0,75.5,,
1,Electric_Vehicle_2,11.0,75.5,,
1,Electric_Vehicle_2,10.0,75.5,,
1,Electric_Vehicle_2,9.0,75.5,,
1,Electric_Vehicle_2,8.0,75.5,,
1,Electric_Vehicle_2,7.0,75.5,,
1,Electric_Vehicle_2,6.0,75.5,,
1,Electric_Vehicle_2,5.0,75.5,,
1,Electric_Vehicle_2,4.0,75.5,,
1,Electric_Vehicle_2,3.0,75.5,,
1,Electric_Vehicle_2,2.0,75.5,,
1,Electric_Vehicle_2,1.0,75.5,,
1,Electric_Vehicle_2,0.0,75.5,,
3,,,,,
3,,,,,
2,Electric_Vehicle_2,,,0.0,44.9
1,Electric_Vehicle_2,16.0,76.6,,
1,Electric_Vehicle_2,15.0,76.6,,
1,Electric_Vehicle_2,14.0,76.6,,
1,Electric_Vehicle_2,13.0,76.6,,
1,Electric_Vehicle_2,12.0,76.6,,
1,Electric_Vehicle_2,11.0,76.6,,
1,Electric_Vehicle_2,10.0,76.6,,
1,Electric_Vehicle_2,9.0,76.6,,
1,Electric_Vehicle_2,8.0,76.6,,
1,Electric_Vehicle_2,7.0,76.6,,
1,Electric_Vehicle_2,6.0,76.6,,
1,Electric_Vehicle_2,5.0,76.6,,
1,Electric_Vehicle_2,4.0,76.6,,
1,Electric_Vehicle_2,3.0,76.6,,
1,Electric_Vehicle_2,2.0,76.6,,
1,Electric_Vehicle_2,1.0,76.6,,
1,Electric_Vehicle_2,0.0,76.6,,
3,,,,,
3,,,,,
3,,,,,
3,,,,,
3,,,,,
3,,,,,
3,,,,,
3,,,,,
3,,,,,
3,,,,,
2,Electric_Vehicle_2,,,0.0,34.5
1,Electric_Vehicle_2,13.0,84.7,,
1,Electric_Vehicle_2,12.0,84.7,,
1,Electric_Vehicle_2,11.0,84.7,,
1,Electric_Vehicle_2,10.0,84.7,,
1,Electric_Vehicle_2,9.0,84.7,,
1,Electric_Vehicle_2,8.0,84.7,,
1,Electric_Vehicle_2,7.0,84.7,,
1,Electric_Vehicle_2,6.0,84.7,,
1,Electric_Vehicle_2,5.0,84.7,,
1,Electric_Vehicle_2,4.0,84.7,,
1,Electric_Vehicle_2,3.0,84.7,,
1,Electric_Vehicle_2,2.0,84.7,,
1,Electric_Vehicle_2,1.0,84.7,,
1,Electric_Vehicle_2,0.0,84.7,,
3,,,,,
3,,,,,
3,,,,,
3,,,,,
3,,,,,
3,,,,,
3,,,,,
3,,,,,
3,,,,,
2,Electric_Vehicle_2,,,0.0,49.5
1,Electric_Vehicle_2,12.0,82.0,,
1,Electric_Vehicle_2,11.0,82.0,,
1,Electric_Vehicle_2,10.0,82.0,,
1,Electric_Vehicle_2,9.0,82.0,,
1,Electric_Vehicle_2,8.0,82.0,,
1,Electric_Vehicle_2,7.0,82.0,,
1,Electric_Vehicle_2,6.0,82.0,,
1,Electric_Vehicle_2,5.0,82.0,,
1,Electric_Vehicle_2,4.0,82.0,,
1,Electric_Vehicle_2,3.0,82.0,,
1,Electric_Vehicle_2,2.0,82.0,,
1,Electric_Vehicle_2,1.0,82.0,,
1,Electric_Vehicle_2,0.0,82.0,,
3,,,,,
3,,,,,
3,,,,,
3,,,,,
3,,,,,
3,,,,,
3,,,,,
3,,,,,
3,,,,,
3,,,,,
2,Electric_Vehicle_2,,,0.0,35.5
1,Electric_Vehicle_2,12.0,76.3,,
1,Electric_Vehicle_2,11.0,76.3,,
1,Electric_Vehicle_2,10.0,76.3,,
1,Electric_Vehicle_2,9.0,76.3,,
1,Electric_Vehicle_2,8.0,76.3,,
1,Electric_Vehicle_2,7.0,76.3,,
1,Electric_Vehicle_2,6.0,76.3,,
1,Electric_Vehicle_2,5.0,76.3,,
1,Electric_Vehicle_2,4.0,76.3,,
1,Electric_Vehicle_2,3.0,76.3,,
1,Electric_Vehicle_2,2.0,76.3,,
1,Electric_Vehicle_2,1.0,76.3,,
1,Electric_Vehicle_2,0.0,76.3,,
3,,,,,
3,,,,,
3,,,,,
3,,,,,
3,,,,,
3,,,,,
3,,,,,
3,,,,,
3,,,,,
3,,,,,
3,,,,,
2,Electric_Vehicle_2,,,0.0,35.8
1,Electric_Vehicle_2,13.0,86.9,,
1,Electric_Vehicle_2,12.0,86.9,,
1,Electric_Vehicle_2,11.0,86.9,,
1,Electric_Vehicle_2,10.0,86.9,,
1,Electric_Vehicle_2,9.0,86.9,,
1,Electric_Vehicle_2,8.0,86.9,,
1,Electric_Vehicle_2,7.0,86.9,,
1,Electric_Vehicle_2,6.0,86.9,,
1,Electric_Vehicle_2,5.0,86.9,,
1,Electric_Vehicle_2,4.0,86.9,,
1,Electric_Vehicle_2,3.0,86.9,,
1,Electric_Vehicle_2,2.0,86.9,,
1,Electric_Vehicle_2,1.0,86.9,,
1,Electric_Vehicle_2,0.0,86.9,,
3,,,,,
3,,,,,
3,,,,,
3,,,,,
3,,,,,
3,,,,,
3,,,,,
2,Electric_Vehicle_2,,,0.0,45.3
1,Electric_Vehicle_2,14.0,80.0,,
1,Electric_Vehicle_2,13.0,80.0,,
1,Electric_Vehicle_2,12.0,80.0,,
1,Electric_Vehicle_2,11.0,80.0,,
1,Electric_Vehicle_2,10.0,80.0,,
1,Electric_Vehicle_2,9.0,80.0,,
1,Electric_Vehicle_2,8.0,80.0,,
1,Electric_Vehicle_2,7.0,80.0,,
1,Electric_Vehicle_2,6.0,80.0,,
1,Electric_Vehicle_2,5.0,80.0,,
1,Electric_Vehicle_2,4.0,80.0,,
1,Electric_Vehicle_2,3.0,80.0,,
1,Electric_Vehicle_2,2.0,80.0,,
1,Electric_Vehicle_2,1.0,80.0,,
1,Electric_Vehicle_2,0.0,80.0,,
3,,,,,
3,,,,,
3,,,,,
3,,,,,
3,,,,,
3,,,,,
3,,,,,
2,Electric_Vehicle_2,,,0.0,45.9
1,Electric_Vehicle_2,17.0,79.1,,
1,Electric_Vehicle_2,16.0,79.1,,
1,Electric_Vehicle_2,15.0,79.1,,
1,Electric_Vehicle_2,14.0,79.1,,
1,Electric_Vehicle_2,13.0,79.1,,
1,Electric_Vehicle_2,12.0,79.1,,
1,Electric_Vehicle_2,11.0,79.1,,
1,Electric_Vehicle_2,10.0,79.1,,
1,Electric_Vehicle_2,9.0,79.1,,
1,Electric_Vehicle_2,8.0,79.1,,
1,Electric_Vehicle_2,7.0,79.1,,
1,Electric_Vehicle_2,6.0,79.1,,
1,Electric_Vehicle_2,5.0,79.1,,
1,Electric_Vehicle_2,4.0,79.1,,
1,Electric_Vehicle_2,3.0,79.1,,
1,Electric_Vehicle_2,2.0,79.1,,
1,Electric_Vehicle_2,1.0,79.1,,
1,Electric_Vehicle_2,0.0,79.1,,
3,,,,,
3,,,,,
3,,,,,
3,,,,,
3,,,,,
3,,,,,
2,Electric_Vehicle_2,,,0.0,55.3
1,Electric_Vehicle_2,14.0,83.2,,
1,Electric_Vehicle_2,13.0,83.2,,
1,Electric_Vehicle_2,12.0,83.2,,
1,Electric_Vehicle_2,11.0,83.2,,
1,Electric_Vehicle_2,10.0,83.2,,
1,Electric_Vehicle_2,9.0,83.2,,
1,Electric_Vehicle_2,8.0,83.2,,
1,Electric_Vehicle_2,7.0,83.2,,
1,Electric_Vehicle_2,6.0,83.2,,
1,Electric_Vehicle_2,5.0,83.2,,
1,Electric_Vehicle_2,4.0,83.2,,
1,Electric_Vehicle_2,3.0,83.2,,
1,Electric_Vehicle_2,2.0,83.2,,
1,Electric_Vehicle_2,1.0,83.2,,
1,Electric_Vehicle_2,0.0,83.2,,
3,,,,,
3,,,,,
3,,,,,
3,,,,,
3,,,,,
3,,,,,
3,,,,,
3,,,,,
3,,,,,
3,,,,,
3,,,,,
2,Electric_Vehicle_2,,,0.0,32.7
1,Electric_Vehicle_2,12.0,80.7,,
1,Electric_Vehicle_2,11.0,80.7,,
1,Electric_Vehicle_2,10.0,80.7,,
1,Electric_Vehicle_2,9.0,80.7,,
1,Electric_Vehicle_2,8.0,80.7,,
1,Electric_Vehicle_2,7.0,80.7,,
1,Electric_Vehicle_2,6.0,80.7,,
1,Electric_Vehicle_2,5.0,80.7,,
1,Electric_Vehicle_2,4.0,80.7,,
1,Electric_Vehicle_2,3.0,80.7,,
1,Electric_Vehicle_2,2.0,80.7,,
1,Electric_Vehicle_2,1.0,80.7,,
1,Electric_Vehicle_2,0.0,80.7,,
3,,,,,
3,,,,,
3,,,,,
3,,,,,
3,,,,,
3,,,,,
3,,,,,
3,,,,,
2,Electric_Vehicle_2,,,0.0,39.6
1,Electric_Vehicle_2,12.0,87.6,,
1,Electric_Vehicle_2,11.0,87.6,,
1,Electric_Vehicle_2,10.0,87.6,,
1,Electric_Vehicle_2,9.0,87.6,,
1,Electric_Vehicle_2,8.0,87.6,,
1,Electric_Vehicle_2,7.0,87.6,,
1,Electric_Vehicle_2,6.0,87.6,,
1,Electric_Vehicle_2,5.0,87.6,,
1,Electric_Vehicle_2,4.0,87.6,,
1,Electric_Vehicle_2,3.0,87.6,,
1,Electric_Vehicle_2,2.0,87.6,,
1,Electric_Vehicle_2,1.0,87.6,,
1,Electric_Vehicle_2,0.0,87.6,,
3,,,,,
3,,,,,
3,,,,,
3,,,,,
3,,,,,
3,,,,,
3,,,,,
3,,,,,
3,,,,,
3,,,,,
2,Electric_Vehicle_2,,,0.0,51.5
1,Electric_Vehicle_2,13.0,83.1,,
1,Electric_Vehicle_2,12.0,83.1,,
1,Electric_Vehicle_2,11.0,83.1,,
1,Electric_Vehicle_2,10.0,83.1,,
1,Electric_Vehicle_2,9.0,83.1,,
1,Electric_Vehicle_2,8.0,83.1,,
1,Electric_Vehicle_2,7.0,83.1,,
1,Electric_Vehicle_2,6.0,83.1,,
1,Electric_Vehicle_2,5.0,83.1,,
1,Electric_Vehicle_2,4.0,83.1,,
1,Electric_Vehicle_2,3.0,83.1,,
1,Electric_Vehicle_2,2.0,83.1,,
1,Electric_Vehicle_2,1.0,83.1,,
1,Electric_Vehicle_2,0.0,83.1,,
3,,,,,
3,,,,,
3,,,,,
3,,,,,
3,,,,,
3,,,,,
3,,,,,
3,,,,,
3,,,,,
2,Electric_Vehicle_2,,,0.0,23.5
1,Electric_Vehicle_2,13.0,88.8,,
1,Electric_Vehicle_2,12.0,88.8,,
1,Electric_Vehicle_2,11.0,88.8,,
1,Electric_Vehicle_2,10.0,88.8,,
1,Electric_Vehicle_2,9.0,88.8,,
1,Electric_Vehicle_2,8.0,88.8,,
1,Electric_Vehicle_2,7.0,88.8,,
1,Electric_Vehicle_2,6.0,88.8,,
1,Electric_Vehicle_2,5.0,88.8,,
1,Electric_Vehicle_2,4.0,88.8,,
1,Electric_Vehicle_2,3.0,88.8,,
1,Electric_Vehicle_2,2.0,88.8,,
1,Electric_Vehicle_2,1.0,88.8,,
1,Electric_Vehicle_2,0.0,88.8,,
3,,,,,
3,,,,,
3,,,,,
3,,,,,
3,,,,,
3,,,,,
3,,,,,
2,Electric_Vehicle_2,,,0.0,32.7
1,Electric_Vehicle_2,16.0,78.1,,
1,Electric_Vehicle_2,15.0,78.1,,
1,Electric_Vehicle_2,14.0,78.1,,
1,Electric_Vehicle_2,13.0,78.1,,
1,Electric_Vehicle_2,12.0,78.1,,
1,Electric_Vehicle_2,11.0,78.1,,
1,Electric_Vehicle_2,10.0,78.1,,
1,Electric_Vehicle_2,9.0,78.1,,
1,Electric_Vehicle_2,8.0,78.1,,
1,Electric_Vehicle_2,7.0,78.1,,
1,Electric_Vehicle_2,6.0,78.1,,
1,Electric_Vehicle_2,5.0,78.1,,
1,Electric_Vehicle_2,4.0,78.1,,
1,Electric_Vehicle_2,3.0,78.1,,
1,Electric_Vehicle_2,2.0,78.1,,
1,Electric_Vehicle_2,1.0,78.1,,
1,Electric_Vehicle_2,0.0,78.1,,
3,,,,,
3,,,,,
2,Electric_Vehicle_2,,,0.0,42.3
1,Electric_Vehicle_2,22.0,70.3,,
1,Electric_Vehicle_2,21.0,70.3,,
1,Electric_Vehicle_2,20.0,70.3,,
1,Electric_Vehicle_2,19.0,70.3,,
1,Electric_Vehicle_2,18.0,70.3,,
1,Electric_Vehicle_2,17.0,70.3,,
1,Electric_Vehicle_2,16.0,70.3,,
1,Electric_Vehicle_2,15.0,70.3,,
1,Electric_Vehicle_2,14.0,70.3,,
1,Electric_Vehicle_2,13.0,70.3,,
1,Electric_Vehicle_2,12.0,70.3,,
1,Electric_Vehicle_2,11.0,70.3,,
1,Electric_Vehicle_2,10.0,70.3,,
1,Electric_Vehicle_2,9.0,70.3,,
1,Electric_Vehicle_2,8.0,70.3,,
1,Electric_Vehicle_2,7.0,70.3,,
1,Electric_Vehicle_2,6.0,70.3,,
1,Electric_Vehicle_2,5.0,70.3,,
1,Electric_Vehicle_2,4.0,70.3,,
1,Electric_Vehicle_2,3.0,70.3,,
1,Electric_Vehicle_2,2.0,70.3,,
1,Electric_Vehicle_2,1.0,70.3,,
1,Electric_Vehicle_2,0.0,70.3,,
3,,,,,
3,,,,,
3,,,,,
3,,,,,
3,,,,,
3,,,,,
3,,,,,
2,Electric_Vehicle_2,,,0.0,45.7
1,Electric_Vehicle_2,11.0,83.6,,
1,Electric_Vehicle_2,10.0,83.6,,
1,Electric_Vehicle_2,9.0,83.6,,
1,Electric_Vehicle_2,8.0,83.6,,
1,Electric_Vehicle_2,7.0,83.6,,
1,Electric_Vehicle_2,6.0,83.6,,
1,Electric_Vehicle_2,5.0,83.6,,
1,Electric_Vehicle_2,4.0,83.6,,
1,Electric_Vehicle_2,3.0,83.6,,
1,Electric_Vehicle_2,2.0,83.6,,
1,Electric_Vehicle_2,1.0,83.6,,
1,Electric_Vehicle_2,0.0,83.6,,
3,,,,,
3,,,,,
3,,,,,
3,,,,,
3,,,,,
3,,,,,
3,,,,,
3,,,,,
3,,,,,
3,,,,,
3,,,,,
3,,,,,
2,Electric_Vehicle_2,,,0.0,20.4
1,Electric_Vehicle_2,12.0,78.1,,
1,Electric_Vehicle_2,11.0,78.1,,
1,Electric_Vehicle_2,10.0,78.1,,
1,Electric_Vehicle_2,9.0,78.1,,
1,Electric_Vehicle_2,8.0,78.1,,
1,Electric_Vehicle_2,7.0,78.1,,
1,Electric_Vehicle_2,6.0,78.1,,
1,Electric_Vehicle_2,5.0,78.1,,
1,Electric_Vehicle_2,4.0,78.1,,
1,Electric_Vehicle_2,3.0,78.1,,
1,Electric_Vehicle_2,2.0,78.1,,
1,Electric_Vehicle_2,1.0,78.1,,
1,Electric_Vehicle_2,0.0,78.1,,
3,,,,,
3,,,,,
3,,,,,
3,,,,,
3,,,,,
3,,,,,
3,,,,,
3,,,,,
3,,,,,
2,Electric_Vehicle_2,,,0.0,29.4
1,Electric_Vehicle_2,11.0,77.0,,
1,Electric_Vehicle_2,10.0,77.0,,
1,Electric_Vehicle_2,9.0,77.0,,
1,Electric_Vehicle_2,8.0,77.0,,
1,Electric_Vehicle_2,7.0,77.0,,
1,Electric_Vehicle_2,6.0,77.0,,
1,Electric_Vehicle_2,5.0,77.0,,
1,Electric_Vehicle_2,4.0,77.0,,
1,Electric_Vehicle_2,3.0,77.0,,
1,Electric_Vehicle_2,2.0,77.0,,
1,Electric_Vehicle_2,1.0,77.0,,
1,Electric_Vehicle_2,0.0,77.0,,
3,,,,,
3,,,,,
3,,,,,
3,,,,,
3,,,,,
3,,,,,
3,,,,,
3,,,,,
3,,,,,
3,,,,,
3,,,,,
3,,,,,
2,Electric_Vehicle_2,,,0.0,44.6
1,Electric_Vehicle_2,12.0,83.7,,
1,Electric_Vehicle_2,11.0,83.7,,
1,Electric_Vehicle_2,10.0,83.7,,
1,Electric_Vehicle_2,9.0,83.7,,
1,Electric_Vehicle_2,8.0,83.7,,
1,Electric_Vehicle_2,7.0,83.7,,
1,Electric_Vehicle_2,6.0,83.7,,
1,Electric_Vehicle_2,5.0,83.7,,
1,Electric_Vehicle_2,4.0,83.7,,
1,Electric_Vehicle_2,3.0,83.7,,
1,Electric_Vehicle_2,2.0,83.7,,
1,Electric_Vehicle_2,1.0,83.7,,
1,Electric_Vehicle_2,0.0,83.7,,
3,,,,,
3,,,,,
3,,,,,
3,,,,,
3,,,,,
3,,,,,
3,,,,,
3,,,,,
2,Electric_Vehicle_2,,,0.0,52.4
1,Electric_Vehicle_2,14.0,89.9,,
1,Electric_Vehicle_2,13.0,89.9,,
1,Electric_Vehicle_2,12.0,89.9,,
1,Electric_Vehicle_2,11.0,89.9,,
1,Electric_Vehicle_2,10.0,89.9,,
1,Electric_Vehicle_2,9.0,89.9,,
1,Electric_Vehicle_2,8.0,89.9,,
1,Electric_Vehicle_2,7.0,89.9,,
1,Electric_Vehicle_2,6.0,89.9,,
1,Electric_Vehicle_2,5.0,89.9,,
1,Electric_Vehicle_2,4.0,89.9,,
1,Electric_Vehicle_2,3.0,89.9,,
1,Electric_Vehicle_2,2.0,89.9,,
1,Electric_Vehicle_2,1.0,89.9,,
1,Electric_Vehicle_2,0.0,89.9,,
3,,,,,
3,,,,,
3,,,,,
3,,,,,
3,,,,,
3,,,,,
3,,,,,
3,,,,,
3,,,,,
3,,,,,
2,Electric_Vehicle_2,,,0.0,35.6
1,Electric_Vehicle_2,15.0,74.3,,
1,Electric_Vehicle_2,14.0,74.3,,
1,Electric_Vehicle_2,13.0,74.3,,
1,Electric_Vehicle_2,12.0,74.3,,
1,Electric_Vehicle_2,11.0,74.3,,
1,Electric_Vehicle_2,10.0,74.3,,
1,Electric_Vehicle_2,9.0,74.3,,
1,Electric_Vehicle_2,8.0,74.3,,
1,Electric_Vehicle_2,7.0,74.3,,
1,Electric_Vehicle_2,6.0,74.3,,
1,Electric_Vehicle_2,5.0,74.3,,
1,Electric_Vehicle_2,4.0,74.3,,
1,Electric_Vehicle_2,3.0,74.3,,
1,Electric_Vehicle_2,2.0,74.3,,
1,Electric_Vehicle_2,1.0,74.3,,
1,Electric_Vehicle_2,0.0,74.3,,
3,,,,,
3,,,,,
3,,,,,
3,,,,,
2,Electric_Vehicle_2,,,0.0,42.5
1,Electric_Vehicle_2,14.0,86.1,,
1,Electric_Vehicle_2,13.0,86.1,,
1,Electric_Vehicle_2,12.0,86.1,,
1,Electric_Vehicle_2,11.0,86.1,,
1,Electric_Vehicle_2,10.0,86.1,,
1,Electric_Vehicle_2,9.0,86.1,,
1,Electric_Vehicle_2,8.0,86.1,,
1,Electric_Vehicle_2,7.0,86.1,,
1,Electric_Vehicle_2,6.0,86.1,,
1,Electric_Vehicle_2,5.0,86.1,,
1,Electric_Vehicle_2,4.0,86.1,,
1,Electric_Vehicle_2,3.0,86.1,,
1,Electric_Vehicle_2,2.0,86.1,,
1,Electric_Vehicle_2,1.0,86.1,,
1,Electric_Vehicle_2,0.0,86.1,,
3,,,,,
3,,,,,
3,,,,,
3,,,,,
3,,,,,
2,Electric_Vehicle_2,,,0.0,44.2
1,Electric_Vehicle_2,18.0,78.8,,
1,Electric_Vehicle_2,17.0,78.8,,
1,Electric_Vehicle_2,16.0,78.8,,
1,Electric_Vehicle_2,15.0,78.8,,
1,Electric_Vehicle_2,14.0,78.8,,
1,Electric_Vehicle_2,13.0,78.8,,
1,Electric_Vehicle_2,12.0,78.8,,
1,Electric_Vehicle_2,11.0,78.8,,
1,Electric_Vehicle_2,10.0,78.8,,
1,Electric_Vehicle_2,9.0,78.8,,
1,Electric_Vehicle_2,8.0,78.8,,
1,Electric_Vehicle_2,7.0,78.8,,
1,Electric_Vehicle_2,6.0,78.8,,
1,Electric_Vehicle_2,5.0,78.8,,
1,Electric_Vehicle_2,4.0,78.8,,
1,Electric_Vehicle_2,3.0,78.8,,
1,Electric_Vehicle_2,2.0,78.8,,
1,Electric_Vehicle_2,1.0,78.8,,
1,Electric_Vehicle_2,0.0,78.8,,
3,,,,,
3,,,,,
3,,,,,
3,,,,,
3,,,,,
3,,,,,
3,,,,,
2,Electric_Vehicle_2,,,0.0,49.0
1,Electric_Vehicle_2,14.0,77.3,,
1,Electric_Vehicle_2,13.0,77.3,,
1,Electric_Vehicle_2,12.0,77.3,,
1,Electric_Vehicle_2,11.0,77.3,,
1,Electric_Vehicle_2,10.0,77.3,,
1,Electric_Vehicle_2,9.0,77.3,,
1,Electric_Vehicle_2,8.0,77.3,,
1,Electric_Vehicle_2,7.0,77.3,,
1,Electric_Vehicle_2,6.0,77.3,,
1,Electric_Vehicle_2,5.0,77.3,,
1,Electric_Vehicle_2,4.0,77.3,,
1,Electric_Vehicle_2,3.0,77.3,,
1,Electric_Vehicle_2,2.0,77.3,,
1,Electric_Vehicle_2,1.0,77.3,,
1,Electric_Vehicle_2,0.0,77.3,,
3,,,,,
3,,,,,
3,,,,,
3,,,,,
3,,,,,
3,,,,,
3,,,,,
3,,,,,
3,,,,,
2,Electric_Vehicle_2,,,0.0,47.0
1,Electric_Vehicle_2,12.0,73.1,,
1,Electric_Vehicle_2,11.0,73.1,,
1,Electric_Vehicle_2,10.0,73.1,,
1,Electric_Vehicle_2,9.0,73.1,,
1,Electric_Vehicle_2,8.0,73.1,,
1,Electric_Vehicle_2,7.0,73.1,,
1,Electric_Vehicle_2,6.0,73.1,,
1,Electric_Vehicle_2,5.0,73.1,,
1,Electric_Vehicle_2,4.0,73.1,,
1,Electric_Vehicle_2,3.0,73.1,,
1,Electric_Vehicle_2,2.0,73.1,,
1,Electric_Vehicle_2,1.0,73.1,,
1,Electric_Vehicle_2,0.0,73.1,,
3,,,,,
3,,,,,
3,,,,,
3,,,,,
3,,,,,
3,,,,,
3,,,,,
3,,,,,
3,,,,,
3,,,,,
3,,,,,
3,,,,,
2,Electric_Vehicle_2,,,0.0,49.6
1,Electric_Vehicle_2,12.0,78.1,,
1,Electric_Vehicle_2,11.0,78.1,,
1,Electric_Vehicle_2,10.0,78.1,,
1,Electric_Vehicle_2,9.0,78.1,,
1,Electric_Vehicle_2,8.0,78.1,,
1,Electric_Vehicle_2,7.0,78.1,,
1,Electric_Vehicle_2,6.0,78.1,,
1,Electric_Vehicle_2,5.0,78.1,,
1,Electric_Vehicle_2,4.0,78.1,,
1,Electric_Vehicle_2,3.0,78.1,,
1,Electric_Vehicle_2,2.0,78.1,,
1,Electric_Vehicle_2,1.0,78.1,,
1,Electric_Vehicle_2,0.0,78.1,,
3,,,,,
3,,,,,
3,,,,,
3,,,,,
3,,,,,
3,,,,,
3,,,,,
3,,,,,
3,,,,,
2,Electric_Vehicle_2,,,0.0,47.6
1,Electric_Vehicle_2,12.0,88.7,,
1,Electric_Vehicle_2,11.0,88.7,,
1,Electric_Vehicle_2,10.0,88.7,,
1,Electric_Vehicle_2,9.0,88.7,,
1,Electric_Vehicle_2,8.0,88.7,,
1,Electric_Vehicle_2,7.0,88.7,,
1,Electric_Vehicle_2,6.0,88.7,,
1,Electric_Vehicle_2,5.0,88.7,,
1,Electric_Vehicle_2,4.0,88.7,,
1,Electric_Vehicle_2,3.0,88.7,,
1,Electric_Vehicle_2,2.0,88.7,,
1,Electric_Vehicle_2,1.0,88.7,,
1,Electric_Vehicle_2,0.0,88.7,,
3,,,,,
3,,,,,
3,,,,,
3,,,,,
3,,,,,
3,,,,,
3,,,,,
3,,,,,
3,,,,,
2,Electric_Vehicle_2,,,0.0,36.0
1,Electric_Vehicle_2,40.0,74.1,,
1,Electric_Vehicle_2,39.0,74.1,,
1,Electric_Vehicle_2,38.0,74.1,,
1,Electric_Vehicle_2,37.0,74.1,,
1,Electric_Vehicle_2,36.0,74.1,,
1,Electric_Vehicle_2,35.0,74.1,,
1,Electric_Vehicle_2,34.0,74.1,,
1,Electric_Vehicle_2,33.0,74.1,,
1,Electric_Vehicle_2,32.0,74.1,,
1,Electric_Vehicle_2,31.0,74.1,,
1,Electric_Vehicle_2,30.0,74.1,,
1,Electric_Vehicle_2,29.0,74.1,,
1,Electric_Vehicle_2,28.0,74.1,,
1,Electric_Vehicle_2,27.0,74.1,,
1,Electric_Vehicle_2,26.0,74.1,,
1,Electric_Vehicle_2,25.0,74.1,,
1,Electric_Vehicle_2,24.0,74.1,,
1,Electric_Vehicle_2,23.0,74.1,,
1,Electric_Vehicle_2,22.0,74.1,,
1,Electric_Vehicle_2,21.0,74.1,,
1,Electric_Vehicle_2,20.0,74.1,,
1,Electric_Vehicle_2,19.0,74.1,,
1,Electric_Vehicle_2,18.0,74.1,,
1,Electric_Vehicle_2,17.0,74.1,,
1,Electric_Vehicle_2,16.0,74.1,,
1,Electric_Vehicle_2,15.0,74.1,,
1,Electric_Vehicle_2,14.0,74.1,,
1,Electric_Vehicle_2,13.0,74.1,,
1,Electric_Vehicle_2,12.0,74.1,,
1,Electric_Vehicle_2,11.0,74.1,,
1,Electric_Vehicle_2,10.0,74.1,,
1,Electric_Vehicle_2,9.0,74.1,,
1,Electric_Vehicle_2,8.0,74.1,,
1,Electric_Vehicle_2,7.0,74.1,,
1,Electric_Vehicle_2,6.0,74.1,,
1,Electric_Vehicle_2,5.0,74.1,,
1,Electric_Vehicle_2,4.0,74.1,,
1,Electric_Vehicle_2,3.0,74.1,,
1,Electric_Vehicle_2,2.0,74.1,,
1,Electric_Vehicle_2,1.0,74.1,,
1,Electric_Vehicle_2,0.0,74.1,,
3,,,,,
3,,,,,
3,,,,,
3,,,,,
3,,,,,
3,,,,,
3,,,,,
2,Electric_Vehicle_2,,,0.0,53.5
1,Electric_Vehicle_2,13.0,72.3,,
1,Electric_Vehicle_2,12.0,72.3,,
1,Electric_Vehicle_2,11.0,72.3,,
1,Electric_Vehicle_2,10.0,72.3,,
1,Electric_Vehicle_2,9.0,72.3,,
1,Electric_Vehicle_2,8.0,72.3,,
1,Electric_Vehicle_2,7.0,72.3,,
1,Electric_Vehicle_2,6.0,72.3,,
1,Electric_Vehicle_2,5.0,72.3,,
1,Electric_Vehicle_2,4.0,72.3,,
1,Electric_Vehicle_2,3.0,72.3,,
1,Electric_Vehicle_2,2.0,72.3,,
1,Electric_Vehicle_2,1.0,72.3,,
1,Electric_Vehicle_2,0.0,72.3,,
3,,,,,
3,,,,,
3,,,,,
3,,,,,
3,,,,,
3,,,,,
3,,,,,
3,,,,,
2,Electric_Vehicle_2,,,0.0,53.2
1,Electric_Vehicle_2,13.0,87.6,,
1,Electric_Vehicle_2,12.0,87.6,,
1,Electric_Vehicle_2,11.0,87.6,,
1,Electric_Vehicle_2,10.0,87.6,,
1,Electric_Vehicle_2,9.0,87.6,,
1,Electric_Vehicle_2,8.0,87.6,,
1,Electric_Vehicle_2,7.0,87.6,,
1,Electric_Vehicle_2,6.0,87.6,,
1,Electric_Vehicle_2,5.0,87.6,,
1,Electric_Vehicle_2,4.0,87.6,,
1,Electric_Vehicle_2,3.0,87.6,,
1,Electric_Vehicle_2,2.0,87.6,,
1,Electric_Vehicle_2,1.0,87.6,,
1,Electric_Vehicle_2,0.0,87.6,,
3,,,,,
3,,,,,
3,,,,,
3,,,,,
3,,,,,
3,,,,,
3,,,,,
3,,,,,
3,,,,,
2,Electric_Vehicle_2,,,0.0,50.0
1,Electric_Vehicle_2,14.0,76.7,,
1,Electric_Vehicle_2,13.0,76.7,,
1,Electric_Vehicle_2,12.0,76.7,,
1,Electric_Vehicle_2,11.0,76.7,,
1,Electric_Vehicle_2,10.0,76.7,,
1,Electric_Vehicle_2,9.0,76.7,,
1,Electric_Vehicle_2,8.0,76.7,,
1,Electric_Vehicle_2,7.0,76.7,,
1,Electric_Vehicle_2,6.0,76.7,,
1,Electric_Vehicle_2,5.0,76.7,,
1,Electric_Vehicle_2,4.0,76.7,,
1,Electric_Vehicle_2,3.0,76.7,,
1,Electric_Vehicle_2,2.0,76.7,,
1,Electric_Vehicle_2,1.0,76.7,,
1,Electric_Vehicle_2,0.0,76.7,,
3,,,,,
3,,,,,
3,,,,,
3,,,,,
3,,,,,
3,,,,,
3,,,,,
3,,,,,
3,,,,,
3,,,,,
3,,,,,
3,,,,,
2,Electric_Vehicle_2,,,0.0,23.8
1,Electric_Vehicle_2,10.0,82.0,,
1,Electric_Vehicle_2,9.0,82.0,,
1,Electric_Vehicle_2,8.0,82.0,,
1,Electric_Vehicle_2,7.0,82.0,,
1,Electric_Vehicle_2,6.0,82.0,,
1,Electric_Vehicle_2,5.0,82.0,,
1,Electric_Vehicle_2,4.0,82.0,,
1,Electric_Vehicle_2,3.0,82.0,,
1,Electric_Vehicle_2,2.0,82.0,,
1,Electric_Vehicle_2,1.0,82.0,,
1,Electric_Vehicle_2,0.0,82.0,,
3,,,,,
3,,,,,
3,,,,,
3,,,,,
3,,,,,
3,,,,,
3,,,,,
3,,,,,
2,Electric_Vehicle_2,,,0.0,24.2
1,Electric_Vehicle_2,42.0,72.5,,
1,Electric_Vehicle_2,41.0,72.5,,
1,Electric_Vehicle_2,40.0,72.5,,
1,Electric_Vehicle_2,39.0,72.5,,
1,Electric_Vehicle_2,38.0,72.5,,
1,Electric_Vehicle_2,37.0,72.5,,
1,Electric_Vehicle_2,36.0,72.5,,
1,Electric_Vehicle_2,35.0,72.5,,
1,Electric_Vehicle_2,34.0,72.5,,
1,Electric_Vehicle_2,33.0,72.5,,
1,Electric_Vehicle_2,32.0,72.5,,
1,Electric_Vehicle_2,31.0,72.5,,
1,Electric_Vehicle_2,30.0,72.5,,
1,Electric_Vehicle_2,29.0,72.5,,
1,Electric_Vehicle_2,28.0,72.5,,
1,Electric_Vehicle_2,27.0,72.5,,
1,Electric_Vehicle_2,26.0,72.5,,
1,Electric_Vehicle_2,25.0,72.5,,
1,Electric_Vehicle_2,24.0,72.5,,
1,Electric_Vehicle_2,23.0,72.5,,
1,Electric_Vehicle_2,22.0,72.5,,
1,Electric_Vehicle_2,21.0,72.5,,
1,Electric_Vehicle_2,20.0,72.5,,
1,Electric_Vehicle_2,19.0,72.5,,
1,Electric_Vehicle_2,18.0,72.5,,
1,Electric_Vehicle_2,17.0,72.5,,
1,Electric_Vehicle_2,16.0,72.5,,
1,Electric_Vehicle_2,15.0,72.5,,
1,Electric_Vehicle_2,14.0,72.5,,
1,Electric_Vehicle_2,13.0,72.5,,
1,Electric_Vehicle_2,12.0,72.5,,
1,Electric_Vehicle_2,11.0,72.5,,
1,Electric_Vehicle_2,10.0,72.5,,
1,Electric_Vehicle_2,9.0,72.5,,
1,Electric_Vehicle_2,8.0,72.5,,
1,Electric_Vehicle_2,7.0,72.5,,
1,Electric_Vehicle_2,6.0,72.5,,
1,Electric_Vehicle_2,5.0,72.5,,
1,Electric_Vehicle_2,4.0,72.5,,
1,Electric_Vehicle_2,3.0,72.5,,
1,Electric_Vehicle_2,2.0,72.5,,
1,Electric_Vehicle_2,1.0,72.5,,
1,Electric_Vehicle_2,0.0,72.5,,
3,,,,,
3,,,,,
2,Electric_Vehicle_2,,,0.0,30.2
1,Electric_Vehicle_2,39.0,82.1,,
1,Electric_Vehicle_2,38.0,82.1,,
1,Electric_Vehicle_2,37.0,82.1,,
1,Electric_Vehicle_2,36.0,82.1,,
1,Electric_Vehicle_2,35.0,82.1,,
1,Electric_Vehicle_2,34.0,82.1,,
1,Electric_Vehicle_2,33.0,82.1,,
1,Electric_Vehicle_2,32.0,82.1,,
1,Electric_Vehicle_2,31.0,82.1,,
1,Electric_Vehicle_2,30.0,82.1,,
1,Electric_Vehicle_2,29.0,82.1,,
1,Electric_Vehicle_2,28.0,82.1,,
1,Electric_Vehicle_2,27.0,82.1,,
1,Electric_Vehicle_2,26.0,82.1,,
1,Electric_Vehicle_2,25.0,82.1,,
1,Electric_Vehicle_2,24.0,82.1,,
1,Electric_Vehicle_2,23.0,82.1,,
1,Electric_Vehicle_2,22.0,82.1,,
1,Electric_Vehicle_2,21.0,82.1,,
1,Electric_Vehicle_2,20.0,82.1,,
1,Electric_Vehicle_2,19.0,82.1,,
1,Electric_Vehicle_2,18.0,82.1,,
1,Electric_Vehicle_2,17.0,82.1,,
1,Electric_Vehicle_2,16.0,82.1,,
1,Electric_Vehicle_2,15.0,82.1,,
1,Electric_Vehicle_2,14.0,82.1,,
1,Electric_Vehicle_2,13.0,82.1,,
1,Electric_Vehicle_2,12.0,82.1,,
1,Electric_Vehicle_2,11.0,82.1,,
1,Electric_Vehicle_2,10.0,82.1,,
1,Electric_Vehicle_2,9.0,82.1,,
1,Electric_Vehicle_2,8.0,82.1,,
1,Electric_Vehicle_2,7.0,82.1,,
1,Electric_Vehicle_2,6.0,82.1,,
1,Electric_Vehicle_2,5.0,82.1,,
1,Electric_Vehicle_2,4.0,82.1,,
1,Electric_Vehicle_2,3.0,82.1,,
1,Electric_Vehicle_2,2.0,82.1,,
1,Electric_Vehicle_2,1.0,82.1,,
1,Electric_Vehicle_2,0.0,82.1,,
3,,,,,
3,,,,,
3,,,,,
3,,,,,
3,,,,,
3,,,,,
3,,,,,
2,Electric_Vehicle_2,,,0.0,42.1
1,Electric_Vehicle_2,16.0,85.9,,
1,Electric_Vehicle_2,15.0,85.9,,
1,Electric_Vehicle_2,14.0,85.9,,
1,Electric_Vehicle_2,13.0,85.9,,
1,Electric_Vehicle_2,12.0,85.9,,
1,Electric_Vehicle_2,11.0,85.9,,
1,Electric_Vehicle_2,10.0,85.9,,
1,Electric_Vehicle_2,9.0,85.9,,
1,Electric_Vehicle_2,8.0,85.9,,
1,Electric_Vehicle_2,7.0,85.9,,
1,Electric_Vehicle_2,6.0,85.9,,
1,Electric_Vehicle_2,5.0,85.9,,
1,Electric_Vehicle_2,4.0,85.9,,
1,Electric_Vehicle_2,3.0,85.9,,
1,Electric_Vehicle_2,2.0,85.9,,
1,Electric_Vehicle_2,1.0,85.9,,
1,Electric_Vehicle_2,0.0,85.9,,
3,,,,,
3,,,,,
3,,,,,
3,,,,,
3,,,,,
3,,,,,
3,,,,,
3,,,,,
2,Electric_Vehicle_2,,,0.0,24.1
1,Electric_Vehicle_2,13.0,76.1,,
1,Electric_Vehicle_2,12.0,76.1,,
1,Electric_Vehicle_2,11.0,76.1,,
1,Electric_Vehicle_2,10.0,76.1,,
1,Electric_Vehicle_2,9.0,76.1,,
1,Electric_Vehicle_2,8.0,76.1,,
1,Electric_Vehicle_2,7.0,76.1,,
1,Electric_Vehicle_2,6.0,76.1,,
1,Electric_Vehicle_2,5.0,76.1,,
1,Electric_Vehicle_2,4.0,76.1,,
1,Electric_Vehicle_2,3.0,76.1,,
1,Electric_Vehicle_2,2.0,76.1,,
1,Electric_Vehicle_2,1.0,76.1,,
1,Electric_Vehicle_2,0.0,76.1,,
3,,,,,
3,,,,,
3,,,,,
3,,,,,
3,,,,,
3,,,,,
3,,,,,
3,,,,,
3,,,,,
3,,,,,
2,Electric_Vehicle_2,,,0.0,25.1
1,Electric_Vehicle_2,34.0,83.9,,
1,Electric_Vehicle_2,33.0,83.9,,
1,Electric_Vehicle_2,32.0,83.9,,
1,Electric_Vehicle_2,31.0,83.9,,
1,Electric_Vehicle_2,30.0,83.9,,
1,Electric_Vehicle_2,29.0,83.9,,
1,Electric_Vehicle_2,28.0,83.9,,
1,Electric_Vehicle_2,27.0,83.9,,
1,Electric_Vehicle_2,26.0,83.9,,
1,Electric_Vehicle_2,25.0,83.9,,
1,Electric_Vehicle_2,24.0,83.9,,
1,Electric_Vehicle_2,23.0,83.9,,
1,Electric_Vehicle_2,22.0,83.9,,
1,Electric_Vehicle_2,21.0,83.9,,
1,Electric_Vehicle_2,20.0,83.9,,
1,Electric_Vehicle_2,19.0,83.9,,
1,Electric_Vehicle_2,18.0,83.9,,
1,Electric_Vehicle_2,17.0,83.9,,
1,Electric_Vehicle_2,16.0,83.9,,
1,Electric_Vehicle_2,15.0,83.9,,
1,Electric_Vehicle_2,14.0,83.9,,
1,Electric_Vehicle_2,13.0,83.9,,
1,Electric_Vehicle_2,12.0,83.9,,
1,Electric_Vehicle_2,11.0,83.9,,
1,Electric_Vehicle_2,10.0,83.9,,
1,Electric_Vehicle_2,9.0,83.9,,
1,Electric_Vehicle_2,8.0,83.9,,
1,Electric_Vehicle_2,7.0,83.9,,
1,Electric_Vehicle_2,6.0,83.9,,
1,Electric_Vehicle_2,5.0,83.9,,
1,Electric_Vehicle_2,4.0,83.9,,
1,Electric_Vehicle_2,3.0,83.9,,
1,Electric_Vehicle_2,2.0,83.9,,
1,Electric_Vehicle_2,1.0,83.9,,
1,Electric_Vehicle_2,0.0,83.9,,
3,,,,,
3,,,,,
3,,,,,
3,,,,,
3,,,,,
3,,,,,
3,,,,,
3,,,,,
3,,,,,
3,,,,,
3,,,,,
3,,,,,
3,,,,,
3,,,,,
2,Electric_Vehicle_2,,,0.0,18.3
1,Electric_Vehicle_2,11.0,70.9,,
1,Electric_Vehicle_2,10.0,70.9,,
1,Electric_Vehicle_2,9.0,70.9,,
1,Electric_Vehicle_2,8.0,70.9,,
1,Electric_Vehicle_2,7.0,70.9,,
1,Electric_Vehicle_2,6.0,70.9,,
1,Electric_Vehicle_2,5.0,70.9,,
1,Electric_Vehicle_2,4.0,70.9,,
1,Electric_Vehicle_2,3.0,70.9,,
1,Electric_Vehicle_2,2.0,70.9,,
1,Electric_Vehicle_2,1.0,70.9,,
1,Electric_Vehicle_2,0.0,70.9,,
3,,,,,
3,,,,,
3,,,,,
3,,,,,
3,,,,,
3,,,,,
2,Electric_Vehicle_2,,,0.0,53.7
1,Electric_Vehicle_2,15.0,87.6,,
1,Electric_Vehicle_2,14.0,87.6,,
1,Electric_Vehicle_2,13.0,87.6,,
1,Electric_Vehicle_2,12.0,87.6,,
1,Electric_Vehicle_2,11.0,87.6,,
1,Electric_Vehicle_2,10.0,87.6,,
1,Electric_Vehicle_2,9.0,87.6,,
1,Electric_Vehicle_2,8.0,87.6,,
1,Electric_Vehicle_2,7.0,87.6,,
1,Electric_Vehicle_2,6.0,87.6,,
1,Electric_Vehicle_2,5.0,87.6,,
1,Electric_Vehicle_2,4.0,87.6,,
1,Electric_Vehicle_2,3.0,87.6,,
1,Electric_Vehicle_2,2.0,87.6,,
1,Electric_Vehicle_2,1.0,87.6,,
1,Electric_Vehicle_2,0.0,87.6,,
3,,,,,
3,,,,,
3,,,,,
3,,,,,
3,,,,,
3,,,,,
3,,,,,
3,,,,,
3,,,,,
3,,,,,
2,Electric_Vehicle_2,,,0.0,27.9
1,Electric_Vehicle_2,38.0,70.6,,
1,Electric_Vehicle_2,37.0,70.6,,
1,Electric_Vehicle_2,36.0,70.6,,
1,Electric_Vehicle_2,35.0,70.6,,
1,Electric_Vehicle_2,34.0,70.6,,
1,Electric_Vehicle_2,33.0,70.6,,
1,Electric_Vehicle_2,32.0,70.6,,
1,Electric_Vehicle_2,31.0,70.6,,
1,Electric_Vehicle_2,30.0,70.6,,
1,Electric_Vehicle_2,29.0,70.6,,
1,Electric_Vehicle_2,28.0,70.6,,
1,Electric_Vehicle_2,27.0,70.6,,
1,Electric_Vehicle_2,26.0,70.6,,
1,Electric_Vehicle_2,25.0,70.6,,
1,Electric_Vehicle_2,24.0,70.6,,
1,Electric_Vehicle_2,23.0,70.6,,
1,Electric_Vehicle_2,22.0,70.6,,
1,Electric_Vehicle_2,21.0,70.6,,
1,Electric_Vehicle_2,20.0,70.6,,
1,Electric_Vehicle_2,19.0,70.6,,
1,Electric_Vehicle_2,18.0,70.6,,
1,Electric_Vehicle_2,17.0,70.6,,
1,Electric_Vehicle_2,16.0,70.6,,
1,Electric_Vehicle_2,15.0,70.6,,
1,Electric_Vehicle_2,14.0,70.6,,
1,Electric_Vehicle_2,13.0,70.6,,
1,Electric_Vehicle_2,12.0,70.6,,
1,Electric_Vehicle_2,11.0,70.6,,
1,Electric_Vehicle_2,10.0,70.6,,
1,Electric_Vehicle_2,9.0,70.6,,
1,Electric_Vehicle_2,8.0,70.6,,
1,Electric_Vehicle_2,7.0,70.6,,
1,Electric_Vehicle_2,6.0,70.6,,
1,Electric_Vehicle_2,5.0,70.6,,
1,Electric_Vehicle_2,4.0,70.6,,
1,Electric_Vehicle_2,3.0,70.6,,
1,Electric_Vehicle_2,2.0,70.6,,
1,Electric_Vehicle_2,1.0,70.6,,
1,Electric_Vehicle_2,0.0,70.6,,
3,,,,,
3,,,,,
3,,,,,
3,,,,,
3,,,,,
3,,,,,
3,,,,,
2,Electric_Vehicle_2,,,0.0,51.9
1,Electric_Vehicle_2,15.0,82.1,,
1,Electric_Vehicle_2,14.0,82.1,,
1,Electric_Vehicle_2,13.0,82.1,,
1,Electric_Vehicle_2,12.0,82.1,,
1,Electric_Vehicle_2,11.0,82.1,,
1,Electric_Vehicle_2,10.0,82.1,,
1,Electric_Vehicle_2,9.0,82.1,,
1,Electric_Vehicle_2,8.0,82.1,,
1,Electric_Vehicle_2,7.0,82.1,,
1,Electric_Vehicle_2,6.0,82.1,,
1,Electric_Vehicle_2,5.0,82.1,,
1,Electric_Vehicle_2,4.0,82.1,,
1,Electric_Vehicle_2,3.0,82.1,,
1,Electric_Vehicle_2,2.0,82.1,,
1,Electric_Vehicle_2,1.0,82.1,,
1,Electric_Vehicle_2,0.0,82.1,,
3,,,,,
3,,,,,
3,,,,,
3,,,,,
3,,,,,
3,,,,,
3,,,,,
3,,,,,
2,Electric_Vehicle_2,,,0.0,25.1
1,Electric_Vehicle_2,12.0,70.8,,
1,Electric_Vehicle_2,11.0,70.8,,
1,Electric_Vehicle_2,10.0,70.8,,
1,Electric_Vehicle_2,9.0,70.8,,
1,Electric_Vehicle_2,8.0,70.8,,
1,Electric_Vehicle_2,7.0,70.8,,
1,Electric_Vehicle_2,6.0,70.8,,
1,Electric_Vehicle_2,5.0,70.8,,
1,Electric_Vehicle_2,4.0,70.8,,
1,Electric_Vehicle_2,3.0,70.8,,
1,Electric_Vehicle_2,2.0,70.8,,
1,Electric_Vehicle_2,1.0,70.8,,
1,Electric_Vehicle_2,0.0,70.8,,
3,,,,,
3,,,,,
3,,,,,
3,,,,,
3,,,,,
3,,,,,
3,,,,,
3,,,,,
3,,,,,
2,Electric_Vehicle_2,,,0.0,36.7
1,Electric_Vehicle_2,14.0,75.1,,
1,Electric_Vehicle_2,13.0,75.1,,
1,Electric_Vehicle_2,12.0,75.1,,
1,Electric_Vehicle_2,11.0,75.1,,
1,Electric_Vehicle_2,10.0,75.1,,
1,Electric_Vehicle_2,9.0,75.1,,
1,Electric_Vehicle_2,8.0,75.1,,
1,Electric_Vehicle_2,7.0,75.1,,
1,Electric_Vehicle_2,6.0,75.1,,
1,Electric_Vehicle_2,5.0,75.1,,
1,Electric_Vehicle_2,4.0,75.1,,
1,Electric_Vehicle_2,3.0,75.1,,
1,Electric_Vehicle_2,2.0,75.1,,
1,Electric_Vehicle_2,1.0,75.1,,
1,Electric_Vehicle_2,0.0,75.1,,
3,,,,,
3,,,,,
3,,,,,
3,,,,,
3,,,,,
3,,,,,
3,,,,,
3,,,,,
2,Electric_Vehicle_2,,,0.0,38.0
1,Electric_Vehicle_2,15.0,73.6,,
1,Electric_Vehicle_2,14.0,73.6,,
1,Electric_Vehicle_2,13.0,73.6,,
1,Electric_Vehicle_2,12.0,73.6,,
1,Electric_Vehicle_2,11.0,73.6,,
1,Electric_Vehicle_2,10.0,73.6,,
1,Electric_Vehicle_2,9.0,73.6,,
1,Electric_Vehicle_2,8.0,73.6,,
1,Electric_Vehicle_2,7.0,73.6,,
1,Electric_Vehicle_2,6.0,73.6,,
1,Electric_Vehicle_2,5.0,73.6,,
1,Electric_Vehicle_2,4.0,73.6,,
1,Electric_Vehicle_2,3.0,73.6,,
1,Electric_Vehicle_2,2.0,73.6,,
1,Electric_Vehicle_2,1.0,73.6,,
1,Electric_Vehicle_2,0.0,73.6,,
3,,,,,
3,,,,,
3,,,,,
3,,,,,
3,,,,,
3,,,,,
2,Electric_Vehicle_2,,,0.0,39.0
1,Electric_Vehicle_2,15.0,84.7,,
1,Electric_Vehicle_2,14.0,84.7,,
1,Electric_Vehicle_2,13.0,84.7,,
1,Electric_Vehicle_2,12.0,84.7,,
1,Electric_Vehicle_2,11.0,84.7,,
1,Electric_Vehicle_2,10.0,84.7,,
1,Electric_Vehicle_2,9.0,84.7,,
1,Electric_Vehicle_2,8.0,84.7,,
1,Electric_Vehicle_2,7.0,84.7,,
1,Electric_Vehicle_2,6.0,84.7,,
1,Electric_Vehicle_2,5.0,84.7,,
1,Electric_Vehicle_2,4.0,84.7,,
1,Electric_Vehicle_2,3.0,84.7,,
1,Electric_Vehicle_2,2.0,84.7,,
1,Electric_Vehicle_2,1.0,84.7,,
1,Electric_Vehicle_2,0.0,84.7,,
3,,,,,
3,,,,,
3,,,,,
3,,,,,
3,,,,,
3,,,,,
3,,,,,
3,,,,,
2,Electric_Vehicle_2,,,0.0,47.6
1,Electric_Vehicle_2,13.0,85.5,,
1,Electric_Vehicle_2,12.0,85.5,,
1,Electric_Vehicle_2,11.0,85.5,,
1,Electric_Vehicle_2,10.0,85.5,,
1,Electric_Vehicle_2,9.0,85.5,,
1,Electric_Vehicle_2,8.0,85.5,,
1,Electric_Vehicle_2,7.0,85.5,,
1,Electric_Vehicle_2,6.0,85.5,,
1,Electric_Vehicle_2,5.0,85.5,,
1,Electric_Vehicle_2,4.0,85.5,,
1,Electric_Vehicle_2,3.0,85.5,,
1,Electric_Vehicle_2,2.0,85.5,,
1,Electric_Vehicle_2,1.0,85.5,,
1,Electric_Vehicle_2,0.0,85.5,,
3,,,,,
3,,,,,
3,,,,,
3,,,,,
3,,,,,
3,,,,,
3,,,,,
3,,,,,
3,,,,,
3,,,,,
3,,,,,
2,Electric_Vehicle_2,,,0.0,28.8
1,Electric_Vehicle_2,11.0,75.6,,
1,Electric_Vehicle_2,10.0,75.6,,
1,Electric_Vehicle_2,9.0,75.6,,
1,Electric_Vehicle_2,8.0,75.6,,
1,Electric_Vehicle_2,7.0,75.6,,
1,Electric_Vehicle_2,6.0,75.6,,
1,Electric_Vehicle_2,5.0,75.6,,
1,Electric_Vehicle_2,4.0,75.6,,
1,Electric_Vehicle_2,3.0,75.6,,
1,Electric_Vehicle_2,2.0,75.6,,
1,Electric_Vehicle_2,1.0,75.6,,
1,Electric_Vehicle_2,0.0,75.6,,
3,,,,,
3,,,,,
3,,,,,
3,,,,,
3,,,,,
3,,,,,
3,,,,,
3,,,,,
3,,,,,
2,Electric_Vehicle_2,,,0.0,38.0
1,Electric_Vehicle_2,12.0,84.8,,
1,Electric_Vehicle_2,11.0,84.8,,
1,Electric_Vehicle_2,10.0,84.8,,
1,Electric_Vehicle_2,9.0,84.8,,
1,Electric_Vehicle_2,8.0,84.8,,
1,Electric_Vehicle_2,7.0,84.8,,
1,Electric_Vehicle_2,6.0,84.8,,
1,Electric_Vehicle_2,5.0,84.8,,
1,Electric_Vehicle_2,4.0,84.8,,
1,Electric_Vehicle_2,3.0,84.8,,
1,Electric_Vehicle_2,2.0,84.8,,
1,Electric_Vehicle_2,1.0,84.8,,
1,Electric_Vehicle_2,0.0,84.8,,
3,,,,,
3,,,,,
3,,,,,
3,,,,,
3,,,,,
3,,,,,
3,,,,,
3,,,,,
3,,,,,
3,,,,,
3,,,,,
3,,,,,
3,,,,,
2,Electric_Vehicle_2,,,0.0,32.2
1,Electric_Vehicle_2,62.0,86.7,,
1,Electric_Vehicle_2,61.0,86.7,,
1,Electric_Vehicle_2,60.0,86.7,,
1,Electric_Vehicle_2,59.0,86.7,,
1,Electric_Vehicle_2,58.0,86.7,,
1,Electric_Vehicle_2,57.0,86.7,,
1,Electric_Vehicle_2,56.0,86.7,,
1,Electric_Vehicle_2,55.0,86.7,,
1,Electric_Vehicle_2,54.0,86.7,,
1,Electric_Vehicle_2,53.0,86.7,,
1,Electric_Vehicle_2,52.0,86.7,,
1,Electric_Vehicle_2,51.0,86.7,,
1,Electric_Vehicle_2,50.0,86.7,,
1,Electric_Vehicle_2,49.0,86.7,,
1,Electric_Vehicle_2,48.0,86.7,,
1,Electric_Vehicle_2,47.0,86.7,,
1,Electric_Vehicle_2,46.0,86.7,,
1,Electric_Vehicle_2,45.0,86.7,,
1,Electric_Vehicle_2,44.0,86.7,,
1,Electric_Vehicle_2,43.0,86.7,,
1,Electric_Vehicle_2,42.0,86.7,,
1,Electric_Vehicle_2,41.0,86.7,,
1,Electric_Vehicle_2,40.0,86.7,,
1,Electric_Vehicle_2,39.0,86.7,,
1,Electric_Vehicle_2,38.0,86.7,,
1,Electric_Vehicle_2,37.0,86.7,,
1,Electric_Vehicle_2,36.0,86.7,,
1,Electric_Vehicle_2,35.0,86.7,,
1,Electric_Vehicle_2,34.0,86.7,,
1,Electric_Vehicle_2,33.0,86.7,,
1,Electric_Vehicle_2,32.0,86.7,,
1,Electric_Vehicle_2,31.0,86.7,,
1,Electric_Vehicle_2,30.0,86.7,,
1,Electric_Vehicle_2,29.0,86.7,,
1,Electric_Vehicle_2,28.0,86.7,,
1,Electric_Vehicle_2,27.0,86.7,,
1,Electric_Vehicle_2,26.0,86.7,,
1,Electric_Vehicle_2,25.0,86.7,,
1,Electric_Vehicle_2,24.0,86.7,,
1,Electric_Vehicle_2,23.0,86.7,,
1,Electric_Vehicle_2,22.0,86.7,,
1,Electric_Vehicle_2,21.0,86.7,,
1,Electric_Vehicle_2,20.0,86.7,,
1,Electric_Vehicle_2,19.0,86.7,,
1,Electric_Vehicle_2,18.0,86.7,,
1,Electric_Vehicle_2,17.0,86.7,,
1,Electric_Vehicle_2,16.0,86.7,,
1,Electric_Vehicle_2,15.0,86.7,,
1,Electric_Vehicle_2,14.0,86.7,,
1,Electric_Vehicle_2,13.0,86.7,,
1,Electric_Vehicle_2,12.0,86.7,,
1,Electric_Vehicle_2,11.0,86.7,,
1,Electric_Vehicle_2,10.0,86.7,,
1,Electric_Vehicle_2,9.0,86.7,,
1,Electric_Vehicle_2,8.0,86.7,,
1,Electric_Vehicle_2,7.0,86.7,,
1,Electric_Vehicle_2,6.0,86.7,,
1,Electric_Vehicle_2,5.0,86.7,,
1,Electric_Vehicle_2,4.0,86.7,,
1,Electric_Vehicle_2,3.0,86.7,,
1,Electric_Vehicle_2,2.0,86.7,,
1,Electric_Vehicle_2,1.0,86.7,,
1,Electric_Vehicle_2,0.0,86.7,,
3,,,,,
3,,,,,
2,Electric_Vehicle_2,,,0.0,49.5
1,Electric_Vehicle_2,41.0,89.4,,
1,Electric_Vehicle_2,40.0,89.4,,
1,Electric_Vehicle_2,39.0,89.4,,
1,Electric_Vehicle_2,38.0,89.4,,
1,Electric_Vehicle_2,37.0,89.4,,
1,Electric_Vehicle_2,36.0,89.4,,
1,Electric_Vehicle_2,35.0,89.4,,
1,Electric_Vehicle_2,34.0,89.4,,
1,Electric_Vehicle_2,33.0,89.4,,
1,Electric_Vehicle_2,32.0,89.4,,
1,Electric_Vehicle_2,31.0,89.4,,
1,Electric_Vehicle_2,30.0,89.4,,
1,Electric_Vehicle_2,29.0,89.4,,
1,Electric_Vehicle_2,28.0,89.4,,
1,Electric_Vehicle_2,27.0,89.4,,
1,Electric_Vehicle_2,26.0,89.4,,
1,Electric_Vehicle_2,25.0,89.4,,
1,Electric_Vehicle_2,24.0,89.4,,
1,Electric_Vehicle_2,23.0,89.4,,
1,Electric_Vehicle_2,22.0,89.4,,
1,Electric_Vehicle_2,21.0,89.4,,
1,Electric_Vehicle_2,20.0,89.4,,
1,Electric_Vehicle_2,19.0,89.4,,
1,Electric_Vehicle_2,18.0,89.4,,
1,Electric_Vehicle_2,17.0,89.4,,
1,Electric_Vehicle_2,16.0,89.4,,
1,Electric_Vehicle_2,15.0,89.4,,
1,Electric_Vehicle_2,14.0,89.4,,
1,Electric_Vehicle_2,13.0,89.4,,
1,Electric_Vehicle_2,12.0,89.4,,
1,Electric_Vehicle_2,11.0,89.4,,
1,Electric_Vehicle_2,10.0,89.4,,
1,Electric_Vehicle_2,9.0,89.4,,
1,Electric_Vehicle_2,8.0,89.4,,
1,Electric_Vehicle_2,7.0,89.4,,
1,Electric_Vehicle_2,6.0,89.4,,
1,Electric_Vehicle_2,5.0,89.4,,
1,Electric_Vehicle_2,4.0,89.4,,
1,Electric_Vehicle_2,3.0,89.4,,
1,Electric_Vehicle_2,2.0,89.4,,
1,Electric_Vehicle_2,1.0,89.4,,
1,Electric_Vehicle_2,0.0,89.4,,
3,,,,,
3,,,,,
3,,,,,
3,,,,,
3,,,,,
3,,,,,
3,,,,,
3,,,,,
3,,,,,
2,Electric_Vehicle_2,,,0.0,27.4
1,Electric_Vehicle_2,35.0,73.3,,
1,Electric_Vehicle_2,34.0,73.3,,
1,Electric_Vehicle_2,33.0,73.3,,
1,Electric_Vehicle_2,32.0,73.3,,
1,Electric_Vehicle_2,31.0,73.3,,
1,Electric_Vehicle_2,30.0,73.3,,
1,Electric_Vehicle_2,29.0,73.3,,
1,Electric_Vehicle_2,28.0,73.3,,
1,Electric_Vehicle_2,27.0,73.3,,
1,Electric_Vehicle_2,26.0,73.3,,
1,Electric_Vehicle_2,25.0,73.3,,
1,Electric_Vehicle_2,24.0,73.3,,
1,Electric_Vehicle_2,23.0,73.3,,
1,Electric_Vehicle_2,22.0,73.3,,
1,Electric_Vehicle_2,21.0,73.3,,
1,Electric_Vehicle_2,20.0,73.3,,
1,Electric_Vehicle_2,19.0,73.3,,
1,Electric_Vehicle_2,18.0,73.3,,
1,Electric_Vehicle_2,17.0,73.3,,
1,Electric_Vehicle_2,16.0,73.3,,
1,Electric_Vehicle_2,15.0,73.3,,
1,Electric_Vehicle_2,14.0,73.3,,
1,Electric_Vehicle_2,13.0,73.3,,
1,Electric_Vehicle_2,12.0,73.3,,
1,Electric_Vehicle_2,11.0,73.3,,
1,Electric_Vehicle_2,10.0,73.3,,
1,Electric_Vehicle_2,9.0,73.3,,
1,Electric_Vehicle_2,8.0,73.3,,
1,Electric_Vehicle_2,7.0,73.3,,
1,Electric_Vehicle_2,6.0,73.3,,
1,Electric_Vehicle_2,5.0,73.3,,
1,Electric_Vehicle_2,4.0,73.3,,
1,Electric_Vehicle_2,3.0,73.3,,
1,Electric_Vehicle_2,2.0,73.3,,
1,Electric_Vehicle_2,1.0,73.3,,
1,Electric_Vehicle_2,0.0,73.3,,
3,,,,,
3,,,,,
3,,,,,
3,,,,,
3,,,,,
3,,,,,
3,,,,,
3,,,,,
3,,,,,
3,,,,,
3,,,,,
2,Electric_Vehicle_2,,,0.0,48.2
1,Electric_Vehicle_2,12.0,73.0,,
1,Electric_Vehicle_2,11.0,73.0,,
1,Electric_Vehicle_2,10.0,73.0,,
1,Electric_Vehicle_2,9.0,73.0,,
1,Electric_Vehicle_2,8.0,73.0,,
1,Electric_Vehicle_2,7.0,73.0,,
1,Electric_Vehicle_2,6.0,73.0,,
1,Electric_Vehicle_2,5.0,73.0,,
1,Electric_Vehicle_2,4.0,73.0,,
1,Electric_Vehicle_2,3.0,73.0,,
1,Electric_Vehicle_2,2.0,73.0,,
1,Electric_Vehicle_2,1.0,73.0,,
1,Electric_Vehicle_2,0.0,73.0,,
3,,,,,
3,,,,,
3,,,,,
3,,,,,
3,,,,,
3,,,,,
3,,,,,
3,,,,,
3,,,,,
3,,,,,
2,Electric_Vehicle_2,,,0.0,39.8
1,Electric_Vehicle_2,38.0,77.0,,
1,Electric_Vehicle_2,37.0,77.0,,
1,Electric_Vehicle_2,36.0,77.0,,
1,Electric_Vehicle_2,35.0,77.0,,
1,Electric_Vehicle_2,34.0,77.0,,
1,Electric_Vehicle_2,33.0,77.0,,
1,Electric_Vehicle_2,32.0,77.0,,
1,Electric_Vehicle_2,31.0,77.0,,
1,Electric_Vehicle_2,30.0,77.0,,
1,Electric_Vehicle_2,29.0,77.0,,
1,Electric_Vehicle_2,28.0,77.0,,
1,Electric_Vehicle_2,27.0,77.0,,
1,Electric_Vehicle_2,26.0,77.0,,
1,Electric_Vehicle_2,25.0,77.0,,
1,Electric_Vehicle_2,24.0,77.0,,
1,Electric_Vehicle_2,23.0,77.0,,
1,Electric_Vehicle_2,22.0,77.0,,
1,Electric_Vehicle_2,21.0,77.0,,
1,Electric_Vehicle_2,20.0,77.0,,
1,Electric_Vehicle_2,19.0,77.0,,
1,Electric_Vehicle_2,18.0,77.0,,
1,Electric_Vehicle_2,17.0,77.0,,
1,Electric_Vehicle_2,16.0,77.0,,
1,Electric_Vehicle_2,15.0,77.0,,
1,Electric_Vehicle_2,14.0,77.0,,
1,Electric_Vehicle_2,13.0,77.0,,
1,Electric_Vehicle_2,12.0,77.0,,
1,Electric_Vehicle_2,11.0,77.0,,
1,Electric_Vehicle_2,10.0,77.0,,
1,Electric_Vehicle_2,9.0,77.0,,
1,Electric_Vehicle_2,8.0,77.0,,
1,Electric_Vehicle_2,7.0,77.0,,
1,Electric_Vehicle_2,6.0,77.0,,
1,Electric_Vehicle_2,5.0,77.0,,
1,Electric_Vehicle_2,4.0,77.0,,
1,Electric_Vehicle_2,3.0,77.0,,
1,Electric_Vehicle_2,2.0,77.0,,
1,Electric_Vehicle_2,1.0,77.0,,
1,Electric_Vehicle_2,0.0,77.0,,
3,,,,,
3,,,,,
3,,,,,
2,Electric_Vehicle_2,,,0.0,37.0
1,Electric_Vehicle_2,41.0,74.3,,
1,Electric_Vehicle_2,40.0,74.3,,
1,Electric_Vehicle_2,39.0,74.3,,
1,Electric_Vehicle_2,38.0,74.3,,
1,Electric_Vehicle_2,37.0,74.3,,
1,Electric_Vehicle_2,36.0,74.3,,
1,Electric_Vehicle_2,35.0,74.3,,
1,Electric_Vehicle_2,34.0,74.3,,
1,Electric_Vehicle_2,33.0,74.3,,
1,Electric_Vehicle_2,32.0,74.3,,
1,Electric_Vehicle_2,31.0,74.3,,
1,Electric_Vehicle_2,30.0,74.3,,
1,Electric_Vehicle_2,29.0,74.3,,
1,Electric_Vehicle_2,28.0,74.3,,
1,Electric_Vehicle_2,27.0,74.3,,
1,Electric_Vehicle_2,26.0,74.3,,
1,Electric_Vehicle_2,25.0,74.3,,
1,Electric_Vehicle_2,24.0,74.3,,
1,Electric_Vehicle_2,23.0,74.3,,
1,Electric_Vehicle_2,22.0,74.3,,
1,Electric_Vehicle_2,21.0,74.3,,
1,Electric_Vehicle_2,20.0,74.3,,
1,Electric_Vehicle_2,19.0,74.3,,
1,Electric_Vehicle_2,18.0,74.3,,
1,Electric_Vehicle_2,17.0,74.3,,
1,Electric_Vehicle_2,16.0,74.3,,
1,Electric_Vehicle_2,15.0,74.3,,
1,Electric_Vehicle_2,14.0,74.3,,
1,Electric_Vehicle_2,13.0,74.3,,
1,Electric_Vehicle_2,12.0,74.3,,
1,Electric_Vehicle_2,11.0,74.3,,
1,Electric_Vehicle_2,10.0,74.3,,
1,Electric_Vehicle_2,9.0,74.3,,
1,Electric_Vehicle_2,8.0,74.3,,
1,Electric_Vehicle_2,7.0,74.3,,
1,Electric_Vehicle_2,6.0,74.3,,
1,Electric_Vehicle_2,5.0,74.3,,
1,Electric_Vehicle_2,4.0,74.3,,
1,Electric_Vehicle_2,3.0,74.3,,
1,Electric_Vehicle_2,2.0,74.3,,
1,Electric_Vehicle_2,1.0,74.3,,
1,Electric_Vehicle_2,0.0,74.3,,
3,,,,,
3,,,,,
3,,,,,
3,,,,,
3,,,,,
3,,,,,
3,,,,,
3,,,,,
3,,,,,
3,,,,,
2,Electric_Vehicle_2,,,0.0,49.3
1,Electric_Vehicle_2,13.0,74.3,,
1,Electric_Vehicle_2,12.0,74.3,,
1,Electric_Vehicle_2,11.0,74.3,,
1,Electric_Vehicle_2,10.0,74.3,,
1,Electric_Vehicle_2,9.0,74.3,,
1,Electric_Vehicle_2,8.0,74.3,,
1,Electric_Vehicle_2,7.0,74.3,,
1,Electric_Vehicle_2,6.0,74.3,,
1,Electric_Vehicle_2,5.0,74.3,,
1,Electric_Vehicle_2,4.0,74.3,,
1,Electric_Vehicle_2,3.0,74.3,,
1,Electric_Vehicle_2,2.0,74.3,,
1,Electric_Vehicle_2,1.0,74.3,,
1,Electric_Vehicle_2,0.0,74.3,,
3,,,,,
3,,,,,
3,,,,,
3,,,,,
3,,,,,
3,,,,,
3,,,,,
3,,,,,
3,,,,,
2,Electric_Vehicle_2,,,0.0,50.1
1,Electric_Vehicle_2,13.0,80.4,,
1,Electric_Vehicle_2,12.0,80.4,,
1,Electric_Vehicle_2,11.0,80.4,,
1,Electric_Vehicle_2,10.0,80.4,,
1,Electric_Vehicle_2,9.0,80.4,,
1,Electric_Vehicle_2,8.0,80.4,,
1,Electric_Vehicle_2,7.0,80.4,,
1,Electric_Vehicle_2,6.0,80.4,,
1,Electric_Vehicle_2,5.0,80.4,,
1,Electric_Vehicle_2,4.0,80.4,,
1,Electric_Vehicle_2,3.0,80.4,,
1,Electric_Vehicle_2,2.0,80.4,,
1,Electric_Vehicle_2,1.0,80.4,,
1,Electric_Vehicle_2,0.0,80.4,,
3,,,,,
3,,,,,
3,,,,,
3,,,,,
3,,,,,
3,,,,,
3,,,,,
3,,,,,
2,Electric_Vehicle_2,,,0.0,41.8
1,Electric_Vehicle_2,13.0,72.0,,
1,Electric_Vehicle_2,12.0,72.0,,
1,Electric_Vehicle_2,11.0,72.0,,
1,Electric_Vehicle_2,10.0,72.0,,
1,Electric_Vehicle_2,9.0,72.0,,
1,Electric_Vehicle_2,8.0,72.0,,
1,Electric_Vehicle_2,7.0,72.0,,
1,Electric_Vehicle_2,6.0,72.0,,
1,Electric_Vehicle_2,5.0,72.0,,
1,Electric_Vehicle_2,4.0,72.0,,
1,Electric_Vehicle_2,3.0,72.0,,
1,Electric_Vehicle_2,2.0,72.0,,
1,Electric_Vehicle_2,1.0,72.0,,
1,Electric_Vehicle_2,0.0,72.0,,
3,,,,,
3,,,,,
3,,,,,
3,,,,,
3,,,,,
3,,,,,
3,,,,,
3,,,,,
3,,,,,
3,,,,,
3,,,,,
3,,,,,
2,Electric_Vehicle_2,,,0.0,43.5
1,Electric_Vehicle_2,106.0,72.8,,
1,Electric_Vehicle_2,105.0,72.8,,
1,Electric_Vehicle_2,104.0,72.8,,
1,Electric_Vehicle_2,103.0,72.8,,
1,Electric_Vehicle_2,102.0,72.8,,
1,Electric_Vehicle_2,101.0,72.8,,
1,Electric_Vehicle_2,100.0,72.8,,
1,Electric_Vehicle_2,99.0,72.8,,
1,Electric_Vehicle_2,98.0,72.8,,
1,Electric_Vehicle_2,97.0,72.8,,
1,Electric_Vehicle_2,96.0,72.8,,
1,Electric_Vehicle_2,95.0,72.8,,
1,Electric_Vehicle_2,94.0,72.8,,
1,Electric_Vehicle_2,93.0,72.8,,
1,Electric_Vehicle_2,92.0,72.8,,
1,Electric_Vehicle_2,91.0,72.8,,
1,Electric_Vehicle_2,90.0,72.8,,
1,Electric_Vehicle_2,89.0,72.8,,
1,Electric_Vehicle_2,88.0,72.8,,
1,Electric_Vehicle_2,87.0,72.8,,
1,Electric_Vehicle_2,86.0,72.8,,
1,Electric_Vehicle_2,85.0,72.8,,
1,Electric_Vehicle_2,84.0,72.8,,
1,Electric_Vehicle_2,83.0,72.8,,
1,Electric_Vehicle_2,82.0,72.8,,
1,Electric_Vehicle_2,81.0,72.8,,
1,Electric_Vehicle_2,80.0,72.8,,
1,Electric_Vehicle_2,79.0,72.8,,
1,Electric_Vehicle_2,78.0,72.8,,
1,Electric_Vehicle_2,77.0,72.8,,
1,Electric_Vehicle_2,76.0,72.8,,
1,Electric_Vehicle_2,75.0,72.8,,
1,Electric_Vehicle_2,74.0,72.8,,
1,Electric_Vehicle_2,73.0,72.8,,
1,Electric_Vehicle_2,72.0,72.8,,
1,Electric_Vehicle_2,71.0,72.8,,
1,Electric_Vehicle_2,70.0,72.8,,
1,Electric_Vehicle_2,69.0,72.8,,
1,Electric_Vehicle_2,68.0,72.8,,
1,Electric_Vehicle_2,67.0,72.8,,
1,Electric_Vehicle_2,66.0,72.8,,
1,Electric_Vehicle_2,65.0,72.8,,
1,Electric_Vehicle_2,64.0,72.8,,
1,Electric_Vehicle_2,63.0,72.8,,
1,Electric_Vehicle_2,62.0,72.8,,
1,Electric_Vehicle_2,61.0,72.8,,
1,Electric_Vehicle_2,60.0,72.8,,
1,Electric_Vehicle_2,59.0,72.8,,
1,Electric_Vehicle_2,58.0,72.8,,
1,Electric_Vehicle_2,57.0,72.8,,
1,Electric_Vehicle_2,56.0,72.8,,
1,Electric_Vehicle_2,55.0,72.8,,
1,Electric_Vehicle_2,54.0,72.8,,
1,Electric_Vehicle_2,53.0,72.8,,
1,Electric_Vehicle_2,52.0,72.8,,
1,Electric_Vehicle_2,51.0,72.8,,
1,Electric_Vehicle_2,50.0,72.8,,
1,Electric_Vehicle_2,49.0,72.8,,
1,Electric_Vehicle_2,48.0,72.8,,
1,Electric_Vehicle_2,47.0,72.8,,
1,Electric_Vehicle_2,46.0,72.8,,
1,Electric_Vehicle_2,45.0,72.8,,
1,Electric_Vehicle_2,44.0,72.8,,
1,Electric_Vehicle_2,43.0,72.8,,
1,Electric_Vehicle_2,42.0,72.8,,
1,Electric_Vehicle_2,41.0,72.8,,
1,Electric_Vehicle_2,40.0,72.8,,
1,Electric_Vehicle_2,39.0,72.8,,
1,Electric_Vehicle_2,38.0,72.8,,
1,Electric_Vehicle_2,37.0,72.8,,
1,Electric_Vehicle_2,36.0,72.8,,
1,Electric_Vehicle_2,35.0,72.8,,
1,Electric_Vehicle_2,34.0,72.8,,
1,Electric_Vehicle_2,33.0,72.8,,
1,Electric_Vehicle_2,32.0,72.8,,
1,Electric_Vehicle_2,31.0,72.8,,
1,Electric_Vehicle_2,30.0,72.8,,
1,Electric_Vehicle_2,29.0,72.8,,
1,Electric_Vehicle_2,28.0,72.8,,
1,Electric_Vehicle_2,27.0,72.8,,
1,Electric_Vehicle_2,26.0,72.8,,
1,Electric_Vehicle_2,25.0,72.8,,
1,Electric_Vehicle_2,24.0,72.8,,
1,Electric_Vehicle_2,23.0,72.8,,
1,Electric_Vehicle_2,22.0,72.8,,
1,Electric_Vehicle_2,21.0,72.8,,
1,Electric_Vehicle_2,20.0,72.8,,
1,Electric_Vehicle_2,19.0,72.8,,
1,Electric_Vehicle_2,18.0,72.8,,
1,Electric_Vehicle_2,17.0,72.8,,
1,Electric_Vehicle_2,16.0,72.8,,
1,Electric_Vehicle_2,15.0,72.8,,
1,Electric_Vehicle_2,14.0,72.8,,
1,Electric_Vehicle_2,13.0,72.8,,
1,Electric_Vehicle_2,12.0,72.8,,
1,Electric_Vehicle_2,11.0,72.8,,
1,Electric_Vehicle_2,10.0,72.8,,
1,Electric_Vehicle_2,9.0,72.8,,
1,Electric_Vehicle_2,8.0,72.8,,
1,Electric_Vehicle_2,7.0,72.8,,
1,Electric_Vehicle_2,6.0,72.8,,
1,Electric_Vehicle_2,5.0,72.8,,
1,Electric_Vehicle_2,4.0,72.8,,
1,Electric_Vehicle_2,3.0,72.8,,
1,Electric_Vehicle_2,2.0,72.8,,
1,Electric_Vehicle_2,1.0,72.8,,
1,Electric_Vehicle_2,0.0,72.8,,
3,,,,,
3,,,,,
3,,,,,
3,,,,,
3,,,,,
3,,,,,
3,,,,,
3,,,,,
3,,,,,
3,,,,,
2,Electric_Vehicle_2,,,0.0,31.5
1,Electric_Vehicle_2,12.0,86.3,,
1,Electric_Vehicle_2,11.0,86.3,,
1,Electric_Vehicle_2,10.0,86.3,,
1,Electric_Vehicle_2,9.0,86.3,,
1,Electric_Vehicle_2,8.0,86.3,,
1,Electric_Vehicle_2,7.0,86.3,,
1,Electric_Vehicle_2,6.0,86.3,,
1,Electric_Vehicle_2,5.0,86.3,,
1,Electric_Vehicle_2,4.0,86.3,,
1,Electric_Vehicle_2,3.0,86.3,,
1,Electric_Vehicle_2,2.0,86.3,,
1,Electric_Vehicle_2,1.0,86.3,,
1,Electric_Vehicle_2,0.0,86.3,,
3,,,,,
3,,,,,
3,,,,,
3,,,,,
3,,,,,
3,,,,,
3,,,,,
3,,,,,
3,,,,,
3,,,,,
2,Electric_Vehicle_2,,,0.0,44.5
1,Electric_Vehicle_2,12.0,83.6,,
1,Electric_Vehicle_2,11.0,83.6,,
1,Electric_Vehicle_2,10.0,83.6,,
1,Electric_Vehicle_2,9.0,83.6,,
1,Electric_Vehicle_2,8.0,83.6,,
1,Electric_Vehicle_2,7.0,83.6,,
1,Electric_Vehicle_2,6.0,83.6,,
1,Electric_Vehicle_2,5.0,83.6,,
1,Electric_Vehicle_2,4.0,83.6,,
1,Electric_Vehicle_2,3.0,83.6,,
1,Electric_Vehicle_2,2.0,83.6,,
1,Electric_Vehicle_2,1.0,83.6,,
1,Electric_Vehicle_2,0.0,83.6,,
3,,,,,
3,,,,,
3,,,,,
3,,,,,
3,,,,,
3,,,,,
3,,,,,
3,,,,,
3,,,,,
3,,,,,
3,,,,,
2,Electric_Vehicle_2,,,0.0,21.6
1,Electric_Vehicle_2,10.0,72.7,,
1,Electric_Vehicle_2,9.0,72.7,,
1,Electric_Vehicle_2,8.0,72.7,,
1,Electric_Vehicle_2,7.0,72.7,,
1,Electric_Vehicle_2,6.0,72.7,,
1,Electric_Vehicle_2,5.0,72.7,,
1,Electric_Vehicle_2,4.0,72.7,,
1,Electric_Vehicle_2,3.0,72.7,,
1,Electric_Vehicle_2,2.0,72.7,,
1,Electric_Vehicle_2,1.0,72.7,,
1,Electric_Vehicle_2,0.0,72.7,,
3,,,,,
3,,,,,
3,,,,,
3,,,,,
3,,,,,
3,,,,,
3,,,,,
3,,,,,
3,,,,,
3,,,,,
3,,,,,
2,Electric_Vehicle_2,,,0.0,43.6
1,Electric_Vehicle_2,41.0,70.5,,
1,Electric_Vehicle_2,40.0,70.5,,
1,Electric_Vehicle_2,39.0,70.5,,
1,Electric_Vehicle_2,38.0,70.5,,
1,Electric_Vehicle_2,37.0,70.5,,
1,Electric_Vehicle_2,36.0,70.5,,
1,Electric_Vehicle_2,35.0,70.5,,
1,Electric_Vehicle_2,34.0,70.5,,
1,Electric_Vehicle_2,33.0,70.5,,
1,Electric_Vehicle_2,32.0,70.5,,
1,Electric_Vehicle_2,31.0,70.5,,
1,Electric_Vehicle_2,30.0,70.5,,
1,Electric_Vehicle_2,29.0,70.5,,
1,Electric_Vehicle_2,28.0,70.5,,
1,Electric_Vehicle_2,27.0,70.5,,
1,Electric_Vehicle_2,26.0,70.5,,
1,Electric_Vehicle_2,25.0,70.5,,
1,Electric_Vehicle_2,24.0,70.5,,
1,Electric_Vehicle_2,23.0,70.5,,
1,Electric_Vehicle_2,22.0,70.5,,
1,Electric_Vehicle_2,21.0,70.5,,
1,Electric_Vehicle_2,20.0,70.5,,
1,Electric_Vehicle_2,19.0,70.5,,
1,Electric_Vehicle_2,18.0,70.5,,
1,Electric_Vehicle_2,17.0,70.5,,
1,Electric_Vehicle_2,16.0,70.5,,
1,Electric_Vehicle_2,15.0,70.5,,
1,Electric_Vehicle_2,14.0,70.5,,
1,Electric_Vehicle_2,13.0,70.5,,
1,Electric_Vehicle_2,12.0,70.5,,
1,Electric_Vehicle_2,11.0,70.5,,
1,Electric_Vehicle_2,10.0,70.5,,
1,Electric_Vehicle_2,9.0,70.5,,
1,Electric_Vehicle_2,8.0,70.5,,
1,Electric_Vehicle_2,7.0,70.5,,
1,Electric_Vehicle_2,6.0,70.5,,
1,Electric_Vehicle_2,5.0,70.5,,
1,Electric_Vehicle_2,4.0,70.5,,
1,Electric_Vehicle_2,3.0,70.5,,
1,Electric_Vehicle_2,2.0,70.5,,
1,Electric_Vehicle_2,1.0,70.5,,
1,Electric_Vehicle_2,0.0,70.5,,
3,,,,,
2,Electric_Vehicle_2,,,0.0,59.5
1,Electric_Vehicle_2,17.0,82.3,,
1,Electric_Vehicle_2,16.0,82.3,,
1,Electric_Vehicle_2,15.0,82.3,,
1,Electric_Vehicle_2,14.0,82.3,,
1,Electric_Vehicle_2,13.0,82.3,,
1,Electric_Vehicle_2,12.0,82.3,,
1,Electric_Vehicle_2,11.0,82.3,,
1,Electric_Vehicle_2,10.0,82.3,,
1,Electric_Vehicle_2,9.0,82.3,,
1,Electric_Vehicle_2,8.0,82.3,,
1,Electric_Vehicle_2,7.0,82.3,,
1,Electric_Vehicle_2,6.0,82.3,,
1,Electric_Vehicle_2,5.0,82.3,,
1,Electric_Vehicle_2,4.0,82.3,,
1,Electric_Vehicle_2,3.0,82.3,,
1,Electric_Vehicle_2,2.0,82.3,,
1,Electric_Vehicle_2,1.0,82.3,,
1,Electric_Vehicle_2,0.0,82.3,,
3,,,,,
3,,,,,
3,,,,,
3,,,,,
3,,,,,
3,,,,,
3,,,,,
3,,,,,
2,Electric_Vehicle_2,,,0.0,46.8
1,Electric_Vehicle_2,14.0,79.3,,
1,Electric_Vehicle_2,13.0,79.3,,
1,Electric_Vehicle_2,12.0,79.3,,
1,Electric_Vehicle_2,11.0,79.3,,
1,Electric_Vehicle_2,10.0,79.3,,
1,Electric_Vehicle_2,9.0,79.3,,
1,Electric_Vehicle_2,8.0,79.3,,
1,Electric_Vehicle_2,7.0,79.3,,
1,Electric_Vehicle_2,6.0,79.3,,
1,Electric_Vehicle_2,5.0,79.3,,
1,Electric_Vehicle_2,4.0,79.3,,
1,Electric_Vehicle_2,3.0,79.3,,
1,Electric_Vehicle_2,2.0,79.3,,
1,Electric_Vehicle_2,1.0,79.3,,
1,Electric_Vehicle_2,0.0,79.3,,
3,,,,,
3,,,,,
3,,,,,
3,,,,,
3,,,,,
3,,,,,
3,,,,,
2,Electric_Vehicle_2,,,0.0,51.5
1,Electric_Vehicle_2,15.0,84.6,,
1,Electric_Vehicle_2,14.0,84.6,,
1,Electric_Vehicle_2,13.0,84.6,,
1,Electric_Vehicle_2,12.0,84.6,,
1,Electric_Vehicle_2,11.0,84.6,,
1,Electric_Vehicle_2,10.0,84.6,,
1,Electric_Vehicle_2,9.0,84.6,,
1,Electric_Vehicle_2,8.0,84.6,,
1,Electric_Vehicle_2,7.0,84.6,,
1,Electric_Vehicle_2,6.0,84.6,,
1,Electric_Vehicle_2,5.0,84.6,,
1,Electric_Vehicle_2,4.0,84.6,,
1,Electric_Vehicle_2,3.0,84.6,,
1,Electric_Vehicle_2,2.0,84.6,,
1,Electric_Vehicle_2,1.0,84.6,,
1,Electric_Vehicle_2,0.0,84.6,,
3,,,,,
3,,,,,
3,,,,,
3,,,,,
3,,,,,
3,,,,,
3,,,,,
2,Electric_Vehicle_2,,,0.0,39.5
1,Electric_Vehicle_2,15.0,76.9,,
1,Electric_Vehicle_2,14.0,76.9,,
1,Electric_Vehicle_2,13.0,76.9,,
1,Electric_Vehicle_2,12.0,76.9,,
1,Electric_Vehicle_2,11.0,76.9,,
1,Electric_Vehicle_2,10.0,76.9,,
1,Electric_Vehicle_2,9.0,76.9,,
1,Electric_Vehicle_2,8.0,76.9,,
1,Electric_Vehicle_2,7.0,76.9,,
1,Electric_Vehicle_2,6.0,76.9,,
1,Electric_Vehicle_2,5.0,76.9,,
1,Electric_Vehicle_2,4.0,76.9,,
1,Electric_Vehicle_2,3.0,76.9,,
1,Electric_Vehicle_2,2.0,76.9,,
1,Electric_Vehicle_2,1.0,76.9,,
1,Electric_Vehicle_2,0.0,76.9,,
3,,,,,
3,,,,,
3,,,,,
3,,,,,
3,,,,,
3,,,,,
3,,,,,
2,Electric_Vehicle_2,,,0.0,44.6
1,Electric_Vehicle_2,14.0,78.6,,
1,Electric_Vehicle_2,13.0,78.6,,
1,Electric_Vehicle_2,12.0,78.6,,
1,Electric_Vehicle_2,11.0,78.6,,
1,Electric_Vehicle_2,10.0,78.6,,
1,Electric_Vehicle_2,9.0,78.6,,
1,Electric_Vehicle_2,8.0,78.6,,
1,Electric_Vehicle_2,7.0,78.6,,
1,Electric_Vehicle_2,6.0,78.6,,
1,Electric_Vehicle_2,5.0,78.6,,
1,Electric_Vehicle_2,4.0,78.6,,
1,Electric_Vehicle_2,3.0,78.6,,
1,Electric_Vehicle_2,2.0,78.6,,
1,Electric_Vehicle_2,1.0,78.6,,
1,Electric_Vehicle_2,0.0,78.6,,
3,,,,,
3,,,,,
3,,,,,
3,,,,,
3,,,,,
3,,,,,
3,,,,,
3,,,,,
3,,,,,
2,Electric_Vehicle_2,,,0.0,23.3
1,Electric_Vehicle_2,18.0,79.2,,
1,Electric_Vehicle_2,17.0,79.2,,
1,Electric_Vehicle_2,16.0,79.2,,
1,Electric_Vehicle_2,15.0,79.2,,
1,Electric_Vehicle_2,14.0,79.2,,
1,Electric_Vehicle_2,13.0,79.2,,
1,Electric_Vehicle_2,12.0,79.2,,
1,Electric_Vehicle_2,11.0,79.2,,
1,Electric_Vehicle_2,10.0,79.2,,
1,Electric_Vehicle_2,9.0,79.2,,
1,Electric_Vehicle_2,8.0,79.2,,
1,Electric_Vehicle_2,7.0,79.2,,
1,Electric_Vehicle_2,6.0,79.2,,
1,Electric_Vehicle_2,5.0,79.2,,
1,Electric_Vehicle_2,4.0,79.2,,
1,Electric_Vehicle_2,3.0,79.2,,
1,Electric_Vehicle_2,2.0,79.2,,
1,Electric_Vehicle_2,1.0,79.2,,
1,Electric_Vehicle_2,0.0,79.2,,
3,,,,,
3,,,,,
3,,,,,
3,,,,,
2,Electric_Vehicle_2,,,0.0,57.9
1,Electric_Vehicle_2,38.0,70.2,,
1,Electric_Vehicle_2,37.0,70.2,,
1,Electric_Vehicle_2,36.0,70.2,,
1,Electric_Vehicle_2,35.0,70.2,,
1,Electric_Vehicle_2,34.0,70.2,,
1,Electric_Vehicle_2,33.0,70.2,,
1,Electric_Vehicle_2,32.0,70.2,,
1,Electric_Vehicle_2,31.0,70.2,,
1,Electric_Vehicle_2,30.0,70.2,,
1,Electric_Vehicle_2,29.0,70.2,,
1,Electric_Vehicle_2,28.0,70.2,,
1,Electric_Vehicle_2,27.0,70.2,,
1,Electric_Vehicle_2,26.0,70.2,,
1,Electric_Vehicle_2,25.0,70.2,,
1,Electric_Vehicle_2,24.0,70.2,,
1,Electric_Vehicle_2,23.0,70.2,,
1,Electric_Vehicle_2,22.0,70.2,,
1,Electric_Vehicle_2,21.0,70.2,,
1,Electric_Vehicle_2,20.0,70.2,,
1,Electric_Vehicle_2,19.0,70.2,,
1,Electric_Vehicle_2,18.0,70.2,,
1,Electric_Vehicle_2,17.0,70.2,,
1,Electric_Vehicle_2,16.0,70.2,,
1,Electric_Vehicle_2,15.0,70.2,,
1,Electric_Vehicle_2,14.0,70.2,,
1,Electric_Vehicle_2,13.0,70.2,,
1,Electric_Vehicle_2,12.0,70.2,,
1,Electric_Vehicle_2,11.0,70.2,,
1,Electric_Vehicle_2,10.0,70.2,,
1,Electric_Vehicle_2,9.0,70.2,,
1,Electric_Vehicle_2,8.0,70.2,,
1,Electric_Vehicle_2,7.0,70.2,,
1,Electric_Vehicle_2,6.0,70.2,,
1,Electric_Vehicle_2,5.0,70.2,,
1,Electric_Vehicle_2,4.0,70.2,,
1,Electric_Vehicle_2,3.0,70.2,,
1,Electric_Vehicle_2,2.0,70.2,,
1,Electric_Vehicle_2,1.0,70.2,,
1,Electric_Vehicle_2,0.0,70.2,,
3,,,,,
3,,,,,
3,,,,,
3,,,,,
3,,,,,
3,,,,,
3,,,,,
3,,,,,
3,,,,,
2,Electric_Vehicle_2,,,0.0,52.9
1,Electric_Vehicle_2,37.0,73.5,,
1,Electric_Vehicle_2,36.0,73.5,,
1,Electric_Vehicle_2,35.0,73.5,,
1,Electric_Vehicle_2,34.0,73.5,,
1,Electric_Vehicle_2,33.0,73.5,,
1,Electric_Vehicle_2,32.0,73.5,,
1,Electric_Vehicle_2,31.0,73.5,,
1,Electric_Vehicle_2,30.0,73.5,,
1,Electric_Vehicle_2,29.0,73.5,,
1,Electric_Vehicle_2,28.0,73.5,,
1,Electric_Vehicle_2,27.0,73.5,,
1,Electric_Vehicle_2,26.0,73.5,,
1,Electric_Vehicle_2,25.0,73.5,,
1,Electric_Vehicle_2,24.0,73.5,,
1,Electric_Vehicle_2,23.0,73.5,,
1,Electric_Vehicle_2,22.0,73.5,,
1,Electric_Vehicle_2,21.0,73.5,,
1,Electric_Vehicle_2,20.0,73.5,,
1,Electric_Vehicle_2,19.0,73.5,,
1,Electric_Vehicle_2,18.0,73.5,,
1,Electric_Vehicle_2,17.0,73.5,,
1,Electric_Vehicle_2,16.0,73.5,,
1,Electric_Vehicle_2,15.0,73.5,,
1,Electric_Vehicle_2,14.0,73.5,,
1,Electric_Vehicle_2,13.0,73.5,,
1,Electric_Vehicle_2,12.0,73.5,,
1,Electric_Vehicle_2,11.0,73.5,,
1,Electric_Vehicle_2,10.0,73.5,,
1,Electric_Vehicle_2,9.0,73.5,,
1,Electric_Vehicle_2,8.0,73.5,,
1,Electric_Vehicle_2,7.0,73.5,,
1,Electric_Vehicle_2,6.0,73.5,,
1,Electric_Vehicle_2,5.0,73.5,,
1,Electric_Vehicle_2,4.0,73.5,,
1,Electric_Vehicle_2,3.0,73.5,,
1,Electric_Vehicle_2,2.0,73.5,,
1,Electric_Vehicle_2,1.0,73.5,,
1,Electric_Vehicle_2,0.0,73.5,,
3,,,,,
3,,,,,
3,,,,,
3,,,,,
3,,,,,
3,,,,,
3,,,,,
2,Electric_Vehicle_2,,,0.0,25.1
1,Electric_Vehicle_2,14.0,86.7,,
1,Electric_Vehicle_2,13.0,86.7,,
1,Electric_Vehicle_2,12.0,86.7,,
1,Electric_Vehicle_2,11.0,86.7,,
1,Electric_Vehicle_2,10.0,86.7,,
1,Electric_Vehicle_2,9.0,86.7,,
1,Electric_Vehicle_2,8.0,86.7,,
1,Electric_Vehicle_2,7.0,86.7,,
1,Electric_Vehicle_2,6.0,86.7,,
1,Electric_Vehicle_2,5.0,86.7,,
1,Electric_Vehicle_2,4.0,86.7,,
1,Electric_Vehicle_2,3.0,86.7,,
1,Electric_Vehicle_2,2.0,86.7,,
1,Electric_Vehicle_2,1.0,86.7,,
1,Electric_Vehicle_2,0.0,86.7,,
3,,,,,
3,,,,,
3,,,,,
3,,,,,
3,,,,,
3,,,,,
3,,,,,
3,,,,,
3,,,,,
3,,,,,
3,,,,,
3,,,,,
2,Electric_Vehicle_2,,,0.0,41.8
1,Electric_Vehicle_2,10.0,71.6,,
1,Electric_Vehicle_2,9.0,71.6,,
1,Electric_Vehicle_2,8.0,71.6,,
1,Electric_Vehicle_2,7.0,71.6,,
1,Electric_Vehicle_2,6.0,71.6,,
1,Electric_Vehicle_2,5.0,71.6,,
1,Electric_Vehicle_2,4.0,71.6,,
1,Electric_Vehicle_2,3.0,71.6,,
1,Electric_Vehicle_2,2.0,71.6,,
1,Electric_Vehicle_2,1.0,71.6,,
1,Electric_Vehicle_2,0.0,71.6,,
3,,,,,
3,,,,,
3,,,,,
3,,,,,
3,,,,,
3,,,,,
3,,,,,
3,,,,,
3,,,,,
2,Electric_Vehicle_2,,,0.0,45.6
1,Electric_Vehicle_2,16.0,89.6,,
1,Electric_Vehicle_2,15.0,89.6,,
1,Electric_Vehicle_2,14.0,89.6,,
1,Electric_Vehicle_2,13.0,89.6,,
1,Electric_Vehicle_2,12.0,89.6,,
1,Electric_Vehicle_2,11.0,89.6,,
1,Electric_Vehicle_2,10.0,89.6,,
1,Electric_Vehicle_2,9.0,89.6,,
1,Electric_Vehicle_2,8.0,89.6,,
1,Electric_Vehicle_2,7.0,89.6,,
1,Electric_Vehicle_2,6.0,89.6,,
1,Electric_Vehicle_2,5.0,89.6,,
1,Electric_Vehicle_2,4.0,89.6,,
1,Electric_Vehicle_2,3.0,89.6,,
1,Electric_Vehicle_2,2.0,89.6,,
1,Electric_Vehicle_2,1.0,89.6,,
1,Electric_Vehicle_2,0.0,89.6,,
3,,,,,
3,,,,,
2,Electric_Vehicle_2,,,0.0,45.7
1,Electric_Vehicle_2,18.0,82.6,,
1,Electric_Vehicle_2,17.0,82.6,,
1,Electric_Vehicle_2,16.0,82.6,,
1,Electric_Vehicle_2,15.0,82.6,,
1,Electric_Vehicle_2,14.0,82.6,,
1,Electric_Vehicle_2,13.0,82.6,,
1,Electric_Vehicle_2,12.0,82.6,,
1,Electric_Vehicle_2,11.0,82.6,,
1,Electric_Vehicle_2,10.0,82.6,,
1,Electric_Vehicle_2,9.0,82.6,,
1,Electric_Vehicle_2,8.0,82.6,,
1,Electric_Vehicle_2,7.0,82.6,,
1,Electric_Vehicle_2,6.0,82.6,,
1,Electric_Vehicle_2,5.0,82.6,,
1,Electric_Vehicle_2,4.0,82.6,,
1,Electric_Vehicle_2,3.0,82.6,,
1,Electric_Vehicle_2,2.0,82.6,,
1,Electric_Vehicle_2,1.0,82.6,,
1,Electric_Vehicle_2,0.0,82.6,,
3,,,,,
3,,,,,
3,,,,,
3,,,,,
3,,,,,
3,,,,,
3,,,,,
2,Electric_Vehicle_2,,,0.0,48.7
1,Electric_Vehicle_2,15.0,70.4,,
1,Electric_Vehicle_2,14.0,70.4,,
1,Electric_Vehicle_2,13.0,70.4,,
1,Electric_Vehicle_2,12.0,70.4,,
1,Electric_Vehicle_2,11.0,70.4,,
1,Electric_Vehicle_2,10.0,70.4,,
1,Electric_Vehicle_2,9.0,70.4,,
1,Electric_Vehicle_2,8.0,70.4,,
1,Electric_Vehicle_2,7.0,70.4,,
1,Electric_Vehicle_2,6.0,70.4,,
1,Electric_Vehicle_2,5.0,70.4,,
1,Electric_Vehicle_2,4.0,70.4,,
1,Electric_Vehicle_2,3.0,70.4,,
1,Electric_Vehicle_2,2.0,70.4,,
1,Electric_Vehicle_2,1.0,70.4,,
1,Electric_Vehicle_2,0.0,70.4,,
3,,,,,
3,,,,,
3,,,,,
3,,,,,
3,,,,,
3,,,,,
3,,,,,
3,,,,,
3,,,,,
3,,,,,
3,,,,,
2,Electric_Vehicle_2,,,0.0,40.6
1,Electric_Vehicle_2,10.0,89.9,,
1,Electric_Vehicle_2,9.0,89.9,,
1,Electric_Vehicle_2,8.0,89.9,,
1,Electric_Vehicle_2,7.0,89.9,,
1,Electric_Vehicle_2,6.0,89.9,,
1,Electric_Vehicle_2,5.0,89.9,,
1,Electric_Vehicle_2,4.0,89.9,,
1,Electric_Vehicle_2,3.0,89.9,,
1,Electric_Vehicle_2,2.0,89.9,,
1,Electric_Vehicle_2,1.0,89.9,,
1,Electric_Vehicle_2,0.0,89.9,,
3,,,,,
3,,,,,
3,,,,,
3,,,,,
3,,,,,
3,,,,,
3,,,,,
3,,,,,
3,,,,,
3,,,,,
3,,,,,
2,Electric_Vehicle_2,,,0.0,48.5
1,Electric_Vehicle_2,11.0,90.0,,
1,Electric_Vehicle_2,10.0,90.0,,
1,Electric_Vehicle_2,9.0,90.0,,
1,Electric_Vehicle_2,8.0,90.0,,
1,Electric_Vehicle_2,7.0,90.0,,
1,Electric_Vehicle_2,6.0,90.0,,
1,Electric_Vehicle_2,5.0,90.0,,
1,Electric_Vehicle_2,4.0,90.0,,
1,Electric_Vehicle_2,3.0,90.0,,
1,Electric_Vehicle_2,2.0,90.0,,
1,Electric_Vehicle_2,1.0,90.0,,
1,Electric_Vehicle_2,0.0,90.0,,
3,,,,,
3,,,,,
3,,,,,
3,,,,,
3,,,,,
3,,,,,
3,,,,,
3,,,,,
3,,,,,
3,,,,,
2,Electric_Vehicle_2,,,0.0,34.2
1,Electric_Vehicle_2,36.0,88.1,,
1,Electric_Vehicle_2,35.0,88.1,,
1,Electric_Vehicle_2,34.0,88.1,,
1,Electric_Vehicle_2,33.0,88.1,,
1,Electric_Vehicle_2,32.0,88.1,,
1,Electric_Vehicle_2,31.0,88.1,,
1,Electric_Vehicle_2,30.0,88.1,,
1,Electric_Vehicle_2,29.0,88.1,,
1,Electric_Vehicle_2,28.0,88.1,,
1,Electric_Vehicle_2,27.0,88.1,,
1,Electric_Vehicle_2,26.0,88.1,,
1,Electric_Vehicle_2,25.0,88.1,,
1,Electric_Vehicle_2,24.0,88.1,,
1,Electric_Vehicle_2,23.0,88.1,,
1,Electric_Vehicle_2,22.0,88.1,,
1,Electric_Vehicle_2,21.0,88.1,,
1,Electric_Vehicle_2,20.0,88.1,,
1,Electric_Vehicle_2,19.0,88.1,,
1,Electric_Vehicle_2,18.0,88.1,,
1,Electric_Vehicle_2,17.0,88.1,,
1,Electric_Vehicle_2,16.0,88.1,,
1,Electric_Vehicle_2,15.0,88.1,,
1,Electric_Vehicle_2,14.0,88.1,,
1,Electric_Vehicle_2,13.0,88.1,,
1,Electric_Vehicle_2,12.0,88.1,,
1,Electric_Vehicle_2,11.0,88.1,,
1,Electric_Vehicle_2,10.0,88.1,,
1,Electric_Vehicle_2,9.0,88.1,,
1,Electric_Vehicle_2,8.0,88.1,,
1,Electric_Vehicle_2,7.0,88.1,,
1,Electric_Vehicle_2,6.0,88.1,,
1,Electric_Vehicle_2,5.0,88.1,,
1,Electric_Vehicle_2,4.0,88.1,,
1,Electric_Vehicle_2,3.0,88.1,,
1,Electric_Vehicle_2,2.0,88.1,,
1,Electric_Vehicle_2,1.0,88.1,,
1,Electric_Vehicle_2,0.0,88.1,,
3,,,,,
3,,,,,
3,,,,,
3,,,,,
3,,,,,
3,,,,,
3,,,,,
3,,,,,
3,,,,,
3,,,,,
2,Electric_Vehicle_2,,,0.0,34.9
1,Electric_Vehicle_2,61.0,87.2,,
1,Electric_Vehicle_2,60.0,87.2,,
1,Electric_Vehicle_2,59.0,87.2,,
1,Electric_Vehicle_2,58.0,87.2,,
1,Electric_Vehicle_2,57.0,87.2,,
1,Electric_Vehicle_2,56.0,87.2,,
1,Electric_Vehicle_2,55.0,87.2,,
1,Electric_Vehicle_2,54.0,87.2,,
1,Electric_Vehicle_2,53.0,87.2,,
1,Electric_Vehicle_2,52.0,87.2,,
1,Electric_Vehicle_2,51.0,87.2,,
1,Electric_Vehicle_2,50.0,87.2,,
1,Electric_Vehicle_2,49.0,87.2,,
1,Electric_Vehicle_2,48.0,87.2,,
1,Electric_Vehicle_2,47.0,87.2,,
1,Electric_Vehicle_2,46.0,87.2,,
1,Electric_Vehicle_2,45.0,87.2,,
1,Electric_Vehicle_2,44.0,87.2,,
1,Electric_Vehicle_2,43.0,87.2,,
1,Electric_Vehicle_2,42.0,87.2,,
1,Electric_Vehicle_2,41.0,87.2,,
1,Electric_Vehicle_2,40.0,87.2,,
1,Electric_Vehicle_2,39.0,87.2,,
1,Electric_Vehicle_2,38.0,87.2,,
1,Electric_Vehicle_2,37.0,87.2,,
1,Electric_Vehicle_2,36.0,87.2,,
1,Electric_Vehicle_2,35.0,87.2,,
1,Electric_Vehicle_2,34.0,87.2,,
1,Electric_Vehicle_2,33.0,87.2,,
1,Electric_Vehicle_2,32.0,87.2,,
1,Electric_Vehicle_2,31.0,87.2,,
1,Electric_Vehicle_2,30.0,87.2,,
1,Electric_Vehicle_2,29.0,87.2,,
1,Electric_Vehicle_2,28.0,87.2,,
1,Electric_Vehicle_2,27.0,87.2,,
1,Electric_Vehicle_2,26.0,87.2,,
1,Electric_Vehicle_2,25.0,87.2,,
1,Electric_Vehicle_2,24.0,87.2,,
1,Electric_Vehicle_2,23.0,87.2,,
1,Electric_Vehicle_2,22.0,87.2,,
1,Electric_Vehicle_2,21.0,87.2,,
1,Electric_Vehicle_2,20.0,87.2,,
1,Electric_Vehicle_2,19.0,87.2,,
1,Electric_Vehicle_2,18.0,87.2,,
1,Electric_Vehicle_2,17.0,87.2,,
1,Electric_Vehicle_2,16.0,87.2,,
1,Electric_Vehicle_2,15.0,87.2,,
1,Electric_Vehicle_2,14.0,87.2,,
1,Electric_Vehicle_2,13.0,87.2,,
1,Electric_Vehicle_2,12.0,87.2,,
1,Electric_Vehicle_2,11.0,87.2,,
1,Electric_Vehicle_2,10.0,87.2,,
1,Electric_Vehicle_2,9.0,87.2,,
1,Electric_Vehicle_2,8.0,87.2,,
1,Electric_Vehicle_2,7.0,87.2,,
1,Electric_Vehicle_2,6.0,87.2,,
1,Electric_Vehicle_2,5.0,87.2,,
1,Electric_Vehicle_2,4.0,87.2,,
1,Electric_Vehicle_2,3.0,87.2,,
1,Electric_Vehicle_2,2.0,87.2,,
1,Electric_Vehicle_2,1.0,87.2,,
1,Electric_Vehicle_2,0.0,87.2,,
3,,,,,
3,,,,,
3,,,,,
3,,,,,
3,,,,,
3,,,,,
3,,,,,
3,,,,,
3,,,,,
3,,,,,
2,Electric_Vehicle_2,,,0.0,30.3
1,Electric_Vehicle_2,12.0,79.7,,
1,Electric_Vehicle_2,11.0,79.7,,
1,Electric_Vehicle_2,10.0,79.7,,
1,Electric_Vehicle_2,9.0,79.7,,
1,Electric_Vehicle_2,8.0,79.7,,
1,Electric_Vehicle_2,7.0,79.7,,
1,Electric_Vehicle_2,6.0,79.7,,
1,Electric_Vehicle_2,5.0,79.7,,
1,Electric_Vehicle_2,4.0,79.7,,
1,Electric_Vehicle_2,3.0,79.7,,
1,Electric_Vehicle_2,2.0,79.7,,
1,Electric_Vehicle_2,1.0,79.7,,
1,Electric_Vehicle_2,0.0,79.7,,
3,,,,,
3,,,,,
3,,,,,
3,,,,,
3,,,,,
3,,,,,
3,,,,,
2,Electric_Vehicle_2,,,0.0,28.1
1,Electric_Vehicle_2,14.0,89.7,,
1,Electric_Vehicle_2,13.0,89.7,,
1,Electric_Vehicle_2,12.0,89.7,,
1,Electric_Vehicle_2,11.0,89.7,,
1,Electric_Vehicle_2,10.0,89.7,,
1,Electric_Vehicle_2,9.0,89.7,,
1,Electric_Vehicle_2,8.0,89.7,,
1,Electric_Vehicle_2,7.0,89.7,,
1,Electric_Vehicle_2,6.0,89.7,,
1,Electric_Vehicle_2,5.0,89.7,,
1,Electric_Vehicle_2,4.0,89.7,,
1,Electric_Vehicle_2,3.0,89.7,,
1,Electric_Vehicle_2,2.0,89.7,,
1,Electric_Vehicle_2,1.0,89.7,,
1,Electric_Vehicle_2,0.0,89.7,,
3,,,,,
3,,,,,
3,,,,,
3,,,,,
3,,,,,
3,,,,,
3,,,,,
3,,,,,
3,,,,,
3,,,,,
3,,,,,
2,Electric_Vehicle_2,,,0.0,41.4
1,Electric_Vehicle_2,12.0,89.8,,
1,Electric_Vehicle_2,11.0,89.8,,
1,Electric_Vehicle_2,10.0,89.8,,
1,Electric_Vehicle_2,9.0,89.8,,
1,Electric_Vehicle_2,8.0,89.8,,
1,Electric_Vehicle_2,7.0,89.8,,
1,Electric_Vehicle_2,6.0,89.8,,
1,Electric_Vehicle_2,5.0,89.8,,
1,Electric_Vehicle_2,4.0,89.8,,
1,Electric_Vehicle_2,3.0,89.8,,
1,Electric_Vehicle_2,2.0,89.8,,
1,Electric_Vehicle_2,1.0,89.8,,
1,Electric_Vehicle_2,0.0,89.8,,
3,,,,,
3,,,,,
3,,,,,
3,,,,,
3,,,,,
3,,,,,
3,,,,,
3,,,,,
3,,,,,
2,Electric_Vehicle_2,,,0.0,38.0
1,Electric_Vehicle_2,13.0,71.7,,
1,Electric_Vehicle_2,12.0,71.7,,
1,Electric_Vehicle_2,11.0,71.7,,
1,Electric_Vehicle_2,10.0,71.7,,
1,Electric_Vehicle_2,9.0,71.7,,
1,Electric_Vehicle_2,8.0,71.7,,
1,Electric_Vehicle_2,7.0,71.7,,
1,Electric_Vehicle_2,6.0,71.7,,
1,Electric_Vehicle_2,5.0,71.7,,
1,Electric_Vehicle_2,4.0,71.7,,
1,Electric_Vehicle_2,3.0,71.7,,
1,Electric_Vehicle_2,2.0,71.7,,
1,Electric_Vehicle_2,1.0,71.7,,
1,Electric_Vehicle_2,0.0,71.7,,
3,,,,,
3,,,,,
3,,,,,
3,,,,,
3,,,,,
3,,,,,
3,,,,,
3,,,,,
2,Electric_Vehicle_2,,,0.0,40.1
1,Electric_Vehicle_2,40.0,76.4,,
1,Electric_Vehicle_2,39.0,76.4,,
1,Electric_Vehicle_2,38.0,76.4,,
1,Electric_Vehicle_2,37.0,76.4,,
1,Electric_Vehicle_2,36.0,76.4,,
1,Electric_Vehicle_2,35.0,76.4,,
1,Electric_Vehicle_2,34.0,76.4,,
1,Electric_Vehicle_2,33.0,76.4,,
1,Electric_Vehicle_2,32.0,76.4,,
1,Electric_Vehicle_2,31.0,76.4,,
1,Electric_Vehicle_2,30.0,76.4,,
1,Electric_Vehicle_2,29.0,76.4,,
1,Electric_Vehicle_2,28.0,76.4,,
1,Electric_Vehicle_2,27.0,76.4,,
1,Electric_Vehicle_2,26.0,76.4,,
1,Electric_Vehicle_2,25.0,76.4,,
1,Electric_Vehicle_2,24.0,76.4,,
1,Electric_Vehicle_2,23.0,76.4,,
1,Electric_Vehicle_2,22.0,76.4,,
1,Electric_Vehicle_2,21.0,76.4,,
1,Electric_Vehicle_2,20.0,76.4,,
1,Electric_Vehicle_2,19.0,76.4,,
1,Electric_Vehicle_2,18.0,76.4,,
1,Electric_Vehicle_2,17.0,76.4,,
1,Electric_Vehicle_2,16.0,76.4,,
1,Electric_Vehicle_2,15.0,76.4,,
1,Electric_Vehicle_2,14.0,76.4,,
1,Electric_Vehicle_2,13.0,76.4,,
1,Electric_Vehicle_2,12.0,76.4,,
1,Electric_Vehicle_2,11.0,76.4,,
1,Electric_Vehicle_2,10.0,76.4,,
1,Electric_Vehicle_2,9.0,76.4,,
1,Electric_Vehicle_2,8.0,76.4,,
1,Electric_Vehicle_2,7.0,76.4,,
1,Electric_Vehicle_2,6.0,76.4,,
1,Electric_Vehicle_2,5.0,76.4,,
1,Electric_Vehicle_2,4.0,76.4,,
1,Electric_Vehicle_2,3.0,76.4,,
1,Electric_Vehicle_2,2.0,76.4,,
1,Electric_Vehicle_2,1.0,76.4,,
1,Electric_Vehicle_2,0.0,76.4,,
3,,,,,
3,,,,,
3,,,,,
3,,,,,
3,,,,,
2,Electric_Vehicle_2,,,0.0,50.6
1,Electric_Vehicle_2,15.0,89.4,,
1,Electric_Vehicle_2,14.0,89.4,,
1,Electric_Vehicle_2,13.0,89.4,,
1,Electric_Vehicle_2,12.0,89.4,,
1,Electric_Vehicle_2,11.0,89.4,,
1,Electric_Vehicle_2,10.0,89.4,,
1,Electric_Vehicle_2,9.0,89.4,,
1,Electric_Vehicle_2,8.0,89.4,,
1,Electric_Vehicle_2,7.0,89.4,,
1,Electric_Vehicle_2,6.0,89.4,,
1,Electric_Vehicle_2,5.0,89.4,,
1,Electric_Vehicle_2,4.0,89.4,,
1,Electric_Vehicle_2,3.0,89.4,,
1,Electric_Vehicle_2,2.0,89.4,,
1,Electric_Vehicle_2,1.0,89.4,,
1,Electric_Vehicle_2,0.0,89.4,,
3,,,,,
3,,,,,
3,,,,,
3,,,,,
3,,,,,
3,,,,,
3,,,,,
3,,,,,
3,,,,,
2,Electric_Vehicle_2,,,0.0,25.7
1,Electric_Vehicle_2,37.0,86.9,,
1,Electric_Vehicle_2,36.0,86.9,,
1,Electric_Vehicle_2,35.0,86.9,,
1,Electric_Vehicle_2,34.0,86.9,,
1,Electric_Vehicle_2,33.0,86.9,,
1,Electric_Vehicle_2,32.0,86.9,,
1,Electric_Vehicle_2,31.0,86.9,,
1,Electric_Vehicle_2,30.0,86.9,,
1,Electric_Vehicle_2,29.0,86.9,,
1,Electric_Vehicle_2,28.0,86.9,,
1,Electric_Vehicle_2,27.0,86.9,,
1,Electric_Vehicle_2,26.0,86.9,,
1,Electric_Vehicle_2,25.0,86.9,,
1,Electric_Vehicle_2,24.0,86.9,,
1,Electric_Vehicle_2,23.0,86.9,,
1,Electric_Vehicle_2,22.0,86.9,,
1,Electric_Vehicle_2,21.0,86.9,,
1,Electric_Vehicle_2,20.0,86.9,,
1,Electric_Vehicle_2,19.0,86.9,,
1,Electric_Vehicle_2,18.0,86.9,,
1,Electric_Vehicle_2,17.0,86.9,,
1,Electric_Vehicle_2,16.0,86.9,,
1,Electric_Vehicle_2,15.0,86.9,,
1,Electric_Vehicle_2,14.0,86.9,,
1,Electric_Vehicle_2,13.0,86.9,,
1,Electric_Vehicle_2,12.0,86.9,,
1,Electric_Vehicle_2,11.0,86.9,,
1,Electric_Vehicle_2,10.0,86.9,,
1,Electric_Vehicle_2,9.0,86.9,,
1,Electric_Vehicle_2,8.0,86.9,,
1,Electric_Vehicle_2,7.0,86.9,,
1,Electric_Vehicle_2,6.0,86.9,,
1,Electric_Vehicle_2,5.0,86.9,,
1,Electric_Vehicle_2,4.0,86.9,,
1,Electric_Vehicle_2,3.0,86.9,,
1,Electric_Vehicle_2,2.0,86.9,,
1,Electric_Vehicle_2,1.0,86.9,,
1,Electric_Vehicle_2,0.0,86.9,,
3,,,,,
3,,,,,
3,,,,,
3,,,,,
3,,,,,
3,,,,,
3,,,,,
3,,,,,
3,,,,,
2,Electric_Vehicle_2,,,0.0,25.1
1,Electric_Vehicle_2,12.0,89.0,,
1,Electric_Vehicle_2,11.0,89.0,,
1,Electric_Vehicle_2,10.0,89.0,,
1,Electric_Vehicle_2,9.0,89.0,,
1,Electric_Vehicle_2,8.0,89.0,,
1,Electric_Vehicle_2,7.0,89.0,,
1,Electric_Vehicle_2,6.0,89.0,,
1,Electric_Vehicle_2,5.0,89.0,,
1,Electric_Vehicle_2,4.0,89.0,,
1,Electric_Vehicle_2,3.0,89.0,,
1,Electric_Vehicle_2,2.0,89.0,,
1,Electric_Vehicle_2,1.0,89.0,,
1,Electric_Vehicle_2,0.0,89.0,,
3,,,,,
3,,,,,
3,,,,,
3,,,,,
3,,,,,
3,,,,,
3,,,,,
3,,,,,
3,,,,,
3,,,,,
3,,,,,
2,Electric_Vehicle_2,,,0.0,25.1
1,Electric_Vehicle_2,11.0,82.6,,
1,Electric_Vehicle_2,10.0,82.6,,
1,Electric_Vehicle_2,9.0,82.6,,
1,Electric_Vehicle_2,8.0,82.6,,
1,Electric_Vehicle_2,7.0,82.6,,
1,Electric_Vehicle_2,6.0,82.6,,
1,Electric_Vehicle_2,5.0,82.6,,
1,Electric_Vehicle_2,4.0,82.6,,
1,Electric_Vehicle_2,3.0,82.6,,
1,Electric_Vehicle_2,2.0,82.6,,
1,Electric_Vehicle_2,1.0,82.6,,
1,Electric_Vehicle_2,0.0,82.6,,
3,,,,,
3,,,,,
3,,,,,
3,,,,,
3,,,,,
3,,,,,
3,,,,,
3,,,,,
2,Electric_Vehicle_2,,,0.0,48.1
1,Electric_Vehicle_2,85.0,70.1,,
1,Electric_Vehicle_2,84.0,70.1,,
1,Electric_Vehicle_2,83.0,70.1,,
1,Electric_Vehicle_2,82.0,70.1,,
1,Electric_Vehicle_2,81.0,70.1,,
1,Electric_Vehicle_2,80.0,70.1,,
1,Electric_Vehicle_2,79.0,70.1,,
1,Electric_Vehicle_2,78.0,70.1,,
1,Electric_Vehicle_2,77.0,70.1,,
1,Electric_Vehicle_2,76.0,70.1,,
1,Electric_Vehicle_2,75.0,70.1,,
1,Electric_Vehicle_2,74.0,70.1,,
1,Electric_Vehicle_2,73.0,70.1,,
1,Electric_Vehicle_2,72.0,70.1,,
1,Electric_Vehicle_2,71.0,70.1,,
1,Electric_Vehicle_2,70.0,70.1,,
1,Electric_Vehicle_2,69.0,70.1,,
1,Electric_Vehicle_2,68.0,70.1,,
1,Electric_Vehicle_2,67.0,70.1,,
1,Electric_Vehicle_2,66.0,70.1,,
1,Electric_Vehicle_2,65.0,70.1,,
1,Electric_Vehicle_2,64.0,70.1,,
1,Electric_Vehicle_2,63.0,70.1,,
1,Electric_Vehicle_2,62.0,70.1,,
1,Electric_Vehicle_2,61.0,70.1,,
1,Electric_Vehicle_2,60.0,70.1,,
1,Electric_Vehicle_2,59.0,70.1,,
1,Electric_Vehicle_2,58.0,70.1,,
1,Electric_Vehicle_2,57.0,70.1,,
1,Electric_Vehicle_2,56.0,70.1,,
1,Electric_Vehicle_2,55.0,70.1,,
1,Electric_Vehicle_2,54.0,70.1,,
1,Electric_Vehicle_2,53.0,70.1,,
1,Electric_Vehicle_2,52.0,70.1,,
1,Electric_Vehicle_2,51.0,70.1,,
1,Electric_Vehicle_2,50.0,70.1,,
1,Electric_Vehicle_2,49.0,70.1,,
1,Electric_Vehicle_2,48.0,70.1,,
1,Electric_Vehicle_2,47.0,70.1,,
1,Electric_Vehicle_2,46.0,70.1,,
1,Electric_Vehicle_2,45.0,70.1,,
1,Electric_Vehicle_2,44.0,70.1,,
1,Electric_Vehicle_2,43.0,70.1,,
1,Electric_Vehicle_2,42.0,70.1,,
1,Electric_Vehicle_2,41.0,70.1,,
1,Electric_Vehicle_2,40.0,70.1,,
1,Electric_Vehicle_2,39.0,70.1,,
1,Electric_Vehicle_2,38.0,70.1,,
1,Electric_Vehicle_2,37.0,70.1,,
1,Electric_Vehicle_2,36.0,70.1,,
1,Electric_Vehicle_2,35.0,70.1,,
1,Electric_Vehicle_2,34.0,70.1,,
1,Electric_Vehicle_2,33.0,70.1,,
1,Electric_Vehicle_2,32.0,70.1,,
1,Electric_Vehicle_2,31.0,70.1,,
1,Electric_Vehicle_2,30.0,70.1,,
1,Electric_Vehicle_2,29.0,70.1,,
1,Electric_Vehicle_2,28.0,70.1,,
1,Electric_Vehicle_2,27.0,70.1,,
1,Electric_Vehicle_2,26.0,70.1,,
1,Electric_Vehicle_2,25.0,70.1,,
1,Electric_Vehicle_2,24.0,70.1,,
1,Electric_Vehicle_2,23.0,70.1,,
1,Electric_Vehicle_2,22.0,70.1,,
1,Electric_Vehicle_2,21.0,70.1,,
1,Electric_Vehicle_2,20.0,70.1,,
1,Electric_Vehicle_2,19.0,70.1,,
1,Electric_Vehicle_2,18.0,70.1,,
1,Electric_Vehicle_2,17.0,70.1,,
1,Electric_Vehicle_2,16.0,70.1,,
1,Electric_Vehicle_2,15.0,70.1,,
1,Electric_Vehicle_2,14.0,70.1,,
1,Electric_Vehicle_2,13.0,70.1,,
1,Electric_Vehicle_2,12.0,70.1,,
1,Electric_Vehicle_2,11.0,70.1,,
1,Electric_Vehicle_2,10.0,70.1,,
1,Electric_Vehicle_2,9.0,70.1,,
1,Electric_Vehicle_2,8.0,70.1,,
1,Electric_Vehicle_2,7.0,70.1,,
1,Electric_Vehicle_2,6.0,70.1,,
1,Electric_Vehicle_2,5.0,70.1,,
1,Electric_Vehicle_2,4.0,70.1,,
1,Electric_Vehicle_2,3.0,70.1,,
1,Electric_Vehicle_2,2.0,70.1,,
1,Electric_Vehicle_2,1.0,70.1,,
1,Electric_Vehicle_2,0.0,70.1,,
3,,,,,
3,,,,,
3,,,,,
3,,,,,
3,,,,,
3,,,,,
3,,,,,
3,,,,,
3,,,,,
3,,,,,
3,,,,,
2,Electric_Vehicle_2,,,0.0,36.9
1,Electric_Vehicle_2,12.0,71.8,,
1,Electric_Vehicle_2,11.0,71.8,,
1,Electric_Vehicle_2,10.0,71.8,,
1,Electric_Vehicle_2,9.0,71.8,,
1,Electric_Vehicle_2,8.0,71.8,,
1,Electric_Vehicle_2,7.0,71.8,,
1,Electric_Vehicle_2,6.0,71.8,,
1,Electric_Vehicle_2,5.0,71.8,,
1,Electric_Vehicle_2,4.0,71.8,,
1,Electric_Vehicle_2,3.0,71.8,,
1,Electric_Vehicle_2,2.0,71.8,,
1,Electric_Vehicle_2,1.0,71.8,,
1,Electric_Vehicle_2,0.0,71.8,,
3,,,,,
3,,,,,
3,,,,,
3,,,,,
3,,,,,
3,,,,,
3,,,,,
3,,,,,
3,,,,,
2,Electric_Vehicle_2,,,0.0,46.3
1,Electric_Vehicle_2,14.0,71.2,,
1,Electric_Vehicle_2,13.0,71.2,,
1,Electric_Vehicle_2,12.0,71.2,,
1,Electric_Vehicle_2,11.0,71.2,,
1,Electric_Vehicle_2,10.0,71.2,,
1,Electric_Vehicle_2,9.0,71.2,,
1,Electric_Vehicle_2,8.0,71.2,,
1,Electric_Vehicle_2,7.0,71.2,,
1,Electric_Vehicle_2,6.0,71.2,,
1,Electric_Vehicle_2,5.0,71.2,,
1,Electric_Vehicle_2,4.0,71.2,,
1,Electric_Vehicle_2,3.0,71.2,,
1,Electric_Vehicle_2,2.0,71.2,,
1,Electric_Vehicle_2,1.0,71.2,,
1,Electric_Vehicle_2,0.0,71.2,,
3,,,,,
3,,,,,
3,,,,,
3,,,,,
3,,,,,
3,,,,,
3,,,,,
2,Electric_Vehicle_2,,,0.0,25.9
1,Electric_Vehicle_2,15.0,87.7,,
1,Electric_Vehicle_2,14.0,87.7,,
1,Electric_Vehicle_2,13.0,87.7,,
1,Electric_Vehicle_2,12.0,87.7,,
1,Electric_Vehicle_2,11.0,87.7,,
1,Electric_Vehicle_2,10.0,87.7,,
1,Electric_Vehicle_2,9.0,87.7,,
1,Electric_Vehicle_2,8.0,87.7,,
1,Electric_Vehicle_2,7.0,87.7,,
1,Electric_Vehicle_2,6.0,87.7,,
1,Electric_Vehicle_2,5.0,87.7,,
1,Electric_Vehicle_2,4.0,87.7,,
1,Electric_Vehicle_2,3.0,87.7,,
1,Electric_Vehicle_2,2.0,87.7,,
1,Electric_Vehicle_2,1.0,87.7,,
1,Electric_Vehicle_2,0.0,87.7,,
3,,,,,
3,,,,,
3,,,,,
3,,,,,
3,,,,,
3,,,,,
3,,,,,
3,,,,,
3,,,,,
3,,,,,
2,Electric_Vehicle_2,,,0.0,27.0
1,Electric_Vehicle_2,36.0,72.1,,
1,Electric_Vehicle_2,35.0,72.1,,
1,Electric_Vehicle_2,34.0,72.1,,
1,Electric_Vehicle_2,33.0,72.1,,
1,Electric_Vehicle_2,32.0,72.1,,
1,Electric_Vehicle_2,31.0,72.1,,
1,Electric_Vehicle_2,30.0,72.1,,
1,Electric_Vehicle_2,29.0,72.1,,
1,Electric_Vehicle_2,28.0,72.1,,
1,Electric_Vehicle_2,27.0,72.1,,
1,Electric_Vehicle_2,26.0,72.1,,
1,Electric_Vehicle_2,25.0,72.1,,
1,Electric_Vehicle_2,24.0,72.1,,
1,Electric_Vehicle_2,23.0,72.1,,
1,Electric_Vehicle_2,22.0,72.1,,
1,Electric_Vehicle_2,21.0,72.1,,
1,Electric_Vehicle_2,20.0,72.1,,
1,Electric_Vehicle_2,19.0,72.1,,
1,Electric_Vehicle_2,18.0,72.1,,
1,Electric_Vehicle_2,17.0,72.1,,
1,Electric_Vehicle_2,16.0,72.1,,
1,Electric_Vehicle_2,15.0,72.1,,
1,Electric_Vehicle_2,14.0,72.1,,
1,Electric_Vehicle_2,13.0,72.1,,
1,Electric_Vehicle_2,12.0,72.1,,
1,Electric_Vehicle_2,11.0,72.1,,
1,Electric_Vehicle_2,10.0,72.1,,
1,Electric_Vehicle_2,9.0,72.1,,
1,Electric_Vehicle_2,8.0,72.1,,
1,Electric_Vehicle_2,7.0,72.1,,
1,Electric_Vehicle_2,6.0,72.1,,
1,Electric_Vehicle_2,5.0,72.1,,
1,Electric_Vehicle_2,4.0,72.1,,
1,Electric_Vehicle_2,3.0,72.1,,
1,Electric_Vehicle_2,2.0,72.1,,
1,Electric_Vehicle_2,1.0,72.1,,
1,Electric_Vehicle_2,0.0,72.1,,
3,,,,,
3,,,,,
3,,,,,
3,,,,,
2,Electric_Vehicle_2,,,0.0,45.7
1,Electric_Vehicle_2,16.0,71.9,,
1,Electric_Vehicle_2,15.0,71.9,,
1,Electric_Vehicle_2,14.0,71.9,,
1,Electric_Vehicle_2,13.0,71.9,,
1,Electric_Vehicle_2,12.0,71.9,,
1,Electric_Vehicle_2,11.0,71.9,,
1,Electric_Vehicle_2,10.0,71.9,,
1,Electric_Vehicle_2,9.0,71.9,,
1,Electric_Vehicle_2,8.0,71.9,,
1,Electric_Vehicle_2,7.0,71.9,,
1,Electric_Vehicle_2,6.0,71.9,,
1,Electric_Vehicle_2,5.0,71.9,,
1,Electric_Vehicle_2,4.0,71.9,,
1,Electric_Vehicle_2,3.0,71.9,,
1,Electric_Vehicle_2,2.0,71.9,,
1,Electric_Vehicle_2,1.0,71.9,,
1,Electric_Vehicle_2,0.0,71.9,,
3,,,,,
3,,,,,
3,,,,,
3,,,,,
3,,,,,
3,,,,,
3,,,,,
3,,,,,
3,,,,,
3,,,,,
3,,,,,
2,Electric_Vehicle_2,,,0.0,47.5
1,Electric_Vehicle_2,12.0,78.6,,
1,Electric_Vehicle_2,11.0,78.6,,
1,Electric_Vehicle_2,10.0,78.6,,
1,Electric_Vehicle_2,9.0,78.6,,
1,Electric_Vehicle_2,8.0,78.6,,
1,Electric_Vehicle_2,7.0,78.6,,
1,Electric_Vehicle_2,6.0,78.6,,
1,Electric_Vehicle_2,5.0,78.6,,
1,Electric_Vehicle_2,4.0,78.6,,
1,Electric_Vehicle_2,3.0,78.6,,
1,Electric_Vehicle_2,2.0,78.6,,
1,Electric_Vehicle_2,1.0,78.6,,
1,Electric_Vehicle_2,0.0,78.6,,
3,,,,,
3,,,,,
3,,,,,
3,,,,,
3,,,,,
3,,,,,
3,,,,,
3,,,,,
2,Electric_Vehicle_2,,,0.0,46.0
1,Electric_Vehicle_2,14.0,79.9,,
1,Electric_Vehicle_2,13.0,79.9,,
1,Electric_Vehicle_2,12.0,79.9,,
1,Electric_Vehicle_2,11.0,79.9,,
1,Electric_Vehicle_2,10.0,79.9,,
1,Electric_Vehicle_2,9.0,79.9,,
1,Electric_Vehicle_2,8.0,79.9,,
1,Electric_Vehicle_2,7.0,79.9,,
1,Electric_Vehicle_2,6.0,79.9,,
1,Electric_Vehicle_2,5.0,79.9,,
1,Electric_Vehicle_2,4.0,79.9,,
1,Electric_Vehicle_2,3.0,79.9,,
1,Electric_Vehicle_2,2.0,79.9,,
1,Electric_Vehicle_2,1.0,79.9,,
1,Electric_Vehicle_2,0.0,79.9,,
3,,,,,
3,,,,,
3,,,,,
3,,,,,
3,,,,,
3,,,,,
3,,,,,
3,,,,,
3,,,,,
2,Electric_Vehicle_2,,,0.0,24.1
1,Electric_Vehicle_2,14.0,88.8,,
1,Electric_Vehicle_2,13.0,88.8,,
1,Electric_Vehicle_2,12.0,88.8,,
1,Electric_Vehicle_2,11.0,88.8,,
1,Electric_Vehicle_2,10.0,88.8,,
1,Electric_Vehicle_2,9.0,88.8,,
1,Electric_Vehicle_2,8.0,88.8,,
1,Electric_Vehicle_2,7.0,88.8,,
1,Electric_Vehicle_2,6.0,88.8,,
1,Electric_Vehicle_2,5.0,88.8,,
1,Electric_Vehicle_2,4.0,88.8,,
1,Electric_Vehicle_2,3.0,88.8,,
1,Electric_Vehicle_2,2.0,88.8,,
1,Electric_Vehicle_2,1.0,88.8,,
1,Electric_Vehicle_2,0.0,88.8,,
3,,,,,
3,,,,,
3,,,,,
3,,,,,
3,,,,,
3,,,,,
3,,,,,
3,,,,,
3,,,,,
3,,,,,
2,Electric_Vehicle_2,,,0.0,34.6
1,Electric_Vehicle_2,10.0,83.9,,
1,Electric_Vehicle_2,9.0,83.9,,
1,Electric_Vehicle_2,8.0,83.9,,
1,Electric_Vehicle_2,7.0,83.9,,
1,Electric_Vehicle_2,6.0,83.9,,
1,Electric_Vehicle_2,5.0,83.9,,
1,Electric_Vehicle_2,4.0,83.9,,
1,Electric_Vehicle_2,3.0,83.9,,
1,Electric_Vehicle_2,2.0,83.9,,
1,Electric_Vehicle_2,1.0,83.9,,
1,Electric_Vehicle_2,0.0,83.9,,
3,,,,,
3,,,,,
3,,,,,
3,,,,,
3,,,,,
3,,,,,
3,,,,,
3,,,,,
3,,,,,
2,Electric_Vehicle_2,,,0.0,49.3
1,Electric_Vehicle_2,63.0,76.7,,
1,Electric_Vehicle_2,62.0,76.7,,
1,Electric_Vehicle_2,61.0,76.7,,
1,Electric_Vehicle_2,60.0,76.7,,
1,Electric_Vehicle_2,59.0,76.7,,
1,Electric_Vehicle_2,58.0,76.7,,
1,Electric_Vehicle_2,57.0,76.7,,
1,Electric_Vehicle_2,56.0,76.7,,
1,Electric_Vehicle_2,55.0,76.7,,
1,Electric_Vehicle_2,54.0,76.7,,
1,Electric_Vehicle_2,53.0,76.7,,
1,Electric_Vehicle_2,52.0,76.7,,
1,Electric_Vehicle_2,51.0,76.7,,
1,Electric_Vehicle_2,50.0,76.7,,
1,Electric_Vehicle_2,49.0,76.7,,
1,Electric_Vehicle_2,48.0,76.7,,
1,Electric_Vehicle_2,47.0,76.7,,
1,Electric_Vehicle_2,46.0,76.7,,
1,Electric_Vehicle_2,45.0,76.7,,
1,Electric_Vehicle_2,44.0,76.7,,
1,Electric_Vehicle_2,43.0,76.7,,
1,Electric_Vehicle_2,42.0,76.7,,
1,Electric_Vehicle_2,41.0,76.7,,
1,Electric_Vehicle_2,40.0,76.7,,
1,Electric_Vehicle_2,39.0,76.7,,
1,Electric_Vehicle_2,38.0,76.7,,
1,Electric_Vehicle_2,37.0,76.7,,
1,Electric_Vehicle_2,36.0,76.7,,
1,Electric_Vehicle_2,35.0,76.7,,
1,Electric_Vehicle_2,34.0,76.7,,
1,Electric_Vehicle_2,33.0,76.7,,
1,Electric_Vehicle_2,32.0,76.7,,
1,Electric_Vehicle_2,31.0,76.7,,
1,Electric_Vehicle_2,30.0,76.7,,
1,Electric_Vehicle_2,29.0,76.7,,
1,Electric_Vehicle_2,28.0,76.7,,
1,Electric_Vehicle_2,27.0,76.7,,
1,Electric_Vehicle_2,26.0,76.7,,
1,Electric_Vehicle_2,25.0,76.7,,
1,Electric_Vehicle_2,24.0,76.7,,
1,Electric_Vehicle_2,23.0,76.7,,
1,Electric_Vehicle_2,22.0,76.7,,
1,Electric_Vehicle_2,21.0,76.7,,
1,Electric_Vehicle_2,20.0,76.7,,
1,Electric_Vehicle_2,19.0,76.7,,
1,Electric_Vehicle_2,18.0,76.7,,
1,Electric_Vehicle_2,17.0,76.7,,
1,Electric_Vehicle_2,16.0,76.7,,
1,Electric_Vehicle_2,15.0,76.7,,
1,Electric_Vehicle_2,14.0,76.7,,
1,Electric_Vehicle_2,13.0,76.7,,
1,Electric_Vehicle_2,12.0,76.7,,
1,Electric_Vehicle_2,11.0,76.7,,
1,Electric_Vehicle_2,10.0,76.7,,
1,Electric_Vehicle_2,9.0,76.7,,
1,Electric_Vehicle_2,8.0,76.7,,
1,Electric_Vehicle_2,7.0,76.7,,
1,Electric_Vehicle_2,6.0,76.7,,
1,Electric_Vehicle_2,5.0,76.7,,
1,Electric_Vehicle_2,4.0,76.7,,
1,Electric_Vehicle_2,3.0,76.7,,
1,Electric_Vehicle_2,2.0,76.7,,
1,Electric_Vehicle_2,1.0,76.7,,
1,Electric_Vehicle_2,0.0,76.7,,
3,,,,,
3,,,,,
3,,,,,
3,,,,,
3,,,,,
3,,,,,
3,,,,,
3,,,,,
3,,,,,
3,,,,,
2,Electric_Vehicle_2,,,0.0,30.5
1,Electric_Vehicle_2,36.0,81.5,,
1,Electric_Vehicle_2,35.0,81.5,,
1,Electric_Vehicle_2,34.0,81.5,,
1,Electric_Vehicle_2,33.0,81.5,,
1,Electric_Vehicle_2,32.0,81.5,,
1,Electric_Vehicle_2,31.0,81.5,,
1,Electric_Vehicle_2,30.0,81.5,,
1,Electric_Vehicle_2,29.0,81.5,,
1,Electric_Vehicle_2,28.0,81.5,,
1,Electric_Vehicle_2,27.0,81.5,,
1,Electric_Vehicle_2,26.0,81.5,,
1,Electric_Vehicle_2,25.0,81.5,,
1,Electric_Vehicle_2,24.0,81.5,,
1,Electric_Vehicle_2,23.0,81.5,,
1,Electric_Vehicle_2,22.0,81.5,,
1,Electric_Vehicle_2,21.0,81.5,,
1,Electric_Vehicle_2,20.0,81.5,,
1,Electric_Vehicle_2,19.0,81.5,,
1,Electric_Vehicle_2,18.0,81.5,,
1,Electric_Vehicle_2,17.0,81.5,,
1,Electric_Vehicle_2,16.0,81.5,,
1,Electric_Vehicle_2,15.0,81.5,,
1,Electric_Vehicle_2,14.0,81.5,,
1,Electric_Vehicle_2,13.0,81.5,,
1,Electric_Vehicle_2,12.0,81.5,,
1,Electric_Vehicle_2,11.0,81.5,,
1,Electric_Vehicle_2,10.0,81.5,,
1,Electric_Vehicle_2,9.0,81.5,,
1,Electric_Vehicle_2,8.0,81.5,,
1,Electric_Vehicle_2,7.0,81.5,,
1,Electric_Vehicle_2,6.0,81.5,,
1,Electric_Vehicle_2,5.0,81.5,,
1,Electric_Vehicle_2,4.0,81.5,,
1,Electric_Vehicle_2,3.0,81.5,,
1,Electric_Vehicle_2,2.0,81.5,,
1,Electric_Vehicle_2,1.0,81.5,,
1,Electric_Vehicle_2,0.0,81.5,,
3,,,,,
3,,,,,
3,,,,,
3,,,,,
3,,,,,
3,,,,,
2,Electric_Vehicle_2,,,0.0,41.4
1,Electric_Vehicle_2,16.0,72.9,,
1,Electric_Vehicle_2,15.0,72.9,,
1,Electric_Vehicle_2,14.0,72.9,,
1,Electric_Vehicle_2,13.0,72.9,,
1,Electric_Vehicle_2,12.0,72.9,,
1,Electric_Vehicle_2,11.0,72.9,,
1,Electric_Vehicle_2,10.0,72.9,,
1,Electric_Vehicle_2,9.0,72.9,,
1,Electric_Vehicle_2,8.0,72.9,,
1,Electric_Vehicle_2,7.0,72.9,,
1,Electric_Vehicle_2,6.0,72.9,,
1,Electric_Vehicle_2,5.0,72.9,,
1,Electric_Vehicle_2,4.0,72.9,,
1,Electric_Vehicle_2,3.0,72.9,,
1,Electric_Vehicle_2,2.0,72.9,,
1,Electric_Vehicle_2,1.0,72.9,,
1,Electric_Vehicle_2,0.0,72.9,,
3,,,,,
3,,,,,
3,,,,,
3,,,,,
3,,,,,
3,,,,,
3,,,,,
3,,,,,
3,,,,,
2,Electric_Vehicle_2,,,0.0,43.2
1,Electric_Vehicle_2,13.0,76.9,,
1,Electric_Vehicle_2,12.0,76.9,,
1,Electric_Vehicle_2,11.0,76.9,,
1,Electric_Vehicle_2,10.0,76.9,,
1,Electric_Vehicle_2,9.0,76.9,,
1,Electric_Vehicle_2,8.0,76.9,,
1,Electric_Vehicle_2,7.0,76.9,,
1,Electric_Vehicle_2,6.0,76.9,,
1,Electric_Vehicle_2,5.0,76.9,,
1,Electric_Vehicle_2,4.0,76.9,,
1,Electric_Vehicle_2,3.0,76.9,,
1,Electric_Vehicle_2,2.0,76.9,,
1,Electric_Vehicle_2,1.0,76.9,,
1,Electric_Vehicle_2,0.0,76.9,,
3,,,,,
3,,,,,
3,,,,,
3,,,,,
3,,,,,
3,,,,,
3,,,,,
2,Electric_Vehicle_2,,,0.0,40.6
1,Electric_Vehicle_2,41.0,73.5,,
1,Electric_Vehicle_2,40.0,73.5,,
1,Electric_Vehicle_2,39.0,73.5,,
1,Electric_Vehicle_2,38.0,73.5,,
1,Electric_Vehicle_2,37.0,73.5,,
1,Electric_Vehicle_2,36.0,73.5,,
1,Electric_Vehicle_2,35.0,73.5,,
1,Electric_Vehicle_2,34.0,73.5,,
1,Electric_Vehicle_2,33.0,73.5,,
1,Electric_Vehicle_2,32.0,73.5,,
1,Electric_Vehicle_2,31.0,73.5,,
1,Electric_Vehicle_2,30.0,73.5,,
1,Electric_Vehicle_2,29.0,73.5,,
1,Electric_Vehicle_2,28.0,73.5,,
1,Electric_Vehicle_2,27.0,73.5,,
1,Electric_Vehicle_2,26.0,73.5,,
1,Electric_Vehicle_2,25.0,73.5,,
1,Electric_Vehicle_2,24.0,73.5,,
1,Electric_Vehicle_2,23.0,73.5,,
1,Electric_Vehicle_2,22.0,73.5,,
1,Electric_Vehicle_2,21.0,73.5,,
1,Electric_Vehicle_2,20.0,73.5,,
1,Electric_Vehicle_2,19.0,73.5,,
1,Electric_Vehicle_2,18.0,73.5,,
1,Electric_Vehicle_2,17.0,73.5,,
1,Electric_Vehicle_2,16.0,73.5,,
1,Electric_Vehicle_2,15.0,73.5,,
1,Electric_Vehicle_2,14.0,73.5,,
1,Electric_Vehicle_2,13.0,73.5,,
1,Electric_Vehicle_2,12.0,73.5,,
1,Electric_Vehicle_2,11.0,73.5,,
1,Electric_Vehicle_2,10.0,73.5,,
1,Electric_Vehicle_2,9.0,73.5,,
1,Electric_Vehicle_2,8.0,73.5,,
1,Electric_Vehicle_2,7.0,73.5,,
1,Electric_Vehicle_2,6.0,73.5,,
1,Electric_Vehicle_2,5.0,73.5,,
1,Electric_Vehicle_2,4.0,73.5,,
1,Electric_Vehicle_2,3.0,73.5,,
1,Electric_Vehicle_2,2.0,73.5,,
1,Electric_Vehicle_2,1.0,73.5,,
1,Electric_Vehicle_2,0.0,73.5,,
3,,,,,
3,,,,,
3,,,,,
2,Electric_Vehicle_2,,,0.0,33.4
1,Electric_Vehicle_2,16.0,78.6,,
1,Electric_Vehicle_2,15.0,78.6,,
1,Electric_Vehicle_2,14.0,78.6,,
1,Electric_Vehicle_2,13.0,78.6,,
1,Electric_Vehicle_2,12.0,78.6,,
1,Electric_Vehicle_2,11.0,78.6,,
1,Electric_Vehicle_2,10.0,78.6,,
1,Electric_Vehicle_2,9.0,78.6,,
1,Electric_Vehicle_2,8.0,78.6,,
1,Electric_Vehicle_2,7.0,78.6,,
1,Electric_Vehicle_2,6.0,78.6,,
1,Electric_Vehicle_2,5.0,78.6,,
1,Electric_Vehicle_2,4.0,78.6,,
1,Electric_Vehicle_2,3.0,78.6,,
1,Electric_Vehicle_2,2.0,78.6,,
1,Electric_Vehicle_2,1.0,78.6,,
1,Electric_Vehicle_2,0.0,78.6,,
3,,,,,
3,,,,,
3,,,,,
3,,,,,
3,,,,,
3,,,,,
3,,,,,
3,,,,,
2,Electric_Vehicle_2,,,0.0,49.7
1,Electric_Vehicle_2,15.0,75.1,,
1,Electric_Vehicle_2,14.0,75.1,,
1,Electric_Vehicle_2,13.0,75.1,,
1,Electric_Vehicle_2,12.0,75.1,,
1,Electric_Vehicle_2,11.0,75.1,,
1,Electric_Vehicle_2,10.0,75.1,,
1,Electric_Vehicle_2,9.0,75.1,,
1,Electric_Vehicle_2,8.0,75.1,,
1,Electric_Vehicle_2,7.0,75.1,,
1,Electric_Vehicle_2,6.0,75.1,,
1,Electric_Vehicle_2,5.0,75.1,,
1,Electric_Vehicle_2,4.0,75.1,,
1,Electric_Vehicle_2,3.0,75.1,,
1,Electric_Vehicle_2,2.0,75.1,,
1,Electric_Vehicle_2,1.0,75.1,,
1,Electric_Vehicle_2,0.0,75.1,,
3,,,,,
3,,,,,
3,,,,,
3,,,,,
3,,,,,
3,,,,,
3,,,,,
3,,,,,
3,,,,,
3,,,,,
3,,,,,
3,,,,,
2,Electric_Vehicle_2,,,0.0,21.3
1,Electric_Vehicle_2,10.0,87.0,,
1,Electric_Vehicle_2,9.0,87.0,,
1,Electric_Vehicle_2,8.0,87.0,,
1,Electric_Vehicle_2,7.0,87.0,,
1,Electric_Vehicle_2,6.0,87.0,,
1,Electric_Vehicle_2,5.0,87.0,,
1,Electric_Vehicle_2,4.0,87.0,,
1,Electric_Vehicle_2,3.0,87.0,,
1,Electric_Vehicle_2,2.0,87.0,,
1,Electric_Vehicle_2,1.0,87.0,,
1,Electric_Vehicle_2,0.0,87.0,,
3,,,,,
3,,,,,
3,,,,,
3,,,,,
3,,,,,
3,,,,,
2,Electric_Vehicle_2,,,0.0,38.4
1,Electric_Vehicle_2,17.0,77.8,,
1,Electric_Vehicle_2,16.0,77.8,,
1,Electric_Vehicle_2,15.0,77.8,,
1,Electric_Vehicle_2,14.0,77.8,,
1,Electric_Vehicle_2,13.0,77.8,,
1,Electric_Vehicle_2,12.0,77.8,,
1,Electric_Vehicle_2,11.0,77.8,,
1,Electric_Vehicle_2,10.0,77.8,,
1,Electric_Vehicle_2,9.0,77.8,,
1,Electric_Vehicle_2,8.0,77.8,,
1,Electric_Vehicle_2,7.0,77.8,,
1,Electric_Vehicle_2,6.0,77.8,,
1,Electric_Vehicle_2,5.0,77.8,,
1,Electric_Vehicle_2,4.0,77.8,,
1,Electric_Vehicle_2,3.0,77.8,,
1,Electric_Vehicle_2,2.0,77.8,,
1,Electric_Vehicle_2,1.0,77.8,,
1,Electric_Vehicle_2,0.0,77.8,,
3,,,,,
3,,,,,
3,,,,,
3,,,,,
3,,,,,
3,,,,,
3,,,,,
3,,,,,
3,,,,,
2,Electric_Vehicle_2,,,0.0,32.4
1,Electric_Vehicle_2,63.0,72.5,,
1,Electric_Vehicle_2,62.0,72.5,,
1,Electric_Vehicle_2,61.0,72.5,,
1,Electric_Vehicle_2,60.0,72.5,,
1,Electric_Vehicle_2,59.0,72.5,,
1,Electric_Vehicle_2,58.0,72.5,,
1,Electric_Vehicle_2,57.0,72.5,,
1,Electric_Vehicle_2,56.0,72.5,,
1,Electric_Vehicle_2,55.0,72.5,,
1,Electric_Vehicle_2,54.0,72.5,,
1,Electric_Vehicle_2,53.0,72.5,,
1,Electric_Vehicle_2,52.0,72.5,,
1,Electric_Vehicle_2,51.0,72.5,,
1,Electric_Vehicle_2,50.0,72.5,,
1,Electric_Vehicle_2,49.0,72.5,,
1,Electric_Vehicle_2,48.0,72.5,,
1,Electric_Vehicle_2,47.0,72.5,,
1,Electric_Vehicle_2,46.0,72.5,,
1,Electric_Vehicle_2,45.0,72.5,,
1,Electric_Vehicle_2,44.0,72.5,,
1,Electric_Vehicle_2,43.0,72.5,,
1,Electric_Vehicle_2,42.0,72.5,,
1,Electric_Vehicle_2,41.0,72.5,,
1,Electric_Vehicle_2,40.0,72.5,,
1,Electric_Vehicle_2,39.0,72.5,,
1,Electric_Vehicle_2,38.0,72.5,,
1,Electric_Vehicle_2,37.0,72.5,,
1,Electric_Vehicle_2,36.0,72.5,,
1,Electric_Vehicle_2,35.0,72.5,,
1,Electric_Vehicle_2,34.0,72.5,,
1,Electric_Vehicle_2,33.0,72.5,,
1,Electric_Vehicle_2,32.0,72.5,,
1,Electric_Vehicle_2,31.0,72.5,,
1,Electric_Vehicle_2,30.0,72.5,,
1,Electric_Vehicle_2,29.0,72.5,,
1,Electric_Vehicle_2,28.0,72.5,,
1,Electric_Vehicle_2,27.0,72.5,,
1,Electric_Vehicle_2,26.0,72.5,,
1,Electric_Vehicle_2,25.0,72.5,,
1,Electric_Vehicle_2,24.0,72.5,,
1,Electric_Vehicle_2,23.0,72.5,,
1,Electric_Vehicle_2,22.0,72.5,,
1,Electric_Vehicle_2,21.0,72.5,,
1,Electric_Vehicle_2,20.0,72.5,,
1,Electric_Vehicle_2,19.0,72.5,,
1,Electric_Vehicle_2,18.0,72.5,,
1,Electric_Vehicle_2,17.0,72.5,,
1,Electric_Vehicle_2,16.0,72.5,,
1,Electric_Vehicle_2,15.0,72.5,,
1,Electric_Vehicle_2,14.0,72.5,,
1,Electric_Vehicle_2,13.0,72.5,,
1,Electric_Vehicle_2,12.0,72.5,,
1,Electric_Vehicle_2,11.0,72.5,,
1,Electric_Vehicle_2,10.0,72.5,,
1,Electric_Vehicle_2,9.0,72.5,,
1,Electric_Vehicle_2,8.0,72.5,,
1,Electric_Vehicle_2,7.0,72.5,,
1,Electric_Vehicle_2,6.0,72.5,,
1,Electric_Vehicle_2,5.0,72.5,,
1,Electric_Vehicle_2,4.0,72.5,,
1,Electric_Vehicle_2,3.0,72.5,,
1,Electric_Vehicle_2,2.0,72.5,,
1,Electric_Vehicle_2,1.0,72.5,,
1,Electric_Vehicle_2,0.0,72.5,,
3,,,,,
2,Electric_Vehicle_2,,,0.0,39.4
1,Electric_Vehicle_2,17.0,75.3,,
1,Electric_Vehicle_2,16.0,75.3,,
1,Electric_Vehicle_2,15.0,75.3,,
1,Electric_Vehicle_2,14.0,75.3,,
1,Electric_Vehicle_2,13.0,75.3,,
1,Electric_Vehicle_2,12.0,75.3,,
1,Electric_Vehicle_2,11.0,75.3,,
1,Electric_Vehicle_2,10.0,75.3,,
1,Electric_Vehicle_2,9.0,75.3,,
1,Electric_Vehicle_2,8.0,75.3,,
1,Electric_Vehicle_2,7.0,75.3,,
1,Electric_Vehicle_2,6.0,75.3,,
1,Electric_Vehicle_2,5.0,75.3,,
1,Electric_Vehicle_2,4.0,75.3,,
1,Electric_Vehicle_2,3.0,75.3,,
1,Electric_Vehicle_2,2.0,75.3,,
1,Electric_Vehicle_2,1.0,75.3,,
1,Electric_Vehicle_2,0.0,75.3,,
3,,,,,
3,,,,,
3,,,,,
3,,,,,
3,,,,,
3,,,,,
3,,,,,
3,,,,,
3,,,,,
2,Electric_Vehicle_2,,,0.0,43.2
1,Electric_Vehicle_2,12.0,86.2,,
1,Electric_Vehicle_2,11.0,86.2,,
1,Electric_Vehicle_2,10.0,86.2,,
1,Electric_Vehicle_2,9.0,86.2,,
1,Electric_Vehicle_2,8.0,86.2,,
1,Electric_Vehicle_2,7.0,86.2,,
1,Electric_Vehicle_2,6.0,86.2,,
1,Electric_Vehicle_2,5.0,86.2,,
1,Electric_Vehicle_2,4.0,86.2,,
1,Electric_Vehicle_2,3.0,86.2,,
1,Electric_Vehicle_2,2.0,86.2,,
1,Electric_Vehicle_2,1.0,86.2,,
1,Electric_Vehicle_2,0.0,86.2,,
3,,,,,
3,,,,,
3,,,,,
3,,,,,
3,,,,,
3,,,,,
3,,,,,
3,,,,,
3,,,,,
3,,,,,
3,,,,,
3,,,,,
2,Electric_Vehicle_2,,,0.0,32.1
1,Electric_Vehicle_2,13.0,80.1,,
1,Electric_Vehicle_2,12.0,80.1,,
1,Electric_Vehicle_2,11.0,80.1,,
1,Electric_Vehicle_2,10.0,80.1,,
1,Electric_Vehicle_2,9.0,80.1,,
1,Electric_Vehicle_2,8.0,80.1,,
1,Electric_Vehicle_2,7.0,80.1,,
1,Electric_Vehicle_2,6.0,80.1,,
1,Electric_Vehicle_2,5.0,80.1,,
1,Electric_Vehicle_2,4.0,80.1,,
1,Electric_Vehicle_2,3.0,80.1,,
1,Electric_Vehicle_2,2.0,80.1,,
1,Electric_Vehicle_2,1.0,80.1,,
1,Electric_Vehicle_2,0.0,80.1,,
3,,,,,
3,,,,,
3,,,,,
3,,,,,
3,,,,,
3,,,,,
3,,,,,
2,Electric_Vehicle_2,,,0.0,51.3
1,Electric_Vehicle_2,14.0,82.8,,
1,Electric_Vehicle_2,13.0,82.8,,
1,Electric_Vehicle_2,12.0,82.8,,
1,Electric_Vehicle_2,11.0,82.8,,
1,Electric_Vehicle_2,10.0,82.8,,
1,Electric_Vehicle_2,9.0,82.8,,
1,Electric_Vehicle_2,8.0,82.8,,
1,Electric_Vehicle_2,7.0,82.8,,
1,Electric_Vehicle_2,6.0,82.8,,
1,Electric_Vehicle_2,5.0,82.8,,
1,Electric_Vehicle_2,4.0,82.8,,
1,Electric_Vehicle_2,3.0,82.8,,
1,Electric_Vehicle_2,2.0,82.8,,
1,Electric_Vehicle_2,1.0,82.8,,
1,Electric_Vehicle_2,0.0,82.8,,
3,,,,,
3,,,,,
3,,,,,
3,,,,,
3,,,,,
3,,,,,
3,,,,,
3,,,,,
2,Electric_Vehicle_2,,,0.0,42.3
1,Electric_Vehicle_2,12.0,84.8,,
1,Electric_Vehicle_2,11.0,84.8,,
1,Electric_Vehicle_2,10.0,84.8,,
1,Electric_Vehicle_2,9.0,84.8,,
1,Electric_Vehicle_2,8.0,84.8,,
1,Electric_Vehicle_2,7.0,84.8,,
1,Electric_Vehicle_2,6.0,84.8,,
1,Electric_Vehicle_2,5.0,84.8,,
1,Electric_Vehicle_2,4.0,84.8,,
1,Electric_Vehicle_2,3.0,84.8,,
1,Electric_Vehicle_2,2.0,84.8,,
1,Electric_Vehicle_2,1.0,84.8,,
1,Electric_Vehicle_2,0.0,84.8,,
3,,,,,
3,,,,,
3,,,,,
3,,,,,
3,,,,,
3,,,,,
3,,,,,
3,,,,,
3,,,,,
2,Electric_Vehicle_2,,,0.0,27.0
1,Electric_Vehicle_2,19.0,71.3,,
1,Electric_Vehicle_2,18.0,71.3,,
1,Electric_Vehicle_2,17.0,71.3,,
1,Electric_Vehicle_2,16.0,71.3,,
1,Electric_Vehicle_2,15.0,71.3,,
1,Electric_Vehicle_2,14.0,71.3,,
1,Electric_Vehicle_2,13.0,71.3,,
1,Electric_Vehicle_2,12.0,71.3,,
1,Electric_Vehicle_2,11.0,71.3,,
1,Electric_Vehicle_2,10.0,71.3,,
1,Electric_Vehicle_2,9.0,71.3,,
1,Electric_Vehicle_2,8.0,71.3,,
1,Electric_Vehicle_2,7.0,71.3,,
1,Electric_Vehicle_2,6.0,71.3,,
1,Electric_Vehicle_2,5.0,71.3,,
1,Electric_Vehicle_2,4.0,71.3,,
1,Electric_Vehicle_2,3.0,71.3,,
1,Electric_Vehicle_2,2.0,71.3,,
1,Electric_Vehicle_2,1.0,71.3,,
1,Electric_Vehicle_2,0.0,71.3,,
3,,,,,
3,,,,,
3,,,,,
2,Electric_Vehicle_2,,,0.0,34.1
1,Electric_Vehicle_2,16.0,77.7,,
1,Electric_Vehicle_2,15.0,77.7,,
1,Electric_Vehicle_2,14.0,77.7,,
1,Electric_Vehicle_2,13.0,77.7,,
1,Electric_Vehicle_2,12.0,77.7,,
1,Electric_Vehicle_2,11.0,77.7,,
1,Electric_Vehicle_2,10.0,77.7,,
1,Electric_Vehicle_2,9.0,77.7,,
1,Electric_Vehicle_2,8.0,77.7,,
1,Electric_Vehicle_2,7.0,77.7,,
1,Electric_Vehicle_2,6.0,77.7,,
1,Electric_Vehicle_2,5.0,77.7,,
1,Electric_Vehicle_2,4.0,77.7,,
1,Electric_Vehicle_2,3.0,77.7,,
1,Electric_Vehicle_2,2.0,77.7,,
1,Electric_Vehicle_2,1.0,77.7,,
1,Electric_Vehicle_2,0.0,77.7,,
3,,,,,
3,,,,,
3,,,,,
3,,,,,
3,,,,,
3,,,,,
3,,,,,
2,Electric_Vehicle_2,,,0.0,54.2
1,Electric_Vehicle_2,14.0,77.3,,
1,Electric_Vehicle_2,13.0,77.3,,
1,Electric_Vehicle_2,12.0,77.3,,
1,Electric_Vehicle_2,11.0,77.3,,
1,Electric_Vehicle_2,10.0,77.3,,
1,Electric_Vehicle_2,9.0,77.3,,
1,Electric_Vehicle_2,8.0,77.3,,
1,Electric_Vehicle_2,7.0,77.3,,
1,Electric_Vehicle_2,6.0,77.3,,
1,Electric_Vehicle_2,5.0,77.3,,
1,Electric_Vehicle_2,4.0,77.3,,
1,Electric_Vehicle_2,3.0,77.3,,
1,Electric_Vehicle_2,2.0,77.3,,
1,Electric_Vehicle_2,1.0,77.3,,
1,Electric_Vehicle_2,0.0,77.3,,
3,,,,,
3,,,,,
3,,,,,
3,,,,,
3,,,,,
3,,,,,
3,,,,,
3,,,,,
2,Electric_Vehicle_2,,,0.0,33.6
1,Electric_Vehicle_2,13.0,77.3,,
1,Electric_Vehicle_2,12.0,77.3,,
1,Electric_Vehicle_2,11.0,77.3,,
1,Electric_Vehicle_2,10.0,77.3,,
1,Electric_Vehicle_2,9.0,77.3,,
1,Electric_Vehicle_2,8.0,77.3,,
1,Electric_Vehicle_2,7.0,77.3,,
1,Electric_Vehicle_2,6.0,77.3,,
1,Electric_Vehicle_2,5.0,77.3,,
1,Electric_Vehicle_2,4.0,77.3,,
1,Electric_Vehicle_2,3.0,77.3,,
1,Electric_Vehicle_2,2.0,77.3,,
1,Electric_Vehicle_2,1.0,77.3,,
1,Electric_Vehicle_2,0.0,77.3,,
3,,,,,
3,,,,,
3,,,,,
3,,,,,
3,,,,,
3,,,,,
3,,,,,
3,,,,,
2,Electric_Vehicle_2,,,0.0,36.7
1,Electric_Vehicle_2,13.0,87.6,,
1,Electric_Vehicle_2,12.0,87.6,,
1,Electric_Vehicle_2,11.0,87.6,,
1,Electric_Vehicle_2,10.0,87.6,,
1,Electric_Vehicle_2,9.0,87.6,,
1,Electric_Vehicle_2,8.0,87.6,,
1,Electric_Vehicle_2,7.0,87.6,,
1,Electric_Vehicle_2,6.0,87.6,,
1,Electric_Vehicle_2,5.0,87.6,,
1,Electric_Vehicle_2,4.0,87.6,,
1,Electric_Vehicle_2,3.0,87.6,,
1,Electric_Vehicle_2,2.0,87.6,,
1,Electric_Vehicle_2,1.0,87.6,,
1,Electric_Vehicle_2,0.0,87.6,,
3,,,,,
3,,,,,
3,,,,,
3,,,,,
3,,,,,
3,,,,,
3,,,,,
3,,,,,
3,,,,,
3,,,,,
2,Electric_Vehicle_2,,,0.0,34.8
1,Electric_Vehicle_2,13.0,83.3,,
1,Electric_Vehicle_2,12.0,83.3,,
1,Electric_Vehicle_2,11.0,83.3,,
1,Electric_Vehicle_2,10.0,83.3,,
1,Electric_Vehicle_2,9.0,83.3,,
1,Electric_Vehicle_2,8.0,83.3,,
1,Electric_Vehicle_2,7.0,83.3,,
1,Electric_Vehicle_2,6.0,83.3,,
1,Electric_Vehicle_2,5.0,83.3,,
1,Electric_Vehicle_2,4.0,83.3,,
1,Electric_Vehicle_2,3.0,83.3,,
1,Electric_Vehicle_2,2.0,83.3,,
1,Electric_Vehicle_2,1.0,83.3,,
1,Electric_Vehicle_2,0.0,83.3,,
3,,,,,
3,,,,,
3,,,,,
3,,,,,
3,,,,,
3,,,,,
3,,,,,
3,,,,,
3,,,,,
3,,,,,
2,Electric_Vehicle_2,,,0.0,45.8
1,Electric_Vehicle_2,12.0,88.8,,
1,Electric_Vehicle_2,11.0,88.8,,
1,Electric_Vehicle_2,10.0,88.8,,
1,Electric_Vehicle_2,9.0,88.8,,
1,Electric_Vehicle_2,8.0,88.8,,
1,Electric_Vehicle_2,7.0,88.8,,
1,Electric_Vehicle_2,6.0,88.8,,
1,Electric_Vehicle_2,5.0,88.8,,
1,Electric_Vehicle_2,4.0,88.8,,
1,Electric_Vehicle_2,3.0,88.8,,
1,Electric_Vehicle_2,2.0,88.8,,
1,Electric_Vehicle_2,1.0,88.8,,
1,Electric_Vehicle_2,0.0,88.8,,
3,,,,,
3,,,,,
3,,,,,
3,,,,,
3,,,,,
3,,,,,
3,,,,,
3,,,,,
3,,,,,
2,Electric_Vehicle_2,,,0.0,47.7
1,Electric_Vehicle_2,18.0,70.8,,
1,Electric_Vehicle_2,17.0,70.8,,
1,Electric_Vehicle_2,16.0,70.8,,
1,Electric_Vehicle_2,15.0,70.8,,
1,Electric_Vehicle_2,14.0,70.8,,
1,Electric_Vehicle_2,13.0,70.8,,
1,Electric_Vehicle_2,12.0,70.8,,
1,Electric_Vehicle_2,11.0,70.8,,
1,Electric_Vehicle_2,10.0,70.8,,
1,Electric_Vehicle_2,9.0,70.8,,
1,Electric_Vehicle_2,8.0,70.8,,
1,Electric_Vehicle_2,7.0,70.8,,
1,Electric_Vehicle_2,6.0,70.8,,
1,Electric_Vehicle_2,5.0,70.8,,
1,Electric_Vehicle_2,4.0,70.8,,
1,Electric_Vehicle_2,3.0,70.8,,
1,Electric_Vehicle_2,2.0,70.8,,
1,Electric_Vehicle_2,1.0,70.8,,
1,Electric_Vehicle_2,0.0,70.8,,
3,,,,,
2,Electric_Vehicle_2,,,0.0,31.5
1,Electric_Vehicle_2,19.0,80.3,,
1,Electric_Vehicle_2,18.0,80.3,,
1,Electric_Vehicle_2,17.0,80.3,,
1,Electric_Vehicle_2,16.0,80.3,,
1,Electric_Vehicle_2,15.0,80.3,,
1,Electric_Vehicle_2,14.0,80.3,,
1,Electric_Vehicle_2,13.0,80.3,,
1,Electric_Vehicle_2,12.0,80.3,,
1,Electric_Vehicle_2,11.0,80.3,,
1,Electric_Vehicle_2,10.0,80.3,,
1,Electric_Vehicle_2,9.0,80.3,,
1,Electric_Vehicle_2,8.0,80.3,,
1,Electric_Vehicle_2,7.0,80.3,,
1,Electric_Vehicle_2,6.0,80.3,,
1,Electric_Vehicle_2,5.0,80.3,,
1,Electric_Vehicle_2,4.0,80.3,,
1,Electric_Vehicle_2,3.0,80.3,,
1,Electric_Vehicle_2,2.0,80.3,,
1,Electric_Vehicle_2,1.0,80.3,,
1,Electric_Vehicle_2,0.0,80.3,,
3,,,,,
3,,,,,
3,,,,,
3,,,,,
2,Electric_Vehicle_2,,,0.0,28.6
1,Electric_Vehicle_2,15.0,89.6,,
1,Electric_Vehicle_2,14.0,89.6,,
1,Electric_Vehicle_2,13.0,89.6,,
1,Electric_Vehicle_2,12.0,89.6,,
1,Electric_Vehicle_2,11.0,89.6,,
1,Electric_Vehicle_2,10.0,89.6,,
1,Electric_Vehicle_2,9.0,89.6,,
1,Electric_Vehicle_2,8.0,89.6,,
1,Electric_Vehicle_2,7.0,89.6,,
1,Electric_Vehicle_2,6.0,89.6,,
1,Electric_Vehicle_2,5.0,89.6,,
1,Electric_Vehicle_2,4.0,89.6,,
1,Electric_Vehicle_2,3.0,89.6,,
1,Electric_Vehicle_2,2.0,89.6,,
1,Electric_Vehicle_2,1.0,89.6,,
1,Electric_Vehicle_2,0.0,89.6,,
3,,,,,
3,,,,,
3,,,,,
3,,,,,
3,,,,,
3,,,,,
3,,,,,
3,,,,,
2,Electric_Vehicle_2,,,0.0,53.8
1,Electric_Vehicle_2,15.0,77.0,,
1,Electric_Vehicle_2,14.0,77.0,,
1,Electric_Vehicle_2,13.0,77.0,,
1,Electric_Vehicle_2,12.0,77.0,,
1,Electric_Vehicle_2,11.0,77.0,,
1,Electric_Vehicle_2,10.0,77.0,,
1,Electric_Vehicle_2,9.0,77.0,,
1,Electric_Vehicle_2,8.0,77.0,,
1,Electric_Vehicle_2,7.0,77.0,,
1,Electric_Vehicle_2,6.0,77.0,,
1,Electric_Vehicle_2,5.0,77.0,,
1,Electric_Vehicle_2,4.0,77.0,,
1,Electric_Vehicle_2,3.0,77.0,,
1,Electric_Vehicle_2,2.0,77.0,,
1,Electric_Vehicle_2,1.0,77.0,,
1,Electric_Vehicle_2,0.0,77.0,,
3,,,,,
3,,,,,
3,,,,,
3,,,,,
3,,,,,
3,,,,,
3,,,,,
2,Electric_Vehicle_2,,,0.0,41.3
1,Electric_Vehicle_2,15.0,73.3,,
1,Electric_Vehicle_2,14.0,73.3,,
1,Electric_Vehicle_2,13.0,73.3,,
1,Electric_Vehicle_2,12.0,73.3,,
1,Electric_Vehicle_2,11.0,73.3,,
1,Electric_Vehicle_2,10.0,73.3,,
1,Electric_Vehicle_2,9.0,73.3,,
1,Electric_Vehicle_2,8.0,73.3,,
1,Electric_Vehicle_2,7.0,73.3,,
1,Electric_Vehicle_2,6.0,73.3,,
1,Electric_Vehicle_2,5.0,73.3,,
1,Electric_Vehicle_2,4.0,73.3,,
1,Electric_Vehicle_2,3.0,73.3,,
1,Electric_Vehicle_2,2.0,73.3,,
1,Electric_Vehicle_2,1.0,73.3,,
1,Electric_Vehicle_2,0.0,73.3,,
3,,,,,
3,,,,,
3,,,,,
3,,,,,
3,,,,,
3,,,,,
3,,,,,
2,Electric_Vehicle_2,,,0.0,48.6
1,Electric_Vehicle_2,14.0,89.5,,
1,Electric_Vehicle_2,13.0,89.5,,
1,Electric_Vehicle_2,12.0,89.5,,
1,Electric_Vehicle_2,11.0,89.5,,
1,Electric_Vehicle_2,10.0,89.5,,
1,Electric_Vehicle_2,9.0,89.5,,
1,Electric_Vehicle_2,8.0,89.5,,
1,Electric_Vehicle_2,7.0,89.5,,
1,Electric_Vehicle_2,6.0,89.5,,
1,Electric_Vehicle_2,5.0,89.5,,
1,Electric_Vehicle_2,4.0,89.5,,
1,Electric_Vehicle_2,3.0,89.5,,
1,Electric_Vehicle_2,2.0,89.5,,
1,Electric_Vehicle_2,1.0,89.5,,
1,Electric_Vehicle_2,0.0,89.5,,
3,,,,,
3,,,,,
3,,,,,
3,,,,,
3,,,,,
3,,,,,
3,,,,,
3,,,,,
3,,,,,
2,Electric_Vehicle_2,,,0.0,25.5
1,Electric_Vehicle_2,13.0,82.4,,
1,Electric_Vehicle_2,12.0,82.4,,
1,Electric_Vehicle_2,11.0,82.4,,
1,Electric_Vehicle_2,10.0,82.4,,
1,Electric_Vehicle_2,9.0,82.4,,
1,Electric_Vehicle_2,8.0,82.4,,
1,Electric_Vehicle_2,7.0,82.4,,
1,Electric_Vehicle_2,6.0,82.4,,
1,Electric_Vehicle_2,5.0,82.4,,
1,Electric_Vehicle_2,4.0,82.4,,
1,Electric_Vehicle_2,3.0,82.4,,
1,Electric_Vehicle_2,2.0,82.4,,
1,Electric_Vehicle_2,1.0,82.4,,
1,Electric_Vehicle_2,0.0,82.4,,
3,,,,,
3,,,,,
3,,,,,
3,,,,,
3,,,,,
3,,,,,
3,,,,,
3,,,,,
3,,,,,
3,,,,,
3,,,,,
2,Electric_Vehicle_2,,,0.0,37.5
1,Electric_Vehicle_2,14.0,75.8,,
1,Electric_Vehicle_2,13.0,75.8,,
1,Electric_Vehicle_2,12.0,75.8,,
1,Electric_Vehicle_2,11.0,75.8,,
1,Electric_Vehicle_2,10.0,75.8,,
1,Electric_Vehicle_2,9.0,75.8,,
1,Electric_Vehicle_2,8.0,75.8,,
1,Electric_Vehicle_2,7.0,75.8,,
1,Electric_Vehicle_2,6.0,75.8,,
1,Electric_Vehicle_2,5.0,75.8,,
1,Electric_Vehicle_2,4.0,75.8,,
1,Electric_Vehicle_2,3.0,75.8,,
1,Electric_Vehicle_2,2.0,75.8,,
1,Electric_Vehicle_2,1.0,75.8,,
1,Electric_Vehicle_2,0.0,75.8,,
3,,,,,
2,Electric_Vehicle_2,,,0.0,46.4
1,Electric_Vehicle_2,44.0,82.6,,
1,Electric_Vehicle_2,43.0,82.6,,
1,Electric_Vehicle_2,42.0,82.6,,
1,Electric_Vehicle_2,41.0,82.6,,
1,Electric_Vehicle_2,40.0,82.6,,
1,Electric_Vehicle_2,39.0,82.6,,
1,Electric_Vehicle_2,38.0,82.6,,
1,Electric_Vehicle_2,37.0,82.6,,
1,Electric_Vehicle_2,36.0,82.6,,
1,Electric_Vehicle_2,35.0,82.6,,
1,Electric_Vehicle_2,34.0,82.6,,
1,Electric_Vehicle_2,33.0,82.6,,
1,Electric_Vehicle_2,32.0,82.6,,
1,Electric_Vehicle_2,31.0,82.6,,
1,Electric_Vehicle_2,30.0,82.6,,
1,Electric_Vehicle_2,29.0,82.6,,
1,Electric_Vehicle_2,28.0,82.6,,
1,Electric_Vehicle_2,27.0,82.6,,
1,Electric_Vehicle_2,26.0,82.6,,
1,Electric_Vehicle_2,25.0,82.6,,
1,Electric_Vehicle_2,24.0,82.6,,
1,Electric_Vehicle_2,23.0,82.6,,
1,Electric_Vehicle_2,22.0,82.6,,
1,Electric_Vehicle_2,21.0,82.6,,
1,Electric_Vehicle_2,20.0,82.6,,
1,Electric_Vehicle_2,19.0,82.6,,
1,Electric_Vehicle_2,18.0,82.6,,
1,Electric_Vehicle_2,17.0,82.6,,
1,Electric_Vehicle_2,16.0,82.6,,
1,Electric_Vehicle_2,15.0,82.6,,
1,Electric_Vehicle_2,14.0,82.6,,
1,Electric_Vehicle_2,13.0,82.6,,
1,Electric_Vehicle_2,12.0,82.6,,
1,Electric_Vehicle_2,11.0,82.6,,
1,Electric_Vehicle_2,10.0,82.6,,
1,Electric_Vehicle_2,9.0,82.6,,
1,Electric_Vehicle_2,8.0,82.6,,
1,Electric_Vehicle_2,7.0,82.6,,
1,Electric_Vehicle_2,6.0,82.6,,
1,Electric_Vehicle_2,5.0,82.6,,
1,Electric_Vehicle_2,4.0,82.6,,
1,Electric_Vehicle_2,3.0,82.6,,
1,Electric_Vehicle_2,2.0,82.6,,
1,Electric_Vehicle_2,1.0,82.6,,
1,Electric_Vehicle_2,0.0,82.6,,
3,,,,,
3,,,,,
3,,,,,
3,,,,,
3,,,,,
2,Electric_Vehicle_2,,,0.0,48.6
1,Electric_Vehicle_2,40.0,80.1,,
1,Electric_Vehicle_2,39.0,80.1,,
1,Electric_Vehicle_2,38.0,80.1,,
1,Electric_Vehicle_2,37.0,80.1,,
1,Electric_Vehicle_2,36.0,80.1,,
1,Electric_Vehicle_2,35.0,80.1,,
1,Electric_Vehicle_2,34.0,80.1,,
1,Electric_Vehicle_2,33.0,80.1,,
1,Electric_Vehicle_2,32.0,80.1,,
1,Electric_Vehicle_2,31.0,80.1,,
1,Electric_Vehicle_2,30.0,80.1,,
1,Electric_Vehicle_2,29.0,80.1,,
1,Electric_Vehicle_2,28.0,80.1,,
1,Electric_Vehicle_2,27.0,80.1,,
1,Electric_Vehicle_2,26.0,80.1,,
1,Electric_Vehicle_2,25.0,80.1,,
1,Electric_Vehicle_2,24.0,80.1,,
1,Electric_Vehicle_2,23.0,80.1,,
1,Electric_Vehicle_2,22.0,80.1,,
1,Electric_Vehicle_2,21.0,80.1,,
1,Electric_Vehicle_2,20.0,80.1,,
1,Electric_Vehicle_2,19.0,80.1,,
1,Electric_Vehicle_2,18.0,80.1,,
1,Electric_Vehicle_2,17.0,80.1,,
1,Electric_Vehicle_2,16.0,80.1,,
1,Electric_Vehicle_2,15.0,80.1,,
1,Electric_Vehicle_2,14.0,80.1,,
1,Electric_Vehicle_2,13.0,80.1,,
1,Electric_Vehicle_2,12.0,80.1,,
1,Electric_Vehicle_2,11.0,80.1,,
1,Electric_Vehicle_2,10.0,80.1,,
1,Electric_Vehicle_2,9.0,80.1,,
1,Electric_Vehicle_2,8.0,80.1,,
1,Electric_Vehicle_2,7.0,80.1,,
1,Electric_Vehicle_2,6.0,80.1,,
1,Electric_Vehicle_2,5.0,80.1,,
1,Electric_Vehicle_2,4.0,80.1,,
1,Electric_Vehicle_2,3.0,80.1,,
1,Electric_Vehicle_2,2.0,80.1,,
1,Electric_Vehicle_2,1.0,80.1,,
1,Electric_Vehicle_2,0.0,80.1,,
3,,,,,
3,,,,,
3,,,,,
3,,,,,
3,,,,,
3,,,,,
3,,,,,
3,,,,,
3,,,,,
2,Electric_Vehicle_2,,,0.0,47.5
1,Electric_Vehicle_2,36.0,87.7,,
1,Electric_Vehicle_2,35.0,87.7,,
1,Electric_Vehicle_2,34.0,87.7,,
1,Electric_Vehicle_2,33.0,87.7,,
1,Electric_Vehicle_2,32.0,87.7,,
1,Electric_Vehicle_2,31.0,87.7,,
1,Electric_Vehicle_2,30.0,87.7,,
1,Electric_Vehicle_2,29.0,87.7,,
1,Electric_Vehicle_2,28.0,87.7,,
1,Electric_Vehicle_2,27.0,87.7,,
1,Electric_Vehicle_2,26.0,87.7,,
1,Electric_Vehicle_2,25.0,87.7,,
1,Electric_Vehicle_2,24.0,87.7,,
1,Electric_Vehicle_2,23.0,87.7,,
1,Electric_Vehicle_2,22.0,87.7,,
1,Electric_Vehicle_2,21.0,87.7,,
1,Electric_Vehicle_2,20.0,87.7,,
1,Electric_Vehicle_2,19.0,87.7,,
1,Electric_Vehicle_2,18.0,87.7,,
1,Electric_Vehicle_2,17.0,87.7,,
1,Electric_Vehicle_2,16.0,87.7,,
1,Electric_Vehicle_2,15.0,87.7,,
1,Electric_Vehicle_2,14.0,87.7,,
1,Electric_Vehicle_2,13.0,87.7,,
1,Electric_Vehicle_2,12.0,87.7,,
1,Electric_Vehicle_2,11.0,87.7,,
1,Electric_Vehicle_2,10.0,87.7,,
1,Electric_Vehicle_2,9.0,87.7,,
1,Electric_Vehicle_2,8.0,87.7,,
1,Electric_Vehicle_2,7.0,87.7,,
1,Electric_Vehicle_2,6.0,87.7,,
1,Electric_Vehicle_2,5.0,87.7,,
1,Electric_Vehicle_2,4.0,87.7,,
1,Electric_Vehicle_2,3.0,87.7,,
1,Electric_Vehicle_2,2.0,87.7,,
1,Electric_Vehicle_2,1.0,87.7,,
1,Electric_Vehicle_2,0.0,87.7,,
3,,,,,
3,,,,,
3,,,,,
3,,,,,
3,,,,,
3,,,,,
3,,,,,
3,,,,,
3,,,,,
3,,,,,
2,Electric_Vehicle_2,,,0.0,32.8
1,Electric_Vehicle_2,14.0,84.2,,
1,Electric_Vehicle_2,13.0,84.2,,
1,Electric_Vehicle_2,12.0,84.2,,
1,Electric_Vehicle_2,11.0,84.2,,
1,Electric_Vehicle_2,10.0,84.2,,
1,Electric_Vehicle_2,9.0,84.2,,
1,Electric_Vehicle_2,8.0,84.2,,
1,Electric_Vehicle_2,7.0,84.2,,
1,Electric_Vehicle_2,6.0,84.2,,
1,Electric_Vehicle_2,5.0,84.2,,
1,Electric_Vehicle_2,4.0,84.2,,
1,Electric_Vehicle_2,3.0,84.2,,
1,Electric_Vehicle_2,2.0,84.2,,
1,Electric_Vehicle_2,1.0,84.2,,
1,Electric_Vehicle_2,0.0,84.2,,
3,,,,,
3,,,,,
3,,,,,
3,,,,,
3,,,,,
3,,,,,
3,,,,,
2,Electric_Vehicle_2,,,0.0,53.9
1,Electric_Vehicle_2,39.0,82.7,,
1,Electric_Vehicle_2,38.0,82.7,,
1,Electric_Vehicle_2,37.0,82.7,,
1,Electric_Vehicle_2,36.0,82.7,,
1,Electric_Vehicle_2,35.0,82.7,,
1,Electric_Vehicle_2,34.0,82.7,,
1,Electric_Vehicle_2,33.0,82.7,,
1,Electric_Vehicle_2,32.0,82.7,,
1,Electric_Vehicle_2,31.0,82.7,,
1,Electric_Vehicle_2,30.0,82.7,,
1,Electric_Vehicle_2,29.0,82.7,,
1,Electric_Vehicle_2,28.0,82.7,,
1,Electric_Vehicle_2,27.0,82.7,,
1,Electric_Vehicle_2,26.0,82.7,,
1,Electric_Vehicle_2,25.0,82.7,,
1,Electric_Vehicle_2,24.0,82.7,,
1,Electric_Vehicle_2,23.0,82.7,,
1,Electric_Vehicle_2,22.0,82.7,,
1,Electric_Vehicle_2,21.0,82.7,,
1,Electric_Vehicle_2,20.0,82.7,,
1,Electric_Vehicle_2,19.0,82.7,,
1,Electric_Vehicle_2,18.0,82.7,,
1,Electric_Vehicle_2,17.0,82.7,,
1,Electric_Vehicle_2,16.0,82.7,,
1,Electric_Vehicle_2,15.0,82.7,,
1,Electric_Vehicle_2,14.0,82.7,,
1,Electric_Vehicle_2,13.0,82.7,,
1,Electric_Vehicle_2,12.0,82.7,,
1,Electric_Vehicle_2,11.0,82.7,,
1,Electric_Vehicle_2,10.0,82.7,,
1,Electric_Vehicle_2,9.0,82.7,,
1,Electric_Vehicle_2,8.0,82.7,,
1,Electric_Vehicle_2,7.0,82.7,,
1,Electric_Vehicle_2,6.0,82.7,,
1,Electric_Vehicle_2,5.0,82.7,,
1,Electric_Vehicle_2,4.0,82.7,,
1,Electric_Vehicle_2,3.0,82.7,,
1,Electric_Vehicle_2,2.0,82.7,,
1,Electric_Vehicle_2,1.0,82.7,,
1,Electric_Vehicle_2,0.0,82.7,,
3,,,,,
3,,,,,
3,,,,,
3,,,,,
3,,,,,
3,,,,,
3,,,,,
3,,,,,
3,,,,,
2,Electric_Vehicle_2,,,0.0,25.9
1,Electric_Vehicle_2,13.0,87.3,,
1,Electric_Vehicle_2,12.0,87.3,,
1,Electric_Vehicle_2,11.0,87.3,,
1,Electric_Vehicle_2,10.0,87.3,,
1,Electric_Vehicle_2,9.0,87.3,,
1,Electric_Vehicle_2,8.0,87.3,,
1,Electric_Vehicle_2,7.0,87.3,,
1,Electric_Vehicle_2,6.0,87.3,,
1,Electric_Vehicle_2,5.0,87.3,,
1,Electric_Vehicle_2,4.0,87.3,,
1,Electric_Vehicle_2,3.0,87.3,,
1,Electric_Vehicle_2,2.0,87.3,,
1,Electric_Vehicle_2,1.0,87.3,,
1,Electric_Vehicle_2,0.0,87.3,,
3,,,,,
3,,,,,
3,,,,,
3,,,,,
3,,,,,
3,,,,,
3,,,,,
3,,,,,
3,,,,,
2,Electric_Vehicle_2,,,0.0,35.5
1,Electric_Vehicle_2,12.0,70.3,,
1,Electric_Vehicle_2,11.0,70.3,,
1,Electric_Vehicle_2,10.0,70.3,,
1,Electric_Vehicle_2,9.0,70.3,,
1,Electric_Vehicle_2,8.0,70.3,,
1,Electric_Vehicle_2,7.0,70.3,,
1,Electric_Vehicle_2,6.0,70.3,,
1,Electric_Vehicle_2,5.0,70.3,,
1,Electric_Vehicle_2,4.0,70.3,,
1,Electric_Vehicle_2,3.0,70.3,,
1,Electric_Vehicle_2,2.0,70.3,,
1,Electric_Vehicle_2,1.0,70.3,,
1,Electric_Vehicle_2,0.0,70.3,,
3,,,,,
3,,,,,
3,,,,,
3,,,,,
3,,,,,
3,,,,,
3,,,,,
3,,,,,
2,Electric_Vehicle_2,,,0.0,29.8
1,Electric_Vehicle_2,14.0,71.4,,
1,Electric_Vehicle_2,13.0,71.4,,
1,Electric_Vehicle_2,12.0,71.4,,
1,Electric_Vehicle_2,11.0,71.4,,
1,Electric_Vehicle_2,10.0,71.4,,
1,Electric_Vehicle_2,9.0,71.4,,
1,Electric_Vehicle_2,8.0,71.4,,
1,Electric_Vehicle_2,7.0,71.4,,
1,Electric_Vehicle_2,6.0,71.4,,
1,Electric_Vehicle_2,5.0,71.4,,
1,Electric_Vehicle_2,4.0,71.4,,
1,Electric_Vehicle_2,3.0,71.4,,
1,Electric_Vehicle_2,2.0,71.4,,
1,Electric_Vehicle_2,1.0,71.4,,
1,Electric_Vehicle_2,0.0,71.4,,
3,,,,,
3,,,,,
3,,,,,
3,,,,,
3,,,,,
3,,,,,
3,,,,,
2,Electric_Vehicle_2,,,0.0,40.7
1,Electric_Vehicle_2,15.0,83.6,,
1,Electric_Vehicle_2,14.0,83.6,,
1,Electric_Vehicle_2,13.0,83.6,,
1,Electric_Vehicle_2,12.0,83.6,,
1,Electric_Vehicle_2,11.0,83.6,,
1,Electric_Vehicle_2,10.0,83.6,,
1,Electric_Vehicle_2,9.0,83.6,,
1,Electric_Vehicle_2,8.0,83.6,,
1,Electric_Vehicle_2,7.0,83.6,,
1,Electric_Vehicle_2,6.0,83.6,,
1,Electric_Vehicle_2,5.0,83.6,,
1,Electric_Vehicle_2,4.0,83.6,,
1,Electric_Vehicle_2,3.0,83.6,,
1,Electric_Vehicle_2,2.0,83.6,,
1,Electric_Vehicle_2,1.0,83.6,,
1,Electric_Vehicle_2,0.0,83.6,,
3,,,,,
3,,,,,
3,,,,,
3,,,,,
3,,,,,
3,,,,,
3,,,,,
3,,,,,
2,Electric_Vehicle_2,,,0.0,28.2
1,Electric_Vehicle_2,14.0,81.6,,
1,Electric_Vehicle_2,13.0,81.6,,
1,Electric_Vehicle_2,12.0,81.6,,
1,Electric_Vehicle_2,11.0,81.6,,
1,Electric_Vehicle_2,10.0,81.6,,
1,Electric_Vehicle_2,9.0,81.6,,
1,Electric_Vehicle_2,8.0,81.6,,
1,Electric_Vehicle_2,7.0,81.6,,
1,Electric_Vehicle_2,6.0,81.6,,
1,Electric_Vehicle_2,5.0,81.6,,
1,Electric_Vehicle_2,4.0,81.6,,
1,Electric_Vehicle_2,3.0,81.6,,
1,Electric_Vehicle_2,2.0,81.6,,
1,Electric_Vehicle_2,1.0,81.6,,
1,Electric_Vehicle_2,0.0,81.6,,
3,,,,,
3,,,,,
3,,,,,
3,,,,,
3,,,,,
3,,,,,
3,,,,,
2,Electric_Vehicle_2,,,0.0,26.4
1,Electric_Vehicle_2,18.0,80.1,,
1,Electric_Vehicle_2,17.0,80.1,,
1,Electric_Vehicle_2,16.0,80.1,,
1,Electric_Vehicle_2,15.0,80.1,,
1,Electric_Vehicle_2,14.0,80.1,,
1,Electric_Vehicle_2,13.0,80.1,,
1,Electric_Vehicle_2,12.0,80.1,,
1,Electric_Vehicle_2,11.0,80.1,,
1,Electric_Vehicle_2,10.0,80.1,,
1,Electric_Vehicle_2,9.0,80.1,,
1,Electric_Vehicle_2,8.0,80.1,,
1,Electric_Vehicle_2,7.0,80.1,,
1,Electric_Vehicle_2,6.0,80.1,,
1,Electric_Vehicle_2,5.0,80.1,,
1,Electric_Vehicle_2,4.0,80.1,,
1,Electric_Vehicle_2,3.0,80.1,,
1,Electric_Vehicle_2,2.0,80.1,,
1,Electric_Vehicle_2,1.0,80.1,,
1,Electric_Vehicle_2,0.0,80.1,,
3,,,,,
3,,,,,
3,,,,,
3,,,,,
3,,,,,
2,Electric_Vehicle_2,,,0.0,56.9
1,Electric_Vehicle_2,15.0,88.0,,
1,Electric_Vehicle_2,14.0,88.0,,
1,Electric_Vehicle_2,13.0,88.0,,
1,Electric_Vehicle_2,12.0,88.0,,
1,Electric_Vehicle_2,11.0,88.0,,
1,Electric_Vehicle_2,10.0,88.0,,
1,Electric_Vehicle_2,9.0,88.0,,
1,Electric_Vehicle_2,8.0,88.0,,
1,Electric_Vehicle_2,7.0,88.0,,
1,Electric_Vehicle_2,6.0,88.0,,
1,Electric_Vehicle_2,5.0,88.0,,
1,Electric_Vehicle_2,4.0,88.0,,
1,Electric_Vehicle_2,3.0,88.0,,
1,Electric_Vehicle_2,2.0,88.0,,
1,Electric_Vehicle_2,1.0,88.0,,
1,Electric_Vehicle_2,0.0,88.0,,
3,,,,,
3,,,,,
3,,,,,
3,,,,,
3,,,,,
3,,,,,
3,,,,,
3,,,,,
2,Electric_Vehicle_2,,,0.0,39.2
1,Electric_Vehicle_2,36.0,75.2,,
1,Electric_Vehicle_2,35.0,75.2,,
1,Electric_Vehicle_2,34.0,75.2,,
1,Electric_Vehicle_2,33.0,75.2,,
1,Electric_Vehicle_2,32.0,75.2,,
1,Electric_Vehicle_2,31.0,75.2,,
1,Electric_Vehicle_2,30.0,75.2,,
1,Electric_Vehicle_2,29.0,75.2,,
1,Electric_Vehicle_2,28.0,75.2,,
1,Electric_Vehicle_2,27.0,75.2,,
1,Electric_Vehicle_2,26.0,75.2,,
1,Electric_Vehicle_2,25.0,75.2,,
1,Electric_Vehicle_2,24.0,75.2,,
1,Electric_Vehicle_2,23.0,75.2,,
1,Electric_Vehicle_2,22.0,75.2,,
1,Electric_Vehicle_2,21.0,75.2,,
1,Electric_Vehicle_2,20.0,75.2,,
1,Electric_Vehicle_2,19.0,75.2,,
1,Electric_Vehicle_2,18.0,75.2,,
1,Electric_Vehicle_2,17.0,75.2,,
1,Electric_Vehicle_2,16.0,75.2,,
1,Electric_Vehicle_2,15.0,75.2,,
1,Electric_Vehicle_2,14.0,75.2,,
1,Electric_Vehicle_2,13.0,75.2,,
1,Electric_Vehicle_2,12.0,75.2,,
1,Electric_Vehicle_2,11.0,75.2,,
1,Electric_Vehicle_2,10.0,75.2,,
1,Electric_Vehicle_2,9.0,75.2,,
1,Electric_Vehicle_2,8.0,75.2,,
1,Electric_Vehicle_2,7.0,75.2,,
1,Electric_Vehicle_2,6.0,75.2,,
1,Electric_Vehicle_2,5.0,75.2,,
1,Electric_Vehicle_2,4.0,75.2,,
1,Electric_Vehicle_2,3.0,75.2,,
1,Electric_Vehicle_2,2.0,75.2,,
1,Electric_Vehicle_2,1.0,75.2,,
1,Electric_Vehicle_2,0.0,75.2,,
3,,,,,
3,,,,,
3,,,,,
3,,,,,
3,,,,,
3,,,,,
3,,,,,
3,,,,,
3,,,,,
3,,,,,
2,Electric_Vehicle_2,,,0.0,36.7
1,Electric_Vehicle_2,37.0,89.7,,
1,Electric_Vehicle_2,36.0,89.7,,
1,Electric_Vehicle_2,35.0,89.7,,
1,Electric_Vehicle_2,34.0,89.7,,
1,Electric_Vehicle_2,33.0,89.7,,
1,Electric_Vehicle_2,32.0,89.7,,
1,Electric_Vehicle_2,31.0,89.7,,
1,Electric_Vehicle_2,30.0,89.7,,
1,Electric_Vehicle_2,29.0,89.7,,
1,Electric_Vehicle_2,28.0,89.7,,
1,Electric_Vehicle_2,27.0,89.7,,
1,Electric_Vehicle_2,26.0,89.7,,
1,Electric_Vehicle_2,25.0,89.7,,
1,Electric_Vehicle_2,24.0,89.7,,
1,Electric_Vehicle_2,23.0,89.7,,
1,Electric_Vehicle_2,22.0,89.7,,
1,Electric_Vehicle_2,21.0,89.7,,
1,Electric_Vehicle_2,20.0,89.7,,
1,Electric_Vehicle_2,19.0,89.7,,
1,Electric_Vehicle_2,18.0,89.7,,
1,Electric_Vehicle_2,17.0,89.7,,
1,Electric_Vehicle_2,16.0,89.7,,
1,Electric_Vehicle_2,15.0,89.7,,
1,Electric_Vehicle_2,14.0,89.7,,
1,Electric_Vehicle_2,13.0,89.7,,
1,Electric_Vehicle_2,12.0,89.7,,
1,Electric_Vehicle_2,11.0,89.7,,
1,Electric_Vehicle_2,10.0,89.7,,
1,Electric_Vehicle_2,9.0,89.7,,
1,Electric_Vehicle_2,8.0,89.7,,
1,Electric_Vehicle_2,7.0,89.7,,
1,Electric_Vehicle_2,6.0,89.7,,
1,Electric_Vehicle_2,5.0,89.7,,
1,Electric_Vehicle_2,4.0,89.7,,
1,Electric_Vehicle_2,3.0,89.7,,
1,Electric_Vehicle_2,2.0,89.7,,
1,Electric_Vehicle_2,1.0,89.7,,
1,Electric_Vehicle_2,0.0,89.7,,
3,,,,,
3,,,,,
3,,,,,
3,,,,,
3,,,,,
3,,,,,
3,,,,,
3,,,,,
3,,,,,
3,,,,,
2,Electric_Vehicle_2,,,0.0,42.6
1,Electric_Vehicle_2,37.0,74.6,,
1,Electric_Vehicle_2,36.0,74.6,,
1,Electric_Vehicle_2,35.0,74.6,,
1,Electric_Vehicle_2,34.0,74.6,,
1,Electric_Vehicle_2,33.0,74.6,,
1,Electric_Vehicle_2,32.0,74.6,,
1,Electric_Vehicle_2,31.0,74.6,,
1,Electric_Vehicle_2,30.0,74.6,,
1,Electric_Vehicle_2,29.0,74.6,,
1,Electric_Vehicle_2,28.0,74.6,,
1,Electric_Vehicle_2,27.0,74.6,,
1,Electric_Vehicle_2,26.0,74.6,,
1,Electric_Vehicle_2,25.0,74.6,,
1,Electric_Vehicle_2,24.0,74.6,,
1,Electric_Vehicle_2,23.0,74.6,,
1,Electric_Vehicle_2,22.0,74.6,,
1,Electric_Vehicle_2,21.0,74.6,,
1,Electric_Vehicle_2,20.0,74.6,,
1,Electric_Vehicle_2,19.0,74.6,,
1,Electric_Vehicle_2,18.0,74.6,,
1,Electric_Vehicle_2,17.0,74.6,,
1,Electric_Vehicle_2,16.0,74.6,,
1,Electric_Vehicle_2,15.0,74.6,,
1,Electric_Vehicle_2,14.0,74.6,,
1,Electric_Vehicle_2,13.0,74.6,,
1,Electric_Vehicle_2,12.0,74.6,,
1,Electric_Vehicle_2,11.0,74.6,,
1,Electric_Vehicle_2,10.0,74.6,,
1,Electric_Vehicle_2,9.0,74.6,,
1,Electric_Vehicle_2,8.0,74.6,,
1,Electric_Vehicle_2,7.0,74.6,,
1,Electric_Vehicle_2,6.0,74.6,,
1,Electric_Vehicle_2,5.0,74.6,,
1,Electric_Vehicle_2,4.0,74.6,,
1,Electric_Vehicle_2,3.0,74.6,,
1,Electric_Vehicle_2,2.0,74.6,,
1,Electric_Vehicle_2,1.0,74.6,,
1,Electric_Vehicle_2,0.0,74.6,,
3,,,,,
3,,,,,
3,,,,,
3,,,,,
2,Electric_Vehicle_2,,,0.0,56.1
1,Electric_Vehicle_2,16.0,71.6,,
1,Electric_Vehicle_2,15.0,71.6,,
1,Electric_Vehicle_2,14.0,71.6,,
1,Electric_Vehicle_2,13.0,71.6,,
1,Electric_Vehicle_2,12.0,71.6,,
1,Electric_Vehicle_2,11.0,71.6,,
1,Electric_Vehicle_2,10.0,71.6,,
1,Electric_Vehicle_2,9.0,71.6,,
1,Electric_Vehicle_2,8.0,71.6,,
1,Electric_Vehicle_2,7.0,71.6,,
1,Electric_Vehicle_2,6.0,71.6,,
1,Electric_Vehicle_2,5.0,71.6,,
1,Electric_Vehicle_2,4.0,71.6,,
1,Electric_Vehicle_2,3.0,71.6,,
1,Electric_Vehicle_2,2.0,71.6,,
1,Electric_Vehicle_2,1.0,71.6,,
1,Electric_Vehicle_2,0.0,71.6,,
3,,,,,
3,,,,,
3,,,,,
3,,,,,
3,,,,,
3,,,,,
3,,,,,
3,,,,,
3,,,,,
3,,,,,
3,,,,,
3,,,,,
3,,,,,
3,,,,,
2,Electric_Vehicle_2,,,0.0,31.7
1,Electric_Vehicle_2,8.0,71.0,,
1,Electric_Vehicle_2,7.0,71.0,,
1,Electric_Vehicle_2,6.0,71.0,,
1,Electric_Vehicle_2,5.0,71.0,,
1,Electric_Vehicle_2,4.0,71.0,,
1,Electric_Vehicle_2,3.0,71.0,,
1,Electric_Vehicle_2,2.0,71.0,,
1,Electric_Vehicle_2,1.0,71.0,,
1,Electric_Vehicle_2,0.0,71.0,,
3,,,,,
3,,,,,
3,,,,,
3,,,,,
3,,,,,
3,,,,,
3,,,,,
3,,,,,
3,,,,,
3,,,,,
2,Electric_Vehicle_2,,,0.0,22.6
1,Electric_Vehicle_2,13.0,73.7,,
1,Electric_Vehicle_2,12.0,73.7,,
1,Electric_Vehicle_2,11.0,73.7,,
1,Electric_Vehicle_2,10.0,73.7,,
1,Electric_Vehicle_2,9.0,73.7,,
1,Electric_Vehicle_2,8.0,73.7,,
1,Electric_Vehicle_2,7.0,73.7,,
1,Electric_Vehicle_2,6.0,73.7,,
1,Electric_Vehicle_2,5.0,73.7,,
1,Electric_Vehicle_2,4.0,73.7,,
1,Electric_Vehicle_2,3.0,73.7,,
1,Electric_Vehicle_2,2.0,73.7,,
1,Electric_Vehicle_2,1.0,73.7,,
1,Electric_Vehicle_2,0.0,73.7,,
3,,,,,
3,,,,,
3,,,,,
3,,,,,
3,,,,,
3,,,,,
3,,,,,
3,,,,,
2,Electric_Vehicle_2,,,0.0,33.9
1,Electric_Vehicle_2,14.0,71.7,,
1,Electric_Vehicle_2,13.0,71.7,,
1,Electric_Vehicle_2,12.0,71.7,,
1,Electric_Vehicle_2,11.0,71.7,,
1,Electric_Vehicle_2,10.0,71.7,,
1,Electric_Vehicle_2,9.0,71.7,,
1,Electric_Vehicle_2,8.0,71.7,,
1,Electric_Vehicle_2,7.0,71.7,,
1,Electric_Vehicle_2,6.0,71.7,,
1,Electric_Vehicle_2,5.0,71.7,,
1,Electric_Vehicle_2,4.0,71.7,,
1,Electric_Vehicle_2,3.0,71.7,,
1,Electric_Vehicle_2,2.0,71.7,,
1,Electric_Vehicle_2,1.0,71.7,,
1,Electric_Vehicle_2,0.0,71.7,,
3,,,,,
3,,,,,
3,,,,,
3,,,,,
3,,,,,
3,,,,,
3,,,,,
3,,,,,
3,,,,,
2,Electric_Vehicle_2,,,0.0,50.6
1,Electric_Vehicle_2,12.0,87.3,,
1,Electric_Vehicle_2,11.0,87.3,,
1,Electric_Vehicle_2,10.0,87.3,,
1,Electric_Vehicle_2,9.0,87.3,,
1,Electric_Vehicle_2,8.0,87.3,,
1,Electric_Vehicle_2,7.0,87.3,,
1,Electric_Vehicle_2,6.0,87.3,,
1,Electric_Vehicle_2,5.0,87.3,,
1,Electric_Vehicle_2,4.0,87.3,,
1,Electric_Vehicle_2,3.0,87.3,,
1,Electric_Vehicle_2,2.0,87.3,,
1,Electric_Vehicle_2,1.0,87.3,,
1,Electric_Vehicle_2,0.0,87.3,,
3,,,,,
3,,,,,
3,,,,,
3,,,,,
3,,,,,
3,,,,,
3,,,,,
3,,,,,
2,Electric_Vehicle_2,,,0.0,44.8
1,Electric_Vehicle_2,42.0,80.7,,
1,Electric_Vehicle_2,41.0,80.7,,
1,Electric_Vehicle_2,40.0,80.7,,
1,Electric_Vehicle_2,39.0,80.7,,
1,Electric_Vehicle_2,38.0,80.7,,
1,Electric_Vehicle_2,37.0,80.7,,
1,Electric_Vehicle_2,36.0,80.7,,
1,Electric_Vehicle_2,35.0,80.7,,
1,Electric_Vehicle_2,34.0,80.7,,
1,Electric_Vehicle_2,33.0,80.7,,
1,Electric_Vehicle_2,32.0,80.7,,
1,Electric_Vehicle_2,31.0,80.7,,
1,Electric_Vehicle_2,30.0,80.7,,
1,Electric_Vehicle_2,29.0,80.7,,
1,Electric_Vehicle_2,28.0,80.7,,
1,Electric_Vehicle_2,27.0,80.7,,
1,Electric_Vehicle_2,26.0,80.7,,
1,Electric_Vehicle_2,25.0,80.7,,
1,Electric_Vehicle_2,24.0,80.7,,
1,Electric_Vehicle_2,23.0,80.7,,
1,Electric_Vehicle_2,22.0,80.7,,
1,Electric_Vehicle_2,21.0,80.7,,
1,Electric_Vehicle_2,20.0,80.7,,
1,Electric_Vehicle_2,19.0,80.7,,
1,Electric_Vehicle_2,18.0,80.7,,
1,Electric_Vehicle_2,17.0,80.7,,
1,Electric_Vehicle_2,16.0,80.7,,
1,Electric_Vehicle_2,15.0,80.7,,
1,Electric_Vehicle_2,14.0,80.7,,
1,Electric_Vehicle_2,13.0,80.7,,
1,Electric_Vehicle_2,12.0,80.7,,
1,Electric_Vehicle_2,11.0,80.7,,
1,Electric_Vehicle_2,10.0,80.7,,
1,Electric_Vehicle_2,9.0,80.7,,
1,Electric_Vehicle_2,8.0,80.7,,
1,Electric_Vehicle_2,7.0,80.7,,
1,Electric_Vehicle_2,6.0,80.7,,
1,Electric_Vehicle_2,5.0,80.7,,
1,Electric_Vehicle_2,4.0,80.7,,
1,Electric_Vehicle_2,3.0,80.7,,
1,Electric_Vehicle_2,2.0,80.7,,
1,Electric_Vehicle_2,1.0,80.7,,
1,Electric_Vehicle_2,0.0,80.7,,
3,,,,,
3,,,,,
3,,,,,
3,,,,,
2,Electric_Vehicle_2,,,0.0,34.1
1,Electric_Vehicle_2,14.0,70.3,,
1,Electric_Vehicle_2,13.0,70.3,,
1,Electric_Vehicle_2,12.0,70.3,,
1,Electric_Vehicle_2,11.0,70.3,,
1,Electric_Vehicle_2,10.0,70.3,,
1,Electric_Vehicle_2,9.0,70.3,,
1,Electric_Vehicle_2,8.0,70.3,,
1,Electric_Vehicle_2,7.0,70.3,,
1,Electric_Vehicle_2,6.0,70.3,,
1,Electric_Vehicle_2,5.0,70.3,,
1,Electric_Vehicle_2,4.0,70.3,,
1,Electric_Vehicle_2,3.0,70.3,,
1,Electric_Vehicle_2,2.0,70.3,,
1,Electric_Vehicle_2,1.0,70.3,,
1,Electric_Vehicle_2,0.0,70.3,,
3,,,,,
3,,,,,
3,,,,,
3,,,,,
3,,,,,
3,,,,,
3,,,,,
2,Electric_Vehicle_2,,,0.0,35.4
1,Electric_Vehicle_2,17.0,78.8,,
1,Electric_Vehicle_2,16.0,78.8,,
1,Electric_Vehicle_2,15.0,78.8,,
1,Electric_Vehicle_2,14.0,78.8,,
1,Electric_Vehicle_2,13.0,78.8,,
1,Electric_Vehicle_2,12.0,78.8,,
1,Electric_Vehicle_2,11.0,78.8,,
1,Electric_Vehicle_2,10.0,78.8,,
1,Electric_Vehicle_2,9.0,78.8,,
1,Electric_Vehicle_2,8.0,78.8,,
1,Electric_Vehicle_2,7.0,78.8,,
1,Electric_Vehicle_2,6.0,78.8,,
1,Electric_Vehicle_2,5.0,78.8,,
1,Electric_Vehicle_2,4.0,78.8,,
1,Electric_Vehicle_2,3.0,78.8,,
1,Electric_Vehicle_2,2.0,78.8,,
1,Electric_Vehicle_2,1.0,78.8,,
1,Electric_Vehicle_2,0.0,78.8,,
3,,,,,
3,,,,,
3,,,,,
3,,,,,
3,,,,,
3,,,,,
3,,,,,
2,Electric_Vehicle_2,,,0.0,28.4
1,Electric_Vehicle_2,13.0,83.8,,
1,Electric_Vehicle_2,12.0,83.8,,
1,Electric_Vehicle_2,11.0,83.8,,
1,Electric_Vehicle_2,10.0,83.8,,
1,Electric_Vehicle_2,9.0,83.8,,
1,Electric_Vehicle_2,8.0,83.8,,
1,Electric_Vehicle_2,7.0,83.8,,
1,Electric_Vehicle_2,6.0,83.8,,
1,Electric_Vehicle_2,5.0,83.8,,
1,Electric_Vehicle_2,4.0,83.8,,
1,Electric_Vehicle_2,3.0,83.8,,
1,Electric_Vehicle_2,2.0,83.8,,
1,Electric_Vehicle_2,1.0,83.8,,
1,Electric_Vehicle_2,0.0,83.8,,
3,,,,,
3,,,,,
3,,,,,
3,,,,,
3,,,,,
3,,,,,
3,,,,,
3,,,,,
3,,,,,
2,Electric_Vehicle_2,,,0.0,31.4
1,Electric_Vehicle_2,13.0,83.2,,
1,Electric_Vehicle_2,12.0,83.2,,
1,Electric_Vehicle_2,11.0,83.2,,
1,Electric_Vehicle_2,10.0,83.2,,
1,Electric_Vehicle_2,9.0,83.2,,
1,Electric_Vehicle_2,8.0,83.2,,
1,Electric_Vehicle_2,7.0,83.2,,
1,Electric_Vehicle_2,6.0,83.2,,
1,Electric_Vehicle_2,5.0,83.2,,
1,Electric_Vehicle_2,4.0,83.2,,
1,Electric_Vehicle_2,3.0,83.2,,
1,Electric_Vehicle_2,2.0,83.2,,
1,Electric_Vehicle_2,1.0,83.2,,
1,Electric_Vehicle_2,0.0,83.2,,
3,,,,,
3,,,,,
3,,,,,
3,,,,,
3,,,,,
3,,,,,
3,,,,,
3,,,,,
3,,,,,
3,,,,,
2,Electric_Vehicle_2,,,0.0,50.1
1,Electric_Vehicle_2,13.0,75.4,,
1,Electric_Vehicle_2,12.0,75.4,,
1,Electric_Vehicle_2,11.0,75.4,,
1,Electric_Vehicle_2,10.0,75.4,,
1,Electric_Vehicle_2,9.0,75.4,,
1,Electric_Vehicle_2,8.0,75.4,,
1,Electric_Vehicle_2,7.0,75.4,,
1,Electric_Vehicle_2,6.0,75.4,,
1,Electric_Vehicle_2,5.0,75.4,,
1,Electric_Vehicle_2,4.0,75.4,,
1,Electric_Vehicle_2,3.0,75.4,,
1,Electric_Vehicle_2,2.0,75.4,,
1,Electric_Vehicle_2,1.0,75.4,,
1,Electric_Vehicle_2,0.0,75.4,,
3,,,,,
3,,,,,
3,,,,,
3,,,,,
3,,,,,
3,,,,,
3,,,,,
3,,,,,
3,,,,,
3,,,,,
2,Electric_Vehicle_2,,,0.0,27.3
1,Electric_Vehicle_2,11.0,83.6,,
1,Electric_Vehicle_2,10.0,83.6,,
1,Electric_Vehicle_2,9.0,83.6,,
1,Electric_Vehicle_2,8.0,83.6,,
1,Electric_Vehicle_2,7.0,83.6,,
1,Electric_Vehicle_2,6.0,83.6,,
1,Electric_Vehicle_2,5.0,83.6,,
1,Electric_Vehicle_2,4.0,83.6,,
1,Electric_Vehicle_2,3.0,83.6,,
1,Electric_Vehicle_2,2.0,83.6,,
1,Electric_Vehicle_2,1.0,83.6,,
1,Electric_Vehicle_2,0.0,83.6,,
3,,,,,
3,,,,,
3,,,,,
3,,,,,
3,,,,,
3,,,,,
3,,,,,
2,Electric_Vehicle_2,,,0.0,32.2
1,Electric_Vehicle_2,39.0,83.8,,
1,Electric_Vehicle_2,38.0,83.8,,
1,Electric_Vehicle_2,37.0,83.8,,
1,Electric_Vehicle_2,36.0,83.8,,
1,Electric_Vehicle_2,35.0,83.8,,
1,Electric_Vehicle_2,34.0,83.8,,
1,Electric_Vehicle_2,33.0,83.8,,
1,Electric_Vehicle_2,32.0,83.8,,
1,Electric_Vehicle_2,31.0,83.8,,
1,Electric_Vehicle_2,30.0,83.8,,
1,Electric_Vehicle_2,29.0,83.8,,
1,Electric_Vehicle_2,28.0,83.8,,
1,Electric_Vehicle_2,27.0,83.8,,
1,Electric_Vehicle_2,26.0,83.8,,
1,Electric_Vehicle_2,25.0,83.8,,
1,Electric_Vehicle_2,24.0,83.8,,
1,Electric_Vehicle_2,23.0,83.8,,
1,Electric_Vehicle_2,22.0,83.8,,
1,Electric_Vehicle_2,21.0,83.8,,
1,Electric_Vehicle_2,20.0,83.8,,
1,Electric_Vehicle_2,19.0,83.8,,
1,Electric_Vehicle_2,18.0,83.8,,
1,Electric_Vehicle_2,17.0,83.8,,
1,Electric_Vehicle_2,16.0,83.8,,
1,Electric_Vehicle_2,15.0,83.8,,
1,Electric_Vehicle_2,14.0,83.8,,
1,Electric_Vehicle_2,13.0,83.8,,
1,Electric_Vehicle_2,12.0,83.8,,
1,Electric_Vehicle_2,11.0,83.8,,
1,Electric_Vehicle_2,10.0,83.8,,
1,Electric_Vehicle_2,9.0,83.8,,
1,Electric_Vehicle_2,8.0,83.8,,
1,Electric_Vehicle_2,7.0,83.8,,
1,Electric_Vehicle_2,6.0,83.8,,
1,Electric_Vehicle_2,5.0,83.8,,
1,Electric_Vehicle_2,4.0,83.8,,
1,Electric_Vehicle_2,3.0,83.8,,
1,Electric_Vehicle_2,2.0,83.8,,
1,Electric_Vehicle_2,1.0,83.8,,
1,Electric_Vehicle_2,0.0,83.8,,
3,,,,,
3,,,,,
3,,,,,
3,,,,,
3,,,,,
3,,,,,
3,,,,,
3,,,,,
3,,,,,
3,,,,,
2,Electric_Vehicle_2,,,0.0,50.0
1,Electric_Vehicle_2,13.0,72.9,,
1,Electric_Vehicle_2,12.0,72.9,,
1,Electric_Vehicle_2,11.0,72.9,,
1,Electric_Vehicle_2,10.0,72.9,,
1,Electric_Vehicle_2,9.0,72.9,,
1,Electric_Vehicle_2,8.0,72.9,,
1,Electric_Vehicle_2,7.0,72.9,,
1,Electric_Vehicle_2,6.0,72.9,,
1,Electric_Vehicle_2,5.0,72.9,,
1,Electric_Vehicle_2,4.0,72.9,,
1,Electric_Vehicle_2,3.0,72.9,,
1,Electric_Vehicle_2,2.0,72.9,,
1,Electric_Vehicle_2,1.0,72.9,,
1,Electric_Vehicle_2,0.0,72.9,,
3,,,,,
3,,,,,
3,,,,,
3,,,,,
3,,,,,
3,,,,,
3,,,,,
3,,,,,
3,,,,,
3,,,,,
3,,,,,
2,Electric_Vehicle_2,,,0.0,37.0
1,Electric_Vehicle_2,10.0,75.7,,
1,Electric_Vehicle_2,9.0,75.7,,
1,Electric_Vehicle_2,8.0,75.7,,
1,Electric_Vehicle_2,7.0,75.7,,
1,Electric_Vehicle_2,6.0,75.7,,
1,Electric_Vehicle_2,5.0,75.7,,
1,Electric_Vehicle_2,4.0,75.7,,
1,Electric_Vehicle_2,3.0,75.7,,
1,Electric_Vehicle_2,2.0,75.7,,
1,Electric_Vehicle_2,1.0,75.7,,
1,Electric_Vehicle_2,0.0,75.7,,
3,,,,,
3,,,,,
3,,,,,
3,,,,,
3,,,,,
3,,,,,
3,,,,,
3,,,,,
3,,,,,
2,Electric_Vehicle_2,,,0.0,34.9
1,Electric_Vehicle_2,14.0,83.6,,
1,Electric_Vehicle_2,13.0,83.6,,
1,Electric_Vehicle_2,12.0,83.6,,
1,Electric_Vehicle_2,11.0,83.6,,
1,Electric_Vehicle_2,10.0,83.6,,
1,Electric_Vehicle_2,9.0,83.6,,
1,Electric_Vehicle_2,8.0,83.6,,
1,Electric_Vehicle_2,7.0,83.6,,
1,Electric_Vehicle_2,6.0,83.6,,
1,Electric_Vehicle_2,5.0,83.6,,
1,Electric_Vehicle_2,4.0,83.6,,
1,Electric_Vehicle_2,3.0,83.6,,
1,Electric_Vehicle_2,2.0,83.6,,
1,Electric_Vehicle_2,1.0,83.6,,
1,Electric_Vehicle_2,0.0,83.6,,
3,,,,,
3,,,,,
3,,,,,
3,,,,,
3,,,,,
3,,,,,
3,,,,,
3,,,,,
2,Electric_Vehicle_2,,,0.0,38.3
1,Electric_Vehicle_2,40.0,82.9,,
1,Electric_Vehicle_2,39.0,82.9,,
1,Electric_Vehicle_2,38.0,82.9,,
1,Electric_Vehicle_2,37.0,82.9,,
1,Electric_Vehicle_2,36.0,82.9,,
1,Electric_Vehicle_2,35.0,82.9,,
1,Electric_Vehicle_2,34.0,82.9,,
1,Electric_Vehicle_2,33.0,82.9,,
1,Electric_Vehicle_2,32.0,82.9,,
1,Electric_Vehicle_2,31.0,82.9,,
1,Electric_Vehicle_2,30.0,82.9,,
1,Electric_Vehicle_2,29.0,82.9,,
1,Electric_Vehicle_2,28.0,82.9,,
1,Electric_Vehicle_2,27.0,82.9,,
1,Electric_Vehicle_2,26.0,82.9,,
1,Electric_Vehicle_2,25.0,82.9,,
1,Electric_Vehicle_2,24.0,82.9,,
1,Electric_Vehicle_2,23.0,82.9,,
1,Electric_Vehicle_2,22.0,82.9,,
1,Electric_Vehicle_2,21.0,82.9,,
1,Electric_Vehicle_2,20.0,82.9,,
1,Electric_Vehicle_2,19.0,82.9,,
1,Electric_Vehicle_2,18.0,82.9,,
1,Electric_Vehicle_2,17.0,82.9,,
1,Electric_Vehicle_2,16.0,82.9,,
1,Electric_Vehicle_2,15.0,82.9,,
1,Electric_Vehicle_2,14.0,82.9,,
1,Electric_Vehicle_2,13.0,82.9,,
1,Electric_Vehicle_2,12.0,82.9,,
1,Electric_Vehicle_2,11.0,82.9,,
1,Electric_Vehicle_2,10.0,82.9,,
1,Electric_Vehicle_2,9.0,82.9,,
1,Electric_Vehicle_2,8.0,82.9,,
1,Electric_Vehicle_2,7.0,82.9,,
1,Electric_Vehicle_2,6.0,82.9,,
1,Electric_Vehicle_2,5.0,82.9,,
1,Electric_Vehicle_2,4.0,82.9,,
1,Electric_Vehicle_2,3.0,82.9,,
1,Electric_Vehicle_2,2.0,82.9,,
1,Electric_Vehicle_2,1.0,82.9,,
1,Electric_Vehicle_2,0.0,82.9,,
3,,,,,
3,,,,,
3,,,,,
2,Electric_Vehicle_2,,,0.0,57.0
1,Electric_Vehicle_2,40.0,86.6,,
1,Electric_Vehicle_2,39.0,86.6,,
1,Electric_Vehicle_2,38.0,86.6,,
1,Electric_Vehicle_2,37.0,86.6,,
1,Electric_Vehicle_2,36.0,86.6,,
1,Electric_Vehicle_2,35.0,86.6,,
1,Electric_Vehicle_2,34.0,86.6,,
1,Electric_Vehicle_2,33.0,86.6,,
1,Electric_Vehicle_2,32.0,86.6,,
1,Electric_Vehicle_2,31.0,86.6,,
1,Electric_Vehicle_2,30.0,86.6,,
1,Electric_Vehicle_2,29.0,86.6,,
1,Electric_Vehicle_2,28.0,86.6,,
1,Electric_Vehicle_2,27.0,86.6,,
1,Electric_Vehicle_2,26.0,86.6,,
1,Electric_Vehicle_2,25.0,86.6,,
1,Electric_Vehicle_2,24.0,86.6,,
1,Electric_Vehicle_2,23.0,86.6,,
1,Electric_Vehicle_2,22.0,86.6,,
1,Electric_Vehicle_2,21.0,86.6,,
1,Electric_Vehicle_2,20.0,86.6,,
1,Electric_Vehicle_2,19.0,86.6,,
1,Electric_Vehicle_2,18.0,86.6,,
1,Electric_Vehicle_2,17.0,86.6,,
1,Electric_Vehicle_2,16.0,86.6,,
1,Electric_Vehicle_2,15.0,86.6,,
1,Electric_Vehicle_2,14.0,86.6,,
1,Electric_Vehicle_2,13.0,86.6,,
1,Electric_Vehicle_2,12.0,86.6,,
1,Electric_Vehicle_2,11.0,86.6,,
1,Electric_Vehicle_2,10.0,86.6,,
1,Electric_Vehicle_2,9.0,86.6,,
1,Electric_Vehicle_2,8.0,86.6,,
1,Electric_Vehicle_2,7.0,86.6,,
1,Electric_Vehicle_2,6.0,86.6,,
1,Electric_Vehicle_2,5.0,86.6,,
1,Electric_Vehicle_2,4.0,86.6,,
1,Electric_Vehicle_2,3.0,86.6,,
1,Electric_Vehicle_2,2.0,86.6,,
1,Electric_Vehicle_2,1.0,86.6,,
1,Electric_Vehicle_2,0.0,86.6,,
3,,,,,
3,,,,,
3,,,,,
3,,,,,
3,,,,,
3,,,,,
3,,,,,
3,,,,,
3,,,,,
2,Electric_Vehicle_2,,,0.0,48.3
1,Electric_Vehicle_2,14.0,87.5,,
1,Electric_Vehicle_2,13.0,87.5,,
1,Electric_Vehicle_2,12.0,87.5,,
1,Electric_Vehicle_2,11.0,87.5,,
1,Electric_Vehicle_2,10.0,87.5,,
1,Electric_Vehicle_2,9.0,87.5,,
1,Electric_Vehicle_2,8.0,87.5,,
1,Electric_Vehicle_2,7.0,87.5,,
1,Electric_Vehicle_2,6.0,87.5,,
1,Electric_Vehicle_2,5.0,87.5,,
1,Electric_Vehicle_2,4.0,87.5,,
1,Electric_Vehicle_2,3.0,87.5,,
1,Electric_Vehicle_2,2.0,87.5,,
1,Electric_Vehicle_2,1.0,87.5,,
1,Electric_Vehicle_2,0.0,87.5,,
3,,,,,
3,,,,,
3,,,,,
3,,,,,
3,,,,,
3,,,,,
3,,,,,
3,,,,,
3,,,,,
3,,,,,
3,,,,,
2,Electric_Vehicle_2,,,0.0,22.2
1,Electric_Vehicle_2,11.0,71.7,,
1,Electric_Vehicle_2,10.0,71.7,,
1,Electric_Vehicle_2,9.0,71.7,,
1,Electric_Vehicle_2,8.0,71.7,,
1,Electric_Vehicle_2,7.0,71.7,,
1,Electric_Vehicle_2,6.0,71.7,,
1,Electric_Vehicle_2,5.0,71.7,,
1,Electric_Vehicle_2,4.0,71.7,,
1,Electric_Vehicle_2,3.0,71.7,,
1,Electric_Vehicle_2,2.0,71.7,,
1,Electric_Vehicle_2,1.0,71.7,,
1,Electric_Vehicle_2,0.0,71.7,,
3,,,,,
3,,,,,
3,,,,,
3,,,,,
3,,,,,
3,,,,,
3,,,,,
3,,,,,
2,Electric_Vehicle_2,,,0.0,53.4
1,Electric_Vehicle_2,11.0,76.6,,
1,Electric_Vehicle_2,10.0,76.6,,
1,Electric_Vehicle_2,9.0,76.6,,
1,Electric_Vehicle_2,8.0,76.6,,
1,Electric_Vehicle_2,7.0,76.6,,
1,Electric_Vehicle_2,6.0,76.6,,
1,Electric_Vehicle_2,5.0,76.6,,
1,Electric_Vehicle_2,4.0,76.6,,
1,Electric_Vehicle_2,3.0,76.6,,
1,Electric_Vehicle_2,2.0,76.6,,
1,Electric_Vehicle_2,1.0,76.6,,
1,Electric_Vehicle_2,0.0,76.6,,
3,,,,,
3,,,,,
3,,,,,
3,,,,,
3,,,,,
3,,,,,
3,,,,,
3,,,,,
3,,,,,
3,,,,,
3,,,,,
3,,,,,
2,Electric_Vehicle_2,,,0.0,27.2
1,Electric_Vehicle_2,13.0,71.0,,
1,Electric_Vehicle_2,12.0,71.0,,
1,Electric_Vehicle_2,11.0,71.0,,
1,Electric_Vehicle_2,10.0,71.0,,
1,Electric_Vehicle_2,9.0,71.0,,
1,Electric_Vehicle_2,8.0,71.0,,
1,Electric_Vehicle_2,7.0,71.0,,
1,Electric_Vehicle_2,6.0,71.0,,
1,Electric_Vehicle_2,5.0,71.0,,
1,Electric_Vehicle_2,4.0,71.0,,
1,Electric_Vehicle_2,3.0,71.0,,
1,Electric_Vehicle_2,2.0,71.0,,
1,Electric_Vehicle_2,1.0,71.0,,
1,Electric_Vehicle_2,0.0,71.0,,
3,,,,,
3,,,,,
3,,,,,
3,,,,,
3,,,,,
3,,,,,
3,,,,,
3,,,,,
3,,,,,
3,,,,,
2,Electric_Vehicle_2,,,0.0,32.4
1,Electric_Vehicle_2,33.0,78.1,,
1,Electric_Vehicle_2,32.0,78.1,,
1,Electric_Vehicle_2,31.0,78.1,,
1,Electric_Vehicle_2,30.0,78.1,,
1,Electric_Vehicle_2,29.0,78.1,,
1,Electric_Vehicle_2,28.0,78.1,,
1,Electric_Vehicle_2,27.0,78.1,,
1,Electric_Vehicle_2,26.0,78.1,,
1,Electric_Vehicle_2,25.0,78.1,,
1,Electric_Vehicle_2,24.0,78.1,,
1,Electric_Vehicle_2,23.0,78.1,,
1,Electric_Vehicle_2,22.0,78.1,,
1,Electric_Vehicle_2,21.0,78.1,,
1,Electric_Vehicle_2,20.0,78.1,,
1,Electric_Vehicle_2,19.0,78.1,,
1,Electric_Vehicle_2,18.0,78.1,,
1,Electric_Vehicle_2,17.0,78.1,,
1,Electric_Vehicle_2,16.0,78.1,,
1,Electric_Vehicle_2,15.0,78.1,,
1,Electric_Vehicle_2,14.0,78.1,,
1,Electric_Vehicle_2,13.0,78.1,,
1,Electric_Vehicle_2,12.0,78.1,,
1,Electric_Vehicle_2,11.0,78.1,,
1,Electric_Vehicle_2,10.0,78.1,,
1,Electric_Vehicle_2,9.0,78.1,,
1,Electric_Vehicle_2,8.0,78.1,,
1,Electric_Vehicle_2,7.0,78.1,,
1,Electric_Vehicle_2,6.0,78.1,,
1,Electric_Vehicle_2,5.0,78.1,,
1,Electric_Vehicle_2,4.0,78.1,,
1,Electric_Vehicle_2,3.0,78.1,,
1,Electric_Vehicle_2,2.0,78.1,,
1,Electric_Vehicle_2,1.0,78.1,,
1,Electric_Vehicle_2,0.0,78.1,,
3,,,,,
3,,,,,
3,,,,,
3,,,,,
3,,,,,
3,,,,,
3,,,,,
3,,,,,
3,,,,,
2,Electric_Vehicle_2,,,0.0,32.3
1,Electric_Vehicle_2,16.0,76.6,,
1,Electric_Vehicle_2,15.0,76.6,,
1,Electric_Vehicle_2,14.0,76.6,,
1,Electric_Vehicle_2,13.0,76.6,,
1,Electric_Vehicle_2,12.0,76.6,,
1,Electric_Vehicle_2,11.0,76.6,,
1,Electric_Vehicle_2,10.0,76.6,,
1,Electric_Vehicle_2,9.0,76.6,,
1,Electric_Vehicle_2,8.0,76.6,,
1,Electric_Vehicle_2,7.0,76.6,,
1,Electric_Vehicle_2,6.0,76.6,,
1,Electric_Vehicle_2,5.0,76.6,,
1,Electric_Vehicle_2,4.0,76.6,,
1,Electric_Vehicle_2,3.0,76.6,,
1,Electric_Vehicle_2,2.0,76.6,,
1,Electric_Vehicle_2,1.0,76.6,,
1,Electric_Vehicle_2,0.0,76.6,,
3,,,,,
3,,,,,
3,,,,,
3,,,,,
3,,,,,
3,,,,,
3,,,,,
3,,,,,
3,,,,,
3,,,,,
3,,,,,
2,Electric_Vehicle_2,,,0.0,26.4
1,Electric_Vehicle_2,11.0,85.5,,
1,Electric_Vehicle_2,10.0,85.5,,
1,Electric_Vehicle_2,9.0,85.5,,
1,Electric_Vehicle_2,8.0,85.5,,
1,Electric_Vehicle_2,7.0,85.5,,
1,Electric_Vehicle_2,6.0,85.5,,
1,Electric_Vehicle_2,5.0,85.5,,
1,Electric_Vehicle_2,4.0,85.5,,
1,Electric_Vehicle_2,3.0,85.5,,
1,Electric_Vehicle_2,2.0,85.5,,
1,Electric_Vehicle_2,1.0,85.5,,
1,Electric_Vehicle_2,0.0,85.5,,
3,,,,,
3,,,,,
3,,,,,
3,,,,,
3,,,,,
3,,,,,
2,Electric_Vehicle_2,,,0.0,37.3
1,Electric_Vehicle_2,40.0,76.9,,
1,Electric_Vehicle_2,39.0,76.9,,
1,Electric_Vehicle_2,38.0,76.9,,
1,Electric_Vehicle_2,37.0,76.9,,
1,Electric_Vehicle_2,36.0,76.9,,
1,Electric_Vehicle_2,35.0,76.9,,
1,Electric_Vehicle_2,34.0,76.9,,
1,Electric_Vehicle_2,33.0,76.9,,
1,Electric_Vehicle_2,32.0,76.9,,
1,Electric_Vehicle_2,31.0,76.9,,
1,Electric_Vehicle_2,30.0,76.9,,
1,Electric_Vehicle_2,29.0,76.9,,
1,Electric_Vehicle_2,28.0,76.9,,
1,Electric_Vehicle_2,27.0,76.9,,
1,Electric_Vehicle_2,26.0,76.9,,
1,Electric_Vehicle_2,25.0,76.9,,
1,Electric_Vehicle_2,24.0,76.9,,
1,Electric_Vehicle_2,23.0,76.9,,
1,Electric_Vehicle_2,22.0,76.9,,
1,Electric_Vehicle_2,21.0,76.9,,
1,Electric_Vehicle_2,20.0,76.9,,
1,Electric_Vehicle_2,19.0,76.9,,
1,Electric_Vehicle_2,18.0,76.9,,
1,Electric_Vehicle_2,17.0,76.9,,
1,Electric_Vehicle_2,16.0,76.9,,
1,Electric_Vehicle_2,15.0,76.9,,
1,Electric_Vehicle_2,14.0,76.9,,
1,Electric_Vehicle_2,13.0,76.9,,
1,Electric_Vehicle_2,12.0,76.9,,
1,Electric_Vehicle_2,11.0,76.9,,
1,Electric_Vehicle_2,10.0,76.9,,
1,Electric_Vehicle_2,9.0,76.9,,
1,Electric_Vehicle_2,8.0,76.9,,
1,Electric_Vehicle_2,7.0,76.9,,
1,Electric_Vehicle_2,6.0,76.9,,
1,Electric_Vehicle_2,5.0,76.9,,
1,Electric_Vehicle_2,4.0,76.9,,
1,Electric_Vehicle_2,3.0,76.9,,
1,Electric_Vehicle_2,2.0,76.9,,
1,Electric_Vehicle_2,1.0,76.9,,
1,Electric_Vehicle_2,0.0,76.9,,
3,,,,,
3,,,,,
3,,,,,
3,,,,,
3,,,,,
3,,,,,
3,,,,,
3,,,,,
2,Electric_Vehicle_2,,,0.0,49.4
1,Electric_Vehicle_2,14.0,81.1,,
1,Electric_Vehicle_2,13.0,81.1,,
1,Electric_Vehicle_2,12.0,81.1,,
1,Electric_Vehicle_2,11.0,81.1,,
1,Electric_Vehicle_2,10.0,81.1,,
1,Electric_Vehicle_2,9.0,81.1,,
1,Electric_Vehicle_2,8.0,81.1,,
1,Electric_Vehicle_2,7.0,81.1,,
1,Electric_Vehicle_2,6.0,81.1,,
1,Electric_Vehicle_2,5.0,81.1,,
1,Electric_Vehicle_2,4.0,81.1,,
1,Electric_Vehicle_2,3.0,81.1,,
1,Electric_Vehicle_2,2.0,81.1,,
1,Electric_Vehicle_2,1.0,81.1,,
1,Electric_Vehicle_2,0.0,81.1,,
3,,,,,
3,,,,,
3,,,,,
3,,,,,
3,,,,,
3,,,,,
3,,,,,
3,,,,,
2,Electric_Vehicle_2,,,0.0,32.9
1,Electric_Vehicle_2,13.0,84.4,,
1,Electric_Vehicle_2,12.0,84.4,,
1,Electric_Vehicle_2,11.0,84.4,,
1,Electric_Vehicle_2,10.0,84.4,,
1,Electric_Vehicle_2,9.0,84.4,,
1,Electric_Vehicle_2,8.0,84.4,,
1,Electric_Vehicle_2,7.0,84.4,,
1,Electric_Vehicle_2,6.0,84.4,,
1,Electric_Vehicle_2,5.0,84.4,,
1,Electric_Vehicle_2,4.0,84.4,,
1,Electric_Vehicle_2,3.0,84.4,,
1,Electric_Vehicle_2,2.0,84.4,,
1,Electric_Vehicle_2,1.0,84.4,,
1,Electric_Vehicle_2,0.0,84.4,,
3,,,,,
3,,,,,
3,,,,,
3,,,,,
3,,,,,
3,,,,,
3,,,,,
2,Electric_Vehicle_2,,,0.0,49.4
1,Electric_Vehicle_2,18.0,75.9,,
1,Electric_Vehicle_2,17.0,75.9,,
1,Electric_Vehicle_2,16.0,75.9,,
1,Electric_Vehicle_2,15.0,75.9,,
1,Electric_Vehicle_2,14.0,75.9,,
1,Electric_Vehicle_2,13.0,75.9,,
1,Electric_Vehicle_2,12.0,75.9,,
1,Electric_Vehicle_2,11.0,75.9,,
1,Electric_Vehicle_2,10.0,75.9,,
1,Electric_Vehicle_2,9.0,75.9,,
1,Electric_Vehicle_2,8.0,75.9,,
1,Electric_Vehicle_2,7.0,75.9,,
1,Electric_Vehicle_2,6.0,75.9,,
1,Electric_Vehicle_2,5.0,75.9,,
1,Electric_Vehicle_2,4.0,75.9,,
1,Electric_Vehicle_2,3.0,75.9,,
1,Electric_Vehicle_2,2.0,75.9,,
1,Electric_Vehicle_2,1.0,75.9,,
1,Electric_Vehicle_2,0.0,75.9,,
3,,,,,
3,,,,,
3,,,,,
2,Electric_Vehicle_2,,,0.0,41.2
1,Electric_Vehicle_2,16.0,76.7,,
1,Electric_Vehicle_2,15.0,76.7,,
1,Electric_Vehicle_2,14.0,76.7,,
1,Electric_Vehicle_2,13.0,76.7,,
1,Electric_Vehicle_2,12.0,76.7,,
1,Electric_Vehicle_2,11.0,76.7,,
1,Electric_Vehicle_2,10.0,76.7,,
1,Electric_Vehicle_2,9.0,76.7,,
1,Electric_Vehicle_2,8.0,76.7,,
1,Electric_Vehicle_2,7.0,76.7,,
1,Electric_Vehicle_2,6.0,76.7,,
1,Electric_Vehicle_2,5.0,76.7,,
1,Electric_Vehicle_2,4.0,76.7,,
1,Electric_Vehicle_2,3.0,76.7,,
1,Electric_Vehicle_2,2.0,76.7,,
1,Electric_Vehicle_2,1.0,76.7,,
1,Electric_Vehicle_2,0.0,76.7,,
3,,,,,
3,,,,,
3,,,,,
3,,,,,
3,,,,,
3,,,,,
3,,,,,
3,,,,,
2,Electric_Vehicle_2,,,0.0,43.6
1,Electric_Vehicle_2,15.0,83.0,,
1,Electric_Vehicle_2,14.0,83.0,,
1,Electric_Vehicle_2,13.0,83.0,,
1,Electric_Vehicle_2,12.0,83.0,,
1,Electric_Vehicle_2,11.0,83.0,,
1,Electric_Vehicle_2,10.0,83.0,,
1,Electric_Vehicle_2,9.0,83.0,,
1,Electric_Vehicle_2,8.0,83.0,,
1,Electric_Vehicle_2,7.0,83.0,,
1,Electric_Vehicle_2,6.0,83.0,,
1,Electric_Vehicle_2,5.0,83.0,,
1,Electric_Vehicle_2,4.0,83.0,,
1,Electric_Vehicle_2,3.0,83.0,,
1,Electric_Vehicle_2,2.0,83.0,,
1,Electric_Vehicle_2,1.0,83.0,,
1,Electric_Vehicle_2,0.0,83.0,,
3,,,,,
3,,,,,
3,,,,,
3,,,,,
3,,,,,
3,,,,,
3,,,,,
3,,,,,
3,,,,,
3,,,,,
2,Electric_Vehicle_2,,,0.0,50.7
1,Electric_Vehicle_2,12.0,78.9,,
1,Electric_Vehicle_2,11.0,78.9,,
1,Electric_Vehicle_2,10.0,78.9,,
1,Electric_Vehicle_2,9.0,78.9,,
1,Electric_Vehicle_2,8.0,78.9,,
1,Electric_Vehicle_2,7.0,78.9,,
1,Electric_Vehicle_2,6.0,78.9,,
1,Electric_Vehicle_2,5.0,78.9,,
1,Electric_Vehicle_2,4.0,78.9,,
1,Electric_Vehicle_2,3.0,78.9,,
1,Electric_Vehicle_2,2.0,78.9,,
1,Electric_Vehicle_2,1.0,78.9,,
1,Electric_Vehicle_2,0.0,78.9,,
3,,,,,
3,,,,,
3,,,,,
3,,,,,
3,,,,,
3,,,,,
3,,,,,
2,Electric_Vehicle_2,,,0.0,53.7
1,Electric_Vehicle_2,14.0,73.4,,
1,Electric_Vehicle_2,13.0,73.4,,
1,Electric_Vehicle_2,12.0,73.4,,
1,Electric_Vehicle_2,11.0,73.4,,
1,Electric_Vehicle_2,10.0,73.4,,
1,Electric_Vehicle_2,9.0,73.4,,
1,Electric_Vehicle_2,8.0,73.4,,
1,Electric_Vehicle_2,7.0,73.4,,
1,Electric_Vehicle_2,6.0,73.4,,
1,Electric_Vehicle_2,5.0,73.4,,
1,Electric_Vehicle_2,4.0,73.4,,
1,Electric_Vehicle_2,3.0,73.4,,
1,Electric_Vehicle_2,2.0,73.4,,
1,Electric_Vehicle_2,1.0,73.4,,
1,Electric_Vehicle_2,0.0,73.4,,
3,,,,,
3,,,,,
3,,,,,
3,,,,,
3,,,,,
3,,,,,
3,,,,,
3,,,,,
3,,,,,
3,,,,,
2,Electric_Vehicle_2,,,0.0,38.4
1,Electric_Vehicle_2,38.0,82.5,,
1,Electric_Vehicle_2,37.0,82.5,,
1,Electric_Vehicle_2,36.0,82.5,,
1,Electric_Vehicle_2,35.0,82.5,,
1,Electric_Vehicle_2,34.0,82.5,,
1,Electric_Vehicle_2,33.0,82.5,,
1,Electric_Vehicle_2,32.0,82.5,,
1,Electric_Vehicle_2,31.0,82.5,,
1,Electric_Vehicle_2,30.0,82.5,,
1,Electric_Vehicle_2,29.0,82.5,,
1,Electric_Vehicle_2,28.0,82.5,,
1,Electric_Vehicle_2,27.0,82.5,,
1,Electric_Vehicle_2,26.0,82.5,,
1,Electric_Vehicle_2,25.0,82.5,,
1,Electric_Vehicle_2,24.0,82.5,,
1,Electric_Vehicle_2,23.0,82.5,,
1,Electric_Vehicle_2,22.0,82.5,,
1,Electric_Vehicle_2,21.0,82.5,,
1,Electric_Vehicle_2,20.0,82.5,,
1,Electric_Vehicle_2,19.0,82.5,,
1,Electric_Vehicle_2,18.0,82.5,,
1,Electric_Vehicle_2,17.0,82.5,,
1,Electric_Vehicle_2,16.0,82.5,,
1,Electric_Vehicle_2,15.0,82.5,,
1,Electric_Vehicle_2,14.0,82.5,,
1,Electric_Vehicle_2,13.0,82.5,,
1,Electric_Vehicle_2,12.0,82.5,,
1,Electric_Vehicle_2,11.0,82.5,,
1,Electric_Vehicle_2,10.0,82.5,,
1,Electric_Vehicle_2,9.0,82.5,,
1,Electric_Vehicle_2,8.0,82.5,,
1,Electric_Vehicle_2,7.0,82.5,,
1,Electric_Vehicle_2,6.0,82.5,,
1,Electric_Vehicle_2,5.0,82.5,,
1,Electric_Vehicle_2,4.0,82.5,,
1,Electric_Vehicle_2,3.0,82.5,,
1,Electric_Vehicle_2,2.0,82.5,,
1,Electric_Vehicle_2,1.0,82.5,,
1,Electric_Vehicle_2,0.0,82.5,,
3,,,,,
3,,,,,
3,,,,,
3,,,,,
3,,,,,
2,Electric_Vehicle_2,,,0.0,37.2
1,Electric_Vehicle_2,18.0,71.9,,
1,Electric_Vehicle_2,17.0,71.9,,
1,Electric_Vehicle_2,16.0,71.9,,
1,Electric_Vehicle_2,15.0,71.9,,
1,Electric_Vehicle_2,14.0,71.9,,
1,Electric_Vehicle_2,13.0,71.9,,
1,Electric_Vehicle_2,12.0,71.9,,
1,Electric_Vehicle_2,11.0,71.9,,
1,Electric_Vehicle_2,10.0,71.9,,
1,Electric_Vehicle_2,9.0,71.9,,
1,Electric_Vehicle_2,8.0,71.9,,
1,Electric_Vehicle_2,7.0,71.9,,
1,Electric_Vehicle_2,6.0,71.9,,
1,Electric_Vehicle_2,5.0,71.9,,
1,Electric_Vehicle_2,4.0,71.9,,
1,Electric_Vehicle_2,3.0,71.9,,
1,Electric_Vehicle_2,2.0,71.9,,
1,Electric_Vehicle_2,1.0,71.9,,
1,Electric_Vehicle_2,0.0,71.9,,
3,,,,,
3,,,,,
3,,,,,
3,,,,,
2,Electric_Vehicle_2,,,0.0,41.9
1,Electric_Vehicle_2,16.0,86.9,,
1,Electric_Vehicle_2,15.0,86.9,,
1,Electric_Vehicle_2,14.0,86.9,,
1,Electric_Vehicle_2,13.0,86.9,,
1,Electric_Vehicle_2,12.0,86.9,,
1,Electric_Vehicle_2,11.0,86.9,,
1,Electric_Vehicle_2,10.0,86.9,,
1,Electric_Vehicle_2,9.0,86.9,,
1,Electric_Vehicle_2,8.0,86.9,,
1,Electric_Vehicle_2,7.0,86.9,,
1,Electric_Vehicle_2,6.0,86.9,,
1,Electric_Vehicle_2,5.0,86.9,,
1,Electric_Vehicle_2,4.0,86.9,,
1,Electric_Vehicle_2,3.0,86.9,,
1,Electric_Vehicle_2,2.0,86.9,,
1,Electric_Vehicle_2,1.0,86.9,,
1,Electric_Vehicle_2,0.0,86.9,,
3,,,,,
3,,,,,
3,,,,,
3,,,,,
3,,,,,
3,,,,,
3,,,,,
2,Electric_Vehicle_2,,,0.0,54.8
1,Electric_Vehicle_2,14.0,70.0,,
1,Electric_Vehicle_2,13.0,70.0,,
1,Electric_Vehicle_2,12.0,70.0,,
1,Electric_Vehicle_2,11.0,70.0,,
1,Electric_Vehicle_2,10.0,70.0,,
1,Electric_Vehicle_2,9.0,70.0,,
1,Electric_Vehicle_2,8.0,70.0,,
1,Electric_Vehicle_2,7.0,70.0,,
1,Electric_Vehicle_2,6.0,70.0,,
1,Electric_Vehicle_2,5.0,70.0,,
1,Electric_Vehicle_2,4.0,70.0,,
1,Electric_Vehicle_2,3.0,70.0,,
1,Electric_Vehicle_2,2.0,70.0,,
1,Electric_Vehicle_2,1.0,70.0,,
1,Electric_Vehicle_2,0.0,70.0,,
3,,,,,
3,,,,,
3,,,,,
3,,,,,
3,,,,,
3,,,,,
3,,,,,
3,,,,,
2,Electric_Vehicle_2,,,0.0,36.2
1,Electric_Vehicle_2,15.0,73.3,,
1,Electric_Vehicle_2,14.0,73.3,,
1,Electric_Vehicle_2,13.0,73.3,,
1,Electric_Vehicle_2,12.0,73.3,,
1,Electric_Vehicle_2,11.0,73.3,,
1,Electric_Vehicle_2,10.0,73.3,,
1,Electric_Vehicle_2,9.0,73.3,,
1,Electric_Vehicle_2,8.0,73.3,,
1,Electric_Vehicle_2,7.0,73.3,,
1,Electric_Vehicle_2,6.0,73.3,,
1,Electric_Vehicle_2,5.0,73.3,,
1,Electric_Vehicle_2,4.0,73.3,,
1,Electric_Vehicle_2,3.0,73.3,,
1,Electric_Vehicle_2,2.0,73.3,,
1,Electric_Vehicle_2,1.0,73.3,,
1,Electric_Vehicle_2,0.0,73.3,,
3,,,,,
3,,,,,
3,,,,,
3,,,,,
3,,,,,
3,,,,,
3,,,,,
3,,,,,
2,Electric_Vehicle_2,,,0.0,33.1
1,Electric_Vehicle_2,12.0,76.1,,
1,Electric_Vehicle_2,11.0,76.1,,
1,Electric_Vehicle_2,10.0,76.1,,
1,Electric_Vehicle_2,9.0,76.1,,
1,Electric_Vehicle_2,8.0,76.1,,
1,Electric_Vehicle_2,7.0,76.1,,
1,Electric_Vehicle_2,6.0,76.1,,
1,Electric_Vehicle_2,5.0,76.1,,
1,Electric_Vehicle_2,4.0,76.1,,
1,Electric_Vehicle_2,3.0,76.1,,
1,Electric_Vehicle_2,2.0,76.1,,
1,Electric_Vehicle_2,1.0,76.1,,
1,Electric_Vehicle_2,0.0,76.1,,
3,,,,,
3,,,,,
3,,,,,
3,,,,,
3,,,,,
3,,,,,
3,,,,,
3,,,,,
3,,,,,
3,,,,,
3,,,,,
3,,,,,
3,,,,,
2,Electric_Vehicle_2,,,0.0,48.3
1,Electric_Vehicle_2,37.0,76.5,,
1,Electric_Vehicle_2,36.0,76.5,,
1,Electric_Vehicle_2,35.0,76.5,,
1,Electric_Vehicle_2,34.0,76.5,,
1,Electric_Vehicle_2,33.0,76.5,,
1,Electric_Vehicle_2,32.0,76.5,,
1,Electric_Vehicle_2,31.0,76.5,,
1,Electric_Vehicle_2,30.0,76.5,,
1,Electric_Vehicle_2,29.0,76.5,,
1,Electric_Vehicle_2,28.0,76.5,,
1,Electric_Vehicle_2,27.0,76.5,,
1,Electric_Vehicle_2,26.0,76.5,,
1,Electric_Vehicle_2,25.0,76.5,,
1,Electric_Vehicle_2,24.0,76.5,,
1,Electric_Vehicle_2,23.0,76.5,,
1,Electric_Vehicle_2,22.0,76.5,,
1,Electric_Vehicle_2,21.0,76.5,,
1,Electric_Vehicle_2,20.0,76.5,,
1,Electric_Vehicle_2,19.0,76.5,,
1,Electric_Vehicle_2,18.0,76.5,,
1,Electric_Vehicle_2,17.0,76.5,,
1,Electric_Vehicle_2,16.0,76.5,,
1,Electric_Vehicle_2,15.0,76.5,,
1,Electric_Vehicle_2,14.0,76.5,,
1,Electric_Vehicle_2,13.0,76.5,,
1,Electric_Vehicle_2,12.0,76.5,,
1,Electric_Vehicle_2,11.0,76.5,,
1,Electric_Vehicle_2,10.0,76.5,,
1,Electric_Vehicle_2,9.0,76.5,,
1,Electric_Vehicle_2,8.0,76.5,,
1,Electric_Vehicle_2,7.0,76.5,,
1,Electric_Vehicle_2,6.0,76.5,,
1,Electric_Vehicle_2,5.0,76.5,,
1,Electric_Vehicle_2,4.0,76.5,,
1,Electric_Vehicle_2,3.0,76.5,,
1,Electric_Vehicle_2,2.0,76.5,,
1,Electric_Vehicle_2,1.0,76.5,,
1,Electric_Vehicle_2,0.0,76.5,,
3,,,,,
3,,,,,
3,,,,,
3,,,,,
2,Electric_Vehicle_2,,,0.0,52.2
1,Electric_Vehicle_2,16.0,78.0,,
1,Electric_Vehicle_2,15.0,78.0,,
1,Electric_Vehicle_2,14.0,78.0,,
1,Electric_Vehicle_2,13.0,78.0,,
1,Electric_Vehicle_2,12.0,78.0,,
1,Electric_Vehicle_2,11.0,78.0,,
1,Electric_Vehicle_2,10.0,78.0,,
1,Electric_Vehicle_2,9.0,78.0,,
1,Electric_Vehicle_2,8.0,78.0,,
1,Electric_Vehicle_2,7.0,78.0,,
1,Electric_Vehicle_2,6.0,78.0,,
1,Electric_Vehicle_2,5.0,78.0,,
1,Electric_Vehicle_2,4.0,78.0,,
1,Electric_Vehicle_2,3.0,78.0,,
1,Electric_Vehicle_2,2.0,78.0,,
1,Electric_Vehicle_2,1.0,78.0,,
1,Electric_Vehicle_2,0.0,78.0,,
3,,,,,
3,,,,,
3,,,,,
3,,,,,
3,,,,,
3,,,,,
2,Electric_Vehicle_2,,,0.0,46.8
1,Electric_Vehicle_2,16.0,89.8,,
1,Electric_Vehicle_2,15.0,89.8,,
1,Electric_Vehicle_2,14.0,89.8,,
1,Electric_Vehicle_2,13.0,89.8,,
1,Electric_Vehicle_2,12.0,89.8,,
1,Electric_Vehicle_2,11.0,89.8,,
1,Electric_Vehicle_2,10.0,89.8,,
1,Electric_Vehicle_2,9.0,89.8,,
1,Electric_Vehicle_2,8.0,89.8,,
1,Electric_Vehicle_2,7.0,89.8,,
1,Electric_Vehicle_2,6.0,89.8,,
1,Electric_Vehicle_2,5.0,89.8,,
1,Electric_Vehicle_2,4.0,89.8,,
1,Electric_Vehicle_2,3.0,89.8,,
1,Electric_Vehicle_2,2.0,89.8,,
1,Electric_Vehicle_2,1.0,89.8,,
1,Electric_Vehicle_2,0.0,89.8,,
3,,,,,
3,,,,,
3,,,,,
3,,,,,
3,,,,,
3,,,,,
3,,,,,
3,,,,,
3,,,,,
2,Electric_Vehicle_2,,,0.0,39.9
1,Electric_Vehicle_2,14.0,72.9,,
1,Electric_Vehicle_2,13.0,72.9,,
1,Electric_Vehicle_2,12.0,72.9,,
1,Electric_Vehicle_2,11.0,72.9,,
1,Electric_Vehicle_2,10.0,72.9,,
1,Electric_Vehicle_2,9.0,72.9,,
1,Electric_Vehicle_2,8.0,72.9,,
1,Electric_Vehicle_2,7.0,72.9,,
1,Electric_Vehicle_2,6.0,72.9,,
1,Electric_Vehicle_2,5.0,72.9,,
1,Electric_Vehicle_2,4.0,72.9,,
1,Electric_Vehicle_2,3.0,72.9,,
1,Electric_Vehicle_2,2.0,72.9,,
1,Electric_Vehicle_2,1.0,72.9,,
1,Electric_Vehicle_2,0.0,72.9,,
3,,,,,
3,,,,,
3,,,,,
3,,,,,
3,,,,,
3,,,,,
3,,,,,
2,Electric_Vehicle_2,,,0.0,33.8
1,Electric_Vehicle_2,13.0,83.7,,
1,Electric_Vehicle_2,12.0,83.7,,
1,Electric_Vehicle_2,11.0,83.7,,
1,Electric_Vehicle_2,10.0,83.7,,
1,Electric_Vehicle_2,9.0,83.7,,
1,Electric_Vehicle_2,8.0,83.7,,
1,Electric_Vehicle_2,7.0,83.7,,
1,Electric_Vehicle_2,6.0,83.7,,
1,Electric_Vehicle_2,5.0,83.7,,
1,Electric_Vehicle_2,4.0,83.7,,
1,Electric_Vehicle_2,3.0,83.7,,
1,Electric_Vehicle_2,2.0,83.7,,
1,Electric_Vehicle_2,1.0,83.7,,
1,Electric_Vehicle_2,0.0,83.7,,
3,,,,,
3,,,,,
3,,,,,
3,,,,,
3,,,,,
3,,,,,
3,,,,,
3,,,,,
3,,,,,
3,,,,,
3,,,,,
2,Electric_Vehicle_2,,,0.0,35.4
1,Electric_Vehicle_2,12.0,86.6,,
1,Electric_Vehicle_2,11.0,86.6,,
1,Electric_Vehicle_2,10.0,86.6,,
1,Electric_Vehicle_2,9.0,86.6,,
1,Electric_Vehicle_2,8.0,86.6,,
1,Electric_Vehicle_2,7.0,86.6,,
1,Electric_Vehicle_2,6.0,86.6,,
1,Electric_Vehicle_2,5.0,86.6,,
1,Electric_Vehicle_2,4.0,86.6,,
1,Electric_Vehicle_2,3.0,86.6,,
1,Electric_Vehicle_2,2.0,86.6,,
1,Electric_Vehicle_2,1.0,86.6,,
1,Electric_Vehicle_2,0.0,86.6,,
3,,,,,
3,,,,,
3,,,,,
3,,,,,
3,,,,,
3,,,,,
3,,,,,
3,,,,,
3,,,,,
3,,,,,
2,Electric_Vehicle_2,,,0.0,31.2
1,Electric_Vehicle_2,12.0,83.8,,
1,Electric_Vehicle_2,11.0,83.8,,
1,Electric_Vehicle_2,10.0,83.8,,
1,Electric_Vehicle_2,9.0,83.8,,
1,Electric_Vehicle_2,8.0,83.8,,
1,Electric_Vehicle_2,7.0,83.8,,
1,Electric_Vehicle_2,6.0,83.8,,
1,Electric_Vehicle_2,5.0,83.8,,
1,Electric_Vehicle_2,4.0,83.8,,
1,Electric_Vehicle_2,3.0,83.8,,
1,Electric_Vehicle_2,2.0,83.8,,
1,Electric_Vehicle_2,1.0,83.8,,
1,Electric_Vehicle_2,0.0,83.8,,
3,,,,,
3,,,,,
3,,,,,
3,,,,,
3,,,,,
3,,,,,
2,Electric_Vehicle_2,,,0.0,37.2
1,Electric_Vehicle_2,40.0,79.5,,
1,Electric_Vehicle_2,39.0,79.5,,
1,Electric_Vehicle_2,38.0,79.5,,
1,Electric_Vehicle_2,37.0,79.5,,
1,Electric_Vehicle_2,36.0,79.5,,
1,Electric_Vehicle_2,35.0,79.5,,
1,Electric_Vehicle_2,34.0,79.5,,
1,Electric_Vehicle_2,33.0,79.5,,
1,Electric_Vehicle_2,32.0,79.5,,
1,Electric_Vehicle_2,31.0,79.5,,
1,Electric_Vehicle_2,30.0,79.5,,
1,Electric_Vehicle_2,29.0,79.5,,
1,Electric_Vehicle_2,28.0,79.5,,
1,Electric_Vehicle_2,27.0,79.5,,
1,Electric_Vehicle_2,26.0,79.5,,
1,Electric_Vehicle_2,25.0,79.5,,
1,Electric_Vehicle_2,24.0,79.5,,
1,Electric_Vehicle_2,23.0,79.5,,
1,Electric_Vehicle_2,22.0,79.5,,
1,Electric_Vehicle_2,21.0,79.5,,
1,Electric_Vehicle_2,20.0,79.5,,
1,Electric_Vehicle_2,19.0,79.5,,
1,Electric_Vehicle_2,18.0,79.5,,
1,Electric_Vehicle_2,17.0,79.5,,
1,Electric_Vehicle_2,16.0,79.5,,
1,Electric_Vehicle_2,15.0,79.5,,
1,Electric_Vehicle_2,14.0,79.5,,
1,Electric_Vehicle_2,13.0,79.5,,
1,Electric_Vehicle_2,12.0,79.5,,
1,Electric_Vehicle_2,11.0,79.5,,
1,Electric_Vehicle_2,10.0,79.5,,
1,Electric_Vehicle_2,9.0,79.5,,
1,Electric_Vehicle_2,8.0,79.5,,
1,Electric_Vehicle_2,7.0,79.5,,
1,Electric_Vehicle_2,6.0,79.5,,
1,Electric_Vehicle_2,5.0,79.5,,
1,Electric_Vehicle_2,4.0,79.5,,
1,Electric_Vehicle_2,3.0,79.5,,
1,Electric_Vehicle_2,2.0,79.5,,
1,Electric_Vehicle_2,1.0,79.5,,
1,Electric_Vehicle_2,0.0,79.5,,
3,,,,,
3,,,,,
3,,,,,
3,,,,,
3,,,,,
3,,,,,
3,,,,,
2,Electric_Vehicle_2,,,0.0,47.5
1,Electric_Vehicle_2,16.0,71.2,,
1,Electric_Vehicle_2,15.0,71.2,,
1,Electric_Vehicle_2,14.0,71.2,,
1,Electric_Vehicle_2,13.0,71.2,,
1,Electric_Vehicle_2,12.0,71.2,,
1,Electric_Vehicle_2,11.0,71.2,,
1,Electric_Vehicle_2,10.0,71.2,,
1,Electric_Vehicle_2,9.0,71.2,,
1,Electric_Vehicle_2,8.0,71.2,,
1,Electric_Vehicle_2,7.0,71.2,,
1,Electric_Vehicle_2,6.0,71.2,,
1,Electric_Vehicle_2,5.0,71.2,,
1,Electric_Vehicle_2,4.0,71.2,,
1,Electric_Vehicle_2,3.0,71.2,,
1,Electric_Vehicle_2,2.0,71.2,,
1,Electric_Vehicle_2,1.0,71.2,,
1,Electric_Vehicle_2,0.0,71.2,,
3,,,,,
3,,,,,
3,,,,,
3,,,,,
3,,,,,
3,,,,,
3,,,,,
2,Electric_Vehicle_2,,,0.0,42.3
1,Electric_Vehicle_2,14.0,70.1,,
1,Electric_Vehicle_2,13.0,70.1,,
1,Electric_Vehicle_2,12.0,70.1,,
1,Electric_Vehicle_2,11.0,70.1,,
1,Electric_Vehicle_2,10.0,70.1,,
1,Electric_Vehicle_2,9.0,70.1,,
1,Electric_Vehicle_2,8.0,70.1,,
1,Electric_Vehicle_2,7.0,70.1,,
1,Electric_Vehicle_2,6.0,70.1,,
1,Electric_Vehicle_2,5.0,70.1,,
1,Electric_Vehicle_2,4.0,70.1,,
1,Electric_Vehicle_2,3.0,70.1,,
1,Electric_Vehicle_2,2.0,70.1,,
1,Electric_Vehicle_2,1.0,70.1,,
1,Electric_Vehicle_2,0.0,70.1,,
3,,,,,
3,,,,,
3,,,,,
3,,,,,
3,,,,,
3,,,,,
3,,,,,
3,,,,,
2,Electric_Vehicle_2,,,0.0,29.2
1,Electric_Vehicle_2,39.0,75.2,,
1,Electric_Vehicle_2,38.0,75.2,,
1,Electric_Vehicle_2,37.0,75.2,,
1,Electric_Vehicle_2,36.0,75.2,,
1,Electric_Vehicle_2,35.0,75.2,,
1,Electric_Vehicle_2,34.0,75.2,,
1,Electric_Vehicle_2,33.0,75.2,,
1,Electric_Vehicle_2,32.0,75.2,,
1,Electric_Vehicle_2,31.0,75.2,,
1,Electric_Vehicle_2,30.0,75.2,,
1,Electric_Vehicle_2,29.0,75.2,,
1,Electric_Vehicle_2,28.0,75.2,,
1,Electric_Vehicle_2,27.0,75.2,,
1,Electric_Vehicle_2,26.0,75.2,,
1,Electric_Vehicle_2,25.0,75.2,,
1,Electric_Vehicle_2,24.0,75.2,,
1,Electric_Vehicle_2,23.0,75.2,,
1,Electric_Vehicle_2,22.0,75.2,,
1,Electric_Vehicle_2,21.0,75.2,,
1,Electric_Vehicle_2,20.0,75.2,,
1,Electric_Vehicle_2,19.0,75.2,,
1,Electric_Vehicle_2,18.0,75.2,,
1,Electric_Vehicle_2,17.0,75.2,,
1,Electric_Vehicle_2,16.0,75.2,,
1,Electric_Vehicle_2,15.0,75.2,,
1,Electric_Vehicle_2,14.0,75.2,,
1,Electric_Vehicle_2,13.0,75.2,,
1,Electric_Vehicle_2,12.0,75.2,,
1,Electric_Vehicle_2,11.0,75.2,,
1,Electric_Vehicle_2,10.0,75.2,,
1,Electric_Vehicle_2,9.0,75.2,,
1,Electric_Vehicle_2,8.0,75.2,,
1,Electric_Vehicle_2,7.0,75.2,,
1,Electric_Vehicle_2,6.0,75.2,,
1,Electric_Vehicle_2,5.0,75.2,,
1,Electric_Vehicle_2,4.0,75.2,,
1,Electric_Vehicle_2,3.0,75.2,,
1,Electric_Vehicle_2,2.0,75.2,,
1,Electric_Vehicle_2,1.0,75.2,,
1,Electric_Vehicle_2,0.0,75.2,,
3,,,,,
3,,,,,
3,,,,,
3,,,,,
3,,,,,
3,,,,,
3,,,,,
3,,,,,
3,,,,,
2,Electric_Vehicle_2,,,0.0,25.8
1,Electric_Vehicle_2,11.0,72.0,,
1,Electric_Vehicle_2,10.0,72.0,,
1,Electric_Vehicle_2,9.0,72.0,,
1,Electric_Vehicle_2,8.0,72.0,,
1,Electric_Vehicle_2,7.0,72.0,,
1,Electric_Vehicle_2,6.0,72.0,,
1,Electric_Vehicle_2,5.0,72.0,,
1,Electric_Vehicle_2,4.0,72.0,,
1,Electric_Vehicle_2,3.0,72.0,,
1,Electric_Vehicle_2,2.0,72.0,,
1,Electric_Vehicle_2,1.0,72.0,,
1,Electric_Vehicle_2,0.0,72.0,,
3,,,,,
3,,,,,
3,,,,,
3,,,,,
3,,,,,
3,,,,,
3,,,,,
3,,,,,
2,Electric_Vehicle_2,,,0.0,35.3
1,Electric_Vehicle_2,40.0,75.2,,
1,Electric_Vehicle_2,39.0,75.2,,
1,Electric_Vehicle_2,38.0,75.2,,
1,Electric_Vehicle_2,37.0,75.2,,
1,Electric_Vehicle_2,36.0,75.2,,
1,Electric_Vehicle_2,35.0,75.2,,
1,Electric_Vehicle_2,34.0,75.2,,
1,Electric_Vehicle_2,33.0,75.2,,
1,Electric_Vehicle_2,32.0,75.2,,
1,Electric_Vehicle_2,31.0,75.2,,
1,Electric_Vehicle_2,30.0,75.2,,
1,Electric_Vehicle_2,29.0,75.2,,
1,Electric_Vehicle_2,28.0,75.2,,
1,Electric_Vehicle_2,27.0,75.2,,
1,Electric_Vehicle_2,26.0,75.2,,
1,Electric_Vehicle_2,25.0,75.2,,
1,Electric_Vehicle_2,24.0,75.2,,
1,Electric_Vehicle_2,23.0,75.2,,
1,Electric_Vehicle_2,22.0,75.2,,
1,Electric_Vehicle_2,21.0,75.2,,
1,Electric_Vehicle_2,20.0,75.2,,
1,Electric_Vehicle_2,19.0,75.2,,
1,Electric_Vehicle_2,18.0,75.2,,
1,Electric_Vehicle_2,17.0,75.2,,
1,Electric_Vehicle_2,16.0,75.2,,
1,Electric_Vehicle_2,15.0,75.2,,
1,Electric_Vehicle_2,14.0,75.2,,
1,Electric_Vehicle_2,13.0,75.2,,
1,Electric_Vehicle_2,12.0,75.2,,
1,Electric_Vehicle_2,11.0,75.2,,
1,Electric_Vehicle_2,10.0,75.2,,
1,Electric_Vehicle_2,9.0,75.2,,
1,Electric_Vehicle_2,8.0,75.2,,
1,Electric_Vehicle_2,7.0,75.2,,
1,Electric_Vehicle_2,6.0,75.2,,
1,Electric_Vehicle_2,5.0,75.2,,
1,Electric_Vehicle_2,4.0,75.2,,
1,Electric_Vehicle_2,3.0,75.2,,
1,Electric_Vehicle_2,2.0,75.2,,
1,Electric_Vehicle_2,1.0,75.2,,
1,Electric_Vehicle_2,0.0,75.2,,
3,,,,,
3,,,,,
2,Electric_Vehicle_2,,,0.0,53.8
1,Electric_Vehicle_2,17.0,76.0,,
1,Electric_Vehicle_2,16.0,76.0,,
1,Electric_Vehicle_2,15.0,76.0,,
1,Electric_Vehicle_2,14.0,76.0,,
1,Electric_Vehicle_2,13.0,76.0,,
1,Electric_Vehicle_2,12.0,76.0,,
1,Electric_Vehicle_2,11.0,76.0,,
1,Electric_Vehicle_2,10.0,76.0,,
1,Electric_Vehicle_2,9.0,76.0,,
1,Electric_Vehicle_2,8.0,76.0,,
1,Electric_Vehicle_2,7.0,76.0,,
1,Electric_Vehicle_2,6.0,76.0,,
1,Electric_Vehicle_2,5.0,76.0,,
1,Electric_Vehicle_2,4.0,76.0,,
1,Electric_Vehicle_2,3.0,76.0,,
1,Electric_Vehicle_2,2.0,76.0,,
1,Electric_Vehicle_2,1.0,76.0,,
1,Electric_Vehicle_2,0.0,76.0,,
3,,,,,
3,,,,,
3,,,,,
3,,,,,
3,,,,,
3,,,,,
3,,,,,
3,,,,,
3,,,,,
3,,,,,
2,Electric_Vehicle_2,,,0.0,24.4
1,Electric_Vehicle_2,13.0,77.0,,
1,Electric_Vehicle_2,12.0,77.0,,
1,Electric_Vehicle_2,11.0,77.0,,
1,Electric_Vehicle_2,10.0,77.0,,
1,Electric_Vehicle_2,9.0,77.0,,
1,Electric_Vehicle_2,8.0,77.0,,
1,Electric_Vehicle_2,7.0,77.0,,
1,Electric_Vehicle_2,6.0,77.0,,
1,Electric_Vehicle_2,5.0,77.0,,
1,Electric_Vehicle_2,4.0,77.0,,
1,Electric_Vehicle_2,3.0,77.0,,
1,Electric_Vehicle_2,2.0,77.0,,
1,Electric_Vehicle_2,1.0,77.0,,
1,Electric_Vehicle_2,0.0,77.0,,
3,,,,,
3,,,,,
3,,,,,
3,,,,,
3,,,,,
3,,,,,
3,,,,,
3,,,,,
3,,,,,
3,,,,,
2,Electric_Vehicle_2,,,0.0,28.9
1,Electric_Vehicle_2,13.0,74.5,,
1,Electric_Vehicle_2,12.0,74.5,,
1,Electric_Vehicle_2,11.0,74.5,,
1,Electric_Vehicle_2,10.0,74.5,,
1,Electric_Vehicle_2,9.0,74.5,,
1,Electric_Vehicle_2,8.0,74.5,,
1,Electric_Vehicle_2,7.0,74.5,,
1,Electric_Vehicle_2,6.0,74.5,,
1,Electric_Vehicle_2,5.0,74.5,,
1,Electric_Vehicle_2,4.0,74.5,,
1,Electric_Vehicle_2,3.0,74.5,,
1,Electric_Vehicle_2,2.0,74.5,,
1,Electric_Vehicle_2,1.0,74.5,,
1,Electric_Vehicle_2,0.0,74.5,,
3,,,,,
3,,,,,
3,,,,,
3,,,,,
3,,,,,
3,,,,,
3,,,,,
3,,,,,
3,,,,,
2,Electric_Vehicle_2,,,0.0,47.5
1,Electric_Vehicle_2,12.0,84.0,,
1,Electric_Vehicle_2,11.0,84.0,,
1,Electric_Vehicle_2,10.0,84.0,,
1,Electric_Vehicle_2,9.0,84.0,,
1,Electric_Vehicle_2,8.0,84.0,,
1,Electric_Vehicle_2,7.0,84.0,,
1,Electric_Vehicle_2,6.0,84.0,,
1,Electric_Vehicle_2,5.0,84.0,,
1,Electric_Vehicle_2,4.0,84.0,,
1,Electric_Vehicle_2,3.0,84.0,,
1,Electric_Vehicle_2,2.0,84.0,,
1,Electric_Vehicle_2,1.0,84.0,,
1,Electric_Vehicle_2,0.0,84.0,,
3,,,,,
3,,,,,
3,,,,,
3,,,,,
3,,,,,
3,,,,,
3,,,,,
3,,,,,
3,,,,,
3,,,,,
3,,,,,
2,Electric_Vehicle_2,,,0.0,30.1
1,Electric_Vehicle_2,11.0,77.4,,
1,Electric_Vehicle_2,10.0,77.4,,
1,Electric_Vehicle_2,9.0,77.4,,
1,Electric_Vehicle_2,8.0,77.4,,
1,Electric_Vehicle_2,7.0,77.4,,
1,Electric_Vehicle_2,6.0,77.4,,
1,Electric_Vehicle_2,5.0,77.4,,
1,Electric_Vehicle_2,4.0,77.4,,
1,Electric_Vehicle_2,3.0,77.4,,
1,Electric_Vehicle_2,2.0,77.4,,
1,Electric_Vehicle_2,1.0,77.4,,
1,Electric_Vehicle_2,0.0,77.4,,
3,,,,,
3,,,,,
3,,,,,
3,,,,,
3,,,,,
3,,,,,
3,,,,,
3,,,,,
3,,,,,
3,,,,,
3,,,,,
2,Electric_Vehicle_2,,,0.0,46.1
1,Electric_Vehicle_2,60.0,89.4,,
1,Electric_Vehicle_2,59.0,89.4,,
1,Electric_Vehicle_2,58.0,89.4,,
1,Electric_Vehicle_2,57.0,89.4,,
1,Electric_Vehicle_2,56.0,89.4,,
1,Electric_Vehicle_2,55.0,89.4,,
1,Electric_Vehicle_2,54.0,89.4,,
1,Electric_Vehicle_2,53.0,89.4,,
1,Electric_Vehicle_2,52.0,89.4,,
1,Electric_Vehicle_2,51.0,89.4,,
1,Electric_Vehicle_2,50.0,89.4,,
1,Electric_Vehicle_2,49.0,89.4,,
1,Electric_Vehicle_2,48.0,89.4,,
1,Electric_Vehicle_2,47.0,89.4,,
1,Electric_Vehicle_2,46.0,89.4,,
1,Electric_Vehicle_2,45.0,89.4,,
1,Electric_Vehicle_2,44.0,89.4,,
1,Electric_Vehicle_2,43.0,89.4,,
1,Electric_Vehicle_2,42.0,89.4,,
1,Electric_Vehicle_2,41.0,89.4,,
1,Electric_Vehicle_2,40.0,89.4,,
1,Electric_Vehicle_2,39.0,89.4,,
1,Electric_Vehicle_2,38.0,89.4,,
1,Electric_Vehicle_2,37.0,89.4,,
1,Electric_Vehicle_2,36.0,89.4,,
1,Electric_Vehicle_2,35.0,89.4,,
1,Electric_Vehicle_2,34.0,89.4,,
1,Electric_Vehicle_2,33.0,89.4,,
1,Electric_Vehicle_2,32.0,89.4,,
1,Electric_Vehicle_2,31.0,89.4,,
1,Electric_Vehicle_2,30.0,89.4,,
1,Electric_Vehicle_2,29.0,89.4,,
1,Electric_Vehicle_2,28.0,89.4,,
1,Electric_Vehicle_2,27.0,89.4,,
1,Electric_Vehicle_2,26.0,89.4,,
1,Electric_Vehicle_2,25.0,89.4,,
1,Electric_Vehicle_2,24.0,89.4,,
1,Electric_Vehicle_2,23.0,89.4,,
1,Electric_Vehicle_2,22.0,89.4,,
1,Electric_Vehicle_2,21.0,89.4,,
1,Electric_Vehicle_2,20.0,89.4,,
1,Electric_Vehicle_2,19.0,89.4,,
1,Electric_Vehicle_2,18.0,89.4,,
1,Electric_Vehicle_2,17.0,89.4,,
1,Electric_Vehicle_2,16.0,89.4,,
1,Electric_Vehicle_2,15.0,89.4,,
1,Electric_Vehicle_2,14.0,89.4,,
1,Electric_Vehicle_2,13.0,89.4,,
1,Electric_Vehicle_2,12.0,89.4,,
1,Electric_Vehicle_2,11.0,89.4,,
1,Electric_Vehicle_2,10.0,89.4,,
1,Electric_Vehicle_2,9.0,89.4,,
1,Electric_Vehicle_2,8.0,89.4,,
1,Electric_Vehicle_2,7.0,89.4,,
1,Electric_Vehicle_2,6.0,89.4,,
1,Electric_Vehicle_2,5.0,89.4,,
1,Electric_Vehicle_2,4.0,89.4,,
1,Electric_Vehicle_2,3.0,89.4,,
1,Electric_Vehicle_2,2.0,89.4,,
1,Electric_Vehicle_2,1.0,89.4,,
1,Electric_Vehicle_2,0.0,89.4,,
3,,,,,
3,,,,,
3,,,,,
3,,,,,
3,,,,,
3,,,,,
3,,,,,
3,,,,,
3,,,,,
2,Electric_Vehicle_2,,,0.0,25.2
1,Electric_Vehicle_2,14.0,84.5,,
1,Electric_Vehicle_2,13.0,84.5,,
1,Electric_Vehicle_2,12.0,84.5,,
1,Electric_Vehicle_2,11.0,84.5,,
1,Electric_Vehicle_2,10.0,84.5,,
1,Electric_Vehicle_2,9.0,84.5,,
1,Electric_Vehicle_2,8.0,84.5,,
1,Electric_Vehicle_2,7.0,84.5,,
1,Electric_Vehicle_2,6.0,84.5,,
1,Electric_Vehicle_2,5.0,84.5,,
1,Electric_Vehicle_2,4.0,84.5,,
1,Electric_Vehicle_2,3.0,84.5,,
1,Electric_Vehicle_2,2.0,84.5,,
1,Electric_Vehicle_2,1.0,84.5,,
1,Electric_Vehicle_2,0.0,84.5,,
3,,,,,
3,,,,,
3,,,,,
3,,,,,
3,,,,,
3,,,,,
3,,,,,
2,Electric_Vehicle_2,,,0.0,36.9
1,Electric_Vehicle_2,14.0,80.8,,
1,Electric_Vehicle_2,13.0,80.8,,
1,Electric_Vehicle_2,12.0,80.8,,
1,Electric_Vehicle_2,11.0,80.8,,
1,Electric_Vehicle_2,10.0,80.8,,
1,Electric_Vehicle_2,9.0,80.8,,
1,Electric_Vehicle_2,8.0,80.8,,
1,Electric_Vehicle_2,7.0,80.8,,
1,Electric_Vehicle_2,6.0,80.8,,
1,Electric_Vehicle_2,5.0,80.8,,
1,Electric_Vehicle_2,4.0,80.8,,
1,Electric_Vehicle_2,3.0,80.8,,
1,Electric_Vehicle_2,2.0,80.8,,
1,Electric_Vehicle_2,1.0,80.8,,
1,Electric_Vehicle_2,0.0,80.8,,
3,,,,,
3,,,,,
3,,,,,
3,,,,,
3,,,,,
3,,,,,
3,,,,,
3,,,,,
3,,,,,
3,,,,,
2,Electric_Vehicle_2,,,0.0,35.3
1,Electric_Vehicle_2,13.0,89.2,,
1,Electric_Vehicle_2,12.0,89.2,,
1,Electric_Vehicle_2,11.0,89.2,,
1,Electric_Vehicle_2,10.0,89.2,,
1,Electric_Vehicle_2,9.0,89.2,,
1,Electric_Vehicle_2,8.0,89.2,,
1,Electric_Vehicle_2,7.0,89.2,,
1,Electric_Vehicle_2,6.0,89.2,,
1,Electric_Vehicle_2,5.0,89.2,,
1,Electric_Vehicle_2,4.0,89.2,,
1,Electric_Vehicle_2,3.0,89.2,,
1,Electric_Vehicle_2,2.0,89.2,,
1,Electric_Vehicle_2,1.0,89.2,,
1,Electric_Vehicle_2,0.0,89.2,,
3,,,,,
3,,,,,
3,,,,,
3,,,,,
3,,,,,
3,,,,,
2,Electric_Vehicle_2,,,0.0,39.7
1,Electric_Vehicle_2,15.0,89.8,,
1,Electric_Vehicle_2,14.0,89.8,,
1,Electric_Vehicle_2,13.0,89.8,,
1,Electric_Vehicle_2,12.0,89.8,,
1,Electric_Vehicle_2,11.0,89.8,,
1,Electric_Vehicle_2,10.0,89.8,,
1,Electric_Vehicle_2,9.0,89.8,,
1,Electric_Vehicle_2,8.0,89.8,,
1,Electric_Vehicle_2,7.0,89.8,,
1,Electric_Vehicle_2,6.0,89.8,,
1,Electric_Vehicle_2,5.0,89.8,,
1,Electric_Vehicle_2,4.0,89.8,,
1,Electric_Vehicle_2,3.0,89.8,,
1,Electric_Vehicle_2,2.0,89.8,,
1,Electric_Vehicle_2,1.0,89.8,,
1,Electric_Vehicle_2,0.0,89.8,,
3,,,,,
3,,,,,
3,,,,,
3,,,,,
3,,,,,
3,,,,,
3,,,,,
3,,,,,
3,,,,,
2,Electric_Vehicle_2,,,0.0,36.5
1,Electric_Vehicle_2,15.0,72.6,,
1,Electric_Vehicle_2,14.0,72.6,,
1,Electric_Vehicle_2,13.0,72.6,,
1,Electric_Vehicle_2,12.0,72.6,,
1,Electric_Vehicle_2,11.0,72.6,,
1,Electric_Vehicle_2,10.0,72.6,,
1,Electric_Vehicle_2,9.0,72.6,,
1,Electric_Vehicle_2,8.0,72.6,,
1,Electric_Vehicle_2,7.0,72.6,,
1,Electric_Vehicle_2,6.0,72.6,,
1,Electric_Vehicle_2,5.0,72.6,,
1,Electric_Vehicle_2,4.0,72.6,,
1,Electric_Vehicle_2,3.0,72.6,,
1,Electric_Vehicle_2,2.0,72.6,,
1,Electric_Vehicle_2,1.0,72.6,,
1,Electric_Vehicle_2,0.0,72.6,,
3,,,,,
3,,,,,
3,,,,,
3,,,,,
2,Electric_Vehicle_2,,,0.0,36.3
1,Electric_Vehicle_2,39.0,88.3,,
1,Electric_Vehicle_2,38.0,88.3,,
1,Electric_Vehicle_2,37.0,88.3,,
1,Electric_Vehicle_2,36.0,88.3,,
1,Electric_Vehicle_2,35.0,88.3,,
1,Electric_Vehicle_2,34.0,88.3,,
1,Electric_Vehicle_2,33.0,88.3,,
1,Electric_Vehicle_2,32.0,88.3,,
1,Electric_Vehicle_2,31.0,88.3,,
1,Electric_Vehicle_2,30.0,88.3,,
1,Electric_Vehicle_2,29.0,88.3,,
1,Electric_Vehicle_2,28.0,88.3,,
1,Electric_Vehicle_2,27.0,88.3,,
1,Electric_Vehicle_2,26.0,88.3,,
1,Electric_Vehicle_2,25.0,88.3,,
1,Electric_Vehicle_2,24.0,88.3,,
1,Electric_Vehicle_2,23.0,88.3,,
1,Electric_Vehicle_2,22.0,88.3,,
1,Electric_Vehicle_2,21.0,88.3,,
1,Electric_Vehicle_2,20.0,88.3,,
1,Electric_Vehicle_2,19.0,88.3,,
1,Electric_Vehicle_2,18.0,88.3,,
1,Electric_Vehicle_2,17.0,88.3,,
1,Electric_Vehicle_2,16.0,88.3,,
1,Electric_Vehicle_2,15.0,88.3,,
1,Electric_Vehicle_2,14.0,88.3,,
1,Electric_Vehicle_2,13.0,88.3,,
1,Electric_Vehicle_2,12.0,88.3,,
1,Electric_Vehicle_2,11.0,88.3,,
1,Electric_Vehicle_2,10.0,88.3,,
1,Electric_Vehicle_2,9.0,88.3,,
1,Electric_Vehicle_2,8.0,88.3,,
1,Electric_Vehicle_2,7.0,88.3,,
1,Electric_Vehicle_2,6.0,88.3,,
1,Electric_Vehicle_2,5.0,88.3,,
1,Electric_Vehicle_2,4.0,88.3,,
1,Electric_Vehicle_2,3.0,88.3,,
1,Electric_Vehicle_2,2.0,88.3,,
1,Electric_Vehicle_2,1.0,88.3,,
1,Electric_Vehicle_2,0.0,88.3,,
3,,,,,
3,,,,,
3,,,,,
3,,,,,
3,,,,,
3,,,,,
3,,,,,
3,,,,,
3,,,,,
3,,,,,
3,,,,,
2,Electric_Vehicle_2,,,0.0,39.4
1,Electric_Vehicle_2,12.0,75.3,,
1,Electric_Vehicle_2,11.0,75.3,,
1,Electric_Vehicle_2,10.0,75.3,,
1,Electric_Vehicle_2,9.0,75.3,,
1,Electric_Vehicle_2,8.0,75.3,,
1,Electric_Vehicle_2,7.0,75.3,,
1,Electric_Vehicle_2,6.0,75.3,,
1,Electric_Vehicle_2,5.0,75.3,,
1,Electric_Vehicle_2,4.0,75.3,,
1,Electric_Vehicle_2,3.0,75.3,,
1,Electric_Vehicle_2,2.0,75.3,,
1,Electric_Vehicle_2,1.0,75.3,,
1,Electric_Vehicle_2,0.0,75.3,,
3,,,,,
3,,,,,
3,,,,,
3,,,,,
3,,,,,
3,,,,,
3,,,,,
3,,,,,
3,,,,,
2,Electric_Vehicle_2,,,0.0,51.8
1,Electric_Vehicle_2,13.0,85.0,,
1,Electric_Vehicle_2,12.0,85.0,,
1,Electric_Vehicle_2,11.0,85.0,,
1,Electric_Vehicle_2,10.0,85.0,,
1,Electric_Vehicle_2,9.0,85.0,,
1,Electric_Vehicle_2,8.0,85.0,,
1,Electric_Vehicle_2,7.0,85.0,,
1,Electric_Vehicle_2,6.0,85.0,,
1,Electric_Vehicle_2,5.0,85.0,,
1,Electric_Vehicle_2,4.0,85.0,,
1,Electric_Vehicle_2,3.0,85.0,,
1,Electric_Vehicle_2,2.0,85.0,,
1,Electric_Vehicle_2,1.0,85.0,,
1,Electric_Vehicle_2,0.0,85.0,,
3,,,,,
3,,,,,
3,,,,,
3,,,,,
3,,,,,
3,,,,,
3,,,,,
3,,,,,
3,,,,,
2,Electric_Vehicle_2,,,0.0,28.1
1,Electric_Vehicle_2,12.0,74.3,,
1,Electric_Vehicle_2,11.0,74.3,,
1,Electric_Vehicle_2,10.0,74.3,,
1,Electric_Vehicle_2,9.0,74.3,,
1,Electric_Vehicle_2,8.0,74.3,,
1,Electric_Vehicle_2,7.0,74.3,,
1,Electric_Vehicle_2,6.0,74.3,,
1,Electric_Vehicle_2,5.0,74.3,,
1,Electric_Vehicle_2,4.0,74.3,,
1,Electric_Vehicle_2,3.0,74.3,,
1,Electric_Vehicle_2,2.0,74.3,,
1,Electric_Vehicle_2,1.0,74.3,,
1,Electric_Vehicle_2,0.0,74.3,,
3,,,,,
3,,,,,
3,,,,,
3,,,,,
3,,,,,
3,,,,,
3,,,,,
3,,,,,
3,,,,,
2,Electric_Vehicle_2,,,0.0,31.1
1,Electric_Vehicle_2,14.0,72.7,,
1,Electric_Vehicle_2,13.0,72.7,,
1,Electric_Vehicle_2,12.0,72.7,,
1,Electric_Vehicle_2,11.0,72.7,,
1,Electric_Vehicle_2,10.0,72.7,,
1,Electric_Vehicle_2,9.0,72.7,,
1,Electric_Vehicle_2,8.0,72.7,,
1,Electric_Vehicle_2,7.0,72.7,,
1,Electric_Vehicle_2,6.0,72.7,,
1,Electric_Vehicle_2,5.0,72.7,,
1,Electric_Vehicle_2,4.0,72.7,,
1,Electric_Vehicle_2,3.0,72.7,,
1,Electric_Vehicle_2,2.0,72.7,,
1,Electric_Vehicle_2,1.0,72.7,,
1,Electric_Vehicle_2,0.0,72.7,,
3,,,,,
3,,,,,
3,,,,,
3,,,,,
3,,,,,
3,,,,,
3,,,,,
3,,,,,
2,Electric_Vehicle_2,,,0.0,27.4
1,Electric_Vehicle_2,18.0,75.3,,
1,Electric_Vehicle_2,17.0,75.3,,
1,Electric_Vehicle_2,16.0,75.3,,
1,Electric_Vehicle_2,15.0,75.3,,
1,Electric_Vehicle_2,14.0,75.3,,
1,Electric_Vehicle_2,13.0,75.3,,
1,Electric_Vehicle_2,12.0,75.3,,
1,Electric_Vehicle_2,11.0,75.3,,
1,Electric_Vehicle_2,10.0,75.3,,
1,Electric_Vehicle_2,9.0,75.3,,
1,Electric_Vehicle_2,8.0,75.3,,
1,Electric_Vehicle_2,7.0,75.3,,
1,Electric_Vehicle_2,6.0,75.3,,
1,Electric_Vehicle_2,5.0,75.3,,
1,Electric_Vehicle_2,4.0,75.3,,
1,Electric_Vehicle_2,3.0,75.3,,
1,Electric_Vehicle_2,2.0,75.3,,
1,Electric_Vehicle_2,1.0,75.3,,
1,Electric_Vehicle_2,0.0,75.3,,
3,,,,,
2,Electric_Vehicle_2,,,0.0,49.1
1,Electric_Vehicle_2,42.0,82.0,,
1,Electric_Vehicle_2,41.0,82.0,,
1,Electric_Vehicle_2,40.0,82.0,,
1,Electric_Vehicle_2,39.0,82.0,,
1,Electric_Vehicle_2,38.0,82.0,,
1,Electric_Vehicle_2,37.0,82.0,,
1,Electric_Vehicle_2,36.0,82.0,,
1,Electric_Vehicle_2,35.0,82.0,,
1,Electric_Vehicle_2,34.0,82.0,,
1,Electric_Vehicle_2,33.0,82.0,,
1,Electric_Vehicle_2,32.0,82.0,,
1,Electric_Vehicle_2,31.0,82.0,,
1,Electric_Vehicle_2,30.0,82.0,,
1,Electric_Vehicle_2,29.0,82.0,,
1,Electric_Vehicle_2,28.0,82.0,,
1,Electric_Vehicle_2,27.0,82.0,,
1,Electric_Vehicle_2,26.0,82.0,,
1,Electric_Vehicle_2,25.0,82.0,,
1,Electric_Vehicle_2,24.0,82.0,,
1,Electric_Vehicle_2,23.0,82.0,,
1,Electric_Vehicle_2,22.0,82.0,,
1,Electric_Vehicle_2,21.0,82.0,,
1,Electric_Vehicle_2,20.0,82.0,,
1,Electric_Vehicle_2,19.0,82.0,,
1,Electric_Vehicle_2,18.0,82.0,,
1,Electric_Vehicle_2,17.0,82.0,,
1,Electric_Vehicle_2,16.0,82.0,,
1,Electric_Vehicle_2,15.0,82.0,,
1,Electric_Vehicle_2,14.0,82.0,,
1,Electric_Vehicle_2,13.0,82.0,,
1,Electric_Vehicle_2,12.0,82.0,,
1,Electric_Vehicle_2,11.0,82.0,,
1,Electric_Vehicle_2,10.0,82.0,,
1,Electric_Vehicle_2,9.0,82.0,,
1,Electric_Vehicle_2,8.0,82.0,,
1,Electric_Vehicle_2,7.0,82.0,,
1,Electric_Vehicle_2,6.0,82.0,,
1,Electric_Vehicle_2,5.0,82.0,,
1,Electric_Vehicle_2,4.0,82.0,,
1,Electric_Vehicle_2,3.0,82.0,,
1,Electric_Vehicle_2,2.0,82.0,,
1,Electric_Vehicle_2,1.0,82.0,,
1,Electric_Vehicle_2,0.0,82.0,,
3,,,,,
3,,,,,
3,,,,,
3,,,,,
3,,,,,
3,,,,,
3,,,,,
3,,,,,
3,,,,,
3,,,,,
2,Electric_Vehicle_2,,,0.0,46.7
1,Electric_Vehicle_2,10.0,75.7,,
1,Electric_Vehicle_2,9.0,75.7,,
1,Electric_Vehicle_2,8.0,75.7,,
1,Electric_Vehicle_2,7.0,75.7,,
1,Electric_Vehicle_2,6.0,75.7,,
1,Electric_Vehicle_2,5.0,75.7,,
1,Electric_Vehicle_2,4.0,75.7,,
1,Electric_Vehicle_2,3.0,75.7,,
1,Electric_Vehicle_2,2.0,75.7,,
1,Electric_Vehicle_2,1.0,75.7,,
1,Electric_Vehicle_2,0.0,75.7,,
3,,,,,
3,,,,,
3,,,,,
3,,,,,
3,,,,,
3,,,,,
3,,,,,
3,,,,,
2,Electric_Vehicle_2,,,0.0,43.6
1,Electric_Vehicle_2,15.0,88.0,,
1,Electric_Vehicle_2,14.0,88.0,,
1,Electric_Vehicle_2,13.0,88.0,,
1,Electric_Vehicle_2,12.0,88.0,,
1,Electric_Vehicle_2,11.0,88.0,,
1,Electric_Vehicle_2,10.0,88.0,,
1,Electric_Vehicle_2,9.0,88.0,,
1,Electric_Vehicle_2,8.0,88.0,,
1,Electric_Vehicle_2,7.0,88.0,,
1,Electric_Vehicle_2,6.0,88.0,,
1,Electric_Vehicle_2,5.0,88.0,,
1,Electric_Vehicle_2,4.0,88.0,,
1,Electric_Vehicle_2,3.0,88.0,,
1,Electric_Vehicle_2,2.0,88.0,,
1,Electric_Vehicle_2,1.0,88.0,,
1,Electric_Vehicle_2,0.0,88.0,,
3,,,,,
3,,,,,
3,,,,,
3,,,,,
3,,,,,
3,,,,,
3,,,,,
3,,,,,
3,,,,,
2,Electric_Vehicle_2,,,0.0,38.9
1,Electric_Vehicle_2,11.0,79.2,,
1,Electric_Vehicle_2,10.0,79.2,,
1,Electric_Vehicle_2,9.0,79.2,,
1,Electric_Vehicle_2,8.0,79.2,,
1,Electric_Vehicle_2,7.0,79.2,,
1,Electric_Vehicle_2,6.0,79.2,,
1,Electric_Vehicle_2,5.0,79.2,,
1,Electric_Vehicle_2,4.0,79.2,,
1,Electric_Vehicle_2,3.0,79.2,,
1,Electric_Vehicle_2,2.0,79.2,,
1,Electric_Vehicle_2,1.0,79.2,,
1,Electric_Vehicle_2,0.0,79.2,,
3,,,,,
3,,,,,
3,,,,,
3,,,,,
3,,,,,
3,,,,,
3,,,,,
3,,,,,
3,,,,,
3,,,,,
2,Electric_Vehicle_2,,,0.0,45.8
1,Electric_Vehicle_2,85.0,85.7,,
1,Electric_Vehicle_2,84.0,85.7,,
1,Electric_Vehicle_2,83.0,85.7,,
1,Electric_Vehicle_2,82.0,85.7,,
1,Electric_Vehicle_2,81.0,85.7,,
1,Electric_Vehicle_2,80.0,85.7,,
1,Electric_Vehicle_2,79.0,85.7,,
1,Electric_Vehicle_2,78.0,85.7,,
1,Electric_Vehicle_2,77.0,85.7,,
1,Electric_Vehicle_2,76.0,85.7,,
1,Electric_Vehicle_2,75.0,85.7,,
1,Electric_Vehicle_2,74.0,85.7,,
1,Electric_Vehicle_2,73.0,85.7,,
1,Electric_Vehicle_2,72.0,85.7,,
1,Electric_Vehicle_2,71.0,85.7,,
1,Electric_Vehicle_2,70.0,85.7,,
1,Electric_Vehicle_2,69.0,85.7,,
1,Electric_Vehicle_2,68.0,85.7,,
1,Electric_Vehicle_2,67.0,85.7,,
1,Electric_Vehicle_2,66.0,85.7,,
1,Electric_Vehicle_2,65.0,85.7,,
1,Electric_Vehicle_2,64.0,85.7,,
1,Electric_Vehicle_2,63.0,85.7,,
1,Electric_Vehicle_2,62.0,85.7,,
1,Electric_Vehicle_2,61.0,85.7,,
1,Electric_Vehicle_2,60.0,85.7,,
1,Electric_Vehicle_2,59.0,85.7,,
1,Electric_Vehicle_2,58.0,85.7,,
1,Electric_Vehicle_2,57.0,85.7,,
1,Electric_Vehicle_2,56.0,85.7,,
1,Electric_Vehicle_2,55.0,85.7,,
1,Electric_Vehicle_2,54.0,85.7,,
1,Electric_Vehicle_2,53.0,85.7,,
1,Electric_Vehicle_2,52.0,85.7,,
1,Electric_Vehicle_2,51.0,85.7,,
1,Electric_Vehicle_2,50.0,85.7,,
1,Electric_Vehicle_2,49.0,85.7,,
1,Electric_Vehicle_2,48.0,85.7,,
1,Electric_Vehicle_2,47.0,85.7,,
1,Electric_Vehicle_2,46.0,85.7,,
1,Electric_Vehicle_2,45.0,85.7,,
1,Electric_Vehicle_2,44.0,85.7,,
1,Electric_Vehicle_2,43.0,85.7,,
1,Electric_Vehicle_2,42.0,85.7,,
1,Electric_Vehicle_2,41.0,85.7,,
1,Electric_Vehicle_2,40.0,85.7,,
1,Electric_Vehicle_2,39.0,85.7,,
1,Electric_Vehicle_2,38.0,85.7,,
1,Electric_Vehicle_2,37.0,85.7,,
1,Electric_Vehicle_2,36.0,85.7,,
1,Electric_Vehicle_2,35.0,85.7,,
1,Electric_Vehicle_2,34.0,85.7,,
1,Electric_Vehicle_2,33.0,85.7,,
1,Electric_Vehicle_2,32.0,85.7,,
1,Electric_Vehicle_2,31.0,85.7,,
1,Electric_Vehicle_2,30.0,85.7,,
1,Electric_Vehicle_2,29.0,85.7,,
1,Electric_Vehicle_2,28.0,85.7,,
1,Electric_Vehicle_2,27.0,85.7,,
1,Electric_Vehicle_2,26.0,85.7,,
1,Electric_Vehicle_2,25.0,85.7,,
1,Electric_Vehicle_2,24.0,85.7,,
1,Electric_Vehicle_2,23.0,85.7,,
1,Electric_Vehicle_2,22.0,85.7,,
1,Electric_Vehicle_2,21.0,85.7,,
1,Electric_Vehicle_2,20.0,85.7,,
1,Electric_Vehicle_2,19.0,85.7,,
1,Electric_Vehicle_2,18.0,85.7,,
1,Electric_Vehicle_2,17.0,85.7,,
1,Electric_Vehicle_2,16.0,85.7,,
1,Electric_Vehicle_2,15.0,85.7,,
1,Electric_Vehicle_2,14.0,85.7,,
1,Electric_Vehicle_2,13.0,85.7,,
1,Electric_Vehicle_2,12.0,85.7,,
1,Electric_Vehicle_2,11.0,85.7,,
1,Electric_Vehicle_2,10.0,85.7,,
1,Electric_Vehicle_2,9.0,85.7,,
1,Electric_Vehicle_2,8.0,85.7,,
1,Electric_Vehicle_2,7.0,85.7,,
1,Electric_Vehicle_2,6.0,85.7,,
1,Electric_Vehicle_2,5.0,85.7,,
1,Electric_Vehicle_2,4.0,85.7,,
1,Electric_Vehicle_2,3.0,85.7,,
1,Electric_Vehicle_2,2.0,85.7,,
1,Electric_Vehicle_2,1.0,85.7,,
1,Electric_Vehicle_2,0.0,85.7,,
3,,,,,
3,,,,,
3,,,,,
3,,,,,
3,,,,,
3,,,,,
3,,,,,
3,,,,,
3,,,,,
3,,,,,
3,,,,,
2,Electric_Vehicle_2,,,0.0,34.9
1,Electric_Vehicle_2,12.0,82.2,,
1,Electric_Vehicle_2,11.0,82.2,,
1,Electric_Vehicle_2,10.0,82.2,,
1,Electric_Vehicle_2,9.0,82.2,,
1,Electric_Vehicle_2,8.0,82.2,,
1,Electric_Vehicle_2,7.0,82.2,,
1,Electric_Vehicle_2,6.0,82.2,,
1,Electric_Vehicle_2,5.0,82.2,,
1,Electric_Vehicle_2,4.0,82.2,,
1,Electric_Vehicle_2,3.0,82.2,,
1,Electric_Vehicle_2,2.0,82.2,,
1,Electric_Vehicle_2,1.0,82.2,,
1,Electric_Vehicle_2,0.0,82.2,,
3,,,,,
3,,,,,
3,,,,,
3,,,,,
3,,,,,
3,,,,,
3,,,,,
2,Electric_Vehicle_2,,,0.0,30.1
1,Electric_Vehicle_2,15.0,75.6,,
1,Electric_Vehicle_2,14.0,75.6,,
1,Electric_Vehicle_2,13.0,75.6,,
1,Electric_Vehicle_2,12.0,75.6,,
1,Electric_Vehicle_2,11.0,75.6,,
1,Electric_Vehicle_2,10.0,75.6,,
1,Electric_Vehicle_2,9.0,75.6,,
1,Electric_Vehicle_2,8.0,75.6,,
1,Electric_Vehicle_2,7.0,75.6,,
1,Electric_Vehicle_2,6.0,75.6,,
1,Electric_Vehicle_2,5.0,75.6,,
1,Electric_Vehicle_2,4.0,75.6,,
1,Electric_Vehicle_2,3.0,75.6,,
1,Electric_Vehicle_2,2.0,75.6,,
1,Electric_Vehicle_2,1.0,75.6,,
1,Electric_Vehicle_2,0.0,75.6,,
3,,,,,
3,,,,,
3,,,,,
3,,,,,
3,,,,,
3,,,,,
3,,,,,
2,Electric_Vehicle_2,,,0.0,49.1
1,Electric_Vehicle_2,16.0,71.7,,
1,Electric_Vehicle_2,15.0,71.7,,
1,Electric_Vehicle_2,14.0,71.7,,
1,Electric_Vehicle_2,13.0,71.7,,
1,Electric_Vehicle_2,12.0,71.7,,
1,Electric_Vehicle_2,11.0,71.7,,
1,Electric_Vehicle_2,10.0,71.7,,
1,Electric_Vehicle_2,9.0,71.7,,
1,Electric_Vehicle_2,8.0,71.7,,
1,Electric_Vehicle_2,7.0,71.7,,
1,Electric_Vehicle_2,6.0,71.7,,
1,Electric_Vehicle_2,5.0,71.7,,
1,Electric_Vehicle_2,4.0,71.7,,
1,Electric_Vehicle_2,3.0,71.7,,
1,Electric_Vehicle_2,2.0,71.7,,
1,Electric_Vehicle_2,1.0,71.7,,
1,Electric_Vehicle_2,0.0,71.7,,
3,,,,,
3,,,,,
3,,,,,
3,,,,,
3,,,,,
3,,,,,
3,,,,,
3,,,,,
3,,,,,
2,Electric_Vehicle_2,,,0.0,29.4
1,Electric_Vehicle_2,11.0,77.4,,
1,Electric_Vehicle_2,10.0,77.4,,
1,Electric_Vehicle_2,9.0,77.4,,
1,Electric_Vehicle_2,8.0,77.4,,
1,Electric_Vehicle_2,7.0,77.4,,
1,Electric_Vehicle_2,6.0,77.4,,
1,Electric_Vehicle_2,5.0,77.4,,
1,Electric_Vehicle_2,4.0,77.4,,
1,Electric_Vehicle_2,3.0,77.4,,
1,Electric_Vehicle_2,2.0,77.4,,
1,Electric_Vehicle_2,1.0,77.4,,
1,Electric_Vehicle_2,0.0,77.4,,
3,,,,,
3,,,,,
3,,,,,
3,,,,,
3,,,,,
3,,,,,
3,,,,,
3,,,,,
3,,,,,
2,Electric_Vehicle_2,,,0.0,41.2
1,Electric_Vehicle_2,16.0,80.9,,
1,Electric_Vehicle_2,15.0,80.9,,
1,Electric_Vehicle_2,14.0,80.9,,
1,Electric_Vehicle_2,13.0,80.9,,
1,Electric_Vehicle_2,12.0,80.9,,
1,Electric_Vehicle_2,11.0,80.9,,
1,Electric_Vehicle_2,10.0,80.9,,
1,Electric_Vehicle_2,9.0,80.9,,
1,Electric_Vehicle_2,8.0,80.9,,
1,Electric_Vehicle_2,7.0,80.9,,
1,Electric_Vehicle_2,6.0,80.9,,
1,Electric_Vehicle_2,5.0,80.9,,
1,Electric_Vehicle_2,4.0,80.9,,
1,Electric_Vehicle_2,3.0,80.9,,
1,Electric_Vehicle_2,2.0,80.9,,
1,Electric_Vehicle_2,1.0,80.9,,
1,Electric_Vehicle_2,0.0,80.9,,
3,,,,,
3,,,,,
3,,,,,
3,,,,,
2,Electric_Vehicle_2,,,0.0,41.8
1,Electric_Vehicle_2,17.0,82.7,,
1,Electric_Vehicle_2,16.0,82.7,,
1,Electric_Vehicle_2,15.0,82.7,,
1,Electric_Vehicle_2,14.0,82.7,,
1,Electric_Vehicle_2,13.0,82.7,,
1,Electric_Vehicle_2,12.0,82.7,,
1,Electric_Vehicle_2,11.0,82.7,,
1,Electric_Vehicle_2,10.0,82.7,,
1,Electric_Vehicle_2,9.0,82.7,,
1,Electric_Vehicle_2,8.0,82.7,,
1,Electric_Vehicle_2,7.0,82.7,,
1,Electric_Vehicle_2,6.0,82.7,,
1,Electric_Vehicle_2,5.0,82.7,,
1,Electric_Vehicle_2,4.0,82.7,,
1,Electric_Vehicle_2,3.0,82.7,,
1,Electric_Vehicle_2,2.0,82.7,,
1,Electric_Vehicle_2,1.0,82.7,,
1,Electric_Vehicle_2,0.0,82.7,,
3,,,,,
3,,,,,
3,,,,,
3,,,,,
2,Electric_Vehicle_2,,,0.0,57.6
1,Electric_Vehicle_2,15.0,85.7,,
1,Electric_Vehicle_2,14.0,85.7,,
1,Electric_Vehicle_2,13.0,85.7,,
1,Electric_Vehicle_2,12.0,85.7,,
1,Electric_Vehicle_2,11.0,85.7,,
1,Electric_Vehicle_2,10.0,85.7,,
1,Electric_Vehicle_2,9.0,85.7,,
1,Electric_Vehicle_2,8.0,85.7,,
1,Electric_Vehicle_2,7.0,85.7,,
1,Electric_Vehicle_2,6.0,85.7,,
1,Electric_Vehicle_2,5.0,85.7,,
1,Electric_Vehicle_2,4.0,85.7,,
1,Electric_Vehicle_2,3.0,85.7,,
1,Electric_Vehicle_2,2.0,85.7,,
1,Electric_Vehicle_2,1.0,85.7,,
1,Electric_Vehicle_2,0.0,85.7,,
3,,,,,
3,,,,,
3,,,,,
3,,,,,
3,,,,,
3,,,,,
3,,,,,
3,,,,,
3,,,,,
3,,,,,
3,,,,,
3,,,,,
3,,,,,
2,Electric_Vehicle_2,,,0.0,42.2
1,Electric_Vehicle_2,10.0,79.7,,
1,Electric_Vehicle_2,9.0,79.7,,
1,Electric_Vehicle_2,8.0,79.7,,
1,Electric_Vehicle_2,7.0,79.7,,
1,Electric_Vehicle_2,6.0,79.7,,
1,Electric_Vehicle_2,5.0,79.7,,
1,Electric_Vehicle_2,4.0,79.7,,
1,Electric_Vehicle_2,3.0,79.7,,
1,Electric_Vehicle_2,2.0,79.7,,
1,Electric_Vehicle_2,1.0,79.7,,
1,Electric_Vehicle_2,0.0,79.7,,
3,,,,,
3,,,,,
3,,,,,
3,,,,,
3,,,,,
3,,,,,
3,,,,,
3,,,,,
3,,,,,
3,,,,,
2,Electric_Vehicle_2,,,0.0,28.0
1,Electric_Vehicle_2,13.0,76.1,,
1,Electric_Vehicle_2,12.0,76.1,,
1,Electric_Vehicle_2,11.0,76.1,,
1,Electric_Vehicle_2,10.0,76.1,,
1,Electric_Vehicle_2,9.0,76.1,,
1,Electric_Vehicle_2,8.0,76.1,,
1,Electric_Vehicle_2,7.0,76.1,,
1,Electric_Vehicle_2,6.0,76.1,,
1,Electric_Vehicle_2,5.0,76.1,,
1,Electric_Vehicle_2,4.0,76.1,,
1,Electric_Vehicle_2,3.0,76.1,,
1,Electric_Vehicle_2,2.0,76.1,,
1,Electric_Vehicle_2,1.0,76.1,,
1,Electric_Vehicle_2,0.0,76.1,,
3,,,,,
3,,,,,
3,,,,,
3,,,,,
3,,,,,
3,,,,,
3,,,,,
3,,,,,
3,,,,,
3,,,,,
3,,,,,
2,Electric_Vehicle_2,,,0.0,40.3
1,Electric_Vehicle_2,10.0,83.0,,
1,Electric_Vehicle_2,9.0,83.0,,
1,Electric_Vehicle_2,8.0,83.0,,
1,Electric_Vehicle_2,7.0,83.0,,
1,Electric_Vehicle_2,6.0,83.0,,
1,Electric_Vehicle_2,5.0,83.0,,
1,Electric_Vehicle_2,4.0,83.0,,
1,Electric_Vehicle_2,3.0,83.0,,
1,Electric_Vehicle_2,2.0,83.0,,
1,Electric_Vehicle_2,1.0,83.0,,
1,Electric_Vehicle_2,0.0,83.0,,
3,,,,,
3,,,,,
3,,,,,
3,,,,,
3,,,,,
3,,,,,
3,,,,,
3,,,,,
3,,,,,
2,Electric_Vehicle_2,,,0.0,29.2
1,Electric_Vehicle_2,36.0,76.1,,
1,Electric_Vehicle_2,35.0,76.1,,
1,Electric_Vehicle_2,34.0,76.1,,
1,Electric_Vehicle_2,33.0,76.1,,
1,Electric_Vehicle_2,32.0,76.1,,
1,Electric_Vehicle_2,31.0,76.1,,
1,Electric_Vehicle_2,30.0,76.1,,
1,Electric_Vehicle_2,29.0,76.1,,
1,Electric_Vehicle_2,28.0,76.1,,
1,Electric_Vehicle_2,27.0,76.1,,
1,Electric_Vehicle_2,26.0,76.1,,
1,Electric_Vehicle_2,25.0,76.1,,
1,Electric_Vehicle_2,24.0,76.1,,
1,Electric_Vehicle_2,23.0,76.1,,
1,Electric_Vehicle_2,22.0,76.1,,
1,Electric_Vehicle_2,21.0,76.1,,
1,Electric_Vehicle_2,20.0,76.1,,
1,Electric_Vehicle_2,19.0,76.1,,
1,Electric_Vehicle_2,18.0,76.1,,
1,Electric_Vehicle_2,17.0,76.1,,
1,Electric_Vehicle_2,16.0,76.1,,
1,Electric_Vehicle_2,15.0,76.1,,
1,Electric_Vehicle_2,14.0,76.1,,
1,Electric_Vehicle_2,13.0,76.1,,
1,Electric_Vehicle_2,12.0,76.1,,
1,Electric_Vehicle_2,11.0,76.1,,
1,Electric_Vehicle_2,10.0,76.1,,
1,Electric_Vehicle_2,9.0,76.1,,
1,Electric_Vehicle_2,8.0,76.1,,
1,Electric_Vehicle_2,7.0,76.1,,
1,Electric_Vehicle_2,6.0,76.1,,
1,Electric_Vehicle_2,5.0,76.1,,
1,Electric_Vehicle_2,4.0,76.1,,
1,Electric_Vehicle_2,3.0,76.1,,
1,Electric_Vehicle_2,2.0,76.1,,
1,Electric_Vehicle_2,1.0,76.1,,
1,Electric_Vehicle_2,0.0,76.1,,
3,,,,,
3,,,,,
3,,,,,
3,,,,,
3,,,,,
3,,,,,
3,,,,,
3,,,,,
2,Electric_Vehicle_2,,,0.0,42.4
1,Electric_Vehicle_2,39.0,85.7,,
1,Electric_Vehicle_2,38.0,85.7,,
1,Electric_Vehicle_2,37.0,85.7,,
1,Electric_Vehicle_2,36.0,85.7,,
1,Electric_Vehicle_2,35.0,85.7,,
1,Electric_Vehicle_2,34.0,85.7,,
1,Electric_Vehicle_2,33.0,85.7,,
1,Electric_Vehicle_2,32.0,85.7,,
1,Electric_Vehicle_2,31.0,85.7,,
1,Electric_Vehicle_2,30.0,85.7,,
1,Electric_Vehicle_2,29.0,85.7,,
1,Electric_Vehicle_2,28.0,85.7,,
1,Electric_Vehicle_2,27.0,85.7,,
1,Electric_Vehicle_2,26.0,85.7,,
1,Electric_Vehicle_2,25.0,85.7,,
1,Electric_Vehicle_2,24.0,85.7,,
1,Electric_Vehicle_2,23.0,85.7,,
1,Electric_Vehicle_2,22.0,85.7,,
1,Electric_Vehicle_2,21.0,85.7,,
1,Electric_Vehicle_2,20.0,85.7,,
1,Electric_Vehicle_2,19.0,85.7,,
1,Electric_Vehicle_2,18.0,85.7,,
1,Electric_Vehicle_2,17.0,85.7,,
1,Electric_Vehicle_2,16.0,85.7,,
1,Electric_Vehicle_2,15.0,85.7,,
1,Electric_Vehicle_2,14.0,85.7,,
1,Electric_Vehicle_2,13.0,85.7,,
1,Electric_Vehicle_2,12.0,85.7,,
1,Electric_Vehicle_2,11.0,85.7,,
1,Electric_Vehicle_2,10.0,85.7,,
1,Electric_Vehicle_2,9.0,85.7,,
1,Electric_Vehicle_2,8.0,85.7,,
1,Electric_Vehicle_2,7.0,85.7,,
1,Electric_Vehicle_2,6.0,85.7,,
1,Electric_Vehicle_2,5.0,85.7,,
1,Electric_Vehicle_2,4.0,85.7,,
1,Electric_Vehicle_2,3.0,85.7,,
1,Electric_Vehicle_2,2.0,85.7,,
1,Electric_Vehicle_2,1.0,85.7,,
1,Electric_Vehicle_2,0.0,85.7,,
3,,,,,
3,,,,,
3,,,,,
3,,,,,
3,,,,,
3,,,,,
3,,,,,
3,,,,,
3,,,,,
3,,,,,
2,Electric_Vehicle_2,,,0.0,38.9
1,Electric_Vehicle_2,0.0,80.0,,
1,Electric_Vehicle_2,0.0,80.0,,
1,Electric_Vehicle_2,0.0,80.0,,
1,Electric_Vehicle_2,0.0,80.0,,
1,Electric_Vehicle_2,0.0,80.0,,
